station_id,country_iso,town,postcode,lat,lon,fuel,price_eur,raw_line,ocr_text_path,response_path,scraped_at
AT.3542.8,AUT,Unterweissenbach,4273,48.43733,14.78153,DIESEL,1.494,DIESEL 1.494 EUR,~/Desktop/MBAT-Internship-Project/data_OMV_at/prices_AT.3542.8_2025-08-29_13-06-48.png,~/Desktop/MBAT-Internship-Project/data_OMV_at/response_AT.3542.8_2025-08-29_13-06-48.json,2025-08-29T03:08:12Z
AT.3542.8,AUT,Unterweissenbach,4273,48.43733,14.78153,SUPER 95,1.509,SUPER 95 1.509 EUR,~/Desktop/MBAT-Internship-Project/data_OMV_at/prices_AT.3542.8_2025-08-29_13-06-48.png,~/Desktop/MBAT-Internship-Project/data_OMV_at/response_AT.3542.8_2025-08-29_13-06-48.json,2025-08-29T03:08:12Z
AT.3542.8,AUT,Unterweissenbach,4273,48.43733,14.78153,MaxxMotion Super 100plus,1.769,MaxxMotion Super 100plus 1.769 EUR,~/Desktop/MBAT-Internship-Project/data_OMV_at/prices_AT.3542.8_2025-08-29_13-06-48.png,~/Desktop/MBAT-Internship-Project/data_OMV_at/response_AT.3542.8_2025-08-29_13-06-48.json,2025-08-29T03:08:12Z
AT.3542.8,AUT,Unterweissenbach,4273,48.43733,14.78153,MaxxMotion Diesel,1.759,MaxxMotion Diesel 1.759 EUR,~/Desktop/MBAT-Internship-Project/data_OMV_at/prices_AT.3542.8_2025-08-29_13-06-48.png,~/Desktop/MBAT-Internship-Project/data_OMV_at/response_AT.3542.8_2025-08-29_13-06-48.json,2025-08-29T03:08:12Z
AT.3542.8,AUT,Unterweissenbach,4273,48.43733,14.78153,DIESEL,1.494,2025-08-29T03:09:53Z
AT.3542.8,AUT,Unterweissenbach,4273,48.43733,14.78153,SUPER 95,1.509,2025-08-29T03:09:53Z
AT.3542.8,AUT,Unterweissenbach,4273,48.43733,14.78153,MaxxMotion Super 100plus,1.769,2025-08-29T03:09:53Z
AT.3542.8,AUT,Unterweissenbach,4273,48.43733,14.78153,MaxxMotion Diesel,1.759,2025-08-29T03:09:53Z
AT.1005.8,AUT,Graz,8041,47.04195,15.4642,DIESEL,1.469,DIESEL 1.469 EUR,~/Desktop/MBAT-Internship-Project/data_OMV_at/prices_AT.1005.8_2025-09-02_11-07-00.png,~/Desktop/MBAT-Internship-Project/data_OMV_at/response_AT.1005.8_2025-09-02_11-07-00.json,2025-09-02T01:07:02Z
AT.1005.8,AUT,Graz,8041,47.04195,15.4642,SUPER 95,1.459,SUPER 95 1.459 EUR,~/Desktop/MBAT-Internship-Project/data_OMV_at/prices_AT.1005.8_2025-09-02_11-07-00.png,~/Desktop/MBAT-Internship-Project/data_OMV_at/response_AT.1005.8_2025-09-02_11-07-00.json,2025-09-02T01:07:02Z
AT.1005.8,AUT,Graz,8041,47.04195,15.4642,MaxxMotion Super 100plus,1.719,MaxxMotion Super 100plus 1.719 EUR,~/Desktop/MBAT-Internship-Project/data_OMV_at/prices_AT.1005.8_2025-09-02_11-07-00.png,~/Desktop/MBAT-Internship-Project/data_OMV_at/response_AT.1005.8_2025-09-02_11-07-00.json,2025-09-02T01:07:02Z
AT.1005.8,AUT,Graz,8041,47.04195,15.4642,MaxxMotion Diesel,1.729,MaxxMotion Diesel 1.729 EUR,~/Desktop/MBAT-Internship-Project/data_OMV_at/prices_AT.1005.8_2025-09-02_11-07-00.png,~/Desktop/MBAT-Internship-Project/data_OMV_at/response_AT.1005.8_2025-09-02_11-07-00.json,2025-09-02T01:07:02Z
AT.1102.8,AUT,Graz,8054,47.02883,15.40058,DIESEL,1.428,DIESEL 1.428 EUR,~/Desktop/MBAT-Internship-Project/data_OMV_at/prices_AT.1102.8_2025-09-02_11-07-02.png,~/Desktop/MBAT-Internship-Project/data_OMV_at/response_AT.1102.8_2025-09-02_11-07-02.json,2025-09-02T01:07:03Z
AT.1102.8,AUT,Graz,8054,47.02883,15.40058,SUPER 95,1.418,SUPER 95 1.418 EUR,~/Desktop/MBAT-Internship-Project/data_OMV_at/prices_AT.1102.8_2025-09-02_11-07-02.png,~/Desktop/MBAT-Internship-Project/data_OMV_at/response_AT.1102.8_2025-09-02_11-07-02.json,2025-09-02T01:07:03Z
AT.1103.8,AUT,Sankt Margarethen an der Raab,8321,47.04704,15.74609,DIESEL,1.469,DIESEL 1.469 EUR,~/Desktop/MBAT-Internship-Project/data_OMV_at/prices_AT.1103.8_2025-09-02_11-07-03.png,~/Desktop/MBAT-Internship-Project/data_OMV_at/response_AT.1103.8_2025-09-02_11-07-03.json,2025-09-02T01:07:04Z
AT.1103.8,AUT,Sankt Margarethen an der Raab,8321,47.04704,15.74609,SUPER 95,1.469,SUPER 95 1.469 EUR,~/Desktop/MBAT-Internship-Project/data_OMV_at/prices_AT.1103.8_2025-09-02_11-07-03.png,~/Desktop/MBAT-Internship-Project/data_OMV_at/response_AT.1103.8_2025-09-02_11-07-03.json,2025-09-02T01:07:04Z
AT.1104.8,AUT,Seiersberg,8055,47.0138,15.4099,DIESEL,1.428,DIESEL 1.428 EUR,~/Desktop/MBAT-Internship-Project/data_OMV_at/prices_AT.1104.8_2025-09-02_11-07-04.png,~/Desktop/MBAT-Internship-Project/data_OMV_at/response_AT.1104.8_2025-09-02_11-07-04.json,2025-09-02T01:07:04Z
AT.1104.8,AUT,Seiersberg,8055,47.0138,15.4099,SUPER 95,1.418,SUPER 95 1.418 EUR,~/Desktop/MBAT-Internship-Project/data_OMV_at/prices_AT.1104.8_2025-09-02_11-07-04.png,~/Desktop/MBAT-Internship-Project/data_OMV_at/response_AT.1104.8_2025-09-02_11-07-04.json,2025-09-02T01:07:04Z
AT.1105.8,AUT,Graz,8055,47.0303,15.4375,DIESEL,1.428,DIESEL 1.428 EUR,~/Desktop/MBAT-Internship-Project/data_OMV_at/prices_AT.1105.8_2025-09-02_11-07-05.png,~/Desktop/MBAT-Internship-Project/data_OMV_at/response_AT.1105.8_2025-09-02_11-07-05.json,2025-09-02T01:07:05Z
AT.1105.8,AUT,Graz,8055,47.0303,15.4375,SUPER 95,1.418,SUPER 95 1.418 EUR,~/Desktop/MBAT-Internship-Project/data_OMV_at/prices_AT.1105.8_2025-09-02_11-07-05.png,~/Desktop/MBAT-Internship-Project/data_OMV_at/response_AT.1105.8_2025-09-02_11-07-05.json,2025-09-02T01:07:05Z
AT.1106.8,AUT,Hartberg,8230,47.2854,15.9916,DIESEL,1.472,DIESEL 1.472 EUR,~/Desktop/MBAT-Internship-Project/data_OMV_at/prices_AT.1106.8_2025-09-02_11-07-06.png,~/Desktop/MBAT-Internship-Project/data_OMV_at/response_AT.1106.8_2025-09-02_11-07-06.json,2025-09-02T01:07:06Z
AT.1106.8,AUT,Hartberg,8230,47.2854,15.9916,SUPER 95,1.474,SUPER 95 1.474 EUR,~/Desktop/MBAT-Internship-Project/data_OMV_at/prices_AT.1106.8_2025-09-02_11-07-06.png,~/Desktop/MBAT-Internship-Project/data_OMV_at/response_AT.1106.8_2025-09-02_11-07-06.json,2025-09-02T01:07:06Z
AT.1107.8,AUT,Liezen,8940,47.56162,14.24845,DIESEL,1.474,DIESEL 1.474 EUR,~/Desktop/MBAT-Internship-Project/data_OMV_at/prices_AT.1107.8_2025-09-02_11-07-06.png,~/Desktop/MBAT-Internship-Project/data_OMV_at/response_AT.1107.8_2025-09-02_11-07-06.json,2025-09-02T01:07:07Z
AT.1107.8,AUT,Liezen,8940,47.56162,14.24845,SUPER 95,1.464,SUPER 95 1.464 EUR,~/Desktop/MBAT-Internship-Project/data_OMV_at/prices_AT.1107.8_2025-09-02_11-07-06.png,~/Desktop/MBAT-Internship-Project/data_OMV_at/response_AT.1107.8_2025-09-02_11-07-06.json,2025-09-02T01:07:07Z
AT.1108.8,AUT,Leoben,8700,47.38282,15.1063,DIESEL,1.444,DIESEL 1.444 EUR,~/Desktop/MBAT-Internship-Project/data_OMV_at/prices_AT.1108.8_2025-09-02_11-07-07.png,~/Desktop/MBAT-Internship-Project/data_OMV_at/response_AT.1108.8_2025-09-02_11-07-07.json,2025-09-02T01:07:08Z
AT.1108.8,AUT,Leoben,8700,47.38282,15.1063,SUPER 95,1.442,SUPER 95 1.442 EUR,~/Desktop/MBAT-Internship-Project/data_OMV_at/prices_AT.1108.8_2025-09-02_11-07-07.png,~/Desktop/MBAT-Internship-Project/data_OMV_at/response_AT.1108.8_2025-09-02_11-07-07.json,2025-09-02T01:07:08Z
AT.1109.8,AUT,Scheifling,8811,47.1541,14.415,DIESEL,1.467,DIESEL 1.467 EUR,~/Desktop/MBAT-Internship-Project/data_OMV_at/prices_AT.1109.8_2025-09-02_11-07-08.png,~/Desktop/MBAT-Internship-Project/data_OMV_at/response_AT.1109.8_2025-09-02_11-07-08.json,2025-09-02T01:07:08Z
AT.1109.8,AUT,Scheifling,8811,47.1541,14.415,SUPER 95,1.462,SUPER 95 1.462 EUR,~/Desktop/MBAT-Internship-Project/data_OMV_at/prices_AT.1109.8_2025-09-02_11-07-08.png,~/Desktop/MBAT-Internship-Project/data_OMV_at/response_AT.1109.8_2025-09-02_11-07-08.json,2025-09-02T01:07:08Z
AT.1110.8,AUT,Zeltweg,8740,47.1951,14.7412,DIESEL,1.462,DIESEL 1.462 EUR,~/Desktop/MBAT-Internship-Project/data_OMV_at/prices_AT.1110.8_2025-09-02_11-07-09.png,~/Desktop/MBAT-Internship-Project/data_OMV_at/response_AT.1110.8_2025-09-02_11-07-09.json,2025-09-02T01:07:09Z
AT.1110.8,AUT,Zeltweg,8740,47.1951,14.7412,SUPER 95,1.457,SUPER 95 1.457 EUR,~/Desktop/MBAT-Internship-Project/data_OMV_at/prices_AT.1110.8_2025-09-02_11-07-09.png,~/Desktop/MBAT-Internship-Project/data_OMV_at/response_AT.1110.8_2025-09-02_11-07-09.json,2025-09-02T01:07:09Z
AT.1111.8,AUT,Leibnitz,8430,46.7977,15.5567,DIESEL,1.444,DIESEL 1.444 EUR,~/Desktop/MBAT-Internship-Project/data_OMV_at/prices_AT.1111.8_2025-09-02_11-07-10.png,~/Desktop/MBAT-Internship-Project/data_OMV_at/response_AT.1111.8_2025-09-02_11-07-10.json,2025-09-02T01:07:10Z
AT.1111.8,AUT,Leibnitz,8430,46.7977,15.5567,SUPER 95,1.434,SUPER 95 1.434 EUR,~/Desktop/MBAT-Internship-Project/data_OMV_at/prices_AT.1111.8_2025-09-02_11-07-10.png,~/Desktop/MBAT-Internship-Project/data_OMV_at/response_AT.1111.8_2025-09-02_11-07-10.json,2025-09-02T01:07:10Z
AT.1112.8,AUT,Feldbach,8330,46.9523,15.8702,DIESEL,1.457,DIESEL 1.457 EUR,~/Desktop/MBAT-Internship-Project/data_OMV_at/prices_AT.1112.8_2025-09-02_11-07-10.png,~/Desktop/MBAT-Internship-Project/data_OMV_at/response_AT.1112.8_2025-09-02_11-07-10.json,2025-09-02T01:07:11Z
AT.1112.8,AUT,Feldbach,8330,46.9523,15.8702,SUPER 95,1.447,SUPER 95 1.447 EUR,~/Desktop/MBAT-Internship-Project/data_OMV_at/prices_AT.1112.8_2025-09-02_11-07-10.png,~/Desktop/MBAT-Internship-Project/data_OMV_at/response_AT.1112.8_2025-09-02_11-07-10.json,2025-09-02T01:07:11Z
AT.1113.8,AUT,Graz Karlau,8020,47.05646,15.42804,DIESEL,1.426,DIESEL 1.426 EUR,~/Desktop/MBAT-Internship-Project/data_OMV_at/prices_AT.1113.8_2025-09-02_11-07-11.png,~/Desktop/MBAT-Internship-Project/data_OMV_at/response_AT.1113.8_2025-09-02_11-07-11.json,2025-09-02T01:07:12Z
AT.1113.8,AUT,Graz Karlau,8020,47.05646,15.42804,SUPER 95,1.416,SUPER 95 1.416 EUR,~/Desktop/MBAT-Internship-Project/data_OMV_at/prices_AT.1113.8_2025-09-02_11-07-11.png,~/Desktop/MBAT-Internship-Project/data_OMV_at/response_AT.1113.8_2025-09-02_11-07-11.json,2025-09-02T01:07:12Z
AT.1115.8,AUT,Straß in der Steiermark,8471,46.70673,15.63392,DIESEL,1.451,DIESEL 1.451 EUR,~/Desktop/MBAT-Internship-Project/data_OMV_at/prices_AT.1115.8_2025-09-02_11-07-12.png,~/Desktop/MBAT-Internship-Project/data_OMV_at/response_AT.1115.8_2025-09-02_11-07-12.json,2025-09-02T01:07:13Z
AT.1115.8,AUT,Straß in der Steiermark,8471,46.70673,15.63392,Diesel Plus,1.669,Diesel Plus 1.669 EUR,~/Desktop/MBAT-Internship-Project/data_OMV_at/prices_AT.1115.8_2025-09-02_11-07-12.png,~/Desktop/MBAT-Internship-Project/data_OMV_at/response_AT.1115.8_2025-09-02_11-07-12.json,2025-09-02T01:07:13Z
AT.1115.8,AUT,Straß in der Steiermark,8471,46.70673,15.63392,SUPER 95,1.452,SUPER 95 1.452 EUR,~/Desktop/MBAT-Internship-Project/data_OMV_at/prices_AT.1115.8_2025-09-02_11-07-12.png,~/Desktop/MBAT-Internship-Project/data_OMV_at/response_AT.1115.8_2025-09-02_11-07-12.json,2025-09-02T01:07:13Z
AT.1124.8,AUT,Schladming,8970,47.39045,13.65741,DIESEL,1.472,DIESEL 1.472 EUR,~/Desktop/MBAT-Internship-Project/data_OMV_at/prices_AT.1124.8_2025-09-02_11-07-13.png,~/Desktop/MBAT-Internship-Project/data_OMV_at/response_AT.1124.8_2025-09-02_11-07-13.json,2025-09-02T01:07:13Z
AT.1124.8,AUT,Schladming,8970,47.39045,13.65741,SUPER 95,1.472,SUPER 95 1.472 EUR,~/Desktop/MBAT-Internship-Project/data_OMV_at/prices_AT.1124.8_2025-09-02_11-07-13.png,~/Desktop/MBAT-Internship-Project/data_OMV_at/response_AT.1124.8_2025-09-02_11-07-13.json,2025-09-02T01:07:13Z
AT.1171.8,AUT,Lieboch,8501,46.96186,15.3529,DIESEL,1.457,DIESEL 1.457 EUR,~/Desktop/MBAT-Internship-Project/data_OMV_at/prices_AT.1171.8_2025-09-02_11-07-14.png,~/Desktop/MBAT-Internship-Project/data_OMV_at/response_AT.1171.8_2025-09-02_11-07-14.json,2025-09-02T01:07:14Z
AT.1171.8,AUT,Lieboch,8501,46.96186,15.3529,Diesel Plus,1.669,Diesel Plus 1.669 EUR,~/Desktop/MBAT-Internship-Project/data_OMV_at/prices_AT.1171.8_2025-09-02_11-07-14.png,~/Desktop/MBAT-Internship-Project/data_OMV_at/response_AT.1171.8_2025-09-02_11-07-14.json,2025-09-02T01:07:14Z
AT.1171.8,AUT,Lieboch,8501,46.96186,15.3529,SUPER 95,1.462,SUPER 95 1.462 EUR,~/Desktop/MBAT-Internship-Project/data_OMV_at/prices_AT.1171.8_2025-09-02_11-07-14.png,~/Desktop/MBAT-Internship-Project/data_OMV_at/response_AT.1171.8_2025-09-02_11-07-14.json,2025-09-02T01:07:14Z
AT.1210.8,AUT,Mürzzuschlag,8680,47.58709,15.65981,DIESEL,1.494,DIESEL 1.494 EUR,~/Desktop/MBAT-Internship-Project/data_OMV_at/prices_AT.1210.8_2025-09-02_11-07-15.png,~/Desktop/MBAT-Internship-Project/data_OMV_at/response_AT.1210.8_2025-09-02_11-07-15.json,2025-09-02T01:07:15Z
AT.1210.8,AUT,Mürzzuschlag,8680,47.58709,15.65981,SUPER 95,1.484,SUPER 95 1.484 EUR,~/Desktop/MBAT-Internship-Project/data_OMV_at/prices_AT.1210.8_2025-09-02_11-07-15.png,~/Desktop/MBAT-Internship-Project/data_OMV_at/response_AT.1210.8_2025-09-02_11-07-15.json,2025-09-02T01:07:15Z
AT.1361.8,AUT,Neuberg,8692,47.65921,15.58941,DIESEL,1.524,DIESEL 1.524 EUR,~/Desktop/MBAT-Internship-Project/data_OMV_at/prices_AT.1361.8_2025-09-02_11-07-15.png,~/Desktop/MBAT-Internship-Project/data_OMV_at/response_AT.1361.8_2025-09-02_11-07-15.json,2025-09-02T01:07:16Z
AT.1361.8,AUT,Neuberg,8692,47.65921,15.58941,SUPER 95,1.509,SUPER 95 1.509 EUR,~/Desktop/MBAT-Internship-Project/data_OMV_at/prices_AT.1361.8_2025-09-02_11-07-15.png,~/Desktop/MBAT-Internship-Project/data_OMV_at/response_AT.1361.8_2025-09-02_11-07-15.json,2025-09-02T01:07:16Z
AT.1361.8,AUT,Neuberg,8692,47.65921,15.58941,MaxxMotion Super 100plus,1.769,MaxxMotion Super 100plus 1.769 EUR,~/Desktop/MBAT-Internship-Project/data_OMV_at/prices_AT.1361.8_2025-09-02_11-07-15.png,~/Desktop/MBAT-Internship-Project/data_OMV_at/response_AT.1361.8_2025-09-02_11-07-15.json,2025-09-02T01:07:16Z
AT.1361.8,AUT,Neuberg,8692,47.65921,15.58941,MaxxMotion Diesel,1.789,MaxxMotion Diesel 1.789 EUR,~/Desktop/MBAT-Internship-Project/data_OMV_at/prices_AT.1361.8_2025-09-02_11-07-15.png,~/Desktop/MBAT-Internship-Project/data_OMV_at/response_AT.1361.8_2025-09-02_11-07-15.json,2025-09-02T01:07:16Z
AT.1500.8,AUT,Knittelfeld,8720,47.21001,14.80875,DIESEL,1.462,DIESEL 1.462 EUR,~/Desktop/MBAT-Internship-Project/data_OMV_at/prices_AT.1500.8_2025-09-02_11-07-16.png,~/Desktop/MBAT-Internship-Project/data_OMV_at/response_AT.1500.8_2025-09-02_11-07-16.json,2025-09-02T01:07:17Z
AT.1500.8,AUT,Knittelfeld,8720,47.21001,14.80875,SUPER 95,1.457,SUPER 95 1.457 EUR,~/Desktop/MBAT-Internship-Project/data_OMV_at/prices_AT.1500.8_2025-09-02_11-07-16.png,~/Desktop/MBAT-Internship-Project/data_OMV_at/response_AT.1500.8_2025-09-02_11-07-16.json,2025-09-02T01:07:17Z
AT.1502.8,AUT,Kapfenberg,8605,47.45024,15.33985,DIESEL,1.929,DIESEL 1.929 EUR,~/Desktop/MBAT-Internship-Project/data_OMV_at/prices_AT.1502.8_2025-09-02_11-07-17.png,~/Desktop/MBAT-Internship-Project/data_OMV_at/response_AT.1502.8_2025-09-02_11-07-17.json,2025-09-02T01:07:17Z
AT.1502.8,AUT,Kapfenberg,8605,47.45024,15.33985,OMV AdBlue,1.399,OMV AdBlue 1.399 EUR,~/Desktop/MBAT-Internship-Project/data_OMV_at/prices_AT.1502.8_2025-09-02_11-07-17.png,~/Desktop/MBAT-Internship-Project/data_OMV_at/response_AT.1502.8_2025-09-02_11-07-17.json,2025-09-02T01:07:17Z
AT.1502.8,AUT,Kapfenberg,8605,47.45024,15.33985,SUPER 95,1.929,SUPER 95 1.929 EUR,~/Desktop/MBAT-Internship-Project/data_OMV_at/prices_AT.1502.8_2025-09-02_11-07-17.png,~/Desktop/MBAT-Internship-Project/data_OMV_at/response_AT.1502.8_2025-09-02_11-07-17.json,2025-09-02T01:07:17Z
AT.1502.8,AUT,Kapfenberg,8605,47.45024,15.33985,MaxxMotion Super 100plus,2.189,MaxxMotion Super 100plus 2.189 EUR,~/Desktop/MBAT-Internship-Project/data_OMV_at/prices_AT.1502.8_2025-09-02_11-07-17.png,~/Desktop/MBAT-Internship-Project/data_OMV_at/response_AT.1502.8_2025-09-02_11-07-17.json,2025-09-02T01:07:17Z
AT.1502.8,AUT,Kapfenberg,8605,47.45024,15.33985,MaxxMotion Diesel,2.189,MaxxMotion Diesel 2.189 EUR,~/Desktop/MBAT-Internship-Project/data_OMV_at/prices_AT.1502.8_2025-09-02_11-07-17.png,~/Desktop/MBAT-Internship-Project/data_OMV_at/response_AT.1502.8_2025-09-02_11-07-17.json,2025-09-02T01:07:17Z
AT.1505.8,AUT,Bad Mitterndorf,8983,47.5605,13.92111,DIESEL,1.529,DIESEL 1.529 EUR,~/Desktop/MBAT-Internship-Project/data_OMV_at/prices_AT.1505.8_2025-09-02_11-07-18.png,~/Desktop/MBAT-Internship-Project/data_OMV_at/response_AT.1505.8_2025-09-02_11-07-18.json,2025-09-02T01:07:18Z
AT.1505.8,AUT,Bad Mitterndorf,8983,47.5605,13.92111,SUPER 95,1.514,SUPER 95 1.514 EUR,~/Desktop/MBAT-Internship-Project/data_OMV_at/prices_AT.1505.8_2025-09-02_11-07-18.png,~/Desktop/MBAT-Internship-Project/data_OMV_at/response_AT.1505.8_2025-09-02_11-07-18.json,2025-09-02T01:07:18Z
AT.1509.8,AUT,Fürstenfeld,8280,47.04909,16.08948,DIESEL,1.448,DIESEL 1.448 EUR,~/Desktop/MBAT-Internship-Project/data_OMV_at/prices_AT.1509.8_2025-09-02_11-07-19.png,~/Desktop/MBAT-Internship-Project/data_OMV_at/response_AT.1509.8_2025-09-02_11-07-19.json,2025-09-02T01:07:19Z
AT.1509.8,AUT,Fürstenfeld,8280,47.04909,16.08948,SUPER 95,1.437,SUPER 95 1.437 EUR,~/Desktop/MBAT-Internship-Project/data_OMV_at/prices_AT.1509.8_2025-09-02_11-07-19.png,~/Desktop/MBAT-Internship-Project/data_OMV_at/response_AT.1509.8_2025-09-02_11-07-19.json,2025-09-02T01:07:19Z
AT.1521.8,AUT,Stegersbach,7551,47.16113,16.16488,DIESEL,1.483,DIESEL 1.483 EUR,~/Desktop/MBAT-Internship-Project/data_OMV_at/prices_AT.1521.8_2025-09-02_11-07-19.png,~/Desktop/MBAT-Internship-Project/data_OMV_at/response_AT.1521.8_2025-09-02_11-07-19.json,2025-09-02T01:07:20Z
AT.1521.8,AUT,Stegersbach,7551,47.16113,16.16488,SUPER 95,1.473,SUPER 95 1.473 EUR,~/Desktop/MBAT-Internship-Project/data_OMV_at/prices_AT.1521.8_2025-09-02_11-07-19.png,~/Desktop/MBAT-Internship-Project/data_OMV_at/response_AT.1521.8_2025-09-02_11-07-19.json,2025-09-02T01:07:20Z
AT.1537.8,AUT,Landscha an der Mur,8424,46.76379,15.58034,DIESEL,1.519,DIESEL 1.519 EUR,~/Desktop/MBAT-Internship-Project/data_OMV_at/prices_AT.1537.8_2025-09-02_11-07-20.png,~/Desktop/MBAT-Internship-Project/data_OMV_at/response_AT.1537.8_2025-09-02_11-07-20.json,2025-09-02T01:07:21Z
AT.1537.8,AUT,Landscha an der Mur,8424,46.76379,15.58034,SUPER 95,1.509,SUPER 95 1.509 EUR,~/Desktop/MBAT-Internship-Project/data_OMV_at/prices_AT.1537.8_2025-09-02_11-07-20.png,~/Desktop/MBAT-Internship-Project/data_OMV_at/response_AT.1537.8_2025-09-02_11-07-20.json,2025-09-02T01:07:21Z
AT.1537.8,AUT,Landscha an der Mur,8424,46.76379,15.58034,MaxxMotion Super 100plus,1.769,MaxxMotion Super 100plus 1.769 EUR,~/Desktop/MBAT-Internship-Project/data_OMV_at/prices_AT.1537.8_2025-09-02_11-07-20.png,~/Desktop/MBAT-Internship-Project/data_OMV_at/response_AT.1537.8_2025-09-02_11-07-20.json,2025-09-02T01:07:21Z
AT.1537.8,AUT,Landscha an der Mur,8424,46.76379,15.58034,MaxxMotion Diesel,1.779,MaxxMotion Diesel 1.779 EUR,~/Desktop/MBAT-Internship-Project/data_OMV_at/prices_AT.1537.8_2025-09-02_11-07-20.png,~/Desktop/MBAT-Internship-Project/data_OMV_at/response_AT.1537.8_2025-09-02_11-07-20.json,2025-09-02T01:07:21Z
AT.1560.8,AUT,Neumarkt,8820,47.06752,14.43023,DIESEL,1.549,DIESEL 1.549 EUR,~/Desktop/MBAT-Internship-Project/data_OMV_at/prices_AT.1560.8_2025-09-02_11-07-21.png,~/Desktop/MBAT-Internship-Project/data_OMV_at/response_AT.1560.8_2025-09-02_11-07-21.json,2025-09-02T01:07:22Z
AT.1560.8,AUT,Neumarkt,8820,47.06752,14.43023,OMV AdBlue,1.399,OMV AdBlue 1.399 EUR,~/Desktop/MBAT-Internship-Project/data_OMV_at/prices_AT.1560.8_2025-09-02_11-07-21.png,~/Desktop/MBAT-Internship-Project/data_OMV_at/response_AT.1560.8_2025-09-02_11-07-21.json,2025-09-02T01:07:22Z
AT.1560.8,AUT,Neumarkt,8820,47.06752,14.43023,SUPER 95,1.529,SUPER 95 1.529 EUR,~/Desktop/MBAT-Internship-Project/data_OMV_at/prices_AT.1560.8_2025-09-02_11-07-21.png,~/Desktop/MBAT-Internship-Project/data_OMV_at/response_AT.1560.8_2025-09-02_11-07-21.json,2025-09-02T01:07:22Z
AT.1560.8,AUT,Neumarkt,8820,47.06752,14.43023,Maxx Motion 100+,1.789,Maxx Motion 100+ 1.789 EUR,~/Desktop/MBAT-Internship-Project/data_OMV_at/prices_AT.1560.8_2025-09-02_11-07-21.png,~/Desktop/MBAT-Internship-Project/data_OMV_at/response_AT.1560.8_2025-09-02_11-07-21.json,2025-09-02T01:07:22Z
AT.1560.8,AUT,Neumarkt,8820,47.06752,14.43023,MaxxMotion Diesel,1.809,MaxxMotion Diesel 1.809 EUR,~/Desktop/MBAT-Internship-Project/data_OMV_at/prices_AT.1560.8_2025-09-02_11-07-21.png,~/Desktop/MBAT-Internship-Project/data_OMV_at/response_AT.1560.8_2025-09-02_11-07-21.json,2025-09-02T01:07:22Z
AT.1561.8,AUT,Kapfenberg,8605,47.44692,15.30208,DIESEL,1.509,DIESEL 1.509 EUR,~/Desktop/MBAT-Internship-Project/data_OMV_at/prices_AT.1561.8_2025-09-02_11-07-22.png,~/Desktop/MBAT-Internship-Project/data_OMV_at/response_AT.1561.8_2025-09-02_11-07-22.json,2025-09-02T01:07:22Z
AT.1561.8,AUT,Kapfenberg,8605,47.44692,15.30208,SUPER 95,1.499,SUPER 95 1.499 EUR,~/Desktop/MBAT-Internship-Project/data_OMV_at/prices_AT.1561.8_2025-09-02_11-07-22.png,~/Desktop/MBAT-Internship-Project/data_OMV_at/response_AT.1561.8_2025-09-02_11-07-22.json,2025-09-02T01:07:22Z
AT.1561.8,AUT,Kapfenberg,8605,47.44692,15.30208,MaxxMotion Super 100plus,1.759,MaxxMotion Super 100plus 1.759 EUR,~/Desktop/MBAT-Internship-Project/data_OMV_at/prices_AT.1561.8_2025-09-02_11-07-22.png,~/Desktop/MBAT-Internship-Project/data_OMV_at/response_AT.1561.8_2025-09-02_11-07-22.json,2025-09-02T01:07:22Z
AT.1561.8,AUT,Kapfenberg,8605,47.44692,15.30208,MaxxMotion Diesel,1.769,MaxxMotion Diesel 1.769 EUR,~/Desktop/MBAT-Internship-Project/data_OMV_at/prices_AT.1561.8_2025-09-02_11-07-22.png,~/Desktop/MBAT-Internship-Project/data_OMV_at/response_AT.1561.8_2025-09-02_11-07-22.json,2025-09-02T01:07:22Z
AT.1562.8,AUT,Murau,8850,47.11225,14.1823,DIESEL,1.549,DIESEL 1.549 EUR,~/Desktop/MBAT-Internship-Project/data_OMV_at/prices_AT.1562.8_2025-09-02_11-07-23.png,~/Desktop/MBAT-Internship-Project/data_OMV_at/response_AT.1562.8_2025-09-02_11-07-23.json,2025-09-02T01:07:23Z
AT.1562.8,AUT,Murau,8850,47.11225,14.1823,SUPER 95,1.534,SUPER 95 1.534 EUR,~/Desktop/MBAT-Internship-Project/data_OMV_at/prices_AT.1562.8_2025-09-02_11-07-23.png,~/Desktop/MBAT-Internship-Project/data_OMV_at/response_AT.1562.8_2025-09-02_11-07-23.json,2025-09-02T01:07:23Z
AT.1562.8,AUT,Murau,8850,47.11225,14.1823,MaxxMotion Super 100plus,1.799,MaxxMotion Super 100plus 1.799 EUR,~/Desktop/MBAT-Internship-Project/data_OMV_at/prices_AT.1562.8_2025-09-02_11-07-23.png,~/Desktop/MBAT-Internship-Project/data_OMV_at/response_AT.1562.8_2025-09-02_11-07-23.json,2025-09-02T01:07:23Z
AT.1562.8,AUT,Murau,8850,47.11225,14.1823,MaxxMotion Diesel,1.809,MaxxMotion Diesel 1.809 EUR,~/Desktop/MBAT-Internship-Project/data_OMV_at/prices_AT.1562.8_2025-09-02_11-07-23.png,~/Desktop/MBAT-Internship-Project/data_OMV_at/response_AT.1562.8_2025-09-02_11-07-23.json,2025-09-02T01:07:23Z
AT.1577.8,AUT,Langenwang,8665,47.55876,15.59092,DIESEL,1.929,DIESEL 1.929 EUR,~/Desktop/MBAT-Internship-Project/data_OMV_at/prices_AT.1577.8_2025-09-02_11-07-24.png,~/Desktop/MBAT-Internship-Project/data_OMV_at/response_AT.1577.8_2025-09-02_11-07-24.json,2025-09-02T01:07:24Z
AT.1577.8,AUT,Langenwang,8665,47.55876,15.59092,SUPER 95,1.929,SUPER 95 1.929 EUR,~/Desktop/MBAT-Internship-Project/data_OMV_at/prices_AT.1577.8_2025-09-02_11-07-24.png,~/Desktop/MBAT-Internship-Project/data_OMV_at/response_AT.1577.8_2025-09-02_11-07-24.json,2025-09-02T01:07:24Z
AT.1577.8,AUT,Langenwang,8665,47.55876,15.59092,MaxxMotion Super 100plus,2.189,MaxxMotion Super 100plus 2.189 EUR,~/Desktop/MBAT-Internship-Project/data_OMV_at/prices_AT.1577.8_2025-09-02_11-07-24.png,~/Desktop/MBAT-Internship-Project/data_OMV_at/response_AT.1577.8_2025-09-02_11-07-24.json,2025-09-02T01:07:24Z
AT.1577.8,AUT,Langenwang,8665,47.55876,15.59092,MaxxMotion Diesel,2.189,MaxxMotion Diesel 2.189 EUR,~/Desktop/MBAT-Internship-Project/data_OMV_at/prices_AT.1577.8_2025-09-02_11-07-24.png,~/Desktop/MBAT-Internship-Project/data_OMV_at/response_AT.1577.8_2025-09-02_11-07-24.json,2025-09-02T01:07:24Z
AT.1579.8,AUT,Kaindorf,8224,47.21909,15.90144,DIESEL,1.549,DIESEL 1.549 EUR,~/Desktop/MBAT-Internship-Project/data_OMV_at/prices_AT.1579.8_2025-09-02_11-07-24.png,~/Desktop/MBAT-Internship-Project/data_OMV_at/response_AT.1579.8_2025-09-02_11-07-24.json,2025-09-02T01:07:25Z
AT.1579.8,AUT,Kaindorf,8224,47.21909,15.90144,SUPER 95,1.558,SUPER 95 1.558 EUR,~/Desktop/MBAT-Internship-Project/data_OMV_at/prices_AT.1579.8_2025-09-02_11-07-24.png,~/Desktop/MBAT-Internship-Project/data_OMV_at/response_AT.1579.8_2025-09-02_11-07-24.json,2025-09-02T01:07:25Z
AT.1579.8,AUT,Kaindorf,8224,47.21909,15.90144,MaxxMotion Super 100plus,1.819,MaxxMotion Super 100plus 1.819 EUR,~/Desktop/MBAT-Internship-Project/data_OMV_at/prices_AT.1579.8_2025-09-02_11-07-24.png,~/Desktop/MBAT-Internship-Project/data_OMV_at/response_AT.1579.8_2025-09-02_11-07-24.json,2025-09-02T01:07:25Z
AT.1579.8,AUT,Kaindorf,8224,47.21909,15.90144,MaxxMotion Diesel,1.809,MaxxMotion Diesel 1.809 EUR,~/Desktop/MBAT-Internship-Project/data_OMV_at/prices_AT.1579.8_2025-09-02_11-07-24.png,~/Desktop/MBAT-Internship-Project/data_OMV_at/response_AT.1579.8_2025-09-02_11-07-24.json,2025-09-02T01:07:25Z
AT.1591.8,AUT,Deutschlandsberg,8530,46.81593,15.2346,DIESEL,1.489,DIESEL 1.489 EUR,~/Desktop/MBAT-Internship-Project/data_OMV_at/prices_AT.1591.8_2025-09-02_11-07-25.png,~/Desktop/MBAT-Internship-Project/data_OMV_at/response_AT.1591.8_2025-09-02_11-07-25.json,2025-09-02T01:07:26Z
AT.1591.8,AUT,Deutschlandsberg,8530,46.81593,15.2346,SUPER 95,1.489,SUPER 95 1.489 EUR,~/Desktop/MBAT-Internship-Project/data_OMV_at/prices_AT.1591.8_2025-09-02_11-07-25.png,~/Desktop/MBAT-Internship-Project/data_OMV_at/response_AT.1591.8_2025-09-02_11-07-25.json,2025-09-02T01:07:26Z
AT.1591.8,AUT,Deutschlandsberg,8530,46.81593,15.2346,MaxxMotion Super 100plus,1.749,MaxxMotion Super 100plus 1.749 EUR,~/Desktop/MBAT-Internship-Project/data_OMV_at/prices_AT.1591.8_2025-09-02_11-07-25.png,~/Desktop/MBAT-Internship-Project/data_OMV_at/response_AT.1591.8_2025-09-02_11-07-25.json,2025-09-02T01:07:26Z
AT.1591.8,AUT,Deutschlandsberg,8530,46.81593,15.2346,MaxxMotion Diesel,1.749,MaxxMotion Diesel 1.749 EUR,~/Desktop/MBAT-Internship-Project/data_OMV_at/prices_AT.1591.8_2025-09-02_11-07-25.png,~/Desktop/MBAT-Internship-Project/data_OMV_at/response_AT.1591.8_2025-09-02_11-07-25.json,2025-09-02T01:07:26Z
AT.1604.8,AUT,Graz,8041,47.03679,15.46252,DIESEL,1.428,DIESEL 1.428 EUR,~/Desktop/MBAT-Internship-Project/data_OMV_at/prices_AT.1604.8_2025-09-02_11-07-26.png,~/Desktop/MBAT-Internship-Project/data_OMV_at/response_AT.1604.8_2025-09-02_11-07-26.json,2025-09-02T01:07:27Z
AT.1604.8,AUT,Graz,8041,47.03679,15.46252,SUPER 95,1.418,SUPER 95 1.418 EUR,~/Desktop/MBAT-Internship-Project/data_OMV_at/prices_AT.1604.8_2025-09-02_11-07-26.png,~/Desktop/MBAT-Internship-Project/data_OMV_at/response_AT.1604.8_2025-09-02_11-07-26.json,2025-09-02T01:07:27Z
AT.1606.8,AUT,Bruck an der Mur,8600,47.40623,15.26573,DIESEL,1.509,DIESEL 1.509 EUR,~/Desktop/MBAT-Internship-Project/data_OMV_at/prices_AT.1606.8_2025-09-02_11-07-27.png,~/Desktop/MBAT-Internship-Project/data_OMV_at/response_AT.1606.8_2025-09-02_11-07-27.json,2025-09-02T01:07:27Z
AT.1606.8,AUT,Bruck an der Mur,8600,47.40623,15.26573,SUPER 95,1.499,SUPER 95 1.499 EUR,~/Desktop/MBAT-Internship-Project/data_OMV_at/prices_AT.1606.8_2025-09-02_11-07-27.png,~/Desktop/MBAT-Internship-Project/data_OMV_at/response_AT.1606.8_2025-09-02_11-07-27.json,2025-09-02T01:07:27Z
AT.1606.8,AUT,Bruck an der Mur,8600,47.40623,15.26573,MaxxMotion Super 100plus,1.759,MaxxMotion Super 100plus 1.759 EUR,~/Desktop/MBAT-Internship-Project/data_OMV_at/prices_AT.1606.8_2025-09-02_11-07-27.png,~/Desktop/MBAT-Internship-Project/data_OMV_at/response_AT.1606.8_2025-09-02_11-07-27.json,2025-09-02T01:07:27Z
AT.1606.8,AUT,Bruck an der Mur,8600,47.40623,15.26573,MaxxMotion Diesel,1.769,MaxxMotion Diesel 1.769 EUR,~/Desktop/MBAT-Internship-Project/data_OMV_at/prices_AT.1606.8_2025-09-02_11-07-27.png,~/Desktop/MBAT-Internship-Project/data_OMV_at/response_AT.1606.8_2025-09-02_11-07-27.json,2025-09-02T01:07:27Z
AT.1607.8,AUT,Graz,8010,47.07722,15.45904,DIESEL,1.479,DIESEL 1.479 EUR,~/Desktop/MBAT-Internship-Project/data_OMV_at/prices_AT.1607.8_2025-09-02_11-07-28.png,~/Desktop/MBAT-Internship-Project/data_OMV_at/response_AT.1607.8_2025-09-02_11-07-28.json,2025-09-02T01:07:28Z
AT.1607.8,AUT,Graz,8010,47.07722,15.45904,SUPER 95,1.479,SUPER 95 1.479 EUR,~/Desktop/MBAT-Internship-Project/data_OMV_at/prices_AT.1607.8_2025-09-02_11-07-28.png,~/Desktop/MBAT-Internship-Project/data_OMV_at/response_AT.1607.8_2025-09-02_11-07-28.json,2025-09-02T01:07:28Z
AT.1607.8,AUT,Graz,8010,47.07722,15.45904,MaxxMotion Super 100plus,1.739,MaxxMotion Super 100plus 1.739 EUR,~/Desktop/MBAT-Internship-Project/data_OMV_at/prices_AT.1607.8_2025-09-02_11-07-28.png,~/Desktop/MBAT-Internship-Project/data_OMV_at/response_AT.1607.8_2025-09-02_11-07-28.json,2025-09-02T01:07:28Z
AT.1607.8,AUT,Graz,8010,47.07722,15.45904,MaxxMotion Diesel,1.739,MaxxMotion Diesel 1.739 EUR,~/Desktop/MBAT-Internship-Project/data_OMV_at/prices_AT.1607.8_2025-09-02_11-07-28.png,~/Desktop/MBAT-Internship-Project/data_OMV_at/response_AT.1607.8_2025-09-02_11-07-28.json,2025-09-02T01:07:28Z
AT.1617.8,AUT,Dobl (Kaiserwald),8143,46.95939,15.38155,DIESEL,1.999,DIESEL 1.999 EUR,~/Desktop/MBAT-Internship-Project/data_OMV_at/prices_AT.1617.8_2025-09-02_11-07-29.png,~/Desktop/MBAT-Internship-Project/data_OMV_at/response_AT.1617.8_2025-09-02_11-07-29.json,2025-09-02T01:07:29Z
AT.1617.8,AUT,Dobl (Kaiserwald),8143,46.95939,15.38155,OMV AdBlue,1.399,OMV AdBlue 1.399 EUR,~/Desktop/MBAT-Internship-Project/data_OMV_at/prices_AT.1617.8_2025-09-02_11-07-29.png,~/Desktop/MBAT-Internship-Project/data_OMV_at/response_AT.1617.8_2025-09-02_11-07-29.json,2025-09-02T01:07:29Z
AT.1617.8,AUT,Dobl (Kaiserwald),8143,46.95939,15.38155,SUPER 95,1.999,SUPER 95 1.999 EUR,~/Desktop/MBAT-Internship-Project/data_OMV_at/prices_AT.1617.8_2025-09-02_11-07-29.png,~/Desktop/MBAT-Internship-Project/data_OMV_at/response_AT.1617.8_2025-09-02_11-07-29.json,2025-09-02T01:07:29Z
AT.1617.8,AUT,Dobl (Kaiserwald),8143,46.95939,15.38155,MaxxMotion Super 100plus,2.259,MaxxMotion Super 100plus 2.259 EUR,~/Desktop/MBAT-Internship-Project/data_OMV_at/prices_AT.1617.8_2025-09-02_11-07-29.png,~/Desktop/MBAT-Internship-Project/data_OMV_at/response_AT.1617.8_2025-09-02_11-07-29.json,2025-09-02T01:07:29Z
AT.1617.8,AUT,Dobl (Kaiserwald),8143,46.95939,15.38155,CNG,1.649,CNG 1.649 EUR,~/Desktop/MBAT-Internship-Project/data_OMV_at/prices_AT.1617.8_2025-09-02_11-07-29.png,~/Desktop/MBAT-Internship-Project/data_OMV_at/response_AT.1617.8_2025-09-02_11-07-29.json,2025-09-02T01:07:29Z
AT.1617.8,AUT,Dobl (Kaiserwald),8143,46.95939,15.38155,MaxxMotion Diesel,2.259,MaxxMotion Diesel 2.259 EUR,~/Desktop/MBAT-Internship-Project/data_OMV_at/prices_AT.1617.8_2025-09-02_11-07-29.png,~/Desktop/MBAT-Internship-Project/data_OMV_at/response_AT.1617.8_2025-09-02_11-07-29.json,2025-09-02T01:07:29Z
AT.1620.8,AUT,Bad Waltersdorf,8271,47.16299,16.01469,DIESEL,1.479,DIESEL 1.479 EUR,~/Desktop/MBAT-Internship-Project/data_OMV_at/prices_AT.1620.8_2025-09-02_11-07-29.png,~/Desktop/MBAT-Internship-Project/data_OMV_at/response_AT.1620.8_2025-09-02_11-07-29.json,2025-09-02T01:07:30Z
AT.1620.8,AUT,Bad Waltersdorf,8271,47.16299,16.01469,SUPER 95,1.479,SUPER 95 1.479 EUR,~/Desktop/MBAT-Internship-Project/data_OMV_at/prices_AT.1620.8_2025-09-02_11-07-29.png,~/Desktop/MBAT-Internship-Project/data_OMV_at/response_AT.1620.8_2025-09-02_11-07-29.json,2025-09-02T01:07:30Z
AT.1620.8,AUT,Bad Waltersdorf,8271,47.16299,16.01469,MaxxMotion Super 100plus,1.739,MaxxMotion Super 100plus 1.739 EUR,~/Desktop/MBAT-Internship-Project/data_OMV_at/prices_AT.1620.8_2025-09-02_11-07-29.png,~/Desktop/MBAT-Internship-Project/data_OMV_at/response_AT.1620.8_2025-09-02_11-07-29.json,2025-09-02T01:07:30Z
AT.1636.8,AUT,Gröbming,8962,47.44638,13.91254,DIESEL,1.499,DIESEL 1.499 EUR,~/Desktop/MBAT-Internship-Project/data_OMV_at/prices_AT.1636.8_2025-09-02_11-07-30.png,~/Desktop/MBAT-Internship-Project/data_OMV_at/response_AT.1636.8_2025-09-02_11-07-30.json,2025-09-02T01:07:31Z
AT.1636.8,AUT,Gröbming,8962,47.44638,13.91254,SUPER 95,1.499,SUPER 95 1.499 EUR,~/Desktop/MBAT-Internship-Project/data_OMV_at/prices_AT.1636.8_2025-09-02_11-07-30.png,~/Desktop/MBAT-Internship-Project/data_OMV_at/response_AT.1636.8_2025-09-02_11-07-30.json,2025-09-02T01:07:31Z
AT.1636.8,AUT,Gröbming,8962,47.44638,13.91254,MaxxMotion Super 100plus,1.759,MaxxMotion Super 100plus 1.759 EUR,~/Desktop/MBAT-Internship-Project/data_OMV_at/prices_AT.1636.8_2025-09-02_11-07-30.png,~/Desktop/MBAT-Internship-Project/data_OMV_at/response_AT.1636.8_2025-09-02_11-07-30.json,2025-09-02T01:07:31Z
AT.1636.8,AUT,Gröbming,8962,47.44638,13.91254,MaxxMotion Diesel,1.759,MaxxMotion Diesel 1.759 EUR,~/Desktop/MBAT-Internship-Project/data_OMV_at/prices_AT.1636.8_2025-09-02_11-07-30.png,~/Desktop/MBAT-Internship-Project/data_OMV_at/response_AT.1636.8_2025-09-02_11-07-30.json,2025-09-02T01:07:31Z
AT.1640.8,AUT,Oberwart,7400,47.28297,16.18523,DIESEL,1.529,DIESEL 1.529 EUR,~/Desktop/MBAT-Internship-Project/data_OMV_at/prices_AT.1640.8_2025-09-02_11-07-31.png,~/Desktop/MBAT-Internship-Project/data_OMV_at/response_AT.1640.8_2025-09-02_11-07-31.json,2025-09-02T01:07:32Z
AT.1640.8,AUT,Oberwart,7400,47.28297,16.18523,SUPER 95,1.519,SUPER 95 1.519 EUR,~/Desktop/MBAT-Internship-Project/data_OMV_at/prices_AT.1640.8_2025-09-02_11-07-31.png,~/Desktop/MBAT-Internship-Project/data_OMV_at/response_AT.1640.8_2025-09-02_11-07-31.json,2025-09-02T01:07:32Z
AT.1640.8,AUT,Oberwart,7400,47.28297,16.18523,MaxxMotion Super 100plus,1.779,MaxxMotion Super 100plus 1.779 EUR,~/Desktop/MBAT-Internship-Project/data_OMV_at/prices_AT.1640.8_2025-09-02_11-07-31.png,~/Desktop/MBAT-Internship-Project/data_OMV_at/response_AT.1640.8_2025-09-02_11-07-31.json,2025-09-02T01:07:32Z
AT.1640.8,AUT,Oberwart,7400,47.28297,16.18523,CNG,1.649,CNG 1.649 EUR,~/Desktop/MBAT-Internship-Project/data_OMV_at/prices_AT.1640.8_2025-09-02_11-07-31.png,~/Desktop/MBAT-Internship-Project/data_OMV_at/response_AT.1640.8_2025-09-02_11-07-31.json,2025-09-02T01:07:32Z
AT.1640.8,AUT,Oberwart,7400,47.28297,16.18523,MaxxMotion Diesel,1.789,MaxxMotion Diesel 1.789 EUR,~/Desktop/MBAT-Internship-Project/data_OMV_at/prices_AT.1640.8_2025-09-02_11-07-31.png,~/Desktop/MBAT-Internship-Project/data_OMV_at/response_AT.1640.8_2025-09-02_11-07-31.json,2025-09-02T01:07:32Z
AT.1641.8,AUT,Kemeten,7531,47.27573,16.15609,DIESEL,1.484,DIESEL 1.484 EUR,~/Desktop/MBAT-Internship-Project/data_OMV_at/prices_AT.1641.8_2025-09-02_11-07-32.png,~/Desktop/MBAT-Internship-Project/data_OMV_at/response_AT.1641.8_2025-09-02_11-07-32.json,2025-09-02T01:07:32Z
AT.1641.8,AUT,Kemeten,7531,47.27573,16.15609,SUPER 95,1.474,SUPER 95 1.474 EUR,~/Desktop/MBAT-Internship-Project/data_OMV_at/prices_AT.1641.8_2025-09-02_11-07-32.png,~/Desktop/MBAT-Internship-Project/data_OMV_at/response_AT.1641.8_2025-09-02_11-07-32.json,2025-09-02T01:07:32Z
AT.1647.8,AUT,Fürstenfeld,8280,47.06559,16.0368,DIESEL,1.469,DIESEL 1.469 EUR,~/Desktop/MBAT-Internship-Project/data_OMV_at/prices_AT.1647.8_2025-09-02_11-07-33.png,~/Desktop/MBAT-Internship-Project/data_OMV_at/response_AT.1647.8_2025-09-02_11-07-33.json,2025-09-02T01:07:33Z
AT.1647.8,AUT,Fürstenfeld,8280,47.06559,16.0368,SUPER 95,1.469,SUPER 95 1.469 EUR,~/Desktop/MBAT-Internship-Project/data_OMV_at/prices_AT.1647.8_2025-09-02_11-07-33.png,~/Desktop/MBAT-Internship-Project/data_OMV_at/response_AT.1647.8_2025-09-02_11-07-33.json,2025-09-02T01:07:33Z
AT.1647.8,AUT,Fürstenfeld,8280,47.06559,16.0368,MaxxMotion Super 100plus,1.729,MaxxMotion Super 100plus 1.729 EUR,~/Desktop/MBAT-Internship-Project/data_OMV_at/prices_AT.1647.8_2025-09-02_11-07-33.png,~/Desktop/MBAT-Internship-Project/data_OMV_at/response_AT.1647.8_2025-09-02_11-07-33.json,2025-09-02T01:07:33Z
AT.1647.8,AUT,Fürstenfeld,8280,47.06559,16.0368,MaxxMotion Diesel,1.729,MaxxMotion Diesel 1.729 EUR,~/Desktop/MBAT-Internship-Project/data_OMV_at/prices_AT.1647.8_2025-09-02_11-07-33.png,~/Desktop/MBAT-Internship-Project/data_OMV_at/response_AT.1647.8_2025-09-02_11-07-33.json,2025-09-02T01:07:33Z
AT.1650.8,AUT,Graz,8020,47.05947,15.41386,DIESEL,1.478,DIESEL 1.478 EUR,~/Desktop/MBAT-Internship-Project/data_OMV_at/prices_AT.1650.8_2025-09-02_11-07-34.png,~/Desktop/MBAT-Internship-Project/data_OMV_at/response_AT.1650.8_2025-09-02_11-07-34.json,2025-09-02T01:07:34Z
AT.1650.8,AUT,Graz,8020,47.05947,15.41386,SUPER 95,1.468,SUPER 95 1.468 EUR,~/Desktop/MBAT-Internship-Project/data_OMV_at/prices_AT.1650.8_2025-09-02_11-07-34.png,~/Desktop/MBAT-Internship-Project/data_OMV_at/response_AT.1650.8_2025-09-02_11-07-34.json,2025-09-02T01:07:34Z
AT.1650.8,AUT,Graz,8020,47.05947,15.41386,MaxxMotion Super 100plus,1.729,MaxxMotion Super 100plus 1.729 EUR,~/Desktop/MBAT-Internship-Project/data_OMV_at/prices_AT.1650.8_2025-09-02_11-07-34.png,~/Desktop/MBAT-Internship-Project/data_OMV_at/response_AT.1650.8_2025-09-02_11-07-34.json,2025-09-02T01:07:34Z
AT.1650.8,AUT,Graz,8020,47.05947,15.41386,MaxxMotion Diesel,1.739,MaxxMotion Diesel 1.739 EUR,~/Desktop/MBAT-Internship-Project/data_OMV_at/prices_AT.1650.8_2025-09-02_11-07-34.png,~/Desktop/MBAT-Internship-Project/data_OMV_at/response_AT.1650.8_2025-09-02_11-07-34.json,2025-09-02T01:07:34Z
AT.1654.8,AUT,Graz,8054,47.03326,15.39896,DIESEL,1.468,DIESEL 1.468 EUR,~/Desktop/MBAT-Internship-Project/data_OMV_at/prices_AT.1654.8_2025-09-02_11-07-34.png,~/Desktop/MBAT-Internship-Project/data_OMV_at/response_AT.1654.8_2025-09-02_11-07-34.json,2025-09-02T01:07:35Z
AT.1654.8,AUT,Graz,8054,47.03326,15.39896,OMV AdBlue,1.399,OMV AdBlue 1.399 EUR,~/Desktop/MBAT-Internship-Project/data_OMV_at/prices_AT.1654.8_2025-09-02_11-07-34.png,~/Desktop/MBAT-Internship-Project/data_OMV_at/response_AT.1654.8_2025-09-02_11-07-34.json,2025-09-02T01:07:35Z
AT.1654.8,AUT,Graz,8054,47.03326,15.39896,SUPER 95,1.458,SUPER 95 1.458 EUR,~/Desktop/MBAT-Internship-Project/data_OMV_at/prices_AT.1654.8_2025-09-02_11-07-34.png,~/Desktop/MBAT-Internship-Project/data_OMV_at/response_AT.1654.8_2025-09-02_11-07-34.json,2025-09-02T01:07:35Z
AT.1654.8,AUT,Graz,8054,47.03326,15.39896,MaxxMotion Super 100plus,1.719,MaxxMotion Super 100plus 1.719 EUR,~/Desktop/MBAT-Internship-Project/data_OMV_at/prices_AT.1654.8_2025-09-02_11-07-34.png,~/Desktop/MBAT-Internship-Project/data_OMV_at/response_AT.1654.8_2025-09-02_11-07-34.json,2025-09-02T01:07:35Z
AT.1654.8,AUT,Graz,8054,47.03326,15.39896,CNG,1.649,CNG 1.649 EUR,~/Desktop/MBAT-Internship-Project/data_OMV_at/prices_AT.1654.8_2025-09-02_11-07-34.png,~/Desktop/MBAT-Internship-Project/data_OMV_at/response_AT.1654.8_2025-09-02_11-07-34.json,2025-09-02T01:07:35Z
AT.1654.8,AUT,Graz,8054,47.03326,15.39896,MaxxMotion Diesel,1.729,MaxxMotion Diesel 1.729 EUR,~/Desktop/MBAT-Internship-Project/data_OMV_at/prices_AT.1654.8_2025-09-02_11-07-34.png,~/Desktop/MBAT-Internship-Project/data_OMV_at/response_AT.1654.8_2025-09-02_11-07-34.json,2025-09-02T01:07:35Z
AT.1661.8,AUT,Gleisdorf,8200,47.1057,15.70097,DIESEL,1.529,DIESEL 1.529 EUR,~/Desktop/MBAT-Internship-Project/data_OMV_at/prices_AT.1661.8_2025-09-02_11-07-35.png,~/Desktop/MBAT-Internship-Project/data_OMV_at/response_AT.1661.8_2025-09-02_11-07-35.json,2025-09-02T01:07:36Z
AT.1661.8,AUT,Gleisdorf,8200,47.1057,15.70097,OMV AdBlue,1.399,OMV AdBlue 1.399 EUR,~/Desktop/MBAT-Internship-Project/data_OMV_at/prices_AT.1661.8_2025-09-02_11-07-35.png,~/Desktop/MBAT-Internship-Project/data_OMV_at/response_AT.1661.8_2025-09-02_11-07-35.json,2025-09-02T01:07:36Z
AT.1661.8,AUT,Gleisdorf,8200,47.1057,15.70097,SUPER 95,1.529,SUPER 95 1.529 EUR,~/Desktop/MBAT-Internship-Project/data_OMV_at/prices_AT.1661.8_2025-09-02_11-07-35.png,~/Desktop/MBAT-Internship-Project/data_OMV_at/response_AT.1661.8_2025-09-02_11-07-35.json,2025-09-02T01:07:36Z
AT.1661.8,AUT,Gleisdorf,8200,47.1057,15.70097,MaxxMotion Super 100plus,1.789,MaxxMotion Super 100plus 1.789 EUR,~/Desktop/MBAT-Internship-Project/data_OMV_at/prices_AT.1661.8_2025-09-02_11-07-35.png,~/Desktop/MBAT-Internship-Project/data_OMV_at/response_AT.1661.8_2025-09-02_11-07-35.json,2025-09-02T01:07:36Z
AT.1661.8,AUT,Gleisdorf,8200,47.1057,15.70097,MaxxMotion Diesel,1.789,MaxxMotion Diesel 1.789 EUR,~/Desktop/MBAT-Internship-Project/data_OMV_at/prices_AT.1661.8_2025-09-02_11-07-35.png,~/Desktop/MBAT-Internship-Project/data_OMV_at/response_AT.1661.8_2025-09-02_11-07-35.json,2025-09-02T01:07:36Z
AT.1722.8,AUT,Graz,8045,47.10248,15.42493,DIESEL,1.438,DIESEL 1.438 EUR,~/Desktop/MBAT-Internship-Project/data_OMV_at/prices_AT.1722.8_2025-09-02_11-07-36.png,~/Desktop/MBAT-Internship-Project/data_OMV_at/response_AT.1722.8_2025-09-02_11-07-36.json,2025-09-02T01:07:37Z
AT.1722.8,AUT,Graz,8045,47.10248,15.42493,Premium Power Diesel,1.649,Premium Power Diesel 1.649 EUR,~/Desktop/MBAT-Internship-Project/data_OMV_at/prices_AT.1722.8_2025-09-02_11-07-36.png,~/Desktop/MBAT-Internship-Project/data_OMV_at/response_AT.1722.8_2025-09-02_11-07-36.json,2025-09-02T01:07:37Z
AT.1722.8,AUT,Graz,8045,47.10248,15.42493,SUPER 95,1.428,SUPER 95 1.428 EUR,~/Desktop/MBAT-Internship-Project/data_OMV_at/prices_AT.1722.8_2025-09-02_11-07-36.png,~/Desktop/MBAT-Internship-Project/data_OMV_at/response_AT.1722.8_2025-09-02_11-07-36.json,2025-09-02T01:07:37Z
AT.1723.8,AUT,Graz,8010,47.08178,15.454040000000001,DIESEL,1.479,DIESEL 1.479 EUR,~/Desktop/MBAT-Internship-Project/data_OMV_at/prices_AT.1723.8_2025-09-02_11-07-37.png,~/Desktop/MBAT-Internship-Project/data_OMV_at/response_AT.1723.8_2025-09-02_11-07-37.json,2025-09-02T01:07:37Z
AT.1723.8,AUT,Graz,8010,47.08178,15.454040000000001,OMV AdBlue,1.399,OMV AdBlue 1.399 EUR,~/Desktop/MBAT-Internship-Project/data_OMV_at/prices_AT.1723.8_2025-09-02_11-07-37.png,~/Desktop/MBAT-Internship-Project/data_OMV_at/response_AT.1723.8_2025-09-02_11-07-37.json,2025-09-02T01:07:37Z
AT.1723.8,AUT,Graz,8010,47.08178,15.454040000000001,SUPER 95,1.479,SUPER 95 1.479 EUR,~/Desktop/MBAT-Internship-Project/data_OMV_at/prices_AT.1723.8_2025-09-02_11-07-37.png,~/Desktop/MBAT-Internship-Project/data_OMV_at/response_AT.1723.8_2025-09-02_11-07-37.json,2025-09-02T01:07:37Z
AT.1723.8,AUT,Graz,8010,47.08178,15.454040000000001,MaxxMotion Super 100plus,1.739,MaxxMotion Super 100plus 1.739 EUR,~/Desktop/MBAT-Internship-Project/data_OMV_at/prices_AT.1723.8_2025-09-02_11-07-37.png,~/Desktop/MBAT-Internship-Project/data_OMV_at/response_AT.1723.8_2025-09-02_11-07-37.json,2025-09-02T01:07:37Z
AT.1723.8,AUT,Graz,8010,47.08178,15.454040000000001,MaxxMotion Diesel,1.739,MaxxMotion Diesel 1.739 EUR,~/Desktop/MBAT-Internship-Project/data_OMV_at/prices_AT.1723.8_2025-09-02_11-07-37.png,~/Desktop/MBAT-Internship-Project/data_OMV_at/response_AT.1723.8_2025-09-02_11-07-37.json,2025-09-02T01:07:37Z
AT.1767.8,AUT,Lieboch,8501,46.9723,15.36164,DIESEL,1.499,DIESEL 1.499 EUR,~/Desktop/MBAT-Internship-Project/data_OMV_at/prices_AT.1767.8_2025-09-02_11-07-38.png,~/Desktop/MBAT-Internship-Project/data_OMV_at/response_AT.1767.8_2025-09-02_11-07-38.json,2025-09-02T01:07:38Z
AT.1767.8,AUT,Lieboch,8501,46.9723,15.36164,SUPER 95,1.509,SUPER 95 1.509 EUR,~/Desktop/MBAT-Internship-Project/data_OMV_at/prices_AT.1767.8_2025-09-02_11-07-38.png,~/Desktop/MBAT-Internship-Project/data_OMV_at/response_AT.1767.8_2025-09-02_11-07-38.json,2025-09-02T01:07:38Z
AT.1767.8,AUT,Lieboch,8501,46.9723,15.36164,MaxxMotion Super 100plus,1.769,MaxxMotion Super 100plus 1.769 EUR,~/Desktop/MBAT-Internship-Project/data_OMV_at/prices_AT.1767.8_2025-09-02_11-07-38.png,~/Desktop/MBAT-Internship-Project/data_OMV_at/response_AT.1767.8_2025-09-02_11-07-38.json,2025-09-02T01:07:38Z
AT.1767.8,AUT,Lieboch,8501,46.9723,15.36164,MaxxMotion Diesel,1.759,MaxxMotion Diesel 1.759 EUR,~/Desktop/MBAT-Internship-Project/data_OMV_at/prices_AT.1767.8_2025-09-02_11-07-38.png,~/Desktop/MBAT-Internship-Project/data_OMV_at/response_AT.1767.8_2025-09-02_11-07-38.json,2025-09-02T01:07:38Z
AT.1776.8,AUT,Vorau,8250,47.40488,15.88963,DIESEL,1.549,DIESEL 1.549 EUR,~/Desktop/MBAT-Internship-Project/data_OMV_at/prices_AT.1776.8_2025-09-02_11-07-39.png,~/Desktop/MBAT-Internship-Project/data_OMV_at/response_AT.1776.8_2025-09-02_11-07-39.json,2025-09-02T01:07:39Z
AT.1776.8,AUT,Vorau,8250,47.40488,15.88963,SUPER 95,1.539,SUPER 95 1.539 EUR,~/Desktop/MBAT-Internship-Project/data_OMV_at/prices_AT.1776.8_2025-09-02_11-07-39.png,~/Desktop/MBAT-Internship-Project/data_OMV_at/response_AT.1776.8_2025-09-02_11-07-39.json,2025-09-02T01:07:39Z
AT.1776.8,AUT,Vorau,8250,47.40488,15.88963,MaxxMotion Super 100plus,1.799,MaxxMotion Super 100plus 1.799 EUR,~/Desktop/MBAT-Internship-Project/data_OMV_at/prices_AT.1776.8_2025-09-02_11-07-39.png,~/Desktop/MBAT-Internship-Project/data_OMV_at/response_AT.1776.8_2025-09-02_11-07-39.json,2025-09-02T01:07:39Z
AT.1776.8,AUT,Vorau,8250,47.40488,15.88963,MaxxMotion Diesel,1.809,MaxxMotion Diesel 1.809 EUR,~/Desktop/MBAT-Internship-Project/data_OMV_at/prices_AT.1776.8_2025-09-02_11-07-39.png,~/Desktop/MBAT-Internship-Project/data_OMV_at/response_AT.1776.8_2025-09-02_11-07-39.json,2025-09-02T01:07:39Z
AT.1781.8,AUT,Deutschfeistritz,8121,47.20552,15.31602,DIESEL,1.999,DIESEL 1.999 EUR,~/Desktop/MBAT-Internship-Project/data_OMV_at/prices_AT.1781.8_2025-09-02_11-07-40.png,~/Desktop/MBAT-Internship-Project/data_OMV_at/response_AT.1781.8_2025-09-02_11-07-40.json,2025-09-02T01:07:40Z
AT.1781.8,AUT,Deutschfeistritz,8121,47.20552,15.31602,OMV AdBlue,1.399,OMV AdBlue 1.399 EUR,~/Desktop/MBAT-Internship-Project/data_OMV_at/prices_AT.1781.8_2025-09-02_11-07-40.png,~/Desktop/MBAT-Internship-Project/data_OMV_at/response_AT.1781.8_2025-09-02_11-07-40.json,2025-09-02T01:07:40Z
AT.1781.8,AUT,Deutschfeistritz,8121,47.20552,15.31602,SUPER 95,1.999,SUPER 95 1.999 EUR,~/Desktop/MBAT-Internship-Project/data_OMV_at/prices_AT.1781.8_2025-09-02_11-07-40.png,~/Desktop/MBAT-Internship-Project/data_OMV_at/response_AT.1781.8_2025-09-02_11-07-40.json,2025-09-02T01:07:40Z
AT.1781.8,AUT,Deutschfeistritz,8121,47.20552,15.31602,MaxxMotion Super 100plus,2.259,MaxxMotion Super 100plus 2.259 EUR,~/Desktop/MBAT-Internship-Project/data_OMV_at/prices_AT.1781.8_2025-09-02_11-07-40.png,~/Desktop/MBAT-Internship-Project/data_OMV_at/response_AT.1781.8_2025-09-02_11-07-40.json,2025-09-02T01:07:40Z
AT.1781.8,AUT,Deutschfeistritz,8121,47.20552,15.31602,MaxxMotion Diesel,2.259,MaxxMotion Diesel 2.259 EUR,~/Desktop/MBAT-Internship-Project/data_OMV_at/prices_AT.1781.8_2025-09-02_11-07-40.png,~/Desktop/MBAT-Internship-Project/data_OMV_at/response_AT.1781.8_2025-09-02_11-07-40.json,2025-09-02T01:07:40Z
AT.1783.8,AUT,Graz,8042,47.04384,15.48696,DIESEL,1.438,DIESEL 1.438 EUR,~/Desktop/MBAT-Internship-Project/data_OMV_at/prices_AT.1783.8_2025-09-02_11-07-40.png,~/Desktop/MBAT-Internship-Project/data_OMV_at/response_AT.1783.8_2025-09-02_11-07-40.json,2025-09-02T01:07:41Z
AT.1783.8,AUT,Graz,8042,47.04384,15.48696,OMV AdBlue,1.399,OMV AdBlue 1.399 EUR,~/Desktop/MBAT-Internship-Project/data_OMV_at/prices_AT.1783.8_2025-09-02_11-07-40.png,~/Desktop/MBAT-Internship-Project/data_OMV_at/response_AT.1783.8_2025-09-02_11-07-40.json,2025-09-02T01:07:41Z
AT.1783.8,AUT,Graz,8042,47.04384,15.48696,SUPER 95,1.428,SUPER 95 1.428 EUR,~/Desktop/MBAT-Internship-Project/data_OMV_at/prices_AT.1783.8_2025-09-02_11-07-40.png,~/Desktop/MBAT-Internship-Project/data_OMV_at/response_AT.1783.8_2025-09-02_11-07-40.json,2025-09-02T01:07:41Z
AT.1783.8,AUT,Graz,8042,47.04384,15.48696,MaxxMotion Super 100plus,1.689,MaxxMotion Super 100plus 1.689 EUR,~/Desktop/MBAT-Internship-Project/data_OMV_at/prices_AT.1783.8_2025-09-02_11-07-40.png,~/Desktop/MBAT-Internship-Project/data_OMV_at/response_AT.1783.8_2025-09-02_11-07-40.json,2025-09-02T01:07:41Z
AT.1783.8,AUT,Graz,8042,47.04384,15.48696,MaxxMotion Diesel,1.699,MaxxMotion Diesel 1.699 EUR,~/Desktop/MBAT-Internship-Project/data_OMV_at/prices_AT.1783.8_2025-09-02_11-07-40.png,~/Desktop/MBAT-Internship-Project/data_OMV_at/response_AT.1783.8_2025-09-02_11-07-40.json,2025-09-02T01:07:41Z
AT.1784.8,AUT,Admont,8911,47.58208,14.45614,DIESEL,1.529,DIESEL 1.529 EUR,~/Desktop/MBAT-Internship-Project/data_OMV_at/prices_AT.1784.8_2025-09-02_11-07-41.png,~/Desktop/MBAT-Internship-Project/data_OMV_at/response_AT.1784.8_2025-09-02_11-07-41.json,2025-09-02T01:07:42Z
AT.1784.8,AUT,Admont,8911,47.58208,14.45614,OMV AdBlue,1.399,OMV AdBlue 1.399 EUR,~/Desktop/MBAT-Internship-Project/data_OMV_at/prices_AT.1784.8_2025-09-02_11-07-41.png,~/Desktop/MBAT-Internship-Project/data_OMV_at/response_AT.1784.8_2025-09-02_11-07-41.json,2025-09-02T01:07:42Z
AT.1784.8,AUT,Admont,8911,47.58208,14.45614,SUPER 95,1.529,SUPER 95 1.529 EUR,~/Desktop/MBAT-Internship-Project/data_OMV_at/prices_AT.1784.8_2025-09-02_11-07-41.png,~/Desktop/MBAT-Internship-Project/data_OMV_at/response_AT.1784.8_2025-09-02_11-07-41.json,2025-09-02T01:07:42Z
AT.1784.8,AUT,Admont,8911,47.58208,14.45614,MaxxMotion Super 100plus,1.789,MaxxMotion Super 100plus 1.789 EUR,~/Desktop/MBAT-Internship-Project/data_OMV_at/prices_AT.1784.8_2025-09-02_11-07-41.png,~/Desktop/MBAT-Internship-Project/data_OMV_at/response_AT.1784.8_2025-09-02_11-07-41.json,2025-09-02T01:07:42Z
AT.1784.8,AUT,Admont,8911,47.58208,14.45614,MaxxMotion Diesel,1.789,MaxxMotion Diesel 1.789 EUR,~/Desktop/MBAT-Internship-Project/data_OMV_at/prices_AT.1784.8_2025-09-02_11-07-41.png,~/Desktop/MBAT-Internship-Project/data_OMV_at/response_AT.1784.8_2025-09-02_11-07-41.json,2025-09-02T01:07:42Z
AT.1787.8,AUT,Kalsdorf bei Graz,8401,46.97221,15.47013,DIESEL,1.469,DIESEL 1.469 EUR,~/Desktop/MBAT-Internship-Project/data_OMV_at/prices_AT.1787.8_2025-09-02_11-07-42.png,~/Desktop/MBAT-Internship-Project/data_OMV_at/response_AT.1787.8_2025-09-02_11-07-42.json,2025-09-02T01:07:43Z
AT.1787.8,AUT,Kalsdorf bei Graz,8401,46.97221,15.47013,SUPER 95,1.459,SUPER 95 1.459 EUR,~/Desktop/MBAT-Internship-Project/data_OMV_at/prices_AT.1787.8_2025-09-02_11-07-42.png,~/Desktop/MBAT-Internship-Project/data_OMV_at/response_AT.1787.8_2025-09-02_11-07-42.json,2025-09-02T01:07:43Z
AT.1787.8,AUT,Kalsdorf bei Graz,8401,46.97221,15.47013,MaxxMotion Super 100plus,1.719,MaxxMotion Super 100plus 1.719 EUR,~/Desktop/MBAT-Internship-Project/data_OMV_at/prices_AT.1787.8_2025-09-02_11-07-42.png,~/Desktop/MBAT-Internship-Project/data_OMV_at/response_AT.1787.8_2025-09-02_11-07-42.json,2025-09-02T01:07:43Z
AT.1787.8,AUT,Kalsdorf bei Graz,8401,46.97221,15.47013,MaxxMotion Diesel,1.729,MaxxMotion Diesel 1.729 EUR,~/Desktop/MBAT-Internship-Project/data_OMV_at/prices_AT.1787.8_2025-09-02_11-07-42.png,~/Desktop/MBAT-Internship-Project/data_OMV_at/response_AT.1787.8_2025-09-02_11-07-42.json,2025-09-02T01:07:43Z
AT.1861.8,AUT,Pinkafeld,7423,47.3744,16.12554,DIESEL,1.488,DIESEL 1.488 EUR,~/Desktop/MBAT-Internship-Project/data_OMV_at/prices_AT.1861.8_2025-09-02_11-07-44.png,~/Desktop/MBAT-Internship-Project/data_OMV_at/response_AT.1861.8_2025-09-02_11-07-44.json,2025-09-02T01:07:44Z
AT.1861.8,AUT,Pinkafeld,7423,47.3744,16.12554,SUPER 95,1.478,SUPER 95 1.478 EUR,~/Desktop/MBAT-Internship-Project/data_OMV_at/prices_AT.1861.8_2025-09-02_11-07-44.png,~/Desktop/MBAT-Internship-Project/data_OMV_at/response_AT.1861.8_2025-09-02_11-07-44.json,2025-09-02T01:07:44Z
AT.1867.8,AUT,Bad Radkersburg,8490,46.69205,15.9773,DIESEL,1.499,DIESEL 1.499 EUR,~/Desktop/MBAT-Internship-Project/data_OMV_at/prices_AT.1867.8_2025-09-02_11-07-45.png,~/Desktop/MBAT-Internship-Project/data_OMV_at/response_AT.1867.8_2025-09-02_11-07-45.json,2025-09-02T01:07:45Z
AT.1867.8,AUT,Bad Radkersburg,8490,46.69205,15.9773,SUPER 95,1.509,SUPER 95 1.509 EUR,~/Desktop/MBAT-Internship-Project/data_OMV_at/prices_AT.1867.8_2025-09-02_11-07-45.png,~/Desktop/MBAT-Internship-Project/data_OMV_at/response_AT.1867.8_2025-09-02_11-07-45.json,2025-09-02T01:07:45Z
AT.1867.8,AUT,Bad Radkersburg,8490,46.69205,15.9773,MaxxMotion Super 100plus,1.769,MaxxMotion Super 100plus 1.769 EUR,~/Desktop/MBAT-Internship-Project/data_OMV_at/prices_AT.1867.8_2025-09-02_11-07-45.png,~/Desktop/MBAT-Internship-Project/data_OMV_at/response_AT.1867.8_2025-09-02_11-07-45.json,2025-09-02T01:07:45Z
AT.1867.8,AUT,Bad Radkersburg,8490,46.69205,15.9773,MaxxMotion Diesel,1.759,MaxxMotion Diesel 1.759 EUR,~/Desktop/MBAT-Internship-Project/data_OMV_at/prices_AT.1867.8_2025-09-02_11-07-45.png,~/Desktop/MBAT-Internship-Project/data_OMV_at/response_AT.1867.8_2025-09-02_11-07-45.json,2025-09-02T01:07:45Z
AT.2005.8,AUT,Klagenfurt,9020,46.63785,14.37077,DIESEL,1.449,DIESEL 1.449 EUR,~/Desktop/MBAT-Internship-Project/data_OMV_at/prices_AT.2005.8_2025-09-02_11-07-45.png,~/Desktop/MBAT-Internship-Project/data_OMV_at/response_AT.2005.8_2025-09-02_11-07-45.json,2025-09-02T01:07:46Z
AT.2005.8,AUT,Klagenfurt,9020,46.63785,14.37077,SUPER 95,1.454,SUPER 95 1.454 EUR,~/Desktop/MBAT-Internship-Project/data_OMV_at/prices_AT.2005.8_2025-09-02_11-07-45.png,~/Desktop/MBAT-Internship-Project/data_OMV_at/response_AT.2005.8_2025-09-02_11-07-45.json,2025-09-02T01:07:46Z
AT.2006.8,AUT,Klagenfurt,9020,46.6081,14.3301,DIESEL,1.463,DIESEL 1.463 EUR,~/Desktop/MBAT-Internship-Project/data_OMV_at/prices_AT.2006.8_2025-09-02_11-07-46.png,~/Desktop/MBAT-Internship-Project/data_OMV_at/response_AT.2006.8_2025-09-02_11-07-46.json,2025-09-02T01:07:47Z
AT.2006.8,AUT,Klagenfurt,9020,46.6081,14.3301,SUPER 95,1.482,SUPER 95 1.482 EUR,~/Desktop/MBAT-Internship-Project/data_OMV_at/prices_AT.2006.8_2025-09-02_11-07-46.png,~/Desktop/MBAT-Internship-Project/data_OMV_at/response_AT.2006.8_2025-09-02_11-07-46.json,2025-09-02T01:07:47Z
AT.2007.8,AUT,Treffen,9521,46.65143,13.87442,DIESEL,1.479,DIESEL 1.479 EUR,~/Desktop/MBAT-Internship-Project/data_OMV_at/prices_AT.2007.8_2025-09-02_11-07-47.png,~/Desktop/MBAT-Internship-Project/data_OMV_at/response_AT.2007.8_2025-09-02_11-07-47.json,2025-09-02T01:07:47Z
AT.2007.8,AUT,Treffen,9521,46.65143,13.87442,SUPER 95,1.477,SUPER 95 1.477 EUR,~/Desktop/MBAT-Internship-Project/data_OMV_at/prices_AT.2007.8_2025-09-02_11-07-47.png,~/Desktop/MBAT-Internship-Project/data_OMV_at/response_AT.2007.8_2025-09-02_11-07-47.json,2025-09-02T01:07:47Z
AT.2008.8,AUT,Villach,9500,46.63162,13.82642,DIESEL,1.479,DIESEL 1.479 EUR,~/Desktop/MBAT-Internship-Project/data_OMV_at/prices_AT.2008.8_2025-09-02_11-07-48.png,~/Desktop/MBAT-Internship-Project/data_OMV_at/response_AT.2008.8_2025-09-02_11-07-48.json,2025-09-02T01:07:48Z
AT.2008.8,AUT,Villach,9500,46.63162,13.82642,SUPER 95,1.477,SUPER 95 1.477 EUR,~/Desktop/MBAT-Internship-Project/data_OMV_at/prices_AT.2008.8_2025-09-02_11-07-48.png,~/Desktop/MBAT-Internship-Project/data_OMV_at/response_AT.2008.8_2025-09-02_11-07-48.json,2025-09-02T01:07:48Z
AT.2013.8,AUT,St. Jakob,9111,46.68129,14.67847,DIESEL,1.473,DIESEL 1.473 EUR,~/Desktop/MBAT-Internship-Project/data_OMV_at/prices_AT.2013.8_2025-09-02_11-07-49.png,~/Desktop/MBAT-Internship-Project/data_OMV_at/response_AT.2013.8_2025-09-02_11-07-49.json,2025-09-02T01:07:49Z
AT.2013.8,AUT,St. Jakob,9111,46.68129,14.67847,OMV AdBlue,1.399,OMV AdBlue 1.399 EUR,~/Desktop/MBAT-Internship-Project/data_OMV_at/prices_AT.2013.8_2025-09-02_11-07-49.png,~/Desktop/MBAT-Internship-Project/data_OMV_at/response_AT.2013.8_2025-09-02_11-07-49.json,2025-09-02T01:07:49Z
AT.2013.8,AUT,St. Jakob,9111,46.68129,14.67847,SUPER 95,1.489,SUPER 95 1.489 EUR,~/Desktop/MBAT-Internship-Project/data_OMV_at/prices_AT.2013.8_2025-09-02_11-07-49.png,~/Desktop/MBAT-Internship-Project/data_OMV_at/response_AT.2013.8_2025-09-02_11-07-49.json,2025-09-02T01:07:49Z
AT.2013.8,AUT,St. Jakob,9111,46.68129,14.67847,MaxxMotion Super 100plus,1.749,MaxxMotion Super 100plus 1.749 EUR,~/Desktop/MBAT-Internship-Project/data_OMV_at/prices_AT.2013.8_2025-09-02_11-07-49.png,~/Desktop/MBAT-Internship-Project/data_OMV_at/response_AT.2013.8_2025-09-02_11-07-49.json,2025-09-02T01:07:49Z
AT.2013.8,AUT,St. Jakob,9111,46.68129,14.67847,MaxxMotion Diesel,1.739,MaxxMotion Diesel 1.739 EUR,~/Desktop/MBAT-Internship-Project/data_OMV_at/prices_AT.2013.8_2025-09-02_11-07-49.png,~/Desktop/MBAT-Internship-Project/data_OMV_at/response_AT.2013.8_2025-09-02_11-07-49.json,2025-09-02T01:07:49Z
AT.2504.8,AUT,Sankt Jakob im Rosental,9184,46.54654,14.06226,DIESEL,1.464,DIESEL 1.464 EUR,~/Desktop/MBAT-Internship-Project/data_OMV_at/prices_AT.2504.8_2025-09-02_11-07-50.png,~/Desktop/MBAT-Internship-Project/data_OMV_at/response_AT.2504.8_2025-09-02_11-07-50.json,2025-09-02T01:07:50Z
AT.2504.8,AUT,Sankt Jakob im Rosental,9184,46.54654,14.06226,SUPER 95,1.471,SUPER 95 1.471 EUR,~/Desktop/MBAT-Internship-Project/data_OMV_at/prices_AT.2504.8_2025-09-02_11-07-50.png,~/Desktop/MBAT-Internship-Project/data_OMV_at/response_AT.2504.8_2025-09-02_11-07-50.json,2025-09-02T01:07:50Z
AT.2505.8,AUT,Sillian,9920,46.74021,12.37517,DIESEL,1.639,DIESEL 1.639 EUR,~/Desktop/MBAT-Internship-Project/data_OMV_at/prices_AT.2505.8_2025-09-02_11-07-50.png,~/Desktop/MBAT-Internship-Project/data_OMV_at/response_AT.2505.8_2025-09-02_11-07-50.json,2025-09-02T01:07:51Z
AT.2505.8,AUT,Sillian,9920,46.74021,12.37517,OMV AdBlue,1.399,OMV AdBlue 1.399 EUR,~/Desktop/MBAT-Internship-Project/data_OMV_at/prices_AT.2505.8_2025-09-02_11-07-50.png,~/Desktop/MBAT-Internship-Project/data_OMV_at/response_AT.2505.8_2025-09-02_11-07-50.json,2025-09-02T01:07:51Z
AT.2505.8,AUT,Sillian,9920,46.74021,12.37517,SUPER 95,1.629,SUPER 95 1.629 EUR,~/Desktop/MBAT-Internship-Project/data_OMV_at/prices_AT.2505.8_2025-09-02_11-07-50.png,~/Desktop/MBAT-Internship-Project/data_OMV_at/response_AT.2505.8_2025-09-02_11-07-50.json,2025-09-02T01:07:51Z
AT.2505.8,AUT,Sillian,9920,46.74021,12.37517,MaxxMotion Super 100plus,1.889,MaxxMotion Super 100plus 1.889 EUR,~/Desktop/MBAT-Internship-Project/data_OMV_at/prices_AT.2505.8_2025-09-02_11-07-50.png,~/Desktop/MBAT-Internship-Project/data_OMV_at/response_AT.2505.8_2025-09-02_11-07-50.json,2025-09-02T01:07:51Z
AT.2505.8,AUT,Sillian,9920,46.74021,12.37517,MaxxMotion Diesel,1.899,MaxxMotion Diesel 1.899 EUR,~/Desktop/MBAT-Internship-Project/data_OMV_at/prices_AT.2505.8_2025-09-02_11-07-50.png,~/Desktop/MBAT-Internship-Project/data_OMV_at/response_AT.2505.8_2025-09-02_11-07-50.json,2025-09-02T01:07:51Z
AT.2514.8,AUT,Bad St. Leonhard im Lavanttal,9462,46.96214,14.79496,DIESEL,1.519,DIESEL 1.519 EUR,~/Desktop/MBAT-Internship-Project/data_OMV_at/prices_AT.2514.8_2025-09-02_11-07-51.png,~/Desktop/MBAT-Internship-Project/data_OMV_at/response_AT.2514.8_2025-09-02_11-07-51.json,2025-09-02T01:07:52Z
AT.2514.8,AUT,Bad St. Leonhard im Lavanttal,9462,46.96214,14.79496,OMV AdBlue,1.399,OMV AdBlue 1.399 EUR,~/Desktop/MBAT-Internship-Project/data_OMV_at/prices_AT.2514.8_2025-09-02_11-07-51.png,~/Desktop/MBAT-Internship-Project/data_OMV_at/response_AT.2514.8_2025-09-02_11-07-51.json,2025-09-02T01:07:52Z
AT.2514.8,AUT,Bad St. Leonhard im Lavanttal,9462,46.96214,14.79496,SUPER 95,1.509,SUPER 95 1.509 EUR,~/Desktop/MBAT-Internship-Project/data_OMV_at/prices_AT.2514.8_2025-09-02_11-07-51.png,~/Desktop/MBAT-Internship-Project/data_OMV_at/response_AT.2514.8_2025-09-02_11-07-51.json,2025-09-02T01:07:52Z
AT.2514.8,AUT,Bad St. Leonhard im Lavanttal,9462,46.96214,14.79496,MaxxMotion Super 100plus,1.769,MaxxMotion Super 100plus 1.769 EUR,~/Desktop/MBAT-Internship-Project/data_OMV_at/prices_AT.2514.8_2025-09-02_11-07-51.png,~/Desktop/MBAT-Internship-Project/data_OMV_at/response_AT.2514.8_2025-09-02_11-07-51.json,2025-09-02T01:07:52Z
AT.2514.8,AUT,Bad St. Leonhard im Lavanttal,9462,46.96214,14.79496,MaxxMotion Diesel,1.779,MaxxMotion Diesel 1.779 EUR,~/Desktop/MBAT-Internship-Project/data_OMV_at/prices_AT.2514.8_2025-09-02_11-07-51.png,~/Desktop/MBAT-Internship-Project/data_OMV_at/response_AT.2514.8_2025-09-02_11-07-51.json,2025-09-02T01:07:52Z
AT.2522.8,AUT,Spittal an der Drau,9800,46.79163,13.50961,DIESEL,1.496,DIESEL 1.496 EUR,~/Desktop/MBAT-Internship-Project/data_OMV_at/prices_AT.2522.8_2025-09-02_11-07-52.png,~/Desktop/MBAT-Internship-Project/data_OMV_at/response_AT.2522.8_2025-09-02_11-07-52.json,2025-09-02T01:07:53Z
AT.2522.8,AUT,Spittal an der Drau,9800,46.79163,13.50961,OMV AdBlue,1.399,OMV AdBlue 1.399 EUR,~/Desktop/MBAT-Internship-Project/data_OMV_at/prices_AT.2522.8_2025-09-02_11-07-52.png,~/Desktop/MBAT-Internship-Project/data_OMV_at/response_AT.2522.8_2025-09-02_11-07-52.json,2025-09-02T01:07:53Z
AT.2522.8,AUT,Spittal an der Drau,9800,46.79163,13.50961,SUPER 95,1.496,SUPER 95 1.496 EUR,~/Desktop/MBAT-Internship-Project/data_OMV_at/prices_AT.2522.8_2025-09-02_11-07-52.png,~/Desktop/MBAT-Internship-Project/data_OMV_at/response_AT.2522.8_2025-09-02_11-07-52.json,2025-09-02T01:07:53Z
AT.2522.8,AUT,Spittal an der Drau,9800,46.79163,13.50961,MaxxMotion Super 100plus,1.759,MaxxMotion Super 100plus 1.759 EUR,~/Desktop/MBAT-Internship-Project/data_OMV_at/prices_AT.2522.8_2025-09-02_11-07-52.png,~/Desktop/MBAT-Internship-Project/data_OMV_at/response_AT.2522.8_2025-09-02_11-07-52.json,2025-09-02T01:07:53Z
AT.2522.8,AUT,Spittal an der Drau,9800,46.79163,13.50961,MaxxMotion Diesel,1.759,MaxxMotion Diesel 1.759 EUR,~/Desktop/MBAT-Internship-Project/data_OMV_at/prices_AT.2522.8_2025-09-02_11-07-52.png,~/Desktop/MBAT-Internship-Project/data_OMV_at/response_AT.2522.8_2025-09-02_11-07-52.json,2025-09-02T01:07:53Z
AT.2528.8,AUT,Klagenfurt,9020,46.62956,14.35681,DIESEL,1.494,DIESEL 1.494 EUR,~/Desktop/MBAT-Internship-Project/data_OMV_at/prices_AT.2528.8_2025-09-02_11-07-53.png,~/Desktop/MBAT-Internship-Project/data_OMV_at/response_AT.2528.8_2025-09-02_11-07-53.json,2025-09-02T01:07:53Z
AT.2528.8,AUT,Klagenfurt,9020,46.62956,14.35681,OMV AdBlue,1.399,OMV AdBlue 1.399 EUR,~/Desktop/MBAT-Internship-Project/data_OMV_at/prices_AT.2528.8_2025-09-02_11-07-53.png,~/Desktop/MBAT-Internship-Project/data_OMV_at/response_AT.2528.8_2025-09-02_11-07-53.json,2025-09-02T01:07:53Z
AT.2528.8,AUT,Klagenfurt,9020,46.62956,14.35681,SUPER 95,1.509,SUPER 95 1.509 EUR,~/Desktop/MBAT-Internship-Project/data_OMV_at/prices_AT.2528.8_2025-09-02_11-07-53.png,~/Desktop/MBAT-Internship-Project/data_OMV_at/response_AT.2528.8_2025-09-02_11-07-53.json,2025-09-02T01:07:53Z
AT.2528.8,AUT,Klagenfurt,9020,46.62956,14.35681,MaxxMotion Super 100plus,1.769,MaxxMotion Super 100plus 1.769 EUR,~/Desktop/MBAT-Internship-Project/data_OMV_at/prices_AT.2528.8_2025-09-02_11-07-53.png,~/Desktop/MBAT-Internship-Project/data_OMV_at/response_AT.2528.8_2025-09-02_11-07-53.json,2025-09-02T01:07:53Z
AT.2528.8,AUT,Klagenfurt,9020,46.62956,14.35681,CNG,1.649,CNG 1.649 EUR,~/Desktop/MBAT-Internship-Project/data_OMV_at/prices_AT.2528.8_2025-09-02_11-07-53.png,~/Desktop/MBAT-Internship-Project/data_OMV_at/response_AT.2528.8_2025-09-02_11-07-53.json,2025-09-02T01:07:53Z
AT.2528.8,AUT,Klagenfurt,9020,46.62956,14.35681,MaxxMotion Diesel,1.759,MaxxMotion Diesel 1.759 EUR,~/Desktop/MBAT-Internship-Project/data_OMV_at/prices_AT.2528.8_2025-09-02_11-07-53.png,~/Desktop/MBAT-Internship-Project/data_OMV_at/response_AT.2528.8_2025-09-02_11-07-53.json,2025-09-02T01:07:53Z
AT.2539.8,AUT,Klagenfurt,9020,46.65337,14.31387,DIESEL,1.449,DIESEL 1.449 EUR,~/Desktop/MBAT-Internship-Project/data_OMV_at/prices_AT.2539.8_2025-09-02_11-07-54.png,~/Desktop/MBAT-Internship-Project/data_OMV_at/response_AT.2539.8_2025-09-02_11-07-54.json,2025-09-02T01:07:54Z
AT.2539.8,AUT,Klagenfurt,9020,46.65337,14.31387,Diesel Plus,1.659,Diesel Plus 1.659 EUR,~/Desktop/MBAT-Internship-Project/data_OMV_at/prices_AT.2539.8_2025-09-02_11-07-54.png,~/Desktop/MBAT-Internship-Project/data_OMV_at/response_AT.2539.8_2025-09-02_11-07-54.json,2025-09-02T01:07:54Z
AT.2539.8,AUT,Klagenfurt,9020,46.65337,14.31387,SUPER 95,1.449,SUPER 95 1.449 EUR,~/Desktop/MBAT-Internship-Project/data_OMV_at/prices_AT.2539.8_2025-09-02_11-07-54.png,~/Desktop/MBAT-Internship-Project/data_OMV_at/response_AT.2539.8_2025-09-02_11-07-54.json,2025-09-02T01:07:54Z
AT.2548.8,AUT,Sankt Andrä,9433,46.7449,14.82285,DIESEL,1.534,DIESEL 1.534 EUR,~/Desktop/MBAT-Internship-Project/data_OMV_at/prices_AT.2548.8_2025-09-02_11-07-55.png,~/Desktop/MBAT-Internship-Project/data_OMV_at/response_AT.2548.8_2025-09-02_11-07-55.json,2025-09-02T01:07:55Z
AT.2548.8,AUT,Sankt Andrä,9433,46.7449,14.82285,OMV AdBlue,1.399,OMV AdBlue 1.399 EUR,~/Desktop/MBAT-Internship-Project/data_OMV_at/prices_AT.2548.8_2025-09-02_11-07-55.png,~/Desktop/MBAT-Internship-Project/data_OMV_at/response_AT.2548.8_2025-09-02_11-07-55.json,2025-09-02T01:07:55Z
AT.2548.8,AUT,Sankt Andrä,9433,46.7449,14.82285,SUPER 95,1.534,SUPER 95 1.534 EUR,~/Desktop/MBAT-Internship-Project/data_OMV_at/prices_AT.2548.8_2025-09-02_11-07-55.png,~/Desktop/MBAT-Internship-Project/data_OMV_at/response_AT.2548.8_2025-09-02_11-07-55.json,2025-09-02T01:07:55Z
AT.2548.8,AUT,Sankt Andrä,9433,46.7449,14.82285,MaxxMotion Super 100plus,1.799,MaxxMotion Super 100plus 1.799 EUR,~/Desktop/MBAT-Internship-Project/data_OMV_at/prices_AT.2548.8_2025-09-02_11-07-55.png,~/Desktop/MBAT-Internship-Project/data_OMV_at/response_AT.2548.8_2025-09-02_11-07-55.json,2025-09-02T01:07:55Z
AT.2548.8,AUT,Sankt Andrä,9433,46.7449,14.82285,MaxxMotion Diesel,1.799,MaxxMotion Diesel 1.799 EUR,~/Desktop/MBAT-Internship-Project/data_OMV_at/prices_AT.2548.8_2025-09-02_11-07-55.png,~/Desktop/MBAT-Internship-Project/data_OMV_at/response_AT.2548.8_2025-09-02_11-07-55.json,2025-09-02T01:07:55Z
AT.2559.8,AUT,Hermagor,9620,46.62964,13.37877,DIESEL,1.569,DIESEL 1.569 EUR,~/Desktop/MBAT-Internship-Project/data_OMV_at/prices_AT.2559.8_2025-09-02_11-07-55.png,~/Desktop/MBAT-Internship-Project/data_OMV_at/response_AT.2559.8_2025-09-02_11-07-55.json,2025-09-02T01:07:56Z
AT.2559.8,AUT,Hermagor,9620,46.62964,13.37877,SUPER 95,1.569,SUPER 95 1.569 EUR,~/Desktop/MBAT-Internship-Project/data_OMV_at/prices_AT.2559.8_2025-09-02_11-07-55.png,~/Desktop/MBAT-Internship-Project/data_OMV_at/response_AT.2559.8_2025-09-02_11-07-55.json,2025-09-02T01:07:56Z
AT.2559.8,AUT,Hermagor,9620,46.62964,13.37877,MaxxMotion Super 100plus,1.829,MaxxMotion Super 100plus 1.829 EUR,~/Desktop/MBAT-Internship-Project/data_OMV_at/prices_AT.2559.8_2025-09-02_11-07-55.png,~/Desktop/MBAT-Internship-Project/data_OMV_at/response_AT.2559.8_2025-09-02_11-07-55.json,2025-09-02T01:07:56Z
AT.2559.8,AUT,Hermagor,9620,46.62964,13.37877,MaxxMotion Diesel,1.829,MaxxMotion Diesel 1.829 EUR,~/Desktop/MBAT-Internship-Project/data_OMV_at/prices_AT.2559.8_2025-09-02_11-07-55.png,~/Desktop/MBAT-Internship-Project/data_OMV_at/response_AT.2559.8_2025-09-02_11-07-55.json,2025-09-02T01:07:56Z
AT.2562.8,AUT,Grafenstein,9131,46.6396,14.4509,DIESEL,1.499,DIESEL 1.499 EUR,~/Desktop/MBAT-Internship-Project/data_OMV_at/prices_AT.2562.8_2025-09-02_11-07-56.png,~/Desktop/MBAT-Internship-Project/data_OMV_at/response_AT.2562.8_2025-09-02_11-07-56.json,2025-09-02T01:07:57Z
AT.2562.8,AUT,Grafenstein,9131,46.6396,14.4509,OMV AdBlue,1.399,OMV AdBlue 1.399 EUR,~/Desktop/MBAT-Internship-Project/data_OMV_at/prices_AT.2562.8_2025-09-02_11-07-56.png,~/Desktop/MBAT-Internship-Project/data_OMV_at/response_AT.2562.8_2025-09-02_11-07-56.json,2025-09-02T01:07:57Z
AT.2562.8,AUT,Grafenstein,9131,46.6396,14.4509,SUPER 95,1.509,SUPER 95 1.509 EUR,~/Desktop/MBAT-Internship-Project/data_OMV_at/prices_AT.2562.8_2025-09-02_11-07-56.png,~/Desktop/MBAT-Internship-Project/data_OMV_at/response_AT.2562.8_2025-09-02_11-07-56.json,2025-09-02T01:07:57Z
AT.2562.8,AUT,Grafenstein,9131,46.6396,14.4509,MaxxMotion Super 100plus,1.769,MaxxMotion Super 100plus 1.769 EUR,~/Desktop/MBAT-Internship-Project/data_OMV_at/prices_AT.2562.8_2025-09-02_11-07-56.png,~/Desktop/MBAT-Internship-Project/data_OMV_at/response_AT.2562.8_2025-09-02_11-07-56.json,2025-09-02T01:07:57Z
AT.2562.8,AUT,Grafenstein,9131,46.6396,14.4509,MaxxMotion Diesel,1.759,MaxxMotion Diesel 1.759 EUR,~/Desktop/MBAT-Internship-Project/data_OMV_at/prices_AT.2562.8_2025-09-02_11-07-56.png,~/Desktop/MBAT-Internship-Project/data_OMV_at/response_AT.2562.8_2025-09-02_11-07-56.json,2025-09-02T01:07:57Z
AT.2568.8,AUT,Feldkirchen,9560,46.72299,14.09689,DIESEL,1.499,DIESEL 1.499 EUR,~/Desktop/MBAT-Internship-Project/data_OMV_at/prices_AT.2568.8_2025-09-02_11-07-57.png,~/Desktop/MBAT-Internship-Project/data_OMV_at/response_AT.2568.8_2025-09-02_11-07-57.json,2025-09-02T01:07:58Z
AT.2568.8,AUT,Feldkirchen,9560,46.72299,14.09689,OMV AdBlue,1.399,OMV AdBlue 1.399 EUR,~/Desktop/MBAT-Internship-Project/data_OMV_at/prices_AT.2568.8_2025-09-02_11-07-57.png,~/Desktop/MBAT-Internship-Project/data_OMV_at/response_AT.2568.8_2025-09-02_11-07-57.json,2025-09-02T01:07:58Z
AT.2568.8,AUT,Feldkirchen,9560,46.72299,14.09689,SUPER 95,1.504,SUPER 95 1.504 EUR,~/Desktop/MBAT-Internship-Project/data_OMV_at/prices_AT.2568.8_2025-09-02_11-07-57.png,~/Desktop/MBAT-Internship-Project/data_OMV_at/response_AT.2568.8_2025-09-02_11-07-57.json,2025-09-02T01:07:58Z
AT.2568.8,AUT,Feldkirchen,9560,46.72299,14.09689,MaxxMotion Super 100plus,1.769,MaxxMotion Super 100plus 1.769 EUR,~/Desktop/MBAT-Internship-Project/data_OMV_at/prices_AT.2568.8_2025-09-02_11-07-57.png,~/Desktop/MBAT-Internship-Project/data_OMV_at/response_AT.2568.8_2025-09-02_11-07-57.json,2025-09-02T01:07:58Z
AT.2568.8,AUT,Feldkirchen,9560,46.72299,14.09689,MaxxMotion Diesel,1.759,MaxxMotion Diesel 1.759 EUR,~/Desktop/MBAT-Internship-Project/data_OMV_at/prices_AT.2568.8_2025-09-02_11-07-57.png,~/Desktop/MBAT-Internship-Project/data_OMV_at/response_AT.2568.8_2025-09-02_11-07-57.json,2025-09-02T01:07:58Z
AT.2570.8,AUT,Bleiburg,9150,46.57613,14.77537,DIESEL,1.519,DIESEL 1.519 EUR,~/Desktop/MBAT-Internship-Project/data_OMV_at/prices_AT.2570.8_2025-09-02_11-07-58.png,~/Desktop/MBAT-Internship-Project/data_OMV_at/response_AT.2570.8_2025-09-02_11-07-58.json,2025-09-02T01:07:58Z
AT.2570.8,AUT,Bleiburg,9150,46.57613,14.77537,SUPER 95,1.534,SUPER 95 1.534 EUR,~/Desktop/MBAT-Internship-Project/data_OMV_at/prices_AT.2570.8_2025-09-02_11-07-58.png,~/Desktop/MBAT-Internship-Project/data_OMV_at/response_AT.2570.8_2025-09-02_11-07-58.json,2025-09-02T01:07:58Z
AT.2573.8,AUT,Lienz,9900,46.83172,12.75363,DIESEL,1.524,DIESEL 1.524 EUR,~/Desktop/MBAT-Internship-Project/data_OMV_at/prices_AT.2573.8_2025-09-02_11-07-59.png,~/Desktop/MBAT-Internship-Project/data_OMV_at/response_AT.2573.8_2025-09-02_11-07-59.json,2025-09-02T01:07:59Z
AT.2573.8,AUT,Lienz,9900,46.83172,12.75363,OMV AdBlue,1.399,OMV AdBlue 1.399 EUR,~/Desktop/MBAT-Internship-Project/data_OMV_at/prices_AT.2573.8_2025-09-02_11-07-59.png,~/Desktop/MBAT-Internship-Project/data_OMV_at/response_AT.2573.8_2025-09-02_11-07-59.json,2025-09-02T01:07:59Z
AT.2573.8,AUT,Lienz,9900,46.83172,12.75363,SUPER 95,1.524,SUPER 95 1.524 EUR,~/Desktop/MBAT-Internship-Project/data_OMV_at/prices_AT.2573.8_2025-09-02_11-07-59.png,~/Desktop/MBAT-Internship-Project/data_OMV_at/response_AT.2573.8_2025-09-02_11-07-59.json,2025-09-02T01:07:59Z
AT.2573.8,AUT,Lienz,9900,46.83172,12.75363,MaxxMotion Super 100plus,1.789,MaxxMotion Super 100plus 1.789 EUR,~/Desktop/MBAT-Internship-Project/data_OMV_at/prices_AT.2573.8_2025-09-02_11-07-59.png,~/Desktop/MBAT-Internship-Project/data_OMV_at/response_AT.2573.8_2025-09-02_11-07-59.json,2025-09-02T01:07:59Z
AT.2573.8,AUT,Lienz,9900,46.83172,12.75363,MaxxMotion Diesel,1.789,MaxxMotion Diesel 1.789 EUR,~/Desktop/MBAT-Internship-Project/data_OMV_at/prices_AT.2573.8_2025-09-02_11-07-59.png,~/Desktop/MBAT-Internship-Project/data_OMV_at/response_AT.2573.8_2025-09-02_11-07-59.json,2025-09-02T01:07:59Z
AT.2574.8,AUT,Lienz,9900,46.83095,12.77553,DIESEL,1.524,DIESEL 1.524 EUR,~/Desktop/MBAT-Internship-Project/data_OMV_at/prices_AT.2574.8_2025-09-02_11-08-00.png,~/Desktop/MBAT-Internship-Project/data_OMV_at/response_AT.2574.8_2025-09-02_11-08-00.json,2025-09-02T01:08:00Z
AT.2574.8,AUT,Lienz,9900,46.83095,12.77553,SUPER 95,1.524,SUPER 95 1.524 EUR,~/Desktop/MBAT-Internship-Project/data_OMV_at/prices_AT.2574.8_2025-09-02_11-08-00.png,~/Desktop/MBAT-Internship-Project/data_OMV_at/response_AT.2574.8_2025-09-02_11-08-00.json,2025-09-02T01:08:00Z
AT.2574.8,AUT,Lienz,9900,46.83095,12.77553,MaxxMotion Super 100plus,1.789,MaxxMotion Super 100plus 1.789 EUR,~/Desktop/MBAT-Internship-Project/data_OMV_at/prices_AT.2574.8_2025-09-02_11-08-00.png,~/Desktop/MBAT-Internship-Project/data_OMV_at/response_AT.2574.8_2025-09-02_11-08-00.json,2025-09-02T01:08:00Z
AT.2574.8,AUT,Lienz,9900,46.83095,12.77553,MaxxMotion Diesel,1.789,MaxxMotion Diesel 1.789 EUR,~/Desktop/MBAT-Internship-Project/data_OMV_at/prices_AT.2574.8_2025-09-02_11-08-00.png,~/Desktop/MBAT-Internship-Project/data_OMV_at/response_AT.2574.8_2025-09-02_11-08-00.json,2025-09-02T01:08:00Z
AT.2578.8,AUT,Seeboden,9871,46.81713,13.51108,DIESEL,1.526,DIESEL 1.526 EUR,~/Desktop/MBAT-Internship-Project/data_OMV_at/prices_AT.2578.8_2025-09-02_11-08-00.png,~/Desktop/MBAT-Internship-Project/data_OMV_at/response_AT.2578.8_2025-09-02_11-08-00.json,2025-09-02T01:08:01Z
AT.2578.8,AUT,Seeboden,9871,46.81713,13.51108,SUPER 95,1.526,SUPER 95 1.526 EUR,~/Desktop/MBAT-Internship-Project/data_OMV_at/prices_AT.2578.8_2025-09-02_11-08-00.png,~/Desktop/MBAT-Internship-Project/data_OMV_at/response_AT.2578.8_2025-09-02_11-08-00.json,2025-09-02T01:08:01Z
AT.2578.8,AUT,Seeboden,9871,46.81713,13.51108,MaxxMotion Super 100plus,1.789,MaxxMotion Super 100plus 1.789 EUR,~/Desktop/MBAT-Internship-Project/data_OMV_at/prices_AT.2578.8_2025-09-02_11-08-00.png,~/Desktop/MBAT-Internship-Project/data_OMV_at/response_AT.2578.8_2025-09-02_11-08-00.json,2025-09-02T01:08:01Z
AT.2580.8,AUT,Sankt Veit an der Glan,9300,46.76102,14.36625,DIESEL,1.464,DIESEL 1.464 EUR,~/Desktop/MBAT-Internship-Project/data_OMV_at/prices_AT.2580.8_2025-09-02_11-08-01.png,~/Desktop/MBAT-Internship-Project/data_OMV_at/response_AT.2580.8_2025-09-02_11-08-01.json,2025-09-02T01:08:02Z
AT.2580.8,AUT,Sankt Veit an der Glan,9300,46.76102,14.36625,SUPER 95,1.474,SUPER 95 1.474 EUR,~/Desktop/MBAT-Internship-Project/data_OMV_at/prices_AT.2580.8_2025-09-02_11-08-01.png,~/Desktop/MBAT-Internship-Project/data_OMV_at/response_AT.2580.8_2025-09-02_11-08-01.json,2025-09-02T01:08:02Z
AT.2586.8,AUT,Althofen,9330,46.87159,14.46729,DIESEL,1.524,DIESEL 1.524 EUR,~/Desktop/MBAT-Internship-Project/data_OMV_at/prices_AT.2586.8_2025-09-02_11-08-02.png,~/Desktop/MBAT-Internship-Project/data_OMV_at/response_AT.2586.8_2025-09-02_11-08-02.json,2025-09-02T01:08:03Z
AT.2586.8,AUT,Althofen,9330,46.87159,14.46729,SUPER 95,1.534,SUPER 95 1.534 EUR,~/Desktop/MBAT-Internship-Project/data_OMV_at/prices_AT.2586.8_2025-09-02_11-08-02.png,~/Desktop/MBAT-Internship-Project/data_OMV_at/response_AT.2586.8_2025-09-02_11-08-02.json,2025-09-02T01:08:03Z
AT.2586.8,AUT,Althofen,9330,46.87159,14.46729,MaxxMotion Super 100plus,1.799,MaxxMotion Super 100plus 1.799 EUR,~/Desktop/MBAT-Internship-Project/data_OMV_at/prices_AT.2586.8_2025-09-02_11-08-02.png,~/Desktop/MBAT-Internship-Project/data_OMV_at/response_AT.2586.8_2025-09-02_11-08-02.json,2025-09-02T01:08:03Z
AT.2586.8,AUT,Althofen,9330,46.87159,14.46729,MaxxMotion Diesel,1.789,MaxxMotion Diesel 1.789 EUR,~/Desktop/MBAT-Internship-Project/data_OMV_at/prices_AT.2586.8_2025-09-02_11-08-02.png,~/Desktop/MBAT-Internship-Project/data_OMV_at/response_AT.2586.8_2025-09-02_11-08-02.json,2025-09-02T01:08:03Z
AT.2587.8,AUT,Viktring,9073,46.59189,14.27158,DIESEL,1.489,DIESEL 1.489 EUR,~/Desktop/MBAT-Internship-Project/data_OMV_at/prices_AT.2587.8_2025-09-02_11-08-03.png,~/Desktop/MBAT-Internship-Project/data_OMV_at/response_AT.2587.8_2025-09-02_11-08-03.json,2025-09-02T01:08:03Z
AT.2587.8,AUT,Viktring,9073,46.59189,14.27158,SUPER 95,1.499,SUPER 95 1.499 EUR,~/Desktop/MBAT-Internship-Project/data_OMV_at/prices_AT.2587.8_2025-09-02_11-08-03.png,~/Desktop/MBAT-Internship-Project/data_OMV_at/response_AT.2587.8_2025-09-02_11-08-03.json,2025-09-02T01:08:03Z
AT.2587.8,AUT,Viktring,9073,46.59189,14.27158,MaxxMotion Super 100plus,1.759,MaxxMotion Super 100plus 1.759 EUR,~/Desktop/MBAT-Internship-Project/data_OMV_at/prices_AT.2587.8_2025-09-02_11-08-03.png,~/Desktop/MBAT-Internship-Project/data_OMV_at/response_AT.2587.8_2025-09-02_11-08-03.json,2025-09-02T01:08:03Z
AT.2587.8,AUT,Viktring,9073,46.59189,14.27158,MaxxMotion Diesel,1.749,MaxxMotion Diesel 1.749 EUR,~/Desktop/MBAT-Internship-Project/data_OMV_at/prices_AT.2587.8_2025-09-02_11-08-03.png,~/Desktop/MBAT-Internship-Project/data_OMV_at/response_AT.2587.8_2025-09-02_11-08-03.json,2025-09-02T01:08:03Z
AT.2589.8,AUT,Wolfsberg,9400,46.82775,14.83911,DIESEL,1.504,DIESEL 1.504 EUR,~/Desktop/MBAT-Internship-Project/data_OMV_at/prices_AT.2589.8_2025-09-02_11-08-04.png,~/Desktop/MBAT-Internship-Project/data_OMV_at/response_AT.2589.8_2025-09-02_11-08-04.json,2025-09-02T01:08:04Z
AT.2589.8,AUT,Wolfsberg,9400,46.82775,14.83911,SUPER 95,1.499,SUPER 95 1.499 EUR,~/Desktop/MBAT-Internship-Project/data_OMV_at/prices_AT.2589.8_2025-09-02_11-08-04.png,~/Desktop/MBAT-Internship-Project/data_OMV_at/response_AT.2589.8_2025-09-02_11-08-04.json,2025-09-02T01:08:04Z
AT.2589.8,AUT,Wolfsberg,9400,46.82775,14.83911,MaxxMotion Super 100plus,1.759,MaxxMotion Super 100plus 1.759 EUR,~/Desktop/MBAT-Internship-Project/data_OMV_at/prices_AT.2589.8_2025-09-02_11-08-04.png,~/Desktop/MBAT-Internship-Project/data_OMV_at/response_AT.2589.8_2025-09-02_11-08-04.json,2025-09-02T01:08:04Z
AT.2589.8,AUT,Wolfsberg,9400,46.82775,14.83911,MaxxMotion Diesel,1.769,MaxxMotion Diesel 1.769 EUR,~/Desktop/MBAT-Internship-Project/data_OMV_at/prices_AT.2589.8_2025-09-02_11-08-04.png,~/Desktop/MBAT-Internship-Project/data_OMV_at/response_AT.2589.8_2025-09-02_11-08-04.json,2025-09-02T01:08:04Z
AT.2590.8,AUT,Klagenfurt,9020,46.64932,14.28436,DIESEL,1.454,DIESEL 1.454 EUR,~/Desktop/MBAT-Internship-Project/data_OMV_at/prices_AT.2590.8_2025-09-02_11-08-05.png,~/Desktop/MBAT-Internship-Project/data_OMV_at/response_AT.2590.8_2025-09-02_11-08-05.json,2025-09-02T01:08:05Z
AT.2590.8,AUT,Klagenfurt,9020,46.64932,14.28436,SUPER 95,1.454,SUPER 95 1.454 EUR,~/Desktop/MBAT-Internship-Project/data_OMV_at/prices_AT.2590.8_2025-09-02_11-08-05.png,~/Desktop/MBAT-Internship-Project/data_OMV_at/response_AT.2590.8_2025-09-02_11-08-05.json,2025-09-02T01:08:05Z
AT.2593.8,AUT,Pörtschach,9210,46.63668,14.13709,DIESEL,1.499,DIESEL 1.499 EUR,~/Desktop/MBAT-Internship-Project/data_OMV_at/prices_AT.2593.8_2025-09-02_11-08-05.png,~/Desktop/MBAT-Internship-Project/data_OMV_at/response_AT.2593.8_2025-09-02_11-08-05.json,2025-09-02T01:08:06Z
AT.2593.8,AUT,Pörtschach,9210,46.63668,14.13709,SUPER 95,1.514,SUPER 95 1.514 EUR,~/Desktop/MBAT-Internship-Project/data_OMV_at/prices_AT.2593.8_2025-09-02_11-08-05.png,~/Desktop/MBAT-Internship-Project/data_OMV_at/response_AT.2593.8_2025-09-02_11-08-05.json,2025-09-02T01:08:06Z
AT.2593.8,AUT,Pörtschach,9210,46.63668,14.13709,MaxxMotion Super 100plus,1.779,MaxxMotion Super 100plus 1.779 EUR,~/Desktop/MBAT-Internship-Project/data_OMV_at/prices_AT.2593.8_2025-09-02_11-08-05.png,~/Desktop/MBAT-Internship-Project/data_OMV_at/response_AT.2593.8_2025-09-02_11-08-05.json,2025-09-02T01:08:06Z
AT.2595.8,AUT,Villach,9500,46.60434,13.87092,DIESEL,1.489,DIESEL 1.489 EUR,~/Desktop/MBAT-Internship-Project/data_OMV_at/prices_AT.2595.8_2025-09-02_11-08-06.png,~/Desktop/MBAT-Internship-Project/data_OMV_at/response_AT.2595.8_2025-09-02_11-08-06.json,2025-09-02T01:08:07Z
AT.2595.8,AUT,Villach,9500,46.60434,13.87092,OMV AdBlue,1.399,OMV AdBlue 1.399 EUR,~/Desktop/MBAT-Internship-Project/data_OMV_at/prices_AT.2595.8_2025-09-02_11-08-06.png,~/Desktop/MBAT-Internship-Project/data_OMV_at/response_AT.2595.8_2025-09-02_11-08-06.json,2025-09-02T01:08:07Z
AT.2595.8,AUT,Villach,9500,46.60434,13.87092,SUPER 95,1.489,SUPER 95 1.489 EUR,~/Desktop/MBAT-Internship-Project/data_OMV_at/prices_AT.2595.8_2025-09-02_11-08-06.png,~/Desktop/MBAT-Internship-Project/data_OMV_at/response_AT.2595.8_2025-09-02_11-08-06.json,2025-09-02T01:08:07Z
AT.2595.8,AUT,Villach,9500,46.60434,13.87092,CNG,1.649,CNG 1.649 EUR,~/Desktop/MBAT-Internship-Project/data_OMV_at/prices_AT.2595.8_2025-09-02_11-08-06.png,~/Desktop/MBAT-Internship-Project/data_OMV_at/response_AT.2595.8_2025-09-02_11-08-06.json,2025-09-02T01:08:07Z
AT.2595.8,AUT,Villach,9500,46.60434,13.87092,MaxxMotion Diesel,1.749,MaxxMotion Diesel 1.749 EUR,~/Desktop/MBAT-Internship-Project/data_OMV_at/prices_AT.2595.8_2025-09-02_11-08-06.png,~/Desktop/MBAT-Internship-Project/data_OMV_at/response_AT.2595.8_2025-09-02_11-08-06.json,2025-09-02T01:08:07Z
AT.2599.8,AUT,Sankt Veit an der Glan,9300,46.76591,14.36587,DIESEL,1.484,DIESEL 1.484 EUR,~/Desktop/MBAT-Internship-Project/data_OMV_at/prices_AT.2599.8_2025-09-02_11-08-07.png,~/Desktop/MBAT-Internship-Project/data_OMV_at/response_AT.2599.8_2025-09-02_11-08-07.json,2025-09-02T01:08:08Z
AT.2599.8,AUT,Sankt Veit an der Glan,9300,46.76591,14.36587,SUPER 95,1.494,SUPER 95 1.494 EUR,~/Desktop/MBAT-Internship-Project/data_OMV_at/prices_AT.2599.8_2025-09-02_11-08-07.png,~/Desktop/MBAT-Internship-Project/data_OMV_at/response_AT.2599.8_2025-09-02_11-08-07.json,2025-09-02T01:08:08Z
AT.2599.8,AUT,Sankt Veit an der Glan,9300,46.76591,14.36587,MaxxMotion Super 100plus,1.759,MaxxMotion Super 100plus 1.759 EUR,~/Desktop/MBAT-Internship-Project/data_OMV_at/prices_AT.2599.8_2025-09-02_11-08-07.png,~/Desktop/MBAT-Internship-Project/data_OMV_at/response_AT.2599.8_2025-09-02_11-08-07.json,2025-09-02T01:08:08Z
AT.2599.8,AUT,Sankt Veit an der Glan,9300,46.76591,14.36587,MaxxMotion Diesel,1.749,MaxxMotion Diesel 1.749 EUR,~/Desktop/MBAT-Internship-Project/data_OMV_at/prices_AT.2599.8_2025-09-02_11-08-07.png,~/Desktop/MBAT-Internship-Project/data_OMV_at/response_AT.2599.8_2025-09-02_11-08-07.json,2025-09-02T01:08:08Z
AT.2600.8,AUT,Arnoldstein,9601,46.5595,13.69735,DIESEL,1.579,DIESEL 1.579 EUR,~/Desktop/MBAT-Internship-Project/data_OMV_at/prices_AT.2600.8_2025-09-02_11-08-08.png,~/Desktop/MBAT-Internship-Project/data_OMV_at/response_AT.2600.8_2025-09-02_11-08-08.json,2025-09-02T01:08:08Z
AT.2600.8,AUT,Arnoldstein,9601,46.5595,13.69735,OMV AdBlue,0.919,OMV AdBlue 0.919 EUR,~/Desktop/MBAT-Internship-Project/data_OMV_at/prices_AT.2600.8_2025-09-02_11-08-08.png,~/Desktop/MBAT-Internship-Project/data_OMV_at/response_AT.2600.8_2025-09-02_11-08-08.json,2025-09-02T01:08:08Z
AT.2651.8,AUT,Friesach,9360,46.97355,14.39351,DIESEL,1.519,DIESEL 1.519 EUR,~/Desktop/MBAT-Internship-Project/data_OMV_at/prices_AT.2651.8_2025-09-02_11-08-09.png,~/Desktop/MBAT-Internship-Project/data_OMV_at/response_AT.2651.8_2025-09-02_11-08-09.json,2025-09-02T01:08:09Z
AT.2651.8,AUT,Friesach,9360,46.97355,14.39351,SUPER 95,1.499,SUPER 95 1.499 EUR,~/Desktop/MBAT-Internship-Project/data_OMV_at/prices_AT.2651.8_2025-09-02_11-08-09.png,~/Desktop/MBAT-Internship-Project/data_OMV_at/response_AT.2651.8_2025-09-02_11-08-09.json,2025-09-02T01:08:09Z
AT.2653.8,AUT,Klagenfurt,9020,46.65383,14.28047,DIESEL,1.454,DIESEL 1.454 EUR,~/Desktop/MBAT-Internship-Project/data_OMV_at/prices_AT.2653.8_2025-09-02_11-08-10.png,~/Desktop/MBAT-Internship-Project/data_OMV_at/response_AT.2653.8_2025-09-02_11-08-10.json,2025-09-02T01:08:10Z
AT.2653.8,AUT,Klagenfurt,9020,46.65383,14.28047,SUPER 95,1.454,SUPER 95 1.454 EUR,~/Desktop/MBAT-Internship-Project/data_OMV_at/prices_AT.2653.8_2025-09-02_11-08-10.png,~/Desktop/MBAT-Internship-Project/data_OMV_at/response_AT.2653.8_2025-09-02_11-08-10.json,2025-09-02T01:08:10Z
AT.2656.8,AUT,Klagenfurt,9020,46.62048,14.26865,DIESEL,1.469,DIESEL 1.469 EUR,~/Desktop/MBAT-Internship-Project/data_OMV_at/prices_AT.2656.8_2025-09-02_11-08-10.png,~/Desktop/MBAT-Internship-Project/data_OMV_at/response_AT.2656.8_2025-09-02_11-08-10.json,2025-09-02T01:08:11Z
AT.2656.8,AUT,Klagenfurt,9020,46.62048,14.26865,SUPER 95,1.489,SUPER 95 1.489 EUR,~/Desktop/MBAT-Internship-Project/data_OMV_at/prices_AT.2656.8_2025-09-02_11-08-10.png,~/Desktop/MBAT-Internship-Project/data_OMV_at/response_AT.2656.8_2025-09-02_11-08-10.json,2025-09-02T01:08:11Z
AT.2711.8,AUT,Wernberg,9241,46.61782,13.95629,DIESEL,1.481,DIESEL 1.481 EUR,~/Desktop/MBAT-Internship-Project/data_OMV_at/prices_AT.2711.8_2025-09-02_11-08-11.png,~/Desktop/MBAT-Internship-Project/data_OMV_at/response_AT.2711.8_2025-09-02_11-08-11.json,2025-09-02T01:08:12Z
AT.2711.8,AUT,Wernberg,9241,46.61782,13.95629,SUPER 95,1.479,SUPER 95 1.479 EUR,~/Desktop/MBAT-Internship-Project/data_OMV_at/prices_AT.2711.8_2025-09-02_11-08-11.png,~/Desktop/MBAT-Internship-Project/data_OMV_at/response_AT.2711.8_2025-09-02_11-08-11.json,2025-09-02T01:08:12Z
AT.2731.8,AUT,Wolfsberg,9400,46.84742,14.84422,DIESEL,1.504,DIESEL 1.504 EUR,~/Desktop/MBAT-Internship-Project/data_OMV_at/prices_AT.2731.8_2025-09-02_11-08-12.png,~/Desktop/MBAT-Internship-Project/data_OMV_at/response_AT.2731.8_2025-09-02_11-08-12.json,2025-09-02T01:08:13Z
AT.2731.8,AUT,Wolfsberg,9400,46.84742,14.84422,SUPER 95,1.499,SUPER 95 1.499 EUR,~/Desktop/MBAT-Internship-Project/data_OMV_at/prices_AT.2731.8_2025-09-02_11-08-12.png,~/Desktop/MBAT-Internship-Project/data_OMV_at/response_AT.2731.8_2025-09-02_11-08-12.json,2025-09-02T01:08:13Z
AT.2731.8,AUT,Wolfsberg,9400,46.84742,14.84422,MaxxMotion Super 100plus,1.759,MaxxMotion Super 100plus 1.759 EUR,~/Desktop/MBAT-Internship-Project/data_OMV_at/prices_AT.2731.8_2025-09-02_11-08-12.png,~/Desktop/MBAT-Internship-Project/data_OMV_at/response_AT.2731.8_2025-09-02_11-08-12.json,2025-09-02T01:08:13Z
AT.2731.8,AUT,Wolfsberg,9400,46.84742,14.84422,MaxxMotion Diesel,1.769,MaxxMotion Diesel 1.769 EUR,~/Desktop/MBAT-Internship-Project/data_OMV_at/prices_AT.2731.8_2025-09-02_11-08-12.png,~/Desktop/MBAT-Internship-Project/data_OMV_at/response_AT.2731.8_2025-09-02_11-08-12.json,2025-09-02T01:08:13Z
AT.2733.8,AUT,Griffen,9112,46.70256,14.72846,DIESEL,1.468,DIESEL 1.468 EUR,~/Desktop/MBAT-Internship-Project/data_OMV_at/prices_AT.2733.8_2025-09-02_11-08-13.png,~/Desktop/MBAT-Internship-Project/data_OMV_at/response_AT.2733.8_2025-09-02_11-08-13.json,2025-09-02T01:08:13Z
AT.2733.8,AUT,Griffen,9112,46.70256,14.72846,Premium Power Diesel,1.679,Premium Power Diesel 1.679 EUR,~/Desktop/MBAT-Internship-Project/data_OMV_at/prices_AT.2733.8_2025-09-02_11-08-13.png,~/Desktop/MBAT-Internship-Project/data_OMV_at/response_AT.2733.8_2025-09-02_11-08-13.json,2025-09-02T01:08:13Z
AT.2733.8,AUT,Griffen,9112,46.70256,14.72846,SUPER 95,1.484,SUPER 95 1.484 EUR,~/Desktop/MBAT-Internship-Project/data_OMV_at/prices_AT.2733.8_2025-09-02_11-08-13.png,~/Desktop/MBAT-Internship-Project/data_OMV_at/response_AT.2733.8_2025-09-02_11-08-13.json,2025-09-02T01:08:13Z
AT.2734.8,AUT,Eisentratten,9861,46.91988,13.57964,DIESEL,1.999,DIESEL 1.999 EUR,~/Desktop/MBAT-Internship-Project/data_OMV_at/prices_AT.2734.8_2025-09-02_11-08-14.png,~/Desktop/MBAT-Internship-Project/data_OMV_at/response_AT.2734.8_2025-09-02_11-08-14.json,2025-09-02T01:08:14Z
AT.2734.8,AUT,Eisentratten,9861,46.91988,13.57964,SUPER 95,1.999,SUPER 95 1.999 EUR,~/Desktop/MBAT-Internship-Project/data_OMV_at/prices_AT.2734.8_2025-09-02_11-08-14.png,~/Desktop/MBAT-Internship-Project/data_OMV_at/response_AT.2734.8_2025-09-02_11-08-14.json,2025-09-02T01:08:14Z
AT.2734.8,AUT,Eisentratten,9861,46.91988,13.57964,MaxxMotion Super 100plus,2.259,MaxxMotion Super 100plus 2.259 EUR,~/Desktop/MBAT-Internship-Project/data_OMV_at/prices_AT.2734.8_2025-09-02_11-08-14.png,~/Desktop/MBAT-Internship-Project/data_OMV_at/response_AT.2734.8_2025-09-02_11-08-14.json,2025-09-02T01:08:14Z
AT.2734.8,AUT,Eisentratten,9861,46.91988,13.57964,MaxxMotion Diesel,2.259,MaxxMotion Diesel 2.259 EUR,~/Desktop/MBAT-Internship-Project/data_OMV_at/prices_AT.2734.8_2025-09-02_11-08-14.png,~/Desktop/MBAT-Internship-Project/data_OMV_at/response_AT.2734.8_2025-09-02_11-08-14.json,2025-09-02T01:08:14Z
AT.3001.8,AUT,Traun,4050,48.2352,14.235900000000001,DIESEL,1.549,DIESEL 1.549 EUR,~/Desktop/MBAT-Internship-Project/data_OMV_at/prices_AT.3001.8_2025-09-02_11-08-15.png,~/Desktop/MBAT-Internship-Project/data_OMV_at/response_AT.3001.8_2025-09-02_11-08-15.json,2025-09-02T01:08:15Z
AT.3001.8,AUT,Traun,4050,48.2352,14.235900000000001,SUPER 95,1.489,SUPER 95 1.489 EUR,~/Desktop/MBAT-Internship-Project/data_OMV_at/prices_AT.3001.8_2025-09-02_11-08-15.png,~/Desktop/MBAT-Internship-Project/data_OMV_at/response_AT.3001.8_2025-09-02_11-08-15.json,2025-09-02T01:08:15Z
AT.3002.8,AUT,Unterweitersdorf,4210,48.3585,14.4779,DIESEL,1.494,DIESEL 1.494 EUR,~/Desktop/MBAT-Internship-Project/data_OMV_at/prices_AT.3002.8_2025-09-02_11-08-15.png,~/Desktop/MBAT-Internship-Project/data_OMV_at/response_AT.3002.8_2025-09-02_11-08-15.json,2025-09-02T01:08:16Z
AT.3002.8,AUT,Unterweitersdorf,4210,48.3585,14.4779,SUPER 95,1.504,SUPER 95 1.504 EUR,~/Desktop/MBAT-Internship-Project/data_OMV_at/prices_AT.3002.8_2025-09-02_11-08-15.png,~/Desktop/MBAT-Internship-Project/data_OMV_at/response_AT.3002.8_2025-09-02_11-08-15.json,2025-09-02T01:08:16Z
AT.3004.8,AUT,Wels,4600,48.1437,13.9715,DIESEL,1.491,DIESEL 1.491 EUR,~/Desktop/MBAT-Internship-Project/data_OMV_at/prices_AT.3004.8_2025-09-02_11-08-16.png,~/Desktop/MBAT-Internship-Project/data_OMV_at/response_AT.3004.8_2025-09-02_11-08-16.json,2025-09-02T01:08:17Z
AT.3004.8,AUT,Wels,4600,48.1437,13.9715,SUPER 95,1.479,SUPER 95 1.479 EUR,~/Desktop/MBAT-Internship-Project/data_OMV_at/prices_AT.3004.8_2025-09-02_11-08-16.png,~/Desktop/MBAT-Internship-Project/data_OMV_at/response_AT.3004.8_2025-09-02_11-08-16.json,2025-09-02T01:08:17Z
AT.3005.8,AUT,Tumeltsham,4910,48.217,13.4957,DIESEL,1.502,DIESEL 1.502 EUR,~/Desktop/MBAT-Internship-Project/data_OMV_at/prices_AT.3005.8_2025-09-02_11-08-17.png,~/Desktop/MBAT-Internship-Project/data_OMV_at/response_AT.3005.8_2025-09-02_11-08-17.json,2025-09-02T01:08:17Z
AT.3005.8,AUT,Tumeltsham,4910,48.217,13.4957,SUPER 95,1.472,SUPER 95 1.472 EUR,~/Desktop/MBAT-Internship-Project/data_OMV_at/prices_AT.3005.8_2025-09-02_11-08-17.png,~/Desktop/MBAT-Internship-Project/data_OMV_at/response_AT.3005.8_2025-09-02_11-08-17.json,2025-09-02T01:08:17Z
AT.3006.8,AUT,Mattighofen,5230,48.1141,13.1514,DIESEL,1.484,DIESEL 1.484 EUR,~/Desktop/MBAT-Internship-Project/data_OMV_at/prices_AT.3006.8_2025-09-02_11-08-18.png,~/Desktop/MBAT-Internship-Project/data_OMV_at/response_AT.3006.8_2025-09-02_11-08-18.json,2025-09-02T01:08:18Z
AT.3006.8,AUT,Mattighofen,5230,48.1141,13.1514,SUPER 95,1.474,SUPER 95 1.474 EUR,~/Desktop/MBAT-Internship-Project/data_OMV_at/prices_AT.3006.8_2025-09-02_11-08-18.png,~/Desktop/MBAT-Internship-Project/data_OMV_at/response_AT.3006.8_2025-09-02_11-08-18.json,2025-09-02T01:08:18Z
AT.3007.8,AUT,Ansfelden,4052,48.2146,14.2773,DIESEL,1.504,DIESEL 1.504 EUR,~/Desktop/MBAT-Internship-Project/data_OMV_at/prices_AT.3007.8_2025-09-02_11-08-19.png,~/Desktop/MBAT-Internship-Project/data_OMV_at/response_AT.3007.8_2025-09-02_11-08-19.json,2025-09-02T01:08:19Z
AT.3007.8,AUT,Ansfelden,4052,48.2146,14.2773,SUPER 95,1.484,SUPER 95 1.484 EUR,~/Desktop/MBAT-Internship-Project/data_OMV_at/prices_AT.3007.8_2025-09-02_11-08-19.png,~/Desktop/MBAT-Internship-Project/data_OMV_at/response_AT.3007.8_2025-09-02_11-08-19.json,2025-09-02T01:08:19Z
AT.3008.8,AUT,Micheldorf,4563,47.8895,14.1281,DIESEL,1.482,DIESEL 1.482 EUR,~/Desktop/MBAT-Internship-Project/data_OMV_at/prices_AT.3008.8_2025-09-02_11-08-19.png,~/Desktop/MBAT-Internship-Project/data_OMV_at/response_AT.3008.8_2025-09-02_11-08-19.json,2025-09-02T01:08:20Z
AT.3008.8,AUT,Micheldorf,4563,47.8895,14.1281,SUPER 95,1.457,SUPER 95 1.457 EUR,~/Desktop/MBAT-Internship-Project/data_OMV_at/prices_AT.3008.8_2025-09-02_11-08-19.png,~/Desktop/MBAT-Internship-Project/data_OMV_at/response_AT.3008.8_2025-09-02_11-08-19.json,2025-09-02T01:08:20Z
AT.3010.8,AUT,Wallern,4702,48.23833,13.95712,DIESEL,1.494,DIESEL 1.494 EUR,~/Desktop/MBAT-Internship-Project/data_OMV_at/prices_AT.3010.8_2025-09-02_11-08-20.png,~/Desktop/MBAT-Internship-Project/data_OMV_at/response_AT.3010.8_2025-09-02_11-08-20.json,2025-09-02T01:08:21Z
AT.3010.8,AUT,Wallern,4702,48.23833,13.95712,SUPER 95,1.487,SUPER 95 1.487 EUR,~/Desktop/MBAT-Internship-Project/data_OMV_at/prices_AT.3010.8_2025-09-02_11-08-20.png,~/Desktop/MBAT-Internship-Project/data_OMV_at/response_AT.3010.8_2025-09-02_11-08-20.json,2025-09-02T01:08:21Z
AT.3011.8,AUT,Vorchdorf,4655,48.0083,13.9195,DIESEL,1.449,DIESEL 1.449 EUR,~/Desktop/MBAT-Internship-Project/data_OMV_at/prices_AT.3011.8_2025-09-02_11-08-21.png,~/Desktop/MBAT-Internship-Project/data_OMV_at/response_AT.3011.8_2025-09-02_11-08-21.json,2025-09-02T01:08:21Z
AT.3011.8,AUT,Vorchdorf,4655,48.0083,13.9195,SUPER 95,1.449,SUPER 95 1.449 EUR,~/Desktop/MBAT-Internship-Project/data_OMV_at/prices_AT.3011.8_2025-09-02_11-08-21.png,~/Desktop/MBAT-Internship-Project/data_OMV_at/response_AT.3011.8_2025-09-02_11-08-21.json,2025-09-02T01:08:21Z
AT.3012.8,AUT,Linz,4020,48.24886,14.29472,DIESEL,1.549,DIESEL 1.549 EUR,~/Desktop/MBAT-Internship-Project/data_OMV_at/prices_AT.3012.8_2025-09-02_11-08-22.png,~/Desktop/MBAT-Internship-Project/data_OMV_at/response_AT.3012.8_2025-09-02_11-08-22.json,2025-09-02T01:08:22Z
AT.3012.8,AUT,Linz,4020,48.24886,14.29472,Premium Power Diesel,1.759,Premium Power Diesel 1.759 EUR,~/Desktop/MBAT-Internship-Project/data_OMV_at/prices_AT.3012.8_2025-09-02_11-08-22.png,~/Desktop/MBAT-Internship-Project/data_OMV_at/response_AT.3012.8_2025-09-02_11-08-22.json,2025-09-02T01:08:22Z
AT.3012.8,AUT,Linz,4020,48.24886,14.29472,SUPER 95,1.483,SUPER 95 1.483 EUR,~/Desktop/MBAT-Internship-Project/data_OMV_at/prices_AT.3012.8_2025-09-02_11-08-22.png,~/Desktop/MBAT-Internship-Project/data_OMV_at/response_AT.3012.8_2025-09-02_11-08-22.json,2025-09-02T01:08:22Z
AT.3026.8,AUT,Leonding,4060,48.2717,14.2681,DIESEL,1.501,DIESEL 1.501 EUR,~/Desktop/MBAT-Internship-Project/data_OMV_at/prices_AT.3026.8_2025-09-02_11-08-23.png,~/Desktop/MBAT-Internship-Project/data_OMV_at/response_AT.3026.8_2025-09-02_11-08-23.json,2025-09-02T01:08:23Z
AT.3026.8,AUT,Leonding,4060,48.2717,14.2681,SUPER 95,1.484,SUPER 95 1.484 EUR,~/Desktop/MBAT-Internship-Project/data_OMV_at/prices_AT.3026.8_2025-09-02_11-08-23.png,~/Desktop/MBAT-Internship-Project/data_OMV_at/response_AT.3026.8_2025-09-02_11-08-23.json,2025-09-02T01:08:23Z
AT.3027.8,AUT,Braunau,5280,48.2447,13.0487,DIESEL,1.474,DIESEL 1.474 EUR,~/Desktop/MBAT-Internship-Project/data_OMV_at/prices_AT.3027.8_2025-09-02_11-08-23.png,~/Desktop/MBAT-Internship-Project/data_OMV_at/response_AT.3027.8_2025-09-02_11-08-23.json,2025-09-02T01:08:24Z
AT.3027.8,AUT,Braunau,5280,48.2447,13.0487,SUPER 95,1.469,SUPER 95 1.469 EUR,~/Desktop/MBAT-Internship-Project/data_OMV_at/prices_AT.3027.8_2025-09-02_11-08-23.png,~/Desktop/MBAT-Internship-Project/data_OMV_at/response_AT.3027.8_2025-09-02_11-08-23.json,2025-09-02T01:08:24Z
AT.3028.8,AUT,Enns,4470,48.2162,14.458,DIESEL,1.454,DIESEL 1.454 EUR,~/Desktop/MBAT-Internship-Project/data_OMV_at/prices_AT.3028.8_2025-09-02_11-08-24.png,~/Desktop/MBAT-Internship-Project/data_OMV_at/response_AT.3028.8_2025-09-02_11-08-24.json,2025-09-02T01:08:25Z
AT.3028.8,AUT,Enns,4470,48.2162,14.458,SUPER 95,1.444,SUPER 95 1.444 EUR,~/Desktop/MBAT-Internship-Project/data_OMV_at/prices_AT.3028.8_2025-09-02_11-08-24.png,~/Desktop/MBAT-Internship-Project/data_OMV_at/response_AT.3028.8_2025-09-02_11-08-24.json,2025-09-02T01:08:25Z
AT.3029.8,AUT,Regau,4844,47.9824,13.6989,DIESEL,1.459,DIESEL 1.459 EUR,~/Desktop/MBAT-Internship-Project/data_OMV_at/prices_AT.3029.8_2025-09-02_11-08-25.png,~/Desktop/MBAT-Internship-Project/data_OMV_at/response_AT.3029.8_2025-09-02_11-08-25.json,2025-09-02T01:08:26Z
AT.3029.8,AUT,Regau,4844,47.9824,13.6989,SUPER 95,1.459,SUPER 95 1.459 EUR,~/Desktop/MBAT-Internship-Project/data_OMV_at/prices_AT.3029.8_2025-09-02_11-08-25.png,~/Desktop/MBAT-Internship-Project/data_OMV_at/response_AT.3029.8_2025-09-02_11-08-25.json,2025-09-02T01:08:26Z
AT.3030.8,AUT,Ried im Innkreis,4910,48.2072,13.4651,DIESEL,1.502,DIESEL 1.502 EUR,~/Desktop/MBAT-Internship-Project/data_OMV_at/prices_AT.3030.8_2025-09-02_11-08-26.png,~/Desktop/MBAT-Internship-Project/data_OMV_at/response_AT.3030.8_2025-09-02_11-08-26.json,2025-09-02T01:08:26Z
AT.3030.8,AUT,Ried im Innkreis,4910,48.2072,13.4651,SUPER 95,1.472,SUPER 95 1.472 EUR,~/Desktop/MBAT-Internship-Project/data_OMV_at/prices_AT.3030.8_2025-09-02_11-08-26.png,~/Desktop/MBAT-Internship-Project/data_OMV_at/response_AT.3030.8_2025-09-02_11-08-26.json,2025-09-02T01:08:26Z
AT.3031.8,AUT,Mondsee,5310,47.869,13.3247,DIESEL,1.501,DIESEL 1.501 EUR,~/Desktop/MBAT-Internship-Project/data_OMV_at/prices_AT.3031.8_2025-09-02_11-08-27.png,~/Desktop/MBAT-Internship-Project/data_OMV_at/response_AT.3031.8_2025-09-02_11-08-27.json,2025-09-02T01:08:27Z
AT.3031.8,AUT,Mondsee,5310,47.869,13.3247,SUPER 95,1.493,SUPER 95 1.493 EUR,~/Desktop/MBAT-Internship-Project/data_OMV_at/prices_AT.3031.8_2025-09-02_11-08-27.png,~/Desktop/MBAT-Internship-Project/data_OMV_at/response_AT.3031.8_2025-09-02_11-08-27.json,2025-09-02T01:08:27Z
AT.3033.8,AUT,Timelkam,4850,47.9978,13.6211,DIESEL,1.459,DIESEL 1.459 EUR,~/Desktop/MBAT-Internship-Project/data_OMV_at/prices_AT.3033.8_2025-09-02_11-08-28.png,~/Desktop/MBAT-Internship-Project/data_OMV_at/response_AT.3033.8_2025-09-02_11-08-28.json,2025-09-02T01:08:28Z
AT.3033.8,AUT,Timelkam,4850,47.9978,13.6211,SUPER 95,1.459,SUPER 95 1.459 EUR,~/Desktop/MBAT-Internship-Project/data_OMV_at/prices_AT.3033.8_2025-09-02_11-08-28.png,~/Desktop/MBAT-Internship-Project/data_OMV_at/response_AT.3033.8_2025-09-02_11-08-28.json,2025-09-02T01:08:28Z
AT.3034.8,AUT,Mauthausen,4310,48.2401,14.5312,DIESEL,1.449,DIESEL 1.449 EUR,~/Desktop/MBAT-Internship-Project/data_OMV_at/prices_AT.3034.8_2025-09-02_11-08-28.png,~/Desktop/MBAT-Internship-Project/data_OMV_at/response_AT.3034.8_2025-09-02_11-08-28.json,2025-09-02T01:08:29Z
AT.3034.8,AUT,Mauthausen,4310,48.2401,14.5312,SUPER 95,1.439,SUPER 95 1.439 EUR,~/Desktop/MBAT-Internship-Project/data_OMV_at/prices_AT.3034.8_2025-09-02_11-08-28.png,~/Desktop/MBAT-Internship-Project/data_OMV_at/response_AT.3034.8_2025-09-02_11-08-28.json,2025-09-02T01:08:29Z
AT.3035.8,AUT,St. Florian,4490,48.2274,14.3937,DIESEL,1.454,DIESEL 1.454 EUR,~/Desktop/MBAT-Internship-Project/data_OMV_at/prices_AT.3035.8_2025-09-02_11-08-29.png,~/Desktop/MBAT-Internship-Project/data_OMV_at/response_AT.3035.8_2025-09-02_11-08-29.json,2025-09-02T01:08:30Z
AT.3035.8,AUT,St. Florian,4490,48.2274,14.3937,SUPER 95,1.444,SUPER 95 1.444 EUR,~/Desktop/MBAT-Internship-Project/data_OMV_at/prices_AT.3035.8_2025-09-02_11-08-29.png,~/Desktop/MBAT-Internship-Project/data_OMV_at/response_AT.3035.8_2025-09-02_11-08-29.json,2025-09-02T01:08:30Z
AT.3036.8,AUT,Spittal an der Drau,9800,46.78724,13.51782,DIESEL,1.481,DIESEL 1.481 EUR,~/Desktop/MBAT-Internship-Project/data_OMV_at/prices_AT.3036.8_2025-09-02_11-08-30.png,~/Desktop/MBAT-Internship-Project/data_OMV_at/response_AT.3036.8_2025-09-02_11-08-30.json,2025-09-02T01:08:30Z
AT.3036.8,AUT,Spittal an der Drau,9800,46.78724,13.51782,SUPER 95,1.474,SUPER 95 1.474 EUR,~/Desktop/MBAT-Internship-Project/data_OMV_at/prices_AT.3036.8_2025-09-02_11-08-30.png,~/Desktop/MBAT-Internship-Project/data_OMV_at/response_AT.3036.8_2025-09-02_11-08-30.json,2025-09-02T01:08:30Z
AT.3037.8,AUT,Altenfelden i. Mkr.,4121,48.4971,13.96922,DIESEL,1.564,DIESEL 1.564 EUR,~/Desktop/MBAT-Internship-Project/data_OMV_at/prices_AT.3037.8_2025-09-02_11-08-31.png,~/Desktop/MBAT-Internship-Project/data_OMV_at/response_AT.3037.8_2025-09-02_11-08-31.json,2025-09-02T01:08:31Z
AT.3037.8,AUT,Altenfelden i. Mkr.,4121,48.4971,13.96922,SUPER 95,1.529,SUPER 95 1.529 EUR,~/Desktop/MBAT-Internship-Project/data_OMV_at/prices_AT.3037.8_2025-09-02_11-08-31.png,~/Desktop/MBAT-Internship-Project/data_OMV_at/response_AT.3037.8_2025-09-02_11-08-31.json,2025-09-02T01:08:31Z
AT.3038.8,AUT,Redlham,4846,48.04685,13.75945,DIESEL,1.468,DIESEL 1.468 EUR,~/Desktop/MBAT-Internship-Project/data_OMV_at/prices_AT.3038.8_2025-09-02_11-08-32.png,~/Desktop/MBAT-Internship-Project/data_OMV_at/response_AT.3038.8_2025-09-02_11-08-32.json,2025-09-02T01:08:32Z
AT.3038.8,AUT,Redlham,4846,48.04685,13.75945,SUPER 95,1.468,SUPER 95 1.468 EUR,~/Desktop/MBAT-Internship-Project/data_OMV_at/prices_AT.3038.8_2025-09-02_11-08-32.png,~/Desktop/MBAT-Internship-Project/data_OMV_at/response_AT.3038.8_2025-09-02_11-08-32.json,2025-09-02T01:08:32Z
AT.3040.8,AUT,Eggelsberg,5142,48.073152,12.990594,DIESEL,1.508,DIESEL 1.508 EUR,~/Desktop/MBAT-Internship-Project/data_OMV_at/prices_AT.3040.8_2025-09-02_11-08-32.png,~/Desktop/MBAT-Internship-Project/data_OMV_at/response_AT.3040.8_2025-09-02_11-08-32.json,2025-09-02T01:08:33Z
AT.3040.8,AUT,Eggelsberg,5142,48.073152,12.990594,Diesel Plus,1.719,Diesel Plus 1.719 EUR,~/Desktop/MBAT-Internship-Project/data_OMV_at/prices_AT.3040.8_2025-09-02_11-08-32.png,~/Desktop/MBAT-Internship-Project/data_OMV_at/response_AT.3040.8_2025-09-02_11-08-32.json,2025-09-02T01:08:33Z
AT.3040.8,AUT,Eggelsberg,5142,48.073152,12.990594,SUPER 95,1.508,SUPER 95 1.508 EUR,~/Desktop/MBAT-Internship-Project/data_OMV_at/prices_AT.3040.8_2025-09-02_11-08-32.png,~/Desktop/MBAT-Internship-Project/data_OMV_at/response_AT.3040.8_2025-09-02_11-08-32.json,2025-09-02T01:08:33Z
AT.3102.8,AUT,Wels,4600,48.183554,14.025008,DIESEL,1.491,DIESEL 1.491 EUR,~/Desktop/MBAT-Internship-Project/data_OMV_at/prices_AT.3102.8_2025-09-02_11-08-34.png,~/Desktop/MBAT-Internship-Project/data_OMV_at/response_AT.3102.8_2025-09-02_11-08-34.json,2025-09-02T01:08:35Z
AT.3102.8,AUT,Wels,4600,48.183554,14.025008,SUPER 95,1.479,SUPER 95 1.479 EUR,~/Desktop/MBAT-Internship-Project/data_OMV_at/prices_AT.3102.8_2025-09-02_11-08-34.png,~/Desktop/MBAT-Internship-Project/data_OMV_at/response_AT.3102.8_2025-09-02_11-08-34.json,2025-09-02T01:08:35Z
AT.3110.8,AUT,Steyr,4400,48.04345,14.38747,DIESEL,1.463,DIESEL 1.463 EUR,~/Desktop/MBAT-Internship-Project/data_OMV_at/prices_AT.3110.8_2025-09-02_11-08-35.png,~/Desktop/MBAT-Internship-Project/data_OMV_at/response_AT.3110.8_2025-09-02_11-08-35.json,2025-09-02T01:08:35Z
AT.3110.8,AUT,Steyr,4400,48.04345,14.38747,SUPER 95,1.448,SUPER 95 1.448 EUR,~/Desktop/MBAT-Internship-Project/data_OMV_at/prices_AT.3110.8_2025-09-02_11-08-35.png,~/Desktop/MBAT-Internship-Project/data_OMV_at/response_AT.3110.8_2025-09-02_11-08-35.json,2025-09-02T01:08:35Z
AT.3333.8,AUT,Ort im Innkreis,4974,48.31724,13.42524,DIESEL,1.456,DIESEL 1.456 EUR,~/Desktop/MBAT-Internship-Project/data_OMV_at/prices_AT.3333.8_2025-09-02_11-08-36.png,~/Desktop/MBAT-Internship-Project/data_OMV_at/response_AT.3333.8_2025-09-02_11-08-36.json,2025-09-02T01:08:36Z
AT.3333.8,AUT,Ort im Innkreis,4974,48.31724,13.42524,Premium Power Diesel,1.669,Premium Power Diesel 1.669 EUR,~/Desktop/MBAT-Internship-Project/data_OMV_at/prices_AT.3333.8_2025-09-02_11-08-36.png,~/Desktop/MBAT-Internship-Project/data_OMV_at/response_AT.3333.8_2025-09-02_11-08-36.json,2025-09-02T01:08:36Z
AT.3333.8,AUT,Ort im Innkreis,4974,48.31724,13.42524,SUPER 95,1.484,SUPER 95 1.484 EUR,~/Desktop/MBAT-Internship-Project/data_OMV_at/prices_AT.3333.8_2025-09-02_11-08-36.png,~/Desktop/MBAT-Internship-Project/data_OMV_at/response_AT.3333.8_2025-09-02_11-08-36.json,2025-09-02T01:08:36Z
AT.3504.8,AUT,Zwettl,4180,48.46445,14.27161,DIESEL,1.474,DIESEL 1.474 EUR,~/Desktop/MBAT-Internship-Project/data_OMV_at/prices_AT.3504.8_2025-09-02_11-08-37.png,~/Desktop/MBAT-Internship-Project/data_OMV_at/response_AT.3504.8_2025-09-02_11-08-37.json,2025-09-02T01:08:37Z
AT.3504.8,AUT,Zwettl,4180,48.46445,14.27161,SUPER 95,1.494,SUPER 95 1.494 EUR,~/Desktop/MBAT-Internship-Project/data_OMV_at/prices_AT.3504.8_2025-09-02_11-08-37.png,~/Desktop/MBAT-Internship-Project/data_OMV_at/response_AT.3504.8_2025-09-02_11-08-37.json,2025-09-02T01:08:37Z
AT.3505.8,AUT,Leonding,4060,48.27299,14.25294,DIESEL,1.5,DIESEL 1.500 EUR,~/Desktop/MBAT-Internship-Project/data_OMV_at/prices_AT.3505.8_2025-09-02_11-08-37.png,~/Desktop/MBAT-Internship-Project/data_OMV_at/response_AT.3505.8_2025-09-02_11-08-37.json,2025-09-02T01:08:38Z
AT.3505.8,AUT,Leonding,4060,48.27299,14.25294,SUPER 95,1.483,SUPER 95 1.483 EUR,~/Desktop/MBAT-Internship-Project/data_OMV_at/prices_AT.3505.8_2025-09-02_11-08-37.png,~/Desktop/MBAT-Internship-Project/data_OMV_at/response_AT.3505.8_2025-09-02_11-08-37.json,2025-09-02T01:08:38Z
AT.3506.8,AUT,Rohr im Kremstal,4532,48.0631,14.19462,DIESEL,1.454,DIESEL 1.454 EUR,~/Desktop/MBAT-Internship-Project/data_OMV_at/prices_AT.3506.8_2025-09-02_11-08-38.png,~/Desktop/MBAT-Internship-Project/data_OMV_at/response_AT.3506.8_2025-09-02_11-08-38.json,2025-09-02T01:08:39Z
AT.3506.8,AUT,Rohr im Kremstal,4532,48.0631,14.19462,SUPER 95,1.441,SUPER 95 1.441 EUR,~/Desktop/MBAT-Internship-Project/data_OMV_at/prices_AT.3506.8_2025-09-02_11-08-38.png,~/Desktop/MBAT-Internship-Project/data_OMV_at/response_AT.3506.8_2025-09-02_11-08-38.json,2025-09-02T01:08:39Z
AT.3513.8,AUT,Sankt Florian/Inn,4780,48.43865,13.44392,DIESEL,1.47,DIESEL 1.470 EUR,~/Desktop/MBAT-Internship-Project/data_OMV_at/prices_AT.3513.8_2025-09-02_11-08-39.png,~/Desktop/MBAT-Internship-Project/data_OMV_at/response_AT.3513.8_2025-09-02_11-08-39.json,2025-09-02T01:08:39Z
AT.3513.8,AUT,Sankt Florian/Inn,4780,48.43865,13.44392,SUPER 95,1.49,SUPER 95 1.490 EUR,~/Desktop/MBAT-Internship-Project/data_OMV_at/prices_AT.3513.8_2025-09-02_11-08-39.png,~/Desktop/MBAT-Internship-Project/data_OMV_at/response_AT.3513.8_2025-09-02_11-08-39.json,2025-09-02T01:08:39Z
AT.3516.8,AUT,Ottnang a. H.,4901,48.09666,13.66729,DIESEL,1.534,DIESEL 1.534 EUR,~/Desktop/MBAT-Internship-Project/data_OMV_at/prices_AT.3516.8_2025-09-02_11-08-40.png,~/Desktop/MBAT-Internship-Project/data_OMV_at/response_AT.3516.8_2025-09-02_11-08-40.json,2025-09-02T01:08:40Z
AT.3516.8,AUT,Ottnang a. H.,4901,48.09666,13.66729,SUPER 95,1.513,SUPER 95 1.513 EUR,~/Desktop/MBAT-Internship-Project/data_OMV_at/prices_AT.3516.8_2025-09-02_11-08-40.png,~/Desktop/MBAT-Internship-Project/data_OMV_at/response_AT.3516.8_2025-09-02_11-08-40.json,2025-09-02T01:08:40Z
AT.3516.8,AUT,Ottnang a. H.,4901,48.09666,13.66729,MaxxMotion Super 100plus,1.779,MaxxMotion Super 100plus 1.779 EUR,~/Desktop/MBAT-Internship-Project/data_OMV_at/prices_AT.3516.8_2025-09-02_11-08-40.png,~/Desktop/MBAT-Internship-Project/data_OMV_at/response_AT.3516.8_2025-09-02_11-08-40.json,2025-09-02T01:08:40Z
AT.3523.8,AUT,Grieskirchen,4710,48.2327,13.82238,DIESEL,1.514,DIESEL 1.514 EUR,~/Desktop/MBAT-Internship-Project/data_OMV_at/prices_AT.3523.8_2025-09-02_11-08-41.png,~/Desktop/MBAT-Internship-Project/data_OMV_at/response_AT.3523.8_2025-09-02_11-08-41.json,2025-09-02T01:08:41Z
AT.3523.8,AUT,Grieskirchen,4710,48.2327,13.82238,SUPER 95,1.508,SUPER 95 1.508 EUR,~/Desktop/MBAT-Internship-Project/data_OMV_at/prices_AT.3523.8_2025-09-02_11-08-41.png,~/Desktop/MBAT-Internship-Project/data_OMV_at/response_AT.3523.8_2025-09-02_11-08-41.json,2025-09-02T01:08:41Z
AT.3523.8,AUT,Grieskirchen,4710,48.2327,13.82238,MaxxMotion Super 100plus,1.769,MaxxMotion Super 100plus 1.769 EUR,~/Desktop/MBAT-Internship-Project/data_OMV_at/prices_AT.3523.8_2025-09-02_11-08-41.png,~/Desktop/MBAT-Internship-Project/data_OMV_at/response_AT.3523.8_2025-09-02_11-08-41.json,2025-09-02T01:08:41Z
AT.3523.8,AUT,Grieskirchen,4710,48.2327,13.82238,MaxxMotion Diesel,1.779,MaxxMotion Diesel 1.779 EUR,~/Desktop/MBAT-Internship-Project/data_OMV_at/prices_AT.3523.8_2025-09-02_11-08-41.png,~/Desktop/MBAT-Internship-Project/data_OMV_at/response_AT.3523.8_2025-09-02_11-08-41.json,2025-09-02T01:08:41Z
AT.3525.8,AUT,Gmunden,4810,47.92428,13.78782,DIESEL,1.514,DIESEL 1.514 EUR,~/Desktop/MBAT-Internship-Project/data_OMV_at/prices_AT.3525.8_2025-09-02_11-08-41.png,~/Desktop/MBAT-Internship-Project/data_OMV_at/response_AT.3525.8_2025-09-02_11-08-41.json,2025-09-02T01:08:42Z
AT.3525.8,AUT,Gmunden,4810,47.92428,13.78782,SUPER 95,1.509,SUPER 95 1.509 EUR,~/Desktop/MBAT-Internship-Project/data_OMV_at/prices_AT.3525.8_2025-09-02_11-08-41.png,~/Desktop/MBAT-Internship-Project/data_OMV_at/response_AT.3525.8_2025-09-02_11-08-41.json,2025-09-02T01:08:42Z
AT.3525.8,AUT,Gmunden,4810,47.92428,13.78782,MaxxMotion Super 100plus,1.769,MaxxMotion Super 100plus 1.769 EUR,~/Desktop/MBAT-Internship-Project/data_OMV_at/prices_AT.3525.8_2025-09-02_11-08-41.png,~/Desktop/MBAT-Internship-Project/data_OMV_at/response_AT.3525.8_2025-09-02_11-08-41.json,2025-09-02T01:08:42Z
AT.3525.8,AUT,Gmunden,4810,47.92428,13.78782,MaxxMotion Diesel,1.779,MaxxMotion Diesel 1.779 EUR,~/Desktop/MBAT-Internship-Project/data_OMV_at/prices_AT.3525.8_2025-09-02_11-08-41.png,~/Desktop/MBAT-Internship-Project/data_OMV_at/response_AT.3525.8_2025-09-02_11-08-41.json,2025-09-02T01:08:42Z
AT.3535.8,AUT,Haslach an der Mühl,4170,48.57546,14.05164,SUPER 95,1.518,SUPER 95 1.518 EUR,~/Desktop/MBAT-Internship-Project/data_OMV_at/prices_AT.3535.8_2025-09-02_11-08-42.png,~/Desktop/MBAT-Internship-Project/data_OMV_at/response_AT.3535.8_2025-09-02_11-08-42.json,2025-09-02T01:08:43Z
AT.3535.8,AUT,Haslach an der Mühl,4170,48.57546,14.05164,MaxxMotion Super 100plus,1.779,MaxxMotion Super 100plus 1.779 EUR,~/Desktop/MBAT-Internship-Project/data_OMV_at/prices_AT.3535.8_2025-09-02_11-08-42.png,~/Desktop/MBAT-Internship-Project/data_OMV_at/response_AT.3535.8_2025-09-02_11-08-42.json,2025-09-02T01:08:43Z
AT.3535.8,AUT,Haslach an der Mühl,4170,48.57546,14.05164,MaxxMotion Diesel,1.789,MaxxMotion Diesel 1.789 EUR,~/Desktop/MBAT-Internship-Project/data_OMV_at/prices_AT.3535.8_2025-09-02_11-08-42.png,~/Desktop/MBAT-Internship-Project/data_OMV_at/response_AT.3535.8_2025-09-02_11-08-42.json,2025-09-02T01:08:43Z
AT.3537.8,AUT,Losenstein,4460,47.92933,14.41353,DIESEL,1.473,DIESEL 1.473 EUR,~/Desktop/MBAT-Internship-Project/data_OMV_at/prices_AT.3537.8_2025-09-02_11-08-43.png,~/Desktop/MBAT-Internship-Project/data_OMV_at/response_AT.3537.8_2025-09-02_11-08-43.json,2025-09-02T01:08:44Z
AT.3537.8,AUT,Losenstein,4460,47.92933,14.41353,Premium Power Diesel,1.689,Premium Power Diesel 1.689 EUR,~/Desktop/MBAT-Internship-Project/data_OMV_at/prices_AT.3537.8_2025-09-02_11-08-43.png,~/Desktop/MBAT-Internship-Project/data_OMV_at/response_AT.3537.8_2025-09-02_11-08-43.json,2025-09-02T01:08:44Z
AT.3537.8,AUT,Losenstein,4460,47.92933,14.41353,SUPER 95,1.458,SUPER 95 1.458 EUR,~/Desktop/MBAT-Internship-Project/data_OMV_at/prices_AT.3537.8_2025-09-02_11-08-43.png,~/Desktop/MBAT-Internship-Project/data_OMV_at/response_AT.3537.8_2025-09-02_11-08-43.json,2025-09-02T01:08:44Z
AT.3540.8,AUT,Linz,4020,48.28312,14.28828,DIESEL,1.5,DIESEL 1.500 EUR,~/Desktop/MBAT-Internship-Project/data_OMV_at/prices_AT.3540.8_2025-09-02_11-08-44.png,~/Desktop/MBAT-Internship-Project/data_OMV_at/response_AT.3540.8_2025-09-02_11-08-44.json,2025-09-02T01:08:44Z
AT.3540.8,AUT,Linz,4020,48.28312,14.28828,SUPER 95,1.483,SUPER 95 1.483 EUR,~/Desktop/MBAT-Internship-Project/data_OMV_at/prices_AT.3540.8_2025-09-02_11-08-44.png,~/Desktop/MBAT-Internship-Project/data_OMV_at/response_AT.3540.8_2025-09-02_11-08-44.json,2025-09-02T01:08:44Z
AT.3542.8,AUT,Unterweissenbach,4273,48.43733,14.78153,DIESEL,1.494,DIESEL 1.494 EUR,~/Desktop/MBAT-Internship-Project/data_OMV_at/prices_AT.3542.8_2025-09-02_11-08-45.png,~/Desktop/MBAT-Internship-Project/data_OMV_at/response_AT.3542.8_2025-09-02_11-08-45.json,2025-09-02T01:08:45Z
AT.3542.8,AUT,Unterweissenbach,4273,48.43733,14.78153,SUPER 95,1.509,SUPER 95 1.509 EUR,~/Desktop/MBAT-Internship-Project/data_OMV_at/prices_AT.3542.8_2025-09-02_11-08-45.png,~/Desktop/MBAT-Internship-Project/data_OMV_at/response_AT.3542.8_2025-09-02_11-08-45.json,2025-09-02T01:08:45Z
AT.3542.8,AUT,Unterweissenbach,4273,48.43733,14.78153,MaxxMotion Super 100plus,1.769,MaxxMotion Super 100plus 1.769 EUR,~/Desktop/MBAT-Internship-Project/data_OMV_at/prices_AT.3542.8_2025-09-02_11-08-45.png,~/Desktop/MBAT-Internship-Project/data_OMV_at/response_AT.3542.8_2025-09-02_11-08-45.json,2025-09-02T01:08:45Z
AT.3542.8,AUT,Unterweissenbach,4273,48.43733,14.78153,MaxxMotion Diesel,1.759,MaxxMotion Diesel 1.759 EUR,~/Desktop/MBAT-Internship-Project/data_OMV_at/prices_AT.3542.8_2025-09-02_11-08-45.png,~/Desktop/MBAT-Internship-Project/data_OMV_at/response_AT.3542.8_2025-09-02_11-08-45.json,2025-09-02T01:08:45Z
AT.3548.8,AUT,Ried im Innkreis,4910,48.21309,13.48535,DIESEL,1.502,DIESEL 1.502 EUR,~/Desktop/MBAT-Internship-Project/data_OMV_at/prices_AT.3548.8_2025-09-02_11-08-46.png,~/Desktop/MBAT-Internship-Project/data_OMV_at/response_AT.3548.8_2025-09-02_11-08-46.json,2025-09-02T01:08:46Z
AT.3548.8,AUT,Ried im Innkreis,4910,48.21309,13.48535,Premium Power Diesel,1.719,Premium Power Diesel 1.719 EUR,~/Desktop/MBAT-Internship-Project/data_OMV_at/prices_AT.3548.8_2025-09-02_11-08-46.png,~/Desktop/MBAT-Internship-Project/data_OMV_at/response_AT.3548.8_2025-09-02_11-08-46.json,2025-09-02T01:08:46Z
AT.3548.8,AUT,Ried im Innkreis,4910,48.21309,13.48535,SUPER 95,1.472,SUPER 95 1.472 EUR,~/Desktop/MBAT-Internship-Project/data_OMV_at/prices_AT.3548.8_2025-09-02_11-08-46.png,~/Desktop/MBAT-Internship-Project/data_OMV_at/response_AT.3548.8_2025-09-02_11-08-46.json,2025-09-02T01:08:46Z
AT.3557.8,AUT,Haid,4053,48.20365,14.24699,DIESEL,1.504,DIESEL 1.504 EUR,~/Desktop/MBAT-Internship-Project/data_OMV_at/prices_AT.3557.8_2025-09-02_11-08-46.png,~/Desktop/MBAT-Internship-Project/data_OMV_at/response_AT.3557.8_2025-09-02_11-08-46.json,2025-09-02T01:08:47Z
AT.3557.8,AUT,Haid,4053,48.20365,14.24699,Diesel Plus,1.719,Diesel Plus 1.719 EUR,~/Desktop/MBAT-Internship-Project/data_OMV_at/prices_AT.3557.8_2025-09-02_11-08-46.png,~/Desktop/MBAT-Internship-Project/data_OMV_at/response_AT.3557.8_2025-09-02_11-08-46.json,2025-09-02T01:08:47Z
AT.3557.8,AUT,Haid,4053,48.20365,14.24699,SUPER 95,1.484,SUPER 95 1.484 EUR,~/Desktop/MBAT-Internship-Project/data_OMV_at/prices_AT.3557.8_2025-09-02_11-08-46.png,~/Desktop/MBAT-Internship-Project/data_OMV_at/response_AT.3557.8_2025-09-02_11-08-46.json,2025-09-02T01:08:47Z
AT.3563.8,AUT,Schwanenstadt,4690,48.05761,13.7804,DIESEL,1.468,DIESEL 1.468 EUR,~/Desktop/MBAT-Internship-Project/data_OMV_at/prices_AT.3563.8_2025-09-02_11-08-47.png,~/Desktop/MBAT-Internship-Project/data_OMV_at/response_AT.3563.8_2025-09-02_11-08-47.json,2025-09-02T01:08:48Z
AT.3563.8,AUT,Schwanenstadt,4690,48.05761,13.7804,SUPER 95,1.468,SUPER 95 1.468 EUR,~/Desktop/MBAT-Internship-Project/data_OMV_at/prices_AT.3563.8_2025-09-02_11-08-47.png,~/Desktop/MBAT-Internship-Project/data_OMV_at/response_AT.3563.8_2025-09-02_11-08-47.json,2025-09-02T01:08:48Z
AT.3566.8,AUT,Linz,4020,48.31554,14.30166,DIESEL,1.526,DIESEL 1.526 EUR,~/Desktop/MBAT-Internship-Project/data_OMV_at/prices_AT.3566.8_2025-09-02_11-08-48.png,~/Desktop/MBAT-Internship-Project/data_OMV_at/response_AT.3566.8_2025-09-02_11-08-48.json,2025-09-02T01:08:49Z
AT.3566.8,AUT,Linz,4020,48.31554,14.30166,SUPER 95,1.509,SUPER 95 1.509 EUR,~/Desktop/MBAT-Internship-Project/data_OMV_at/prices_AT.3566.8_2025-09-02_11-08-48.png,~/Desktop/MBAT-Internship-Project/data_OMV_at/response_AT.3566.8_2025-09-02_11-08-48.json,2025-09-02T01:08:49Z
AT.3566.8,AUT,Linz,4020,48.31554,14.30166,MaxxMotion Super 100plus,1.769,MaxxMotion Super 100plus 1.769 EUR,~/Desktop/MBAT-Internship-Project/data_OMV_at/prices_AT.3566.8_2025-09-02_11-08-48.png,~/Desktop/MBAT-Internship-Project/data_OMV_at/response_AT.3566.8_2025-09-02_11-08-48.json,2025-09-02T01:08:49Z
AT.3566.8,AUT,Linz,4020,48.31554,14.30166,CNG,1.649,CNG 1.649 EUR,~/Desktop/MBAT-Internship-Project/data_OMV_at/prices_AT.3566.8_2025-09-02_11-08-48.png,~/Desktop/MBAT-Internship-Project/data_OMV_at/response_AT.3566.8_2025-09-02_11-08-48.json,2025-09-02T01:08:49Z
AT.3566.8,AUT,Linz,4020,48.31554,14.30166,MaxxMotion Diesel,1.789,MaxxMotion Diesel 1.789 EUR,~/Desktop/MBAT-Internship-Project/data_OMV_at/prices_AT.3566.8_2025-09-02_11-08-48.png,~/Desktop/MBAT-Internship-Project/data_OMV_at/response_AT.3566.8_2025-09-02_11-08-48.json,2025-09-02T01:08:49Z
AT.3569.8,AUT,Walding,4111,48.34793,14.15387,DIESEL,1.527,DIESEL 1.527 EUR,~/Desktop/MBAT-Internship-Project/data_OMV_at/prices_AT.3569.8_2025-09-02_11-08-49.png,~/Desktop/MBAT-Internship-Project/data_OMV_at/response_AT.3569.8_2025-09-02_11-08-49.json,2025-09-02T01:08:49Z
AT.3569.8,AUT,Walding,4111,48.34793,14.15387,SUPER 95,1.509,SUPER 95 1.509 EUR,~/Desktop/MBAT-Internship-Project/data_OMV_at/prices_AT.3569.8_2025-09-02_11-08-49.png,~/Desktop/MBAT-Internship-Project/data_OMV_at/response_AT.3569.8_2025-09-02_11-08-49.json,2025-09-02T01:08:49Z
AT.3569.8,AUT,Walding,4111,48.34793,14.15387,MaxxMotion Super 100plus,1.769,MaxxMotion Super 100plus 1.769 EUR,~/Desktop/MBAT-Internship-Project/data_OMV_at/prices_AT.3569.8_2025-09-02_11-08-49.png,~/Desktop/MBAT-Internship-Project/data_OMV_at/response_AT.3569.8_2025-09-02_11-08-49.json,2025-09-02T01:08:49Z
AT.3569.8,AUT,Walding,4111,48.34793,14.15387,MaxxMotion Diesel,1.789,MaxxMotion Diesel 1.789 EUR,~/Desktop/MBAT-Internship-Project/data_OMV_at/prices_AT.3569.8_2025-09-02_11-08-49.png,~/Desktop/MBAT-Internship-Project/data_OMV_at/response_AT.3569.8_2025-09-02_11-08-49.json,2025-09-02T01:08:49Z
AT.3571.8,AUT,Mondsee,5310,47.85349,13.34419,DIESEL,1.539,DIESEL 1.539 EUR,~/Desktop/MBAT-Internship-Project/data_OMV_at/prices_AT.3571.8_2025-09-02_11-08-50.png,~/Desktop/MBAT-Internship-Project/data_OMV_at/response_AT.3571.8_2025-09-02_11-08-50.json,2025-09-02T01:08:50Z
AT.3571.8,AUT,Mondsee,5310,47.85349,13.34419,SUPER 95,1.529,SUPER 95 1.529 EUR,~/Desktop/MBAT-Internship-Project/data_OMV_at/prices_AT.3571.8_2025-09-02_11-08-50.png,~/Desktop/MBAT-Internship-Project/data_OMV_at/response_AT.3571.8_2025-09-02_11-08-50.json,2025-09-02T01:08:50Z
AT.3571.8,AUT,Mondsee,5310,47.85349,13.34419,MaxxMotion Super 100plus,1.789,MaxxMotion Super 100plus 1.789 EUR,~/Desktop/MBAT-Internship-Project/data_OMV_at/prices_AT.3571.8_2025-09-02_11-08-50.png,~/Desktop/MBAT-Internship-Project/data_OMV_at/response_AT.3571.8_2025-09-02_11-08-50.json,2025-09-02T01:08:50Z
AT.3571.8,AUT,Mondsee,5310,47.85349,13.34419,MaxxMotion Diesel,1.799,MaxxMotion Diesel 1.799 EUR,~/Desktop/MBAT-Internship-Project/data_OMV_at/prices_AT.3571.8_2025-09-02_11-08-50.png,~/Desktop/MBAT-Internship-Project/data_OMV_at/response_AT.3571.8_2025-09-02_11-08-50.json,2025-09-02T01:08:50Z
AT.3573.8,AUT,Gosau,4824,47.57958,13.53156,DIESEL,1.534,DIESEL 1.534 EUR,~/Desktop/MBAT-Internship-Project/data_OMV_at/prices_AT.3573.8_2025-09-02_11-08-51.png,~/Desktop/MBAT-Internship-Project/data_OMV_at/response_AT.3573.8_2025-09-02_11-08-51.json,2025-09-02T01:08:51Z
AT.3573.8,AUT,Gosau,4824,47.57958,13.53156,SUPER 95,1.514,SUPER 95 1.514 EUR,~/Desktop/MBAT-Internship-Project/data_OMV_at/prices_AT.3573.8_2025-09-02_11-08-51.png,~/Desktop/MBAT-Internship-Project/data_OMV_at/response_AT.3573.8_2025-09-02_11-08-51.json,2025-09-02T01:08:51Z
AT.3574.8,AUT,Braunau,5280,48.26028,13.05145,DIESEL,1.474,DIESEL 1.474 EUR,~/Desktop/MBAT-Internship-Project/data_OMV_at/prices_AT.3574.8_2025-09-02_11-08-51.png,~/Desktop/MBAT-Internship-Project/data_OMV_at/response_AT.3574.8_2025-09-02_11-08-51.json,2025-09-02T01:08:52Z
AT.3574.8,AUT,Braunau,5280,48.26028,13.05145,SUPER 95,1.469,SUPER 95 1.469 EUR,~/Desktop/MBAT-Internship-Project/data_OMV_at/prices_AT.3574.8_2025-09-02_11-08-51.png,~/Desktop/MBAT-Internship-Project/data_OMV_at/response_AT.3574.8_2025-09-02_11-08-51.json,2025-09-02T01:08:52Z
AT.3577.8,AUT,Steyr,4400,48.05521,14.44928,DIESEL,1.519,DIESEL 1.519 EUR,~/Desktop/MBAT-Internship-Project/data_OMV_at/prices_AT.3577.8_2025-09-02_11-08-52.png,~/Desktop/MBAT-Internship-Project/data_OMV_at/response_AT.3577.8_2025-09-02_11-08-52.json,2025-09-02T01:08:53Z
AT.3577.8,AUT,Steyr,4400,48.05521,14.44928,SUPER 95,1.499,SUPER 95 1.499 EUR,~/Desktop/MBAT-Internship-Project/data_OMV_at/prices_AT.3577.8_2025-09-02_11-08-52.png,~/Desktop/MBAT-Internship-Project/data_OMV_at/response_AT.3577.8_2025-09-02_11-08-52.json,2025-09-02T01:08:53Z
AT.3577.8,AUT,Steyr,4400,48.05521,14.44928,MaxxMotion Super 100plus,1.759,MaxxMotion Super 100plus 1.759 EUR,~/Desktop/MBAT-Internship-Project/data_OMV_at/prices_AT.3577.8_2025-09-02_11-08-52.png,~/Desktop/MBAT-Internship-Project/data_OMV_at/response_AT.3577.8_2025-09-02_11-08-52.json,2025-09-02T01:08:53Z
AT.3577.8,AUT,Steyr,4400,48.05521,14.44928,MaxxMotion Diesel,1.779,MaxxMotion Diesel 1.779 EUR,~/Desktop/MBAT-Internship-Project/data_OMV_at/prices_AT.3577.8_2025-09-02_11-08-52.png,~/Desktop/MBAT-Internship-Project/data_OMV_at/response_AT.3577.8_2025-09-02_11-08-52.json,2025-09-02T01:08:53Z
AT.3581.8,AUT,Bad Leonfelden,4190,48.51185,14.29526,DIESEL,1.479,DIESEL 1.479 EUR,~/Desktop/MBAT-Internship-Project/data_OMV_at/prices_AT.3581.8_2025-09-02_11-08-53.png,~/Desktop/MBAT-Internship-Project/data_OMV_at/response_AT.3581.8_2025-09-02_11-08-53.json,2025-09-02T01:08:54Z
AT.3581.8,AUT,Bad Leonfelden,4190,48.51185,14.29526,SUPER 95,1.499,SUPER 95 1.499 EUR,~/Desktop/MBAT-Internship-Project/data_OMV_at/prices_AT.3581.8_2025-09-02_11-08-53.png,~/Desktop/MBAT-Internship-Project/data_OMV_at/response_AT.3581.8_2025-09-02_11-08-53.json,2025-09-02T01:08:54Z
AT.3581.8,AUT,Bad Leonfelden,4190,48.51185,14.29526,MaxxMotion Super 100plus,1.759,MaxxMotion Super 100plus 1.759 EUR,~/Desktop/MBAT-Internship-Project/data_OMV_at/prices_AT.3581.8_2025-09-02_11-08-53.png,~/Desktop/MBAT-Internship-Project/data_OMV_at/response_AT.3581.8_2025-09-02_11-08-53.json,2025-09-02T01:08:54Z
AT.3581.8,AUT,Bad Leonfelden,4190,48.51185,14.29526,MaxxMotion Diesel,1.739,MaxxMotion Diesel 1.739 EUR,~/Desktop/MBAT-Internship-Project/data_OMV_at/prices_AT.3581.8_2025-09-02_11-08-53.png,~/Desktop/MBAT-Internship-Project/data_OMV_at/response_AT.3581.8_2025-09-02_11-08-53.json,2025-09-02T01:08:54Z
AT.3582.8,AUT,Altheim,4950,48.25413,13.23644,DIESEL,1.524,DIESEL 1.524 EUR,~/Desktop/MBAT-Internship-Project/data_OMV_at/prices_AT.3582.8_2025-09-02_11-08-54.png,~/Desktop/MBAT-Internship-Project/data_OMV_at/response_AT.3582.8_2025-09-02_11-08-54.json,2025-09-02T01:08:55Z
AT.3582.8,AUT,Altheim,4950,48.25413,13.23644,OMV AdBlue,1.399,OMV AdBlue 1.399 EUR,~/Desktop/MBAT-Internship-Project/data_OMV_at/prices_AT.3582.8_2025-09-02_11-08-54.png,~/Desktop/MBAT-Internship-Project/data_OMV_at/response_AT.3582.8_2025-09-02_11-08-54.json,2025-09-02T01:08:55Z
AT.3582.8,AUT,Altheim,4950,48.25413,13.23644,SUPER 95,1.514,SUPER 95 1.514 EUR,~/Desktop/MBAT-Internship-Project/data_OMV_at/prices_AT.3582.8_2025-09-02_11-08-54.png,~/Desktop/MBAT-Internship-Project/data_OMV_at/response_AT.3582.8_2025-09-02_11-08-54.json,2025-09-02T01:08:55Z
AT.3582.8,AUT,Altheim,4950,48.25413,13.23644,MaxxMotion Super 100plus,1.779,MaxxMotion Super 100plus 1.779 EUR,~/Desktop/MBAT-Internship-Project/data_OMV_at/prices_AT.3582.8_2025-09-02_11-08-54.png,~/Desktop/MBAT-Internship-Project/data_OMV_at/response_AT.3582.8_2025-09-02_11-08-54.json,2025-09-02T01:08:55Z
AT.3582.8,AUT,Altheim,4950,48.25413,13.23644,MaxxMotion Diesel,1.789,MaxxMotion Diesel 1.789 EUR,~/Desktop/MBAT-Internship-Project/data_OMV_at/prices_AT.3582.8_2025-09-02_11-08-54.png,~/Desktop/MBAT-Internship-Project/data_OMV_at/response_AT.3582.8_2025-09-02_11-08-54.json,2025-09-02T01:08:55Z
AT.3583.8,AUT,Braunau,5280,48.24673,13.0403,DIESEL,1.514,DIESEL 1.514 EUR,~/Desktop/MBAT-Internship-Project/data_OMV_at/prices_AT.3583.8_2025-09-02_11-08-55.png,~/Desktop/MBAT-Internship-Project/data_OMV_at/response_AT.3583.8_2025-09-02_11-08-55.json,2025-09-02T01:08:55Z
AT.3583.8,AUT,Braunau,5280,48.24673,13.0403,SUPER 95,1.499,SUPER 95 1.499 EUR,~/Desktop/MBAT-Internship-Project/data_OMV_at/prices_AT.3583.8_2025-09-02_11-08-55.png,~/Desktop/MBAT-Internship-Project/data_OMV_at/response_AT.3583.8_2025-09-02_11-08-55.json,2025-09-02T01:08:55Z
AT.3583.8,AUT,Braunau,5280,48.24673,13.0403,MaxxMotion Super 100plus,1.759,MaxxMotion Super 100plus 1.759 EUR,~/Desktop/MBAT-Internship-Project/data_OMV_at/prices_AT.3583.8_2025-09-02_11-08-55.png,~/Desktop/MBAT-Internship-Project/data_OMV_at/response_AT.3583.8_2025-09-02_11-08-55.json,2025-09-02T01:08:55Z
AT.3583.8,AUT,Braunau,5280,48.24673,13.0403,CNG,1.649,CNG 1.649 EUR,~/Desktop/MBAT-Internship-Project/data_OMV_at/prices_AT.3583.8_2025-09-02_11-08-55.png,~/Desktop/MBAT-Internship-Project/data_OMV_at/response_AT.3583.8_2025-09-02_11-08-55.json,2025-09-02T01:08:55Z
AT.3583.8,AUT,Braunau,5280,48.24673,13.0403,MaxxMotion Diesel,1.779,MaxxMotion Diesel 1.779 EUR,~/Desktop/MBAT-Internship-Project/data_OMV_at/prices_AT.3583.8_2025-09-02_11-08-55.png,~/Desktop/MBAT-Internship-Project/data_OMV_at/response_AT.3583.8_2025-09-02_11-08-55.json,2025-09-02T01:08:55Z
AT.3584.8,AUT,Laakirchen,4663,48.00466,13.85405,DIESEL,1.999,DIESEL 1.999 EUR,~/Desktop/MBAT-Internship-Project/data_OMV_at/prices_AT.3584.8_2025-09-02_11-08-56.png,~/Desktop/MBAT-Internship-Project/data_OMV_at/response_AT.3584.8_2025-09-02_11-08-56.json,2025-09-02T01:08:56Z
AT.3584.8,AUT,Laakirchen,4663,48.00466,13.85405,OMV AdBlue,1.399,OMV AdBlue 1.399 EUR,~/Desktop/MBAT-Internship-Project/data_OMV_at/prices_AT.3584.8_2025-09-02_11-08-56.png,~/Desktop/MBAT-Internship-Project/data_OMV_at/response_AT.3584.8_2025-09-02_11-08-56.json,2025-09-02T01:08:56Z
AT.3584.8,AUT,Laakirchen,4663,48.00466,13.85405,SUPER 95,1.999,SUPER 95 1.999 EUR,~/Desktop/MBAT-Internship-Project/data_OMV_at/prices_AT.3584.8_2025-09-02_11-08-56.png,~/Desktop/MBAT-Internship-Project/data_OMV_at/response_AT.3584.8_2025-09-02_11-08-56.json,2025-09-02T01:08:56Z
AT.3584.8,AUT,Laakirchen,4663,48.00466,13.85405,MaxxMotion Super 100plus,2.259,MaxxMotion Super 100plus 2.259 EUR,~/Desktop/MBAT-Internship-Project/data_OMV_at/prices_AT.3584.8_2025-09-02_11-08-56.png,~/Desktop/MBAT-Internship-Project/data_OMV_at/response_AT.3584.8_2025-09-02_11-08-56.json,2025-09-02T01:08:56Z
AT.3584.8,AUT,Laakirchen,4663,48.00466,13.85405,CNG,1.649,CNG 1.649 EUR,~/Desktop/MBAT-Internship-Project/data_OMV_at/prices_AT.3584.8_2025-09-02_11-08-56.png,~/Desktop/MBAT-Internship-Project/data_OMV_at/response_AT.3584.8_2025-09-02_11-08-56.json,2025-09-02T01:08:56Z
AT.3584.8,AUT,Laakirchen,4663,48.00466,13.85405,MaxxMotion Diesel,2.259,MaxxMotion Diesel 2.259 EUR,~/Desktop/MBAT-Internship-Project/data_OMV_at/prices_AT.3584.8_2025-09-02_11-08-56.png,~/Desktop/MBAT-Internship-Project/data_OMV_at/response_AT.3584.8_2025-09-02_11-08-56.json,2025-09-02T01:08:56Z
AT.3587.8,AUT,Alkoven,4072,48.28792,14.07613,DIESEL,1.484,DIESEL 1.484 EUR,~/Desktop/MBAT-Internship-Project/data_OMV_at/prices_AT.3587.8_2025-09-02_11-08-57.png,~/Desktop/MBAT-Internship-Project/data_OMV_at/response_AT.3587.8_2025-09-02_11-08-57.json,2025-09-02T01:08:57Z
AT.3587.8,AUT,Alkoven,4072,48.28792,14.07613,SUPER 95,1.474,SUPER 95 1.474 EUR,~/Desktop/MBAT-Internship-Project/data_OMV_at/prices_AT.3587.8_2025-09-02_11-08-57.png,~/Desktop/MBAT-Internship-Project/data_OMV_at/response_AT.3587.8_2025-09-02_11-08-57.json,2025-09-02T01:08:57Z
AT.3595.8,AUT,Ansfelden,4052,48.21607,14.27936,DIESEL,1.589,DIESEL 1.589 EUR,~/Desktop/MBAT-Internship-Project/data_OMV_at/prices_AT.3595.8_2025-09-02_11-08-57.png,~/Desktop/MBAT-Internship-Project/data_OMV_at/response_AT.3595.8_2025-09-02_11-08-57.json,2025-09-02T01:08:58Z
AT.3595.8,AUT,Ansfelden,4052,48.21607,14.27936,SUPER 95,1.579,SUPER 95 1.579 EUR,~/Desktop/MBAT-Internship-Project/data_OMV_at/prices_AT.3595.8_2025-09-02_11-08-57.png,~/Desktop/MBAT-Internship-Project/data_OMV_at/response_AT.3595.8_2025-09-02_11-08-57.json,2025-09-02T01:08:58Z
AT.3595.8,AUT,Ansfelden,4052,48.21607,14.27936,MaxxMotion Super 100plus,1.839,MaxxMotion Super 100plus 1.839 EUR,~/Desktop/MBAT-Internship-Project/data_OMV_at/prices_AT.3595.8_2025-09-02_11-08-57.png,~/Desktop/MBAT-Internship-Project/data_OMV_at/response_AT.3595.8_2025-09-02_11-08-57.json,2025-09-02T01:08:58Z
AT.3595.8,AUT,Ansfelden,4052,48.21607,14.27936,MaxxMotion Diesel,1.849,MaxxMotion Diesel 1.849 EUR,~/Desktop/MBAT-Internship-Project/data_OMV_at/prices_AT.3595.8_2025-09-02_11-08-57.png,~/Desktop/MBAT-Internship-Project/data_OMV_at/response_AT.3595.8_2025-09-02_11-08-57.json,2025-09-02T01:08:58Z
AT.3599.8,AUT,Engerwitzdorf,4209,48.3418,14.41327,DIESEL,1.499,DIESEL 1.499 EUR,~/Desktop/MBAT-Internship-Project/data_OMV_at/prices_AT.3599.8_2025-09-02_11-08-58.png,~/Desktop/MBAT-Internship-Project/data_OMV_at/response_AT.3599.8_2025-09-02_11-08-58.json,2025-09-02T01:08:59Z
AT.3599.8,AUT,Engerwitzdorf,4209,48.3418,14.41327,SUPER 95,1.509,SUPER 95 1.509 EUR,~/Desktop/MBAT-Internship-Project/data_OMV_at/prices_AT.3599.8_2025-09-02_11-08-58.png,~/Desktop/MBAT-Internship-Project/data_OMV_at/response_AT.3599.8_2025-09-02_11-08-58.json,2025-09-02T01:08:59Z
AT.3599.8,AUT,Engerwitzdorf,4209,48.3418,14.41327,MaxxMotion Super 100plus,1.769,MaxxMotion Super 100plus 1.769 EUR,~/Desktop/MBAT-Internship-Project/data_OMV_at/prices_AT.3599.8_2025-09-02_11-08-58.png,~/Desktop/MBAT-Internship-Project/data_OMV_at/response_AT.3599.8_2025-09-02_11-08-58.json,2025-09-02T01:08:59Z
AT.3599.8,AUT,Engerwitzdorf,4209,48.3418,14.41327,MaxxMotion Diesel,1.759,MaxxMotion Diesel 1.759 EUR,~/Desktop/MBAT-Internship-Project/data_OMV_at/prices_AT.3599.8_2025-09-02_11-08-58.png,~/Desktop/MBAT-Internship-Project/data_OMV_at/response_AT.3599.8_2025-09-02_11-08-58.json,2025-09-02T01:08:59Z
AT.3606.8,AUT,Mauthausen,4310,48.24347,14.53427,DIESEL,1.449,DIESEL 1.449 EUR,~/Desktop/MBAT-Internship-Project/data_OMV_at/prices_AT.3606.8_2025-09-02_11-08-59.png,~/Desktop/MBAT-Internship-Project/data_OMV_at/response_AT.3606.8_2025-09-02_11-08-59.json,2025-09-02T01:09:00Z
AT.3606.8,AUT,Mauthausen,4310,48.24347,14.53427,SUPER 95,1.439,SUPER 95 1.439 EUR,~/Desktop/MBAT-Internship-Project/data_OMV_at/prices_AT.3606.8_2025-09-02_11-08-59.png,~/Desktop/MBAT-Internship-Project/data_OMV_at/response_AT.3606.8_2025-09-02_11-08-59.json,2025-09-02T01:09:00Z
AT.3714.8,AUT,Attnang-Puchheim,4800,48.00541,13.70937,DIESEL,1.503,DIESEL 1.503 EUR,~/Desktop/MBAT-Internship-Project/data_OMV_at/prices_AT.3714.8_2025-09-02_11-09-00.png,~/Desktop/MBAT-Internship-Project/data_OMV_at/response_AT.3714.8_2025-09-02_11-09-00.json,2025-09-02T01:09:00Z
AT.3714.8,AUT,Attnang-Puchheim,4800,48.00541,13.70937,SUPER 95,1.503,SUPER 95 1.503 EUR,~/Desktop/MBAT-Internship-Project/data_OMV_at/prices_AT.3714.8_2025-09-02_11-09-00.png,~/Desktop/MBAT-Internship-Project/data_OMV_at/response_AT.3714.8_2025-09-02_11-09-00.json,2025-09-02T01:09:00Z
AT.3714.8,AUT,Attnang-Puchheim,4800,48.00541,13.70937,MaxxMotion Super 100plus,1.769,MaxxMotion Super 100plus 1.769 EUR,~/Desktop/MBAT-Internship-Project/data_OMV_at/prices_AT.3714.8_2025-09-02_11-09-00.png,~/Desktop/MBAT-Internship-Project/data_OMV_at/response_AT.3714.8_2025-09-02_11-09-00.json,2025-09-02T01:09:00Z
AT.3714.8,AUT,Attnang-Puchheim,4800,48.00541,13.70937,MaxxMotion Diesel,1.769,MaxxMotion Diesel 1.769 EUR,~/Desktop/MBAT-Internship-Project/data_OMV_at/prices_AT.3714.8_2025-09-02_11-09-00.png,~/Desktop/MBAT-Internship-Project/data_OMV_at/response_AT.3714.8_2025-09-02_11-09-00.json,2025-09-02T01:09:00Z
AT.3717.8,AUT,Linz,4020,48.28592,14.30255,DIESEL,1.579,DIESEL 1.579 EUR,~/Desktop/MBAT-Internship-Project/data_OMV_at/prices_AT.3717.8_2025-09-02_11-09-01.png,~/Desktop/MBAT-Internship-Project/data_OMV_at/response_AT.3717.8_2025-09-02_11-09-01.json,2025-09-02T01:09:01Z
AT.3717.8,AUT,Linz,4020,48.28592,14.30255,SUPER 95,1.559,SUPER 95 1.559 EUR,~/Desktop/MBAT-Internship-Project/data_OMV_at/prices_AT.3717.8_2025-09-02_11-09-01.png,~/Desktop/MBAT-Internship-Project/data_OMV_at/response_AT.3717.8_2025-09-02_11-09-01.json,2025-09-02T01:09:01Z
AT.3717.8,AUT,Linz,4020,48.28592,14.30255,MaxxMotion Super 100plus,1.819,MaxxMotion Super 100plus 1.819 EUR,~/Desktop/MBAT-Internship-Project/data_OMV_at/prices_AT.3717.8_2025-09-02_11-09-01.png,~/Desktop/MBAT-Internship-Project/data_OMV_at/response_AT.3717.8_2025-09-02_11-09-01.json,2025-09-02T01:09:01Z
AT.3738.8,AUT,Ampflwang,4843,48.08075,13.56378,DIESEL,1.478,DIESEL 1.478 EUR,~/Desktop/MBAT-Internship-Project/data_OMV_at/prices_AT.3738.8_2025-09-02_11-09-02.png,~/Desktop/MBAT-Internship-Project/data_OMV_at/response_AT.3738.8_2025-09-02_11-09-02.json,2025-09-02T01:09:02Z
AT.3738.8,AUT,Ampflwang,4843,48.08075,13.56378,Premium Power Diesel,1.689,Premium Power Diesel 1.689 EUR,~/Desktop/MBAT-Internship-Project/data_OMV_at/prices_AT.3738.8_2025-09-02_11-09-02.png,~/Desktop/MBAT-Internship-Project/data_OMV_at/response_AT.3738.8_2025-09-02_11-09-02.json,2025-09-02T01:09:02Z
AT.3738.8,AUT,Ampflwang,4843,48.08075,13.56378,SUPER 95,1.478,SUPER 95 1.478 EUR,~/Desktop/MBAT-Internship-Project/data_OMV_at/prices_AT.3738.8_2025-09-02_11-09-02.png,~/Desktop/MBAT-Internship-Project/data_OMV_at/response_AT.3738.8_2025-09-02_11-09-02.json,2025-09-02T01:09:02Z
AT.3742.8,AUT,Linz-Urfahr,4040,48.32105,14.28817,DIESEL,1.507,DIESEL 1.507 EUR,~/Desktop/MBAT-Internship-Project/data_OMV_at/prices_AT.3742.8_2025-09-02_11-09-02.png,~/Desktop/MBAT-Internship-Project/data_OMV_at/response_AT.3742.8_2025-09-02_11-09-02.json,2025-09-02T01:09:03Z
AT.3742.8,AUT,Linz-Urfahr,4040,48.32105,14.28817,SUPER 95,1.489,SUPER 95 1.489 EUR,~/Desktop/MBAT-Internship-Project/data_OMV_at/prices_AT.3742.8_2025-09-02_11-09-02.png,~/Desktop/MBAT-Internship-Project/data_OMV_at/response_AT.3742.8_2025-09-02_11-09-02.json,2025-09-02T01:09:03Z
AT.3744.8,AUT,Traun/St.Martin,4050,48.23916,14.2622,DIESEL,1.501,DIESEL 1.501 EUR,~/Desktop/MBAT-Internship-Project/data_OMV_at/prices_AT.3744.8_2025-09-02_11-09-03.png,~/Desktop/MBAT-Internship-Project/data_OMV_at/response_AT.3744.8_2025-09-02_11-09-03.json,2025-09-02T01:09:04Z
AT.3744.8,AUT,Traun/St.Martin,4050,48.23916,14.2622,SUPER 95,1.483,SUPER 95 1.483 EUR,~/Desktop/MBAT-Internship-Project/data_OMV_at/prices_AT.3744.8_2025-09-02_11-09-03.png,~/Desktop/MBAT-Internship-Project/data_OMV_at/response_AT.3744.8_2025-09-02_11-09-03.json,2025-09-02T01:09:04Z
AT.3746.8,AUT,Leonding,4060,48.27868,14.2457,DIESEL,1.519,DIESEL 1.519 EUR,~/Desktop/MBAT-Internship-Project/data_OMV_at/prices_AT.3746.8_2025-09-02_11-09-04.png,~/Desktop/MBAT-Internship-Project/data_OMV_at/response_AT.3746.8_2025-09-02_11-09-04.json,2025-09-02T01:09:05Z
AT.3746.8,AUT,Leonding,4060,48.27868,14.2457,SUPER 95,1.499,SUPER 95 1.499 EUR,~/Desktop/MBAT-Internship-Project/data_OMV_at/prices_AT.3746.8_2025-09-02_11-09-04.png,~/Desktop/MBAT-Internship-Project/data_OMV_at/response_AT.3746.8_2025-09-02_11-09-04.json,2025-09-02T01:09:05Z
AT.3746.8,AUT,Leonding,4060,48.27868,14.2457,MaxxMotion Super 100plus,1.759,MaxxMotion Super 100plus 1.759 EUR,~/Desktop/MBAT-Internship-Project/data_OMV_at/prices_AT.3746.8_2025-09-02_11-09-04.png,~/Desktop/MBAT-Internship-Project/data_OMV_at/response_AT.3746.8_2025-09-02_11-09-04.json,2025-09-02T01:09:05Z
AT.3746.8,AUT,Leonding,4060,48.27868,14.2457,MaxxMotion Diesel,1.779,MaxxMotion Diesel 1.779 EUR,~/Desktop/MBAT-Internship-Project/data_OMV_at/prices_AT.3746.8_2025-09-02_11-09-04.png,~/Desktop/MBAT-Internship-Project/data_OMV_at/response_AT.3746.8_2025-09-02_11-09-04.json,2025-09-02T01:09:05Z
AT.3749.8,AUT,Innerschwand am Mondsee,5311,47.83687,13.39455,DIESEL,1.999,DIESEL 1.999 EUR,~/Desktop/MBAT-Internship-Project/data_OMV_at/prices_AT.3749.8_2025-09-02_11-09-05.png,~/Desktop/MBAT-Internship-Project/data_OMV_at/response_AT.3749.8_2025-09-02_11-09-05.json,2025-09-02T01:09:06Z
AT.3749.8,AUT,Innerschwand am Mondsee,5311,47.83687,13.39455,OMV AdBlue,1.399,OMV AdBlue 1.399 EUR,~/Desktop/MBAT-Internship-Project/data_OMV_at/prices_AT.3749.8_2025-09-02_11-09-05.png,~/Desktop/MBAT-Internship-Project/data_OMV_at/response_AT.3749.8_2025-09-02_11-09-05.json,2025-09-02T01:09:06Z
AT.3749.8,AUT,Innerschwand am Mondsee,5311,47.83687,13.39455,SUPER 95,1.999,SUPER 95 1.999 EUR,~/Desktop/MBAT-Internship-Project/data_OMV_at/prices_AT.3749.8_2025-09-02_11-09-05.png,~/Desktop/MBAT-Internship-Project/data_OMV_at/response_AT.3749.8_2025-09-02_11-09-05.json,2025-09-02T01:09:06Z
AT.3749.8,AUT,Innerschwand am Mondsee,5311,47.83687,13.39455,MaxxMotion Super 100plus,2.259,MaxxMotion Super 100plus 2.259 EUR,~/Desktop/MBAT-Internship-Project/data_OMV_at/prices_AT.3749.8_2025-09-02_11-09-05.png,~/Desktop/MBAT-Internship-Project/data_OMV_at/response_AT.3749.8_2025-09-02_11-09-05.json,2025-09-02T01:09:06Z
AT.3749.8,AUT,Innerschwand am Mondsee,5311,47.83687,13.39455,MaxxMotion Diesel,2.259,MaxxMotion Diesel 2.259 EUR,~/Desktop/MBAT-Internship-Project/data_OMV_at/prices_AT.3749.8_2025-09-02_11-09-05.png,~/Desktop/MBAT-Internship-Project/data_OMV_at/response_AT.3749.8_2025-09-02_11-09-05.json,2025-09-02T01:09:06Z
AT.3752.8,AUT,Wels,4600,48.16575,14.0391,DIESEL,1.521,DIESEL 1.521 EUR,~/Desktop/MBAT-Internship-Project/data_OMV_at/prices_AT.3752.8_2025-09-02_11-09-06.png,~/Desktop/MBAT-Internship-Project/data_OMV_at/response_AT.3752.8_2025-09-02_11-09-06.json,2025-09-02T01:09:06Z
AT.3752.8,AUT,Wels,4600,48.16575,14.0391,SUPER 95,1.493,SUPER 95 1.493 EUR,~/Desktop/MBAT-Internship-Project/data_OMV_at/prices_AT.3752.8_2025-09-02_11-09-06.png,~/Desktop/MBAT-Internship-Project/data_OMV_at/response_AT.3752.8_2025-09-02_11-09-06.json,2025-09-02T01:09:06Z
AT.3752.8,AUT,Wels,4600,48.16575,14.0391,MaxxMotion Super 100plus,1.759,MaxxMotion Super 100plus 1.759 EUR,~/Desktop/MBAT-Internship-Project/data_OMV_at/prices_AT.3752.8_2025-09-02_11-09-06.png,~/Desktop/MBAT-Internship-Project/data_OMV_at/response_AT.3752.8_2025-09-02_11-09-06.json,2025-09-02T01:09:06Z
AT.3752.8,AUT,Wels,4600,48.16575,14.0391,MaxxMotion Diesel,1.789,MaxxMotion Diesel 1.789 EUR,~/Desktop/MBAT-Internship-Project/data_OMV_at/prices_AT.3752.8_2025-09-02_11-09-06.png,~/Desktop/MBAT-Internship-Project/data_OMV_at/response_AT.3752.8_2025-09-02_11-09-06.json,2025-09-02T01:09:06Z
AT.3753.8,AUT,Linz,4030,48.26326,14.3232,DIESEL,1.506,DIESEL 1.506 EUR,~/Desktop/MBAT-Internship-Project/data_OMV_at/prices_AT.3753.8_2025-09-02_11-09-07.png,~/Desktop/MBAT-Internship-Project/data_OMV_at/response_AT.3753.8_2025-09-02_11-09-07.json,2025-09-02T01:09:07Z
AT.3753.8,AUT,Linz,4030,48.26326,14.3232,SUPER 95,1.488,SUPER 95 1.488 EUR,~/Desktop/MBAT-Internship-Project/data_OMV_at/prices_AT.3753.8_2025-09-02_11-09-07.png,~/Desktop/MBAT-Internship-Project/data_OMV_at/response_AT.3753.8_2025-09-02_11-09-07.json,2025-09-02T01:09:07Z
AT.3754.8,AUT,Linz,4030,48.25805,14.32992,DIESEL,1.526,DIESEL 1.526 EUR,~/Desktop/MBAT-Internship-Project/data_OMV_at/prices_AT.3754.8_2025-09-02_11-09-08.png,~/Desktop/MBAT-Internship-Project/data_OMV_at/response_AT.3754.8_2025-09-02_11-09-08.json,2025-09-02T01:09:08Z
AT.3754.8,AUT,Linz,4030,48.25805,14.32992,SUPER 95,1.508,SUPER 95 1.508 EUR,~/Desktop/MBAT-Internship-Project/data_OMV_at/prices_AT.3754.8_2025-09-02_11-09-08.png,~/Desktop/MBAT-Internship-Project/data_OMV_at/response_AT.3754.8_2025-09-02_11-09-08.json,2025-09-02T01:09:08Z
AT.3754.8,AUT,Linz,4030,48.25805,14.32992,MaxxMotion Super 100plus,1.769,MaxxMotion Super 100plus 1.769 EUR,~/Desktop/MBAT-Internship-Project/data_OMV_at/prices_AT.3754.8_2025-09-02_11-09-08.png,~/Desktop/MBAT-Internship-Project/data_OMV_at/response_AT.3754.8_2025-09-02_11-09-08.json,2025-09-02T01:09:08Z
AT.3754.8,AUT,Linz,4030,48.25805,14.32992,MaxxMotion Diesel,1.789,MaxxMotion Diesel 1.789 EUR,~/Desktop/MBAT-Internship-Project/data_OMV_at/prices_AT.3754.8_2025-09-02_11-09-08.png,~/Desktop/MBAT-Internship-Project/data_OMV_at/response_AT.3754.8_2025-09-02_11-09-08.json,2025-09-02T01:09:08Z
AT.3909.8,AUT,Neustift im Mühlkreis,4143,48.52955,13.74859,DIESEL,1.539,DIESEL 1.539 EUR,~/Desktop/MBAT-Internship-Project/data_OMV_at/prices_AT.3909.8_2025-09-02_11-09-08.png,~/Desktop/MBAT-Internship-Project/data_OMV_at/response_AT.3909.8_2025-09-02_11-09-08.json,2025-09-02T01:09:09Z
AT.3909.8,AUT,Neustift im Mühlkreis,4143,48.52955,13.74859,SUPER 95,1.509,SUPER 95 1.509 EUR,~/Desktop/MBAT-Internship-Project/data_OMV_at/prices_AT.3909.8_2025-09-02_11-09-08.png,~/Desktop/MBAT-Internship-Project/data_OMV_at/response_AT.3909.8_2025-09-02_11-09-08.json,2025-09-02T01:09:09Z
AT.3909.8,AUT,Neustift im Mühlkreis,4143,48.52955,13.74859,MaxxMotion Super 100plus,1.769,MaxxMotion Super 100plus 1.769 EUR,~/Desktop/MBAT-Internship-Project/data_OMV_at/prices_AT.3909.8_2025-09-02_11-09-08.png,~/Desktop/MBAT-Internship-Project/data_OMV_at/response_AT.3909.8_2025-09-02_11-09-08.json,2025-09-02T01:09:09Z
AT.3950.8,AUT,Ebensee,4802,47.81255,13.77331,DIESEL,1.469,DIESEL 1.469 EUR,~/Desktop/MBAT-Internship-Project/data_OMV_at/prices_AT.3950.8_2025-09-02_11-09-10.png,~/Desktop/MBAT-Internship-Project/data_OMV_at/response_AT.3950.8_2025-09-02_11-09-10.json,2025-09-02T01:09:11Z
AT.3950.8,AUT,Ebensee,4802,47.81255,13.77331,SUPER 95,1.464,SUPER 95 1.464 EUR,~/Desktop/MBAT-Internship-Project/data_OMV_at/prices_AT.3950.8_2025-09-02_11-09-10.png,~/Desktop/MBAT-Internship-Project/data_OMV_at/response_AT.3950.8_2025-09-02_11-09-10.json,2025-09-02T01:09:11Z
AT.3951.8,AUT,Hartkirchen,4081,48.35956,13.99537,DIESEL,1.504,DIESEL 1.504 EUR,~/Desktop/MBAT-Internship-Project/data_OMV_at/prices_AT.3951.8_2025-09-02_11-09-11.png,~/Desktop/MBAT-Internship-Project/data_OMV_at/response_AT.3951.8_2025-09-02_11-09-11.json,2025-09-02T01:09:11Z
AT.3951.8,AUT,Hartkirchen,4081,48.35956,13.99537,Diesel Plus,1.719,Diesel Plus 1.719 EUR,~/Desktop/MBAT-Internship-Project/data_OMV_at/prices_AT.3951.8_2025-09-02_11-09-11.png,~/Desktop/MBAT-Internship-Project/data_OMV_at/response_AT.3951.8_2025-09-02_11-09-11.json,2025-09-02T01:09:11Z
AT.3951.8,AUT,Hartkirchen,4081,48.35956,13.99537,SUPER 95,1.494,SUPER 95 1.494 EUR,~/Desktop/MBAT-Internship-Project/data_OMV_at/prices_AT.3951.8_2025-09-02_11-09-11.png,~/Desktop/MBAT-Internship-Project/data_OMV_at/response_AT.3951.8_2025-09-02_11-09-11.json,2025-09-02T01:09:11Z
AT.3952.8,AUT,Kronstorf,4484,48.14532,14.46511,DIESEL,1.469,DIESEL 1.469 EUR,~/Desktop/MBAT-Internship-Project/data_OMV_at/prices_AT.3952.8_2025-09-02_11-09-12.png,~/Desktop/MBAT-Internship-Project/data_OMV_at/response_AT.3952.8_2025-09-02_11-09-12.json,2025-09-02T01:09:13Z
AT.3952.8,AUT,Kronstorf,4484,48.14532,14.46511,SUPER 95,1.459,SUPER 95 1.459 EUR,~/Desktop/MBAT-Internship-Project/data_OMV_at/prices_AT.3952.8_2025-09-02_11-09-12.png,~/Desktop/MBAT-Internship-Project/data_OMV_at/response_AT.3952.8_2025-09-02_11-09-12.json,2025-09-02T01:09:13Z
AT.3954.8,AUT,Marchtrenk,4614,48.18954,14.09827,DIESEL,1.491,DIESEL 1.491 EUR,~/Desktop/MBAT-Internship-Project/data_OMV_at/prices_AT.3954.8_2025-09-02_11-09-13.png,~/Desktop/MBAT-Internship-Project/data_OMV_at/response_AT.3954.8_2025-09-02_11-09-13.json,2025-09-02T01:09:13Z
AT.3954.8,AUT,Marchtrenk,4614,48.18954,14.09827,SUPER 95,1.479,SUPER 95 1.479 EUR,~/Desktop/MBAT-Internship-Project/data_OMV_at/prices_AT.3954.8_2025-09-02_11-09-13.png,~/Desktop/MBAT-Internship-Project/data_OMV_at/response_AT.3954.8_2025-09-02_11-09-13.json,2025-09-02T01:09:13Z
AT.3956.8,AUT,Rutzenmoos,4845,47.95502,13.73619,DIESEL,1.464,DIESEL 1.464 EUR,~/Desktop/MBAT-Internship-Project/data_OMV_at/prices_AT.3956.8_2025-09-02_11-09-14.png,~/Desktop/MBAT-Internship-Project/data_OMV_at/response_AT.3956.8_2025-09-02_11-09-14.json,2025-09-02T01:09:14Z
AT.3956.8,AUT,Rutzenmoos,4845,47.95502,13.73619,Premium Power Diesel,1.679,Premium Power Diesel 1.679 EUR,~/Desktop/MBAT-Internship-Project/data_OMV_at/prices_AT.3956.8_2025-09-02_11-09-14.png,~/Desktop/MBAT-Internship-Project/data_OMV_at/response_AT.3956.8_2025-09-02_11-09-14.json,2025-09-02T01:09:14Z
AT.3956.8,AUT,Rutzenmoos,4845,47.95502,13.73619,SUPER 95,1.464,SUPER 95 1.464 EUR,~/Desktop/MBAT-Internship-Project/data_OMV_at/prices_AT.3956.8_2025-09-02_11-09-14.png,~/Desktop/MBAT-Internship-Project/data_OMV_at/response_AT.3956.8_2025-09-02_11-09-14.json,2025-09-02T01:09:14Z
AT.3959.8,AUT,Steyr,4400,48.05739,14.42064,DIESEL,1.463,DIESEL 1.463 EUR,~/Desktop/MBAT-Internship-Project/data_OMV_at/prices_AT.3959.8_2025-09-02_11-09-15.png,~/Desktop/MBAT-Internship-Project/data_OMV_at/response_AT.3959.8_2025-09-02_11-09-15.json,2025-09-02T01:09:15Z
AT.3959.8,AUT,Steyr,4400,48.05739,14.42064,SUPER 95,1.448,SUPER 95 1.448 EUR,~/Desktop/MBAT-Internship-Project/data_OMV_at/prices_AT.3959.8_2025-09-02_11-09-15.png,~/Desktop/MBAT-Internship-Project/data_OMV_at/response_AT.3959.8_2025-09-02_11-09-15.json,2025-09-02T01:09:15Z
AT.4006.8,AUT,Strasswalchen,5204,47.96971,13.2461,DIESEL,1.514,DIESEL 1.514 EUR,~/Desktop/MBAT-Internship-Project/data_OMV_at/prices_AT.4006.8_2025-09-02_11-09-15.png,~/Desktop/MBAT-Internship-Project/data_OMV_at/response_AT.4006.8_2025-09-02_11-09-15.json,2025-09-02T01:09:16Z
AT.4006.8,AUT,Strasswalchen,5204,47.96971,13.2461,SUPER 95,1.494,SUPER 95 1.494 EUR,~/Desktop/MBAT-Internship-Project/data_OMV_at/prices_AT.4006.8_2025-09-02_11-09-15.png,~/Desktop/MBAT-Internship-Project/data_OMV_at/response_AT.4006.8_2025-09-02_11-09-15.json,2025-09-02T01:09:16Z
AT.4007.8,AUT,Bergheim,5101,47.83065,13.06571,DIESEL,1.999,DIESEL 1.999 EUR,~/Desktop/MBAT-Internship-Project/data_OMV_at/prices_AT.4007.8_2025-09-02_11-09-16.png,~/Desktop/MBAT-Internship-Project/data_OMV_at/response_AT.4007.8_2025-09-02_11-09-16.json,2025-09-02T01:09:17Z
AT.4007.8,AUT,Bergheim,5101,47.83065,13.06571,OMV AdBlue,1.399,OMV AdBlue 1.399 EUR,~/Desktop/MBAT-Internship-Project/data_OMV_at/prices_AT.4007.8_2025-09-02_11-09-16.png,~/Desktop/MBAT-Internship-Project/data_OMV_at/response_AT.4007.8_2025-09-02_11-09-16.json,2025-09-02T01:09:17Z
AT.4007.8,AUT,Bergheim,5101,47.83065,13.06571,SUPER 95,1.999,SUPER 95 1.999 EUR,~/Desktop/MBAT-Internship-Project/data_OMV_at/prices_AT.4007.8_2025-09-02_11-09-16.png,~/Desktop/MBAT-Internship-Project/data_OMV_at/response_AT.4007.8_2025-09-02_11-09-16.json,2025-09-02T01:09:17Z
AT.4007.8,AUT,Bergheim,5101,47.83065,13.06571,MaxxMotion Super 100plus,2.259,MaxxMotion Super 100plus 2.259 EUR,~/Desktop/MBAT-Internship-Project/data_OMV_at/prices_AT.4007.8_2025-09-02_11-09-16.png,~/Desktop/MBAT-Internship-Project/data_OMV_at/response_AT.4007.8_2025-09-02_11-09-16.json,2025-09-02T01:09:17Z
AT.4007.8,AUT,Bergheim,5101,47.83065,13.06571,MaxxMotion Diesel,2.259,MaxxMotion Diesel 2.259 EUR,~/Desktop/MBAT-Internship-Project/data_OMV_at/prices_AT.4007.8_2025-09-02_11-09-16.png,~/Desktop/MBAT-Internship-Project/data_OMV_at/response_AT.4007.8_2025-09-02_11-09-16.json,2025-09-02T01:09:17Z
AT.4009.8,AUT,Wals,5071,47.7934,12.9844,DIESEL,1.483,DIESEL 1.483 EUR,~/Desktop/MBAT-Internship-Project/data_OMV_at/prices_AT.4009.8_2025-09-02_11-09-17.png,~/Desktop/MBAT-Internship-Project/data_OMV_at/response_AT.4009.8_2025-09-02_11-09-17.json,2025-09-02T01:09:18Z
AT.4009.8,AUT,Wals,5071,47.7934,12.9844,SUPER 95,1.481,SUPER 95 1.481 EUR,~/Desktop/MBAT-Internship-Project/data_OMV_at/prices_AT.4009.8_2025-09-02_11-09-17.png,~/Desktop/MBAT-Internship-Project/data_OMV_at/response_AT.4009.8_2025-09-02_11-09-17.json,2025-09-02T01:09:18Z
AT.4011.8,AUT,Anif,5081,47.7388,13.0506,DIESEL,1.479,DIESEL 1.479 EUR,~/Desktop/MBAT-Internship-Project/data_OMV_at/prices_AT.4011.8_2025-09-02_11-09-18.png,~/Desktop/MBAT-Internship-Project/data_OMV_at/response_AT.4011.8_2025-09-02_11-09-18.json,2025-09-02T01:09:18Z
AT.4011.8,AUT,Anif,5081,47.7388,13.0506,SUPER 95,1.461,SUPER 95 1.461 EUR,~/Desktop/MBAT-Internship-Project/data_OMV_at/prices_AT.4011.8_2025-09-02_11-09-18.png,~/Desktop/MBAT-Internship-Project/data_OMV_at/response_AT.4011.8_2025-09-02_11-09-18.json,2025-09-02T01:09:18Z
AT.4012.8,AUT,St. Johann,5600,47.3572,13.1977,DIESEL,1.489,DIESEL 1.489 EUR,~/Desktop/MBAT-Internship-Project/data_OMV_at/prices_AT.4012.8_2025-09-02_11-09-19.png,~/Desktop/MBAT-Internship-Project/data_OMV_at/response_AT.4012.8_2025-09-02_11-09-19.json,2025-09-02T01:09:19Z
AT.4012.8,AUT,St. Johann,5600,47.3572,13.1977,SUPER 95,1.484,SUPER 95 1.484 EUR,~/Desktop/MBAT-Internship-Project/data_OMV_at/prices_AT.4012.8_2025-09-02_11-09-19.png,~/Desktop/MBAT-Internship-Project/data_OMV_at/response_AT.4012.8_2025-09-02_11-09-19.json,2025-09-02T01:09:19Z
AT.4013.8,AUT,Kuchl,5431,47.6379,13.1379,DIESEL,1.483,DIESEL 1.483 EUR,~/Desktop/MBAT-Internship-Project/data_OMV_at/prices_AT.4013.8_2025-09-02_11-09-20.png,~/Desktop/MBAT-Internship-Project/data_OMV_at/response_AT.4013.8_2025-09-02_11-09-20.json,2025-09-02T01:09:20Z
AT.4013.8,AUT,Kuchl,5431,47.6379,13.1379,SUPER 95,1.468,SUPER 95 1.468 EUR,~/Desktop/MBAT-Internship-Project/data_OMV_at/prices_AT.4013.8_2025-09-02_11-09-20.png,~/Desktop/MBAT-Internship-Project/data_OMV_at/response_AT.4013.8_2025-09-02_11-09-20.json,2025-09-02T01:09:20Z
AT.4014.8,AUT,Hallwang,5300,47.83,13.0822,DIESEL,1.494,DIESEL 1.494 EUR,~/Desktop/MBAT-Internship-Project/data_OMV_at/prices_AT.4014.8_2025-09-02_11-09-20.png,~/Desktop/MBAT-Internship-Project/data_OMV_at/response_AT.4014.8_2025-09-02_11-09-20.json,2025-09-02T01:09:21Z
AT.4014.8,AUT,Hallwang,5300,47.83,13.0822,SUPER 95,1.494,SUPER 95 1.494 EUR,~/Desktop/MBAT-Internship-Project/data_OMV_at/prices_AT.4014.8_2025-09-02_11-09-20.png,~/Desktop/MBAT-Internship-Project/data_OMV_at/response_AT.4014.8_2025-09-02_11-09-20.json,2025-09-02T01:09:21Z
AT.4502.8,AUT,Zell am See,5700,47.29793,12.79454,DIESEL,1.739,DIESEL 1.739 EUR,~/Desktop/MBAT-Internship-Project/data_OMV_at/prices_AT.4502.8_2025-09-02_11-09-21.png,~/Desktop/MBAT-Internship-Project/data_OMV_at/response_AT.4502.8_2025-09-02_11-09-21.json,2025-09-02T01:09:22Z
AT.4502.8,AUT,Zell am See,5700,47.29793,12.79454,OMV AdBlue,1.429,OMV AdBlue 1.429 EUR,~/Desktop/MBAT-Internship-Project/data_OMV_at/prices_AT.4502.8_2025-09-02_11-09-21.png,~/Desktop/MBAT-Internship-Project/data_OMV_at/response_AT.4502.8_2025-09-02_11-09-21.json,2025-09-02T01:09:22Z
AT.4502.8,AUT,Zell am See,5700,47.29793,12.79454,SUPER 95,1.729,SUPER 95 1.729 EUR,~/Desktop/MBAT-Internship-Project/data_OMV_at/prices_AT.4502.8_2025-09-02_11-09-21.png,~/Desktop/MBAT-Internship-Project/data_OMV_at/response_AT.4502.8_2025-09-02_11-09-21.json,2025-09-02T01:09:22Z
AT.4502.8,AUT,Zell am See,5700,47.29793,12.79454,MaxxMotion Super 100plus,1.989,MaxxMotion Super 100plus 1.989 EUR,~/Desktop/MBAT-Internship-Project/data_OMV_at/prices_AT.4502.8_2025-09-02_11-09-21.png,~/Desktop/MBAT-Internship-Project/data_OMV_at/response_AT.4502.8_2025-09-02_11-09-21.json,2025-09-02T01:09:22Z
AT.4502.8,AUT,Zell am See,5700,47.29793,12.79454,MaxxMotion Diesel,1.999,MaxxMotion Diesel 1.999 EUR,~/Desktop/MBAT-Internship-Project/data_OMV_at/prices_AT.4502.8_2025-09-02_11-09-21.png,~/Desktop/MBAT-Internship-Project/data_OMV_at/response_AT.4502.8_2025-09-02_11-09-21.json,2025-09-02T01:09:22Z
AT.4503.8,AUT,Saalfelden,5760,47.42897,12.84275,DIESEL,1.569,DIESEL 1.569 EUR,~/Desktop/MBAT-Internship-Project/data_OMV_at/prices_AT.4503.8_2025-09-02_11-09-22.png,~/Desktop/MBAT-Internship-Project/data_OMV_at/response_AT.4503.8_2025-09-02_11-09-22.json,2025-09-02T01:09:23Z
AT.4503.8,AUT,Saalfelden,5760,47.42897,12.84275,SUPER 95,1.559,SUPER 95 1.559 EUR,~/Desktop/MBAT-Internship-Project/data_OMV_at/prices_AT.4503.8_2025-09-02_11-09-22.png,~/Desktop/MBAT-Internship-Project/data_OMV_at/response_AT.4503.8_2025-09-02_11-09-22.json,2025-09-02T01:09:23Z
AT.4503.8,AUT,Saalfelden,5760,47.42897,12.84275,MaxxMotion Super 100plus,1.819,MaxxMotion Super 100plus 1.819 EUR,~/Desktop/MBAT-Internship-Project/data_OMV_at/prices_AT.4503.8_2025-09-02_11-09-22.png,~/Desktop/MBAT-Internship-Project/data_OMV_at/response_AT.4503.8_2025-09-02_11-09-22.json,2025-09-02T01:09:23Z
AT.4503.8,AUT,Saalfelden,5760,47.42897,12.84275,MaxxMotion Diesel,1.829,MaxxMotion Diesel 1.829 EUR,~/Desktop/MBAT-Internship-Project/data_OMV_at/prices_AT.4503.8_2025-09-02_11-09-22.png,~/Desktop/MBAT-Internship-Project/data_OMV_at/response_AT.4503.8_2025-09-02_11-09-22.json,2025-09-02T01:09:23Z
AT.4504.8,AUT,Schwarzach,5620,47.32019,13.14384,DIESEL,1.524,DIESEL 1.524 EUR,~/Desktop/MBAT-Internship-Project/data_OMV_at/prices_AT.4504.8_2025-09-02_11-09-23.png,~/Desktop/MBAT-Internship-Project/data_OMV_at/response_AT.4504.8_2025-09-02_11-09-23.json,2025-09-02T01:09:23Z
AT.4504.8,AUT,Schwarzach,5620,47.32019,13.14384,OMV AdBlue,1.399,OMV AdBlue 1.399 EUR,~/Desktop/MBAT-Internship-Project/data_OMV_at/prices_AT.4504.8_2025-09-02_11-09-23.png,~/Desktop/MBAT-Internship-Project/data_OMV_at/response_AT.4504.8_2025-09-02_11-09-23.json,2025-09-02T01:09:23Z
AT.4504.8,AUT,Schwarzach,5620,47.32019,13.14384,SUPER 95,1.519,SUPER 95 1.519 EUR,~/Desktop/MBAT-Internship-Project/data_OMV_at/prices_AT.4504.8_2025-09-02_11-09-23.png,~/Desktop/MBAT-Internship-Project/data_OMV_at/response_AT.4504.8_2025-09-02_11-09-23.json,2025-09-02T01:09:23Z
AT.4504.8,AUT,Schwarzach,5620,47.32019,13.14384,MaxxMotion Super 100plus,1.779,MaxxMotion Super 100plus 1.779 EUR,~/Desktop/MBAT-Internship-Project/data_OMV_at/prices_AT.4504.8_2025-09-02_11-09-23.png,~/Desktop/MBAT-Internship-Project/data_OMV_at/response_AT.4504.8_2025-09-02_11-09-23.json,2025-09-02T01:09:23Z
AT.4504.8,AUT,Schwarzach,5620,47.32019,13.14384,MaxxMotion Diesel,1.789,MaxxMotion Diesel 1.789 EUR,~/Desktop/MBAT-Internship-Project/data_OMV_at/prices_AT.4504.8_2025-09-02_11-09-23.png,~/Desktop/MBAT-Internship-Project/data_OMV_at/response_AT.4504.8_2025-09-02_11-09-23.json,2025-09-02T01:09:23Z
AT.4508.8,AUT,Leogang,5771,47.43954,12.75824,DIESEL,1.544,DIESEL 1.544 EUR,~/Desktop/MBAT-Internship-Project/data_OMV_at/prices_AT.4508.8_2025-09-02_11-09-24.png,~/Desktop/MBAT-Internship-Project/data_OMV_at/response_AT.4508.8_2025-09-02_11-09-24.json,2025-09-02T01:09:24Z
AT.4508.8,AUT,Leogang,5771,47.43954,12.75824,SUPER 95,1.534,SUPER 95 1.534 EUR,~/Desktop/MBAT-Internship-Project/data_OMV_at/prices_AT.4508.8_2025-09-02_11-09-24.png,~/Desktop/MBAT-Internship-Project/data_OMV_at/response_AT.4508.8_2025-09-02_11-09-24.json,2025-09-02T01:09:24Z
AT.4510.8,AUT,Salzburg,5020,47.77622,13.06826,DIESEL,1.514,DIESEL 1.514 EUR,~/Desktop/MBAT-Internship-Project/data_OMV_at/prices_AT.4510.8_2025-09-02_11-09-25.png,~/Desktop/MBAT-Internship-Project/data_OMV_at/response_AT.4510.8_2025-09-02_11-09-25.json,2025-09-02T01:09:25Z
AT.4510.8,AUT,Salzburg,5020,47.77622,13.06826,OMV AdBlue,1.399,OMV AdBlue 1.399 EUR,~/Desktop/MBAT-Internship-Project/data_OMV_at/prices_AT.4510.8_2025-09-02_11-09-25.png,~/Desktop/MBAT-Internship-Project/data_OMV_at/response_AT.4510.8_2025-09-02_11-09-25.json,2025-09-02T01:09:25Z
AT.4510.8,AUT,Salzburg,5020,47.77622,13.06826,SUPER 95,1.509,SUPER 95 1.509 EUR,~/Desktop/MBAT-Internship-Project/data_OMV_at/prices_AT.4510.8_2025-09-02_11-09-25.png,~/Desktop/MBAT-Internship-Project/data_OMV_at/response_AT.4510.8_2025-09-02_11-09-25.json,2025-09-02T01:09:25Z
AT.4510.8,AUT,Salzburg,5020,47.77622,13.06826,MaxxMotion Super 100plus,1.769,MaxxMotion Super 100plus 1.769 EUR,~/Desktop/MBAT-Internship-Project/data_OMV_at/prices_AT.4510.8_2025-09-02_11-09-25.png,~/Desktop/MBAT-Internship-Project/data_OMV_at/response_AT.4510.8_2025-09-02_11-09-25.json,2025-09-02T01:09:25Z
AT.4510.8,AUT,Salzburg,5020,47.77622,13.06826,MaxxMotion Diesel,1.779,MaxxMotion Diesel 1.779 EUR,~/Desktop/MBAT-Internship-Project/data_OMV_at/prices_AT.4510.8_2025-09-02_11-09-25.png,~/Desktop/MBAT-Internship-Project/data_OMV_at/response_AT.4510.8_2025-09-02_11-09-25.json,2025-09-02T01:09:25Z
AT.4517.8,AUT,Lamprechtshausen,5112,47.98643,12.95445,DIESEL,1.549,DIESEL 1.549 EUR,~/Desktop/MBAT-Internship-Project/data_OMV_at/prices_AT.4517.8_2025-09-02_11-09-25.png,~/Desktop/MBAT-Internship-Project/data_OMV_at/response_AT.4517.8_2025-09-02_11-09-25.json,2025-09-02T01:09:26Z
AT.4517.8,AUT,Lamprechtshausen,5112,47.98643,12.95445,SUPER 95,1.549,SUPER 95 1.549 EUR,~/Desktop/MBAT-Internship-Project/data_OMV_at/prices_AT.4517.8_2025-09-02_11-09-25.png,~/Desktop/MBAT-Internship-Project/data_OMV_at/response_AT.4517.8_2025-09-02_11-09-25.json,2025-09-02T01:09:26Z
AT.4517.8,AUT,Lamprechtshausen,5112,47.98643,12.95445,MaxxMotion Super 100plus,1.809,MaxxMotion Super 100plus 1.809 EUR,~/Desktop/MBAT-Internship-Project/data_OMV_at/prices_AT.4517.8_2025-09-02_11-09-25.png,~/Desktop/MBAT-Internship-Project/data_OMV_at/response_AT.4517.8_2025-09-02_11-09-25.json,2025-09-02T01:09:26Z
AT.4517.8,AUT,Lamprechtshausen,5112,47.98643,12.95445,MaxxMotion Diesel,1.809,MaxxMotion Diesel 1.809 EUR,~/Desktop/MBAT-Internship-Project/data_OMV_at/prices_AT.4517.8_2025-09-02_11-09-25.png,~/Desktop/MBAT-Internship-Project/data_OMV_at/response_AT.4517.8_2025-09-02_11-09-25.json,2025-09-02T01:09:26Z
AT.4518.8,AUT,Thalgau,5303,47.84126,13.24865,DIESEL,1.491,DIESEL 1.491 EUR,~/Desktop/MBAT-Internship-Project/data_OMV_at/prices_AT.4518.8_2025-09-02_11-09-26.png,~/Desktop/MBAT-Internship-Project/data_OMV_at/response_AT.4518.8_2025-09-02_11-09-26.json,2025-09-02T01:09:27Z
AT.4518.8,AUT,Thalgau,5303,47.84126,13.24865,Diesel Plus,1.709,Diesel Plus 1.709 EUR,~/Desktop/MBAT-Internship-Project/data_OMV_at/prices_AT.4518.8_2025-09-02_11-09-26.png,~/Desktop/MBAT-Internship-Project/data_OMV_at/response_AT.4518.8_2025-09-02_11-09-26.json,2025-09-02T01:09:27Z
AT.4518.8,AUT,Thalgau,5303,47.84126,13.24865,SUPER 95,1.483,SUPER 95 1.483 EUR,~/Desktop/MBAT-Internship-Project/data_OMV_at/prices_AT.4518.8_2025-09-02_11-09-26.png,~/Desktop/MBAT-Internship-Project/data_OMV_at/response_AT.4518.8_2025-09-02_11-09-26.json,2025-09-02T01:09:27Z
AT.4522.8,AUT,Bramberg,5733,47.2678,12.33757,DIESEL,1.569,DIESEL 1.569 EUR,~/Desktop/MBAT-Internship-Project/data_OMV_at/prices_AT.4522.8_2025-09-02_11-09-27.png,~/Desktop/MBAT-Internship-Project/data_OMV_at/response_AT.4522.8_2025-09-02_11-09-27.json,2025-09-02T01:09:28Z
AT.4522.8,AUT,Bramberg,5733,47.2678,12.33757,SUPER 95,1.559,SUPER 95 1.559 EUR,~/Desktop/MBAT-Internship-Project/data_OMV_at/prices_AT.4522.8_2025-09-02_11-09-27.png,~/Desktop/MBAT-Internship-Project/data_OMV_at/response_AT.4522.8_2025-09-02_11-09-27.json,2025-09-02T01:09:28Z
AT.4522.8,AUT,Bramberg,5733,47.2678,12.33757,MaxxMotion Super 100plus,1.819,MaxxMotion Super 100plus 1.819 EUR,~/Desktop/MBAT-Internship-Project/data_OMV_at/prices_AT.4522.8_2025-09-02_11-09-27.png,~/Desktop/MBAT-Internship-Project/data_OMV_at/response_AT.4522.8_2025-09-02_11-09-27.json,2025-09-02T01:09:28Z
AT.4522.8,AUT,Bramberg,5733,47.2678,12.33757,MaxxMotion Diesel,1.829,MaxxMotion Diesel 1.829 EUR,~/Desktop/MBAT-Internship-Project/data_OMV_at/prices_AT.4522.8_2025-09-02_11-09-27.png,~/Desktop/MBAT-Internship-Project/data_OMV_at/response_AT.4522.8_2025-09-02_11-09-27.json,2025-09-02T01:09:28Z
AT.4531.8,AUT,Obertrum,5162,47.93554,13.08069,DIESEL,1.502,DIESEL 1.502 EUR,~/Desktop/MBAT-Internship-Project/data_OMV_at/prices_AT.4531.8_2025-09-02_11-09-28.png,~/Desktop/MBAT-Internship-Project/data_OMV_at/response_AT.4531.8_2025-09-02_11-09-28.json,2025-09-02T01:09:28Z
AT.4531.8,AUT,Obertrum,5162,47.93554,13.08069,SUPER 95,1.494,SUPER 95 1.494 EUR,~/Desktop/MBAT-Internship-Project/data_OMV_at/prices_AT.4531.8_2025-09-02_11-09-28.png,~/Desktop/MBAT-Internship-Project/data_OMV_at/response_AT.4531.8_2025-09-02_11-09-28.json,2025-09-02T01:09:28Z
AT.4531.8,AUT,Obertrum,5162,47.93554,13.08069,MaxxMotion Super 100plus,1.759,MaxxMotion Super 100plus 1.759 EUR,~/Desktop/MBAT-Internship-Project/data_OMV_at/prices_AT.4531.8_2025-09-02_11-09-28.png,~/Desktop/MBAT-Internship-Project/data_OMV_at/response_AT.4531.8_2025-09-02_11-09-28.json,2025-09-02T01:09:28Z
AT.4531.8,AUT,Obertrum,5162,47.93554,13.08069,MaxxMotion Diesel,1.769,MaxxMotion Diesel 1.769 EUR,~/Desktop/MBAT-Internship-Project/data_OMV_at/prices_AT.4531.8_2025-09-02_11-09-28.png,~/Desktop/MBAT-Internship-Project/data_OMV_at/response_AT.4531.8_2025-09-02_11-09-28.json,2025-09-02T01:09:28Z
AT.4534.8,AUT,Salzburg,5020,47.79796,13.00609,DIESEL,1.504,DIESEL 1.504 EUR,~/Desktop/MBAT-Internship-Project/data_OMV_at/prices_AT.4534.8_2025-09-02_11-09-29.png,~/Desktop/MBAT-Internship-Project/data_OMV_at/response_AT.4534.8_2025-09-02_11-09-29.json,2025-09-02T01:09:29Z
AT.4534.8,AUT,Salzburg,5020,47.79796,13.00609,OMV AdBlue,1.429,OMV AdBlue 1.429 EUR,~/Desktop/MBAT-Internship-Project/data_OMV_at/prices_AT.4534.8_2025-09-02_11-09-29.png,~/Desktop/MBAT-Internship-Project/data_OMV_at/response_AT.4534.8_2025-09-02_11-09-29.json,2025-09-02T01:09:29Z
AT.4534.8,AUT,Salzburg,5020,47.79796,13.00609,SUPER 95,1.497,SUPER 95 1.497 EUR,~/Desktop/MBAT-Internship-Project/data_OMV_at/prices_AT.4534.8_2025-09-02_11-09-29.png,~/Desktop/MBAT-Internship-Project/data_OMV_at/response_AT.4534.8_2025-09-02_11-09-29.json,2025-09-02T01:09:29Z
AT.4534.8,AUT,Salzburg,5020,47.79796,13.00609,MaxxMotion Super 100plus,1.759,MaxxMotion Super 100plus 1.759 EUR,~/Desktop/MBAT-Internship-Project/data_OMV_at/prices_AT.4534.8_2025-09-02_11-09-29.png,~/Desktop/MBAT-Internship-Project/data_OMV_at/response_AT.4534.8_2025-09-02_11-09-29.json,2025-09-02T01:09:29Z
AT.4534.8,AUT,Salzburg,5020,47.79796,13.00609,MaxxMotion Diesel,1.769,MaxxMotion Diesel 1.769 EUR,~/Desktop/MBAT-Internship-Project/data_OMV_at/prices_AT.4534.8_2025-09-02_11-09-29.png,~/Desktop/MBAT-Internship-Project/data_OMV_at/response_AT.4534.8_2025-09-02_11-09-29.json,2025-09-02T01:09:29Z
AT.4535.8,AUT,Saalfelden,5760,47.42305,12.85009,DIESEL,1.544,DIESEL 1.544 EUR,~/Desktop/MBAT-Internship-Project/data_OMV_at/prices_AT.4535.8_2025-09-02_11-09-30.png,~/Desktop/MBAT-Internship-Project/data_OMV_at/response_AT.4535.8_2025-09-02_11-09-30.json,2025-09-02T01:09:30Z
AT.4535.8,AUT,Saalfelden,5760,47.42305,12.85009,SUPER 95,1.534,SUPER 95 1.534 EUR,~/Desktop/MBAT-Internship-Project/data_OMV_at/prices_AT.4535.8_2025-09-02_11-09-30.png,~/Desktop/MBAT-Internship-Project/data_OMV_at/response_AT.4535.8_2025-09-02_11-09-30.json,2025-09-02T01:09:30Z
AT.4536.8,AUT,Salzburg,5020,47.82232,13.03982,DIESEL,1.529,DIESEL 1.529 EUR,~/Desktop/MBAT-Internship-Project/data_OMV_at/prices_AT.4536.8_2025-09-02_11-09-30.png,~/Desktop/MBAT-Internship-Project/data_OMV_at/response_AT.4536.8_2025-09-02_11-09-30.json,2025-09-02T01:09:31Z
AT.4536.8,AUT,Salzburg,5020,47.82232,13.03982,SUPER 95,1.519,SUPER 95 1.519 EUR,~/Desktop/MBAT-Internship-Project/data_OMV_at/prices_AT.4536.8_2025-09-02_11-09-30.png,~/Desktop/MBAT-Internship-Project/data_OMV_at/response_AT.4536.8_2025-09-02_11-09-30.json,2025-09-02T01:09:31Z
AT.4536.8,AUT,Salzburg,5020,47.82232,13.03982,MaxxMotion Super 100plus,1.779,MaxxMotion Super 100plus 1.779 EUR,~/Desktop/MBAT-Internship-Project/data_OMV_at/prices_AT.4536.8_2025-09-02_11-09-30.png,~/Desktop/MBAT-Internship-Project/data_OMV_at/response_AT.4536.8_2025-09-02_11-09-30.json,2025-09-02T01:09:31Z
AT.4536.8,AUT,Salzburg,5020,47.82232,13.03982,MaxxMotion Diesel,1.789,MaxxMotion Diesel 1.789 EUR,~/Desktop/MBAT-Internship-Project/data_OMV_at/prices_AT.4536.8_2025-09-02_11-09-30.png,~/Desktop/MBAT-Internship-Project/data_OMV_at/response_AT.4536.8_2025-09-02_11-09-30.json,2025-09-02T01:09:31Z
AT.4544.8,AUT,Sankt Johann im Pongau,5600,47.34862,13.20651,DIESEL,1.509,DIESEL 1.509 EUR,~/Desktop/MBAT-Internship-Project/data_OMV_at/prices_AT.4544.8_2025-09-02_11-09-31.png,~/Desktop/MBAT-Internship-Project/data_OMV_at/response_AT.4544.8_2025-09-02_11-09-31.json,2025-09-02T01:09:32Z
AT.4544.8,AUT,Sankt Johann im Pongau,5600,47.34862,13.20651,SUPER 95,1.509,SUPER 95 1.509 EUR,~/Desktop/MBAT-Internship-Project/data_OMV_at/prices_AT.4544.8_2025-09-02_11-09-31.png,~/Desktop/MBAT-Internship-Project/data_OMV_at/response_AT.4544.8_2025-09-02_11-09-31.json,2025-09-02T01:09:32Z
AT.4544.8,AUT,Sankt Johann im Pongau,5600,47.34862,13.20651,Maxx Motion 100+,1.769,Maxx Motion 100+ 1.769 EUR,~/Desktop/MBAT-Internship-Project/data_OMV_at/prices_AT.4544.8_2025-09-02_11-09-31.png,~/Desktop/MBAT-Internship-Project/data_OMV_at/response_AT.4544.8_2025-09-02_11-09-31.json,2025-09-02T01:09:32Z
AT.4544.8,AUT,Sankt Johann im Pongau,5600,47.34862,13.20651,MaxxMotion Diesel,1.769,MaxxMotion Diesel 1.769 EUR,~/Desktop/MBAT-Internship-Project/data_OMV_at/prices_AT.4544.8_2025-09-02_11-09-31.png,~/Desktop/MBAT-Internship-Project/data_OMV_at/response_AT.4544.8_2025-09-02_11-09-31.json,2025-09-02T01:09:32Z
AT.4546.8,AUT,Salzburg,5020,47.81696,13.05364,DIESEL,1.529,DIESEL 1.529 EUR,~/Desktop/MBAT-Internship-Project/data_OMV_at/prices_AT.4546.8_2025-09-02_11-09-32.png,~/Desktop/MBAT-Internship-Project/data_OMV_at/response_AT.4546.8_2025-09-02_11-09-32.json,2025-09-02T01:09:33Z
AT.4546.8,AUT,Salzburg,5020,47.81696,13.05364,SUPER 95,1.519,SUPER 95 1.519 EUR,~/Desktop/MBAT-Internship-Project/data_OMV_at/prices_AT.4546.8_2025-09-02_11-09-32.png,~/Desktop/MBAT-Internship-Project/data_OMV_at/response_AT.4546.8_2025-09-02_11-09-32.json,2025-09-02T01:09:33Z
AT.4546.8,AUT,Salzburg,5020,47.81696,13.05364,MaxxMotion Super 100plus,1.779,MaxxMotion Super 100plus 1.779 EUR,~/Desktop/MBAT-Internship-Project/data_OMV_at/prices_AT.4546.8_2025-09-02_11-09-32.png,~/Desktop/MBAT-Internship-Project/data_OMV_at/response_AT.4546.8_2025-09-02_11-09-32.json,2025-09-02T01:09:33Z
AT.4546.8,AUT,Salzburg,5020,47.81696,13.05364,MaxxMotion Diesel,1.789,MaxxMotion Diesel 1.789 EUR,~/Desktop/MBAT-Internship-Project/data_OMV_at/prices_AT.4546.8_2025-09-02_11-09-32.png,~/Desktop/MBAT-Internship-Project/data_OMV_at/response_AT.4546.8_2025-09-02_11-09-32.json,2025-09-02T01:09:33Z
AT.4547.8,AUT,Sankt Michael im Lungau,5582,47.09406,13.67553,DIESEL,1.539,DIESEL 1.539 EUR,~/Desktop/MBAT-Internship-Project/data_OMV_at/prices_AT.4547.8_2025-09-02_11-09-33.png,~/Desktop/MBAT-Internship-Project/data_OMV_at/response_AT.4547.8_2025-09-02_11-09-33.json,2025-09-02T01:09:34Z
AT.4547.8,AUT,Sankt Michael im Lungau,5582,47.09406,13.67553,OMV AdBlue,1.399,OMV AdBlue 1.399 EUR,~/Desktop/MBAT-Internship-Project/data_OMV_at/prices_AT.4547.8_2025-09-02_11-09-33.png,~/Desktop/MBAT-Internship-Project/data_OMV_at/response_AT.4547.8_2025-09-02_11-09-33.json,2025-09-02T01:09:34Z
AT.4547.8,AUT,Sankt Michael im Lungau,5582,47.09406,13.67553,SUPER 95,1.729,SUPER 95 1.729 EUR,~/Desktop/MBAT-Internship-Project/data_OMV_at/prices_AT.4547.8_2025-09-02_11-09-33.png,~/Desktop/MBAT-Internship-Project/data_OMV_at/response_AT.4547.8_2025-09-02_11-09-33.json,2025-09-02T01:09:34Z
AT.4547.8,AUT,Sankt Michael im Lungau,5582,47.09406,13.67553,MaxxMotion Super 100plus,1.989,MaxxMotion Super 100plus 1.989 EUR,~/Desktop/MBAT-Internship-Project/data_OMV_at/prices_AT.4547.8_2025-09-02_11-09-33.png,~/Desktop/MBAT-Internship-Project/data_OMV_at/response_AT.4547.8_2025-09-02_11-09-33.json,2025-09-02T01:09:34Z
AT.4547.8,AUT,Sankt Michael im Lungau,5582,47.09406,13.67553,MaxxMotion Diesel,1.799,MaxxMotion Diesel 1.799 EUR,~/Desktop/MBAT-Internship-Project/data_OMV_at/prices_AT.4547.8_2025-09-02_11-09-33.png,~/Desktop/MBAT-Internship-Project/data_OMV_at/response_AT.4547.8_2025-09-02_11-09-33.json,2025-09-02T01:09:34Z
AT.4552.8,AUT,Neumarkt am Wallersee,5202,47.9233,13.2166,DIESEL,1.539,DIESEL 1.539 EUR,~/Desktop/MBAT-Internship-Project/data_OMV_at/prices_AT.4552.8_2025-09-02_11-09-34.png,~/Desktop/MBAT-Internship-Project/data_OMV_at/response_AT.4552.8_2025-09-02_11-09-34.json,2025-09-02T01:09:34Z
AT.4552.8,AUT,Neumarkt am Wallersee,5202,47.9233,13.2166,SUPER 95,1.509,SUPER 95 1.509 EUR,~/Desktop/MBAT-Internship-Project/data_OMV_at/prices_AT.4552.8_2025-09-02_11-09-34.png,~/Desktop/MBAT-Internship-Project/data_OMV_at/response_AT.4552.8_2025-09-02_11-09-34.json,2025-09-02T01:09:34Z
AT.4552.8,AUT,Neumarkt am Wallersee,5202,47.9233,13.2166,MaxxMotion Super 100plus,1.769,MaxxMotion Super 100plus 1.769 EUR,~/Desktop/MBAT-Internship-Project/data_OMV_at/prices_AT.4552.8_2025-09-02_11-09-34.png,~/Desktop/MBAT-Internship-Project/data_OMV_at/response_AT.4552.8_2025-09-02_11-09-34.json,2025-09-02T01:09:34Z
AT.4552.8,AUT,Neumarkt am Wallersee,5202,47.9233,13.2166,MaxxMotion Diesel,1.799,MaxxMotion Diesel 1.799 EUR,~/Desktop/MBAT-Internship-Project/data_OMV_at/prices_AT.4552.8_2025-09-02_11-09-34.png,~/Desktop/MBAT-Internship-Project/data_OMV_at/response_AT.4552.8_2025-09-02_11-09-34.json,2025-09-02T01:09:34Z
AT.4565.8,AUT,Golling an der Salzach,5440,47.58396,13.1575,DIESEL,1.999,DIESEL 1.999 EUR,~/Desktop/MBAT-Internship-Project/data_OMV_at/prices_AT.4565.8_2025-09-02_11-09-35.png,~/Desktop/MBAT-Internship-Project/data_OMV_at/response_AT.4565.8_2025-09-02_11-09-35.json,2025-09-02T01:09:35Z
AT.4565.8,AUT,Golling an der Salzach,5440,47.58396,13.1575,OMV AdBlue,1.399,OMV AdBlue 1.399 EUR,~/Desktop/MBAT-Internship-Project/data_OMV_at/prices_AT.4565.8_2025-09-02_11-09-35.png,~/Desktop/MBAT-Internship-Project/data_OMV_at/response_AT.4565.8_2025-09-02_11-09-35.json,2025-09-02T01:09:35Z
AT.4565.8,AUT,Golling an der Salzach,5440,47.58396,13.1575,SUPER 95,1.999,SUPER 95 1.999 EUR,~/Desktop/MBAT-Internship-Project/data_OMV_at/prices_AT.4565.8_2025-09-02_11-09-35.png,~/Desktop/MBAT-Internship-Project/data_OMV_at/response_AT.4565.8_2025-09-02_11-09-35.json,2025-09-02T01:09:35Z
AT.4565.8,AUT,Golling an der Salzach,5440,47.58396,13.1575,MaxxMotion Super 100plus,2.259,MaxxMotion Super 100plus 2.259 EUR,~/Desktop/MBAT-Internship-Project/data_OMV_at/prices_AT.4565.8_2025-09-02_11-09-35.png,~/Desktop/MBAT-Internship-Project/data_OMV_at/response_AT.4565.8_2025-09-02_11-09-35.json,2025-09-02T01:09:35Z
AT.4565.8,AUT,Golling an der Salzach,5440,47.58396,13.1575,CNG,1.649,CNG 1.649 EUR,~/Desktop/MBAT-Internship-Project/data_OMV_at/prices_AT.4565.8_2025-09-02_11-09-35.png,~/Desktop/MBAT-Internship-Project/data_OMV_at/response_AT.4565.8_2025-09-02_11-09-35.json,2025-09-02T01:09:35Z
AT.4565.8,AUT,Golling an der Salzach,5440,47.58396,13.1575,MaxxMotion Diesel,2.259,MaxxMotion Diesel 2.259 EUR,~/Desktop/MBAT-Internship-Project/data_OMV_at/prices_AT.4565.8_2025-09-02_11-09-35.png,~/Desktop/MBAT-Internship-Project/data_OMV_at/response_AT.4565.8_2025-09-02_11-09-35.json,2025-09-02T01:09:35Z
AT.4570.8,AUT,Salzburg,5023,47.81309,13.0695,DIESEL,1.609,DIESEL 1.609 EUR,~/Desktop/MBAT-Internship-Project/data_OMV_at/prices_AT.4570.8_2025-09-02_11-09-36.png,~/Desktop/MBAT-Internship-Project/data_OMV_at/response_AT.4570.8_2025-09-02_11-09-36.json,2025-09-02T01:09:36Z
AT.4570.8,AUT,Salzburg,5023,47.81309,13.0695,SUPER 95,1.599,SUPER 95 1.599 EUR,~/Desktop/MBAT-Internship-Project/data_OMV_at/prices_AT.4570.8_2025-09-02_11-09-36.png,~/Desktop/MBAT-Internship-Project/data_OMV_at/response_AT.4570.8_2025-09-02_11-09-36.json,2025-09-02T01:09:36Z
AT.4570.8,AUT,Salzburg,5023,47.81309,13.0695,MaxxMotion Super 100plus,1.859,MaxxMotion Super 100plus 1.859 EUR,~/Desktop/MBAT-Internship-Project/data_OMV_at/prices_AT.4570.8_2025-09-02_11-09-36.png,~/Desktop/MBAT-Internship-Project/data_OMV_at/response_AT.4570.8_2025-09-02_11-09-36.json,2025-09-02T01:09:36Z
AT.4570.8,AUT,Salzburg,5023,47.81309,13.0695,MaxxMotion Diesel,1.869,MaxxMotion Diesel 1.869 EUR,~/Desktop/MBAT-Internship-Project/data_OMV_at/prices_AT.4570.8_2025-09-02_11-09-36.png,~/Desktop/MBAT-Internship-Project/data_OMV_at/response_AT.4570.8_2025-09-02_11-09-36.json,2025-09-02T01:09:36Z
AT.4571.8,AUT,Wals Siezenheim,5071,47.81733,12.98016,DIESEL,1.421,DIESEL 1.421 EUR,~/Desktop/MBAT-Internship-Project/data_OMV_at/prices_AT.4571.8_2025-09-02_11-09-36.png,~/Desktop/MBAT-Internship-Project/data_OMV_at/response_AT.4571.8_2025-09-02_11-09-36.json,2025-09-02T01:09:37Z
AT.4605.8,AUT,Salzburg,5020,47.78703,13.05175,DIESEL,1.514,DIESEL 1.514 EUR,~/Desktop/MBAT-Internship-Project/data_OMV_at/prices_AT.4605.8_2025-09-02_11-09-37.png,~/Desktop/MBAT-Internship-Project/data_OMV_at/response_AT.4605.8_2025-09-02_11-09-37.json,2025-09-02T01:09:38Z
AT.4605.8,AUT,Salzburg,5020,47.78703,13.05175,SUPER 95,1.509,SUPER 95 1.509 EUR,~/Desktop/MBAT-Internship-Project/data_OMV_at/prices_AT.4605.8_2025-09-02_11-09-37.png,~/Desktop/MBAT-Internship-Project/data_OMV_at/response_AT.4605.8_2025-09-02_11-09-37.json,2025-09-02T01:09:38Z
AT.4605.8,AUT,Salzburg,5020,47.78703,13.05175,MaxxMotion Super 100plus,1.869,MaxxMotion Super 100plus 1.869 EUR,~/Desktop/MBAT-Internship-Project/data_OMV_at/prices_AT.4605.8_2025-09-02_11-09-37.png,~/Desktop/MBAT-Internship-Project/data_OMV_at/response_AT.4605.8_2025-09-02_11-09-37.json,2025-09-02T01:09:38Z
AT.4605.8,AUT,Salzburg,5020,47.78703,13.05175,MaxxMotion Diesel,1.779,MaxxMotion Diesel 1.779 EUR,~/Desktop/MBAT-Internship-Project/data_OMV_at/prices_AT.4605.8_2025-09-02_11-09-37.png,~/Desktop/MBAT-Internship-Project/data_OMV_at/response_AT.4605.8_2025-09-02_11-09-37.json,2025-09-02T01:09:38Z
AT.4724.8,AUT,Salzburg,5020,47.82773,13.00872,DIESEL,1.509,DIESEL 1.509 EUR,~/Desktop/MBAT-Internship-Project/data_OMV_at/prices_AT.4724.8_2025-09-02_11-09-38.png,~/Desktop/MBAT-Internship-Project/data_OMV_at/response_AT.4724.8_2025-09-02_11-09-38.json,2025-09-02T01:09:39Z
AT.4724.8,AUT,Salzburg,5020,47.82773,13.00872,SUPER 95,1.504,SUPER 95 1.504 EUR,~/Desktop/MBAT-Internship-Project/data_OMV_at/prices_AT.4724.8_2025-09-02_11-09-38.png,~/Desktop/MBAT-Internship-Project/data_OMV_at/response_AT.4724.8_2025-09-02_11-09-38.json,2025-09-02T01:09:39Z
AT.4724.8,AUT,Salzburg,5020,47.82773,13.00872,MaxxMotion Super 100plus,1.769,MaxxMotion Super 100plus 1.769 EUR,~/Desktop/MBAT-Internship-Project/data_OMV_at/prices_AT.4724.8_2025-09-02_11-09-38.png,~/Desktop/MBAT-Internship-Project/data_OMV_at/response_AT.4724.8_2025-09-02_11-09-38.json,2025-09-02T01:09:39Z
AT.4724.8,AUT,Salzburg,5020,47.82773,13.00872,MaxxMotion Diesel,1.769,MaxxMotion Diesel 1.769 EUR,~/Desktop/MBAT-Internship-Project/data_OMV_at/prices_AT.4724.8_2025-09-02_11-09-38.png,~/Desktop/MBAT-Internship-Project/data_OMV_at/response_AT.4724.8_2025-09-02_11-09-38.json,2025-09-02T01:09:39Z
AT.5005.8,AUT,Gries am Brenner,6156,47.0076,11.50913,DIESEL,1.999,DIESEL 1.999 EUR,~/Desktop/MBAT-Internship-Project/data_OMV_at/prices_AT.5005.8_2025-09-02_11-09-39.png,~/Desktop/MBAT-Internship-Project/data_OMV_at/response_AT.5005.8_2025-09-02_11-09-39.json,2025-09-02T01:09:39Z
AT.5005.8,AUT,Gries am Brenner,6156,47.0076,11.50913,OMV AdBlue,1.399,OMV AdBlue 1.399 EUR,~/Desktop/MBAT-Internship-Project/data_OMV_at/prices_AT.5005.8_2025-09-02_11-09-39.png,~/Desktop/MBAT-Internship-Project/data_OMV_at/response_AT.5005.8_2025-09-02_11-09-39.json,2025-09-02T01:09:39Z
AT.5005.8,AUT,Gries am Brenner,6156,47.0076,11.50913,SUPER 95,1.999,SUPER 95 1.999 EUR,~/Desktop/MBAT-Internship-Project/data_OMV_at/prices_AT.5005.8_2025-09-02_11-09-39.png,~/Desktop/MBAT-Internship-Project/data_OMV_at/response_AT.5005.8_2025-09-02_11-09-39.json,2025-09-02T01:09:39Z
AT.5005.8,AUT,Gries am Brenner,6156,47.0076,11.50913,MaxxMotion Super 100plus,2.259,MaxxMotion Super 100plus 2.259 EUR,~/Desktop/MBAT-Internship-Project/data_OMV_at/prices_AT.5005.8_2025-09-02_11-09-39.png,~/Desktop/MBAT-Internship-Project/data_OMV_at/response_AT.5005.8_2025-09-02_11-09-39.json,2025-09-02T01:09:39Z
AT.5005.8,AUT,Gries am Brenner,6156,47.0076,11.50913,MaxxMotion Diesel,2.259,MaxxMotion Diesel 2.259 EUR,~/Desktop/MBAT-Internship-Project/data_OMV_at/prices_AT.5005.8_2025-09-02_11-09-39.png,~/Desktop/MBAT-Internship-Project/data_OMV_at/response_AT.5005.8_2025-09-02_11-09-39.json,2025-09-02T01:09:39Z
AT.5006.8,AUT,Rum,6063,47.27753,11.45756,DIESEL,1.599,DIESEL 1.599 EUR,~/Desktop/MBAT-Internship-Project/data_OMV_at/prices_AT.5006.8_2025-09-02_11-09-40.png,~/Desktop/MBAT-Internship-Project/data_OMV_at/response_AT.5006.8_2025-09-02_11-09-40.json,2025-09-02T01:09:40Z
AT.5006.8,AUT,Rum,6063,47.27753,11.45756,Premium Power Diesel,1.809,Premium Power Diesel 1.809 EUR,~/Desktop/MBAT-Internship-Project/data_OMV_at/prices_AT.5006.8_2025-09-02_11-09-40.png,~/Desktop/MBAT-Internship-Project/data_OMV_at/response_AT.5006.8_2025-09-02_11-09-40.json,2025-09-02T01:09:40Z
AT.5006.8,AUT,Rum,6063,47.27753,11.45756,SUPER 95,1.579,SUPER 95 1.579 EUR,~/Desktop/MBAT-Internship-Project/data_OMV_at/prices_AT.5006.8_2025-09-02_11-09-40.png,~/Desktop/MBAT-Internship-Project/data_OMV_at/response_AT.5006.8_2025-09-02_11-09-40.json,2025-09-02T01:09:40Z
AT.5007.8,AUT,Nussdorf,9990,46.8274,12.8158,DIESEL,1.514,DIESEL 1.514 EUR,~/Desktop/MBAT-Internship-Project/data_OMV_at/prices_AT.5007.8_2025-09-02_11-09-41.png,~/Desktop/MBAT-Internship-Project/data_OMV_at/response_AT.5007.8_2025-09-02_11-09-41.json,2025-09-02T01:09:41Z
AT.5007.8,AUT,Nussdorf,9990,46.8274,12.8158,SUPER 95,1.514,SUPER 95 1.514 EUR,~/Desktop/MBAT-Internship-Project/data_OMV_at/prices_AT.5007.8_2025-09-02_11-09-41.png,~/Desktop/MBAT-Internship-Project/data_OMV_at/response_AT.5007.8_2025-09-02_11-09-41.json,2025-09-02T01:09:41Z
AT.5008.8,AUT,Innsbruck,6020,47.27889,11.42069,DIESEL,1.579,DIESEL 1.579 EUR,~/Desktop/MBAT-Internship-Project/data_OMV_at/prices_AT.5008.8_2025-09-02_11-09-41.png,~/Desktop/MBAT-Internship-Project/data_OMV_at/response_AT.5008.8_2025-09-02_11-09-41.json,2025-09-02T01:09:42Z
AT.5008.8,AUT,Innsbruck,6020,47.27889,11.42069,SUPER 95,1.559,SUPER 95 1.559 EUR,~/Desktop/MBAT-Internship-Project/data_OMV_at/prices_AT.5008.8_2025-09-02_11-09-41.png,~/Desktop/MBAT-Internship-Project/data_OMV_at/response_AT.5008.8_2025-09-02_11-09-41.json,2025-09-02T01:09:42Z
AT.5009.8,AUT,Heinfels,9919,46.74831,12.45299,DIESEL,1.599,DIESEL 1.599 EUR,~/Desktop/MBAT-Internship-Project/data_OMV_at/prices_AT.5009.8_2025-09-02_11-09-42.png,~/Desktop/MBAT-Internship-Project/data_OMV_at/response_AT.5009.8_2025-09-02_11-09-42.json,2025-09-02T01:09:43Z
AT.5009.8,AUT,Heinfels,9919,46.74831,12.45299,SUPER 95,1.589,SUPER 95 1.589 EUR,~/Desktop/MBAT-Internship-Project/data_OMV_at/prices_AT.5009.8_2025-09-02_11-09-42.png,~/Desktop/MBAT-Internship-Project/data_OMV_at/response_AT.5009.8_2025-09-02_11-09-42.json,2025-09-02T01:09:43Z
AT.5048.8,AUT,Kufstein,6330,47.58636,12.16222,DIESEL,1.484,DIESEL 1.484 EUR,~/Desktop/MBAT-Internship-Project/data_OMV_at/prices_AT.5048.8_2025-09-02_11-09-43.png,~/Desktop/MBAT-Internship-Project/data_OMV_at/response_AT.5048.8_2025-09-02_11-09-43.json,2025-09-02T01:09:44Z
AT.5048.8,AUT,Kufstein,6330,47.58636,12.16222,SUPER 95,1.504,SUPER 95 1.504 EUR,~/Desktop/MBAT-Internship-Project/data_OMV_at/prices_AT.5048.8_2025-09-02_11-09-43.png,~/Desktop/MBAT-Internship-Project/data_OMV_at/response_AT.5048.8_2025-09-02_11-09-43.json,2025-09-02T01:09:44Z
AT.5504.8,AUT,Gries am Brenner,6156,47.01424,11.50557,DIESEL,1.999,DIESEL 1.999 EUR,~/Desktop/MBAT-Internship-Project/data_OMV_at/prices_AT.5504.8_2025-09-02_11-09-44.png,~/Desktop/MBAT-Internship-Project/data_OMV_at/response_AT.5504.8_2025-09-02_11-09-44.json,2025-09-02T01:09:44Z
AT.5504.8,AUT,Gries am Brenner,6156,47.01424,11.50557,OMV AdBlue,1.399,OMV AdBlue 1.399 EUR,~/Desktop/MBAT-Internship-Project/data_OMV_at/prices_AT.5504.8_2025-09-02_11-09-44.png,~/Desktop/MBAT-Internship-Project/data_OMV_at/response_AT.5504.8_2025-09-02_11-09-44.json,2025-09-02T01:09:44Z
AT.5504.8,AUT,Gries am Brenner,6156,47.01424,11.50557,SUPER 95,1.999,SUPER 95 1.999 EUR,~/Desktop/MBAT-Internship-Project/data_OMV_at/prices_AT.5504.8_2025-09-02_11-09-44.png,~/Desktop/MBAT-Internship-Project/data_OMV_at/response_AT.5504.8_2025-09-02_11-09-44.json,2025-09-02T01:09:44Z
AT.5504.8,AUT,Gries am Brenner,6156,47.01424,11.50557,MaxxMotion Super 100plus,2.259,MaxxMotion Super 100plus 2.259 EUR,~/Desktop/MBAT-Internship-Project/data_OMV_at/prices_AT.5504.8_2025-09-02_11-09-44.png,~/Desktop/MBAT-Internship-Project/data_OMV_at/response_AT.5504.8_2025-09-02_11-09-44.json,2025-09-02T01:09:44Z
AT.5504.8,AUT,Gries am Brenner,6156,47.01424,11.50557,MaxxMotion Diesel,2.259,MaxxMotion Diesel 2.259 EUR,~/Desktop/MBAT-Internship-Project/data_OMV_at/prices_AT.5504.8_2025-09-02_11-09-44.png,~/Desktop/MBAT-Internship-Project/data_OMV_at/response_AT.5504.8_2025-09-02_11-09-44.json,2025-09-02T01:09:44Z
AT.5505.8,AUT,Innsbruck,6020,47.25734,11.37805,DIESEL,1.599,DIESEL 1.599 EUR,~/Desktop/MBAT-Internship-Project/data_OMV_at/prices_AT.5505.8_2025-09-02_11-09-45.png,~/Desktop/MBAT-Internship-Project/data_OMV_at/response_AT.5505.8_2025-09-02_11-09-45.json,2025-09-02T01:09:45Z
AT.5505.8,AUT,Innsbruck,6020,47.25734,11.37805,SUPER 95,1.599,SUPER 95 1.599 EUR,~/Desktop/MBAT-Internship-Project/data_OMV_at/prices_AT.5505.8_2025-09-02_11-09-45.png,~/Desktop/MBAT-Internship-Project/data_OMV_at/response_AT.5505.8_2025-09-02_11-09-45.json,2025-09-02T01:09:45Z
AT.5505.8,AUT,Innsbruck,6020,47.25734,11.37805,MaxxMotion Super 100plus,1.859,MaxxMotion Super 100plus 1.859 EUR,~/Desktop/MBAT-Internship-Project/data_OMV_at/prices_AT.5505.8_2025-09-02_11-09-45.png,~/Desktop/MBAT-Internship-Project/data_OMV_at/response_AT.5505.8_2025-09-02_11-09-45.json,2025-09-02T01:09:45Z
AT.5505.8,AUT,Innsbruck,6020,47.25734,11.37805,MaxxMotion Diesel,1.859,MaxxMotion Diesel 1.859 EUR,~/Desktop/MBAT-Internship-Project/data_OMV_at/prices_AT.5505.8_2025-09-02_11-09-45.png,~/Desktop/MBAT-Internship-Project/data_OMV_at/response_AT.5505.8_2025-09-02_11-09-45.json,2025-09-02T01:09:45Z
AT.5509.8,AUT,Achenkirch,6215,47.529,11.708,DIESEL,1.619,DIESEL 1.619 EUR,~/Desktop/MBAT-Internship-Project/data_OMV_at/prices_AT.5509.8_2025-09-02_11-09-46.png,~/Desktop/MBAT-Internship-Project/data_OMV_at/response_AT.5509.8_2025-09-02_11-09-46.json,2025-09-02T01:09:46Z
AT.5509.8,AUT,Achenkirch,6215,47.529,11.708,SUPER 95,1.619,SUPER 95 1.619 EUR,~/Desktop/MBAT-Internship-Project/data_OMV_at/prices_AT.5509.8_2025-09-02_11-09-46.png,~/Desktop/MBAT-Internship-Project/data_OMV_at/response_AT.5509.8_2025-09-02_11-09-46.json,2025-09-02T01:09:46Z
AT.5509.8,AUT,Achenkirch,6215,47.529,11.708,MaxxMotion Super 100plus,1.879,MaxxMotion Super 100plus 1.879 EUR,~/Desktop/MBAT-Internship-Project/data_OMV_at/prices_AT.5509.8_2025-09-02_11-09-46.png,~/Desktop/MBAT-Internship-Project/data_OMV_at/response_AT.5509.8_2025-09-02_11-09-46.json,2025-09-02T01:09:46Z
AT.5509.8,AUT,Achenkirch,6215,47.529,11.708,MaxxMotion Diesel,1.879,MaxxMotion Diesel 1.879 EUR,~/Desktop/MBAT-Internship-Project/data_OMV_at/prices_AT.5509.8_2025-09-02_11-09-46.png,~/Desktop/MBAT-Internship-Project/data_OMV_at/response_AT.5509.8_2025-09-02_11-09-46.json,2025-09-02T01:09:46Z
AT.5511.8,AUT,Zirl,6170,47.27135,11.25196,DIESEL,1.641,DIESEL 1.641 EUR,~/Desktop/MBAT-Internship-Project/data_OMV_at/prices_AT.5511.8_2025-09-02_11-09-46.png,~/Desktop/MBAT-Internship-Project/data_OMV_at/response_AT.5511.8_2025-09-02_11-09-46.json,2025-09-02T01:09:47Z
AT.5511.8,AUT,Zirl,6170,47.27135,11.25196,SUPER 95,1.639,SUPER 95 1.639 EUR,~/Desktop/MBAT-Internship-Project/data_OMV_at/prices_AT.5511.8_2025-09-02_11-09-46.png,~/Desktop/MBAT-Internship-Project/data_OMV_at/response_AT.5511.8_2025-09-02_11-09-46.json,2025-09-02T01:09:47Z
AT.5517.8,AUT,Brixlegg,6230,47.43323,11.88036,DIESEL,1.529,DIESEL 1.529 EUR,~/Desktop/MBAT-Internship-Project/data_OMV_at/prices_AT.5517.8_2025-09-02_11-09-47.png,~/Desktop/MBAT-Internship-Project/data_OMV_at/response_AT.5517.8_2025-09-02_11-09-47.json,2025-09-02T01:09:48Z
AT.5517.8,AUT,Brixlegg,6230,47.43323,11.88036,SUPER 95,1.519,SUPER 95 1.519 EUR,~/Desktop/MBAT-Internship-Project/data_OMV_at/prices_AT.5517.8_2025-09-02_11-09-47.png,~/Desktop/MBAT-Internship-Project/data_OMV_at/response_AT.5517.8_2025-09-02_11-09-47.json,2025-09-02T01:09:48Z
AT.5517.8,AUT,Brixlegg,6230,47.43323,11.88036,MaxxMotion Super 100plus,1.779,MaxxMotion Super 100plus 1.779 EUR,~/Desktop/MBAT-Internship-Project/data_OMV_at/prices_AT.5517.8_2025-09-02_11-09-47.png,~/Desktop/MBAT-Internship-Project/data_OMV_at/response_AT.5517.8_2025-09-02_11-09-47.json,2025-09-02T01:09:48Z
AT.5517.8,AUT,Brixlegg,6230,47.43323,11.88036,MaxxMotion Diesel,1.789,MaxxMotion Diesel 1.789 EUR,~/Desktop/MBAT-Internship-Project/data_OMV_at/prices_AT.5517.8_2025-09-02_11-09-47.png,~/Desktop/MBAT-Internship-Project/data_OMV_at/response_AT.5517.8_2025-09-02_11-09-47.json,2025-09-02T01:09:48Z
AT.5518.8,AUT,Haldensee,6673,47.49479,10.55756,DIESEL,1.554,DIESEL 1.554 EUR,~/Desktop/MBAT-Internship-Project/data_OMV_at/prices_AT.5518.8_2025-09-02_11-09-48.png,~/Desktop/MBAT-Internship-Project/data_OMV_at/response_AT.5518.8_2025-09-02_11-09-48.json,2025-09-02T01:09:49Z
AT.5518.8,AUT,Haldensee,6673,47.49479,10.55756,Diesel Plus,1.769,Diesel Plus 1.769 EUR,~/Desktop/MBAT-Internship-Project/data_OMV_at/prices_AT.5518.8_2025-09-02_11-09-48.png,~/Desktop/MBAT-Internship-Project/data_OMV_at/response_AT.5518.8_2025-09-02_11-09-48.json,2025-09-02T01:09:49Z
AT.5518.8,AUT,Haldensee,6673,47.49479,10.55756,SUPER 95,1.554,SUPER 95 1.554 EUR,~/Desktop/MBAT-Internship-Project/data_OMV_at/prices_AT.5518.8_2025-09-02_11-09-48.png,~/Desktop/MBAT-Internship-Project/data_OMV_at/response_AT.5518.8_2025-09-02_11-09-48.json,2025-09-02T01:09:49Z
AT.5519.8,AUT,Strass im Zillertal,6261,47.39793,11.81625,DIESEL,1.594,DIESEL 1.594 EUR,~/Desktop/MBAT-Internship-Project/data_OMV_at/prices_AT.5519.8_2025-09-02_11-09-49.png,~/Desktop/MBAT-Internship-Project/data_OMV_at/response_AT.5519.8_2025-09-02_11-09-49.json,2025-09-02T01:09:49Z
AT.5519.8,AUT,Strass im Zillertal,6261,47.39793,11.81625,SUPER 95,1.594,SUPER 95 1.594 EUR,~/Desktop/MBAT-Internship-Project/data_OMV_at/prices_AT.5519.8_2025-09-02_11-09-49.png,~/Desktop/MBAT-Internship-Project/data_OMV_at/response_AT.5519.8_2025-09-02_11-09-49.json,2025-09-02T01:09:49Z
AT.5528.8,AUT,Kufstein,6330,47.58913,12.17427,DIESEL,1.529,DIESEL 1.529 EUR,~/Desktop/MBAT-Internship-Project/data_OMV_at/prices_AT.5528.8_2025-09-02_11-09-50.png,~/Desktop/MBAT-Internship-Project/data_OMV_at/response_AT.5528.8_2025-09-02_11-09-50.json,2025-09-02T01:09:50Z
AT.5528.8,AUT,Kufstein,6330,47.58913,12.17427,SUPER 95,1.549,SUPER 95 1.549 EUR,~/Desktop/MBAT-Internship-Project/data_OMV_at/prices_AT.5528.8_2025-09-02_11-09-50.png,~/Desktop/MBAT-Internship-Project/data_OMV_at/response_AT.5528.8_2025-09-02_11-09-50.json,2025-09-02T01:09:50Z
AT.5528.8,AUT,Kufstein,6330,47.58913,12.17427,MaxxMotion Super 100plus,1.809,MaxxMotion Super 100plus 1.809 EUR,~/Desktop/MBAT-Internship-Project/data_OMV_at/prices_AT.5528.8_2025-09-02_11-09-50.png,~/Desktop/MBAT-Internship-Project/data_OMV_at/response_AT.5528.8_2025-09-02_11-09-50.json,2025-09-02T01:09:50Z
AT.5528.8,AUT,Kufstein,6330,47.58913,12.17427,MaxxMotion Diesel,1.789,MaxxMotion Diesel 1.789 EUR,~/Desktop/MBAT-Internship-Project/data_OMV_at/prices_AT.5528.8_2025-09-02_11-09-50.png,~/Desktop/MBAT-Internship-Project/data_OMV_at/response_AT.5528.8_2025-09-02_11-09-50.json,2025-09-02T01:09:50Z
AT.5534.8,AUT,Kundl,6250,47.46587,11.98732,DIESEL,1.504,DIESEL 1.504 EUR,~/Desktop/MBAT-Internship-Project/data_OMV_at/prices_AT.5534.8_2025-09-02_11-09-51.png,~/Desktop/MBAT-Internship-Project/data_OMV_at/response_AT.5534.8_2025-09-02_11-09-51.json,2025-09-02T01:09:51Z
AT.5534.8,AUT,Kundl,6250,47.46587,11.98732,Diesel Plus,1.719,Diesel Plus 1.719 EUR,~/Desktop/MBAT-Internship-Project/data_OMV_at/prices_AT.5534.8_2025-09-02_11-09-51.png,~/Desktop/MBAT-Internship-Project/data_OMV_at/response_AT.5534.8_2025-09-02_11-09-51.json,2025-09-02T01:09:51Z
AT.5534.8,AUT,Kundl,6250,47.46587,11.98732,SUPER 95,1.524,SUPER 95 1.524 EUR,~/Desktop/MBAT-Internship-Project/data_OMV_at/prices_AT.5534.8_2025-09-02_11-09-51.png,~/Desktop/MBAT-Internship-Project/data_OMV_at/response_AT.5534.8_2025-09-02_11-09-51.json,2025-09-02T01:09:51Z
AT.5536.8,AUT,Reith bei Seefeld,6100,47.32402,11.19909,DIESEL,1.619,DIESEL 1.619 EUR,~/Desktop/MBAT-Internship-Project/data_OMV_at/prices_AT.5536.8_2025-09-02_11-09-52.png,~/Desktop/MBAT-Internship-Project/data_OMV_at/response_AT.5536.8_2025-09-02_11-09-52.json,2025-09-02T01:09:52Z
AT.5536.8,AUT,Reith bei Seefeld,6100,47.32402,11.19909,OMV AdBlue,1.399,OMV AdBlue 1.399 EUR,~/Desktop/MBAT-Internship-Project/data_OMV_at/prices_AT.5536.8_2025-09-02_11-09-52.png,~/Desktop/MBAT-Internship-Project/data_OMV_at/response_AT.5536.8_2025-09-02_11-09-52.json,2025-09-02T01:09:52Z
AT.5536.8,AUT,Reith bei Seefeld,6100,47.32402,11.19909,SUPER 95,1.629,SUPER 95 1.629 EUR,~/Desktop/MBAT-Internship-Project/data_OMV_at/prices_AT.5536.8_2025-09-02_11-09-52.png,~/Desktop/MBAT-Internship-Project/data_OMV_at/response_AT.5536.8_2025-09-02_11-09-52.json,2025-09-02T01:09:52Z
AT.5536.8,AUT,Reith bei Seefeld,6100,47.32402,11.19909,MaxxMotion Super 100plus,1.889,MaxxMotion Super 100plus 1.889 EUR,~/Desktop/MBAT-Internship-Project/data_OMV_at/prices_AT.5536.8_2025-09-02_11-09-52.png,~/Desktop/MBAT-Internship-Project/data_OMV_at/response_AT.5536.8_2025-09-02_11-09-52.json,2025-09-02T01:09:52Z
AT.5536.8,AUT,Reith bei Seefeld,6100,47.32402,11.19909,MaxxMotion Diesel,1.879,MaxxMotion Diesel 1.879 EUR,~/Desktop/MBAT-Internship-Project/data_OMV_at/prices_AT.5536.8_2025-09-02_11-09-52.png,~/Desktop/MBAT-Internship-Project/data_OMV_at/response_AT.5536.8_2025-09-02_11-09-52.json,2025-09-02T01:09:52Z
AT.5538.8,AUT,Matrei,6143,47.1286,11.45258,DIESEL,1.749,DIESEL 1.749 EUR,~/Desktop/MBAT-Internship-Project/data_OMV_at/prices_AT.5538.8_2025-09-02_11-09-52.png,~/Desktop/MBAT-Internship-Project/data_OMV_at/response_AT.5538.8_2025-09-02_11-09-52.json,2025-09-02T01:09:53Z
AT.5538.8,AUT,Matrei,6143,47.1286,11.45258,SUPER 95,1.739,SUPER 95 1.739 EUR,~/Desktop/MBAT-Internship-Project/data_OMV_at/prices_AT.5538.8_2025-09-02_11-09-52.png,~/Desktop/MBAT-Internship-Project/data_OMV_at/response_AT.5538.8_2025-09-02_11-09-52.json,2025-09-02T01:09:53Z
AT.5538.8,AUT,Matrei,6143,47.1286,11.45258,MaxxMotion Super 100plus,1.999,MaxxMotion Super 100plus 1.999 EUR,~/Desktop/MBAT-Internship-Project/data_OMV_at/prices_AT.5538.8_2025-09-02_11-09-52.png,~/Desktop/MBAT-Internship-Project/data_OMV_at/response_AT.5538.8_2025-09-02_11-09-52.json,2025-09-02T01:09:53Z
AT.5538.8,AUT,Matrei,6143,47.1286,11.45258,MaxxMotion Diesel,2.009,MaxxMotion Diesel 2.009 EUR,~/Desktop/MBAT-Internship-Project/data_OMV_at/prices_AT.5538.8_2025-09-02_11-09-52.png,~/Desktop/MBAT-Internship-Project/data_OMV_at/response_AT.5538.8_2025-09-02_11-09-52.json,2025-09-02T01:09:53Z
AT.5545.8,AUT,Hopfgarten,6361,47.45309,12.15153,DIESEL,1.567,DIESEL 1.567 EUR,~/Desktop/MBAT-Internship-Project/data_OMV_at/prices_AT.5545.8_2025-09-02_11-09-53.png,~/Desktop/MBAT-Internship-Project/data_OMV_at/response_AT.5545.8_2025-09-02_11-09-53.json,2025-09-02T01:09:54Z
AT.5545.8,AUT,Hopfgarten,6361,47.45309,12.15153,SUPER 95,1.586,SUPER 95 1.586 EUR,~/Desktop/MBAT-Internship-Project/data_OMV_at/prices_AT.5545.8_2025-09-02_11-09-53.png,~/Desktop/MBAT-Internship-Project/data_OMV_at/response_AT.5545.8_2025-09-02_11-09-53.json,2025-09-02T01:09:54Z
AT.5545.8,AUT,Hopfgarten,6361,47.45309,12.15153,MaxxMotion Super 100plus,1.849,MaxxMotion Super 100plus 1.849 EUR,~/Desktop/MBAT-Internship-Project/data_OMV_at/prices_AT.5545.8_2025-09-02_11-09-53.png,~/Desktop/MBAT-Internship-Project/data_OMV_at/response_AT.5545.8_2025-09-02_11-09-53.json,2025-09-02T01:09:54Z
AT.5545.8,AUT,Hopfgarten,6361,47.45309,12.15153,MaxxMotion Diesel,1.829,MaxxMotion Diesel 1.829 EUR,~/Desktop/MBAT-Internship-Project/data_OMV_at/prices_AT.5545.8_2025-09-02_11-09-53.png,~/Desktop/MBAT-Internship-Project/data_OMV_at/response_AT.5545.8_2025-09-02_11-09-53.json,2025-09-02T01:09:54Z
AT.5546.8,AUT,Arzl im Pitztal,6471,47.21094,10.75935,DIESEL,1.594,DIESEL 1.594 EUR,~/Desktop/MBAT-Internship-Project/data_OMV_at/prices_AT.5546.8_2025-09-02_11-09-54.png,~/Desktop/MBAT-Internship-Project/data_OMV_at/response_AT.5546.8_2025-09-02_11-09-54.json,2025-09-02T01:09:55Z
AT.5546.8,AUT,Arzl im Pitztal,6471,47.21094,10.75935,SUPER 95,1.594,SUPER 95 1.594 EUR,~/Desktop/MBAT-Internship-Project/data_OMV_at/prices_AT.5546.8_2025-09-02_11-09-54.png,~/Desktop/MBAT-Internship-Project/data_OMV_at/response_AT.5546.8_2025-09-02_11-09-54.json,2025-09-02T01:09:55Z
AT.5548.8,AUT,Schwaz,6130,47.35044,11.70603,DIESEL,1.599,DIESEL 1.599 EUR,~/Desktop/MBAT-Internship-Project/data_OMV_at/prices_AT.5548.8_2025-09-02_11-09-55.png,~/Desktop/MBAT-Internship-Project/data_OMV_at/response_AT.5548.8_2025-09-02_11-09-55.json,2025-09-02T01:09:55Z
AT.5548.8,AUT,Schwaz,6130,47.35044,11.70603,SUPER 95,1.599,SUPER 95 1.599 EUR,~/Desktop/MBAT-Internship-Project/data_OMV_at/prices_AT.5548.8_2025-09-02_11-09-55.png,~/Desktop/MBAT-Internship-Project/data_OMV_at/response_AT.5548.8_2025-09-02_11-09-55.json,2025-09-02T01:09:55Z
AT.5548.8,AUT,Schwaz,6130,47.35044,11.70603,MaxxMotion Super 100plus,1.859,MaxxMotion Super 100plus 1.859 EUR,~/Desktop/MBAT-Internship-Project/data_OMV_at/prices_AT.5548.8_2025-09-02_11-09-55.png,~/Desktop/MBAT-Internship-Project/data_OMV_at/response_AT.5548.8_2025-09-02_11-09-55.json,2025-09-02T01:09:55Z
AT.5548.8,AUT,Schwaz,6130,47.35044,11.70603,MaxxMotion Diesel,1.859,MaxxMotion Diesel 1.859 EUR,~/Desktop/MBAT-Internship-Project/data_OMV_at/prices_AT.5548.8_2025-09-02_11-09-55.png,~/Desktop/MBAT-Internship-Project/data_OMV_at/response_AT.5548.8_2025-09-02_11-09-55.json,2025-09-02T01:09:55Z
AT.5549.8,AUT,Gries am Brenner,6156,47.01769,11.50733,DIESEL,1.669,DIESEL 1.669 EUR,~/Desktop/MBAT-Internship-Project/data_OMV_at/prices_AT.5549.8_2025-09-02_11-09-56.png,~/Desktop/MBAT-Internship-Project/data_OMV_at/response_AT.5549.8_2025-09-02_11-09-56.json,2025-09-02T01:09:56Z
AT.5549.8,AUT,Gries am Brenner,6156,47.01769,11.50733,HVO100 Diesel,1.919,HVO100 Diesel 1.919 EUR,~/Desktop/MBAT-Internship-Project/data_OMV_at/prices_AT.5549.8_2025-09-02_11-09-56.png,~/Desktop/MBAT-Internship-Project/data_OMV_at/response_AT.5549.8_2025-09-02_11-09-56.json,2025-09-02T01:09:56Z
AT.5549.8,AUT,Gries am Brenner,6156,47.01769,11.50733,OMV AdBlue,1.399,OMV AdBlue 1.399 EUR,~/Desktop/MBAT-Internship-Project/data_OMV_at/prices_AT.5549.8_2025-09-02_11-09-56.png,~/Desktop/MBAT-Internship-Project/data_OMV_at/response_AT.5549.8_2025-09-02_11-09-56.json,2025-09-02T01:09:56Z
AT.5549.8,AUT,Gries am Brenner,6156,47.01769,11.50733,SUPER 95,1.669,SUPER 95 1.669 EUR,~/Desktop/MBAT-Internship-Project/data_OMV_at/prices_AT.5549.8_2025-09-02_11-09-56.png,~/Desktop/MBAT-Internship-Project/data_OMV_at/response_AT.5549.8_2025-09-02_11-09-56.json,2025-09-02T01:09:56Z
AT.5549.8,AUT,Gries am Brenner,6156,47.01769,11.50733,MaxxMotion Diesel,1.929,MaxxMotion Diesel 1.929 EUR,~/Desktop/MBAT-Internship-Project/data_OMV_at/prices_AT.5549.8_2025-09-02_11-09-56.png,~/Desktop/MBAT-Internship-Project/data_OMV_at/response_AT.5549.8_2025-09-02_11-09-56.json,2025-09-02T01:09:56Z
AT.5550.8,AUT,Angath,6321,47.5195,12.066,DIESEL,1.999,DIESEL 1.999 EUR,~/Desktop/MBAT-Internship-Project/data_OMV_at/prices_AT.5550.8_2025-09-02_11-09-57.png,~/Desktop/MBAT-Internship-Project/data_OMV_at/response_AT.5550.8_2025-09-02_11-09-57.json,2025-09-02T01:09:57Z
AT.5550.8,AUT,Angath,6321,47.5195,12.066,OMV AdBlue,1.399,OMV AdBlue 1.399 EUR,~/Desktop/MBAT-Internship-Project/data_OMV_at/prices_AT.5550.8_2025-09-02_11-09-57.png,~/Desktop/MBAT-Internship-Project/data_OMV_at/response_AT.5550.8_2025-09-02_11-09-57.json,2025-09-02T01:09:57Z
AT.5550.8,AUT,Angath,6321,47.5195,12.066,SUPER 95,1.999,SUPER 95 1.999 EUR,~/Desktop/MBAT-Internship-Project/data_OMV_at/prices_AT.5550.8_2025-09-02_11-09-57.png,~/Desktop/MBAT-Internship-Project/data_OMV_at/response_AT.5550.8_2025-09-02_11-09-57.json,2025-09-02T01:09:57Z
AT.5550.8,AUT,Angath,6321,47.5195,12.066,MaxxMotion Super 100plus,2.259,MaxxMotion Super 100plus 2.259 EUR,~/Desktop/MBAT-Internship-Project/data_OMV_at/prices_AT.5550.8_2025-09-02_11-09-57.png,~/Desktop/MBAT-Internship-Project/data_OMV_at/response_AT.5550.8_2025-09-02_11-09-57.json,2025-09-02T01:09:57Z
AT.5550.8,AUT,Angath,6321,47.5195,12.066,MaxxMotion Diesel,2.259,MaxxMotion Diesel 2.259 EUR,~/Desktop/MBAT-Internship-Project/data_OMV_at/prices_AT.5550.8_2025-09-02_11-09-57.png,~/Desktop/MBAT-Internship-Project/data_OMV_at/response_AT.5550.8_2025-09-02_11-09-57.json,2025-09-02T01:09:57Z
AT.5571.8,AUT,Wörgl,6300,47.49028,12.07354,DIESEL,1.527,DIESEL 1.527 EUR,~/Desktop/MBAT-Internship-Project/data_OMV_at/prices_AT.5571.8_2025-09-02_11-09-57.png,~/Desktop/MBAT-Internship-Project/data_OMV_at/response_AT.5571.8_2025-09-02_11-09-57.json,2025-09-02T01:09:58Z
AT.5571.8,AUT,Wörgl,6300,47.49028,12.07354,SUPER 95,1.546,SUPER 95 1.546 EUR,~/Desktop/MBAT-Internship-Project/data_OMV_at/prices_AT.5571.8_2025-09-02_11-09-57.png,~/Desktop/MBAT-Internship-Project/data_OMV_at/response_AT.5571.8_2025-09-02_11-09-57.json,2025-09-02T01:09:58Z
AT.5571.8,AUT,Wörgl,6300,47.49028,12.07354,MaxxMotion Super 100plus,1.809,MaxxMotion Super 100plus 1.809 EUR,~/Desktop/MBAT-Internship-Project/data_OMV_at/prices_AT.5571.8_2025-09-02_11-09-57.png,~/Desktop/MBAT-Internship-Project/data_OMV_at/response_AT.5571.8_2025-09-02_11-09-57.json,2025-09-02T01:09:58Z
AT.5571.8,AUT,Wörgl,6300,47.49028,12.07354,MaxxMotion Diesel,1.789,MaxxMotion Diesel 1.789 EUR,~/Desktop/MBAT-Internship-Project/data_OMV_at/prices_AT.5571.8_2025-09-02_11-09-57.png,~/Desktop/MBAT-Internship-Project/data_OMV_at/response_AT.5571.8_2025-09-02_11-09-57.json,2025-09-02T01:09:58Z
AT.5574.8,AUT,Nassereith,6465,47.3272,10.8198,DIESEL,1.629,DIESEL 1.629 EUR,~/Desktop/MBAT-Internship-Project/data_OMV_at/prices_AT.5574.8_2025-09-02_11-09-58.png,~/Desktop/MBAT-Internship-Project/data_OMV_at/response_AT.5574.8_2025-09-02_11-09-58.json,2025-09-02T01:09:59Z
AT.5574.8,AUT,Nassereith,6465,47.3272,10.8198,OMV AdBlue,1.399,OMV AdBlue 1.399 EUR,~/Desktop/MBAT-Internship-Project/data_OMV_at/prices_AT.5574.8_2025-09-02_11-09-58.png,~/Desktop/MBAT-Internship-Project/data_OMV_at/response_AT.5574.8_2025-09-02_11-09-58.json,2025-09-02T01:09:59Z
AT.5574.8,AUT,Nassereith,6465,47.3272,10.8198,SUPER 95,1.639,SUPER 95 1.639 EUR,~/Desktop/MBAT-Internship-Project/data_OMV_at/prices_AT.5574.8_2025-09-02_11-09-58.png,~/Desktop/MBAT-Internship-Project/data_OMV_at/response_AT.5574.8_2025-09-02_11-09-58.json,2025-09-02T01:09:59Z
AT.5574.8,AUT,Nassereith,6465,47.3272,10.8198,MaxxMotion Super 100plus,1.899,MaxxMotion Super 100plus 1.899 EUR,~/Desktop/MBAT-Internship-Project/data_OMV_at/prices_AT.5574.8_2025-09-02_11-09-58.png,~/Desktop/MBAT-Internship-Project/data_OMV_at/response_AT.5574.8_2025-09-02_11-09-58.json,2025-09-02T01:09:59Z
AT.5574.8,AUT,Nassereith,6465,47.3272,10.8198,MaxxMotion Diesel,1.889,MaxxMotion Diesel 1.889 EUR,~/Desktop/MBAT-Internship-Project/data_OMV_at/prices_AT.5574.8_2025-09-02_11-09-58.png,~/Desktop/MBAT-Internship-Project/data_OMV_at/response_AT.5574.8_2025-09-02_11-09-58.json,2025-09-02T01:09:59Z
AT.5575.8,AUT,Ellmau,6352,47.52129,12.26891,DIESEL,1.589,DIESEL 1.589 EUR,~/Desktop/MBAT-Internship-Project/data_OMV_at/prices_AT.5575.8_2025-09-02_11-09-59.png,~/Desktop/MBAT-Internship-Project/data_OMV_at/response_AT.5575.8_2025-09-02_11-09-59.json,2025-09-02T01:10:00Z
AT.5575.8,AUT,Ellmau,6352,47.52129,12.26891,SUPER 95,1.609,SUPER 95 1.609 EUR,~/Desktop/MBAT-Internship-Project/data_OMV_at/prices_AT.5575.8_2025-09-02_11-09-59.png,~/Desktop/MBAT-Internship-Project/data_OMV_at/response_AT.5575.8_2025-09-02_11-09-59.json,2025-09-02T01:10:00Z
AT.5575.8,AUT,Ellmau,6352,47.52129,12.26891,MaxxMotion Super 100plus,1.869,MaxxMotion Super 100plus 1.869 EUR,~/Desktop/MBAT-Internship-Project/data_OMV_at/prices_AT.5575.8_2025-09-02_11-09-59.png,~/Desktop/MBAT-Internship-Project/data_OMV_at/response_AT.5575.8_2025-09-02_11-09-59.json,2025-09-02T01:10:00Z
AT.5575.8,AUT,Ellmau,6352,47.52129,12.26891,MaxxMotion Diesel,1.849,MaxxMotion Diesel 1.849 EUR,~/Desktop/MBAT-Internship-Project/data_OMV_at/prices_AT.5575.8_2025-09-02_11-09-59.png,~/Desktop/MBAT-Internship-Project/data_OMV_at/response_AT.5575.8_2025-09-02_11-09-59.json,2025-09-02T01:10:00Z
AT.5583.8,AUT,Tannheim,6675,47.49917,10.51679,DIESEL,1.589,DIESEL 1.589 EUR,~/Desktop/MBAT-Internship-Project/data_OMV_at/prices_AT.5583.8_2025-09-02_11-10-00.png,~/Desktop/MBAT-Internship-Project/data_OMV_at/response_AT.5583.8_2025-09-02_11-10-00.json,2025-09-02T01:10:01Z
AT.5583.8,AUT,Tannheim,6675,47.49917,10.51679,SUPER 95,1.589,SUPER 95 1.589 EUR,~/Desktop/MBAT-Internship-Project/data_OMV_at/prices_AT.5583.8_2025-09-02_11-10-00.png,~/Desktop/MBAT-Internship-Project/data_OMV_at/response_AT.5583.8_2025-09-02_11-10-00.json,2025-09-02T01:10:01Z
AT.5583.8,AUT,Tannheim,6675,47.49917,10.51679,MaxxMotion Super 100plus,1.849,MaxxMotion Super 100plus 1.849 EUR,~/Desktop/MBAT-Internship-Project/data_OMV_at/prices_AT.5583.8_2025-09-02_11-10-00.png,~/Desktop/MBAT-Internship-Project/data_OMV_at/response_AT.5583.8_2025-09-02_11-10-00.json,2025-09-02T01:10:01Z
AT.5584.8,AUT,Längenfeld,6444,47.07863,10.96764,DIESEL,1.629,DIESEL 1.629 EUR,~/Desktop/MBAT-Internship-Project/data_OMV_at/prices_AT.5584.8_2025-09-02_11-10-01.png,~/Desktop/MBAT-Internship-Project/data_OMV_at/response_AT.5584.8_2025-09-02_11-10-01.json,2025-09-02T01:10:01Z
AT.5584.8,AUT,Längenfeld,6444,47.07863,10.96764,SUPER 95,1.629,SUPER 95 1.629 EUR,~/Desktop/MBAT-Internship-Project/data_OMV_at/prices_AT.5584.8_2025-09-02_11-10-01.png,~/Desktop/MBAT-Internship-Project/data_OMV_at/response_AT.5584.8_2025-09-02_11-10-01.json,2025-09-02T01:10:01Z
AT.5584.8,AUT,Längenfeld,6444,47.07863,10.96764,MaxxMotion Super 100plus,1.889,MaxxMotion Super 100plus 1.889 EUR,~/Desktop/MBAT-Internship-Project/data_OMV_at/prices_AT.5584.8_2025-09-02_11-10-01.png,~/Desktop/MBAT-Internship-Project/data_OMV_at/response_AT.5584.8_2025-09-02_11-10-01.json,2025-09-02T01:10:01Z
AT.5584.8,AUT,Längenfeld,6444,47.07863,10.96764,MaxxMotion Diesel,1.889,MaxxMotion Diesel 1.889 EUR,~/Desktop/MBAT-Internship-Project/data_OMV_at/prices_AT.5584.8_2025-09-02_11-10-01.png,~/Desktop/MBAT-Internship-Project/data_OMV_at/response_AT.5584.8_2025-09-02_11-10-01.json,2025-09-02T01:10:01Z
AT.5588.8,AUT,Kitzbühel,6370,47.45609,12.38639,DIESEL,1.579,DIESEL 1.579 EUR,~/Desktop/MBAT-Internship-Project/data_OMV_at/prices_AT.5588.8_2025-09-02_11-10-02.png,~/Desktop/MBAT-Internship-Project/data_OMV_at/response_AT.5588.8_2025-09-02_11-10-02.json,2025-09-02T01:10:02Z
AT.5588.8,AUT,Kitzbühel,6370,47.45609,12.38639,SUPER 95,1.589,SUPER 95 1.589 EUR,~/Desktop/MBAT-Internship-Project/data_OMV_at/prices_AT.5588.8_2025-09-02_11-10-02.png,~/Desktop/MBAT-Internship-Project/data_OMV_at/response_AT.5588.8_2025-09-02_11-10-02.json,2025-09-02T01:10:02Z
AT.5588.8,AUT,Kitzbühel,6370,47.45609,12.38639,MaxxMotion Super 100plus,1.849,MaxxMotion Super 100plus 1.849 EUR,~/Desktop/MBAT-Internship-Project/data_OMV_at/prices_AT.5588.8_2025-09-02_11-10-02.png,~/Desktop/MBAT-Internship-Project/data_OMV_at/response_AT.5588.8_2025-09-02_11-10-02.json,2025-09-02T01:10:02Z
AT.5588.8,AUT,Kitzbühel,6370,47.45609,12.38639,MaxxMotion Diesel,1.839,MaxxMotion Diesel 1.839 EUR,~/Desktop/MBAT-Internship-Project/data_OMV_at/prices_AT.5588.8_2025-09-02_11-10-02.png,~/Desktop/MBAT-Internship-Project/data_OMV_at/response_AT.5588.8_2025-09-02_11-10-02.json,2025-09-02T01:10:02Z
AT.5589.8,AUT,Ried im Oberinntal,6531,47.05741,10.65375,DIESEL,1.619,DIESEL 1.619 EUR,~/Desktop/MBAT-Internship-Project/data_OMV_at/prices_AT.5589.8_2025-09-02_11-10-03.png,~/Desktop/MBAT-Internship-Project/data_OMV_at/response_AT.5589.8_2025-09-02_11-10-03.json,2025-09-02T01:10:03Z
AT.5589.8,AUT,Ried im Oberinntal,6531,47.05741,10.65375,SUPER 95,1.619,SUPER 95 1.619 EUR,~/Desktop/MBAT-Internship-Project/data_OMV_at/prices_AT.5589.8_2025-09-02_11-10-03.png,~/Desktop/MBAT-Internship-Project/data_OMV_at/response_AT.5589.8_2025-09-02_11-10-03.json,2025-09-02T01:10:03Z
AT.5589.8,AUT,Ried im Oberinntal,6531,47.05741,10.65375,MaxxMotion Super 100plus,1.879,MaxxMotion Super 100plus 1.879 EUR,~/Desktop/MBAT-Internship-Project/data_OMV_at/prices_AT.5589.8_2025-09-02_11-10-03.png,~/Desktop/MBAT-Internship-Project/data_OMV_at/response_AT.5589.8_2025-09-02_11-10-03.json,2025-09-02T01:10:03Z
AT.5589.8,AUT,Ried im Oberinntal,6531,47.05741,10.65375,MaxxMotion Diesel,1.879,MaxxMotion Diesel 1.879 EUR,~/Desktop/MBAT-Internship-Project/data_OMV_at/prices_AT.5589.8_2025-09-02_11-10-03.png,~/Desktop/MBAT-Internship-Project/data_OMV_at/response_AT.5589.8_2025-09-02_11-10-03.json,2025-09-02T01:10:03Z
AT.5594.8,AUT,Hall in Tirol,6060,47.27348,11.47347,DIESEL,1.659,DIESEL 1.659 EUR,~/Desktop/MBAT-Internship-Project/data_OMV_at/prices_AT.5594.8_2025-09-02_11-10-03.png,~/Desktop/MBAT-Internship-Project/data_OMV_at/response_AT.5594.8_2025-09-02_11-10-03.json,2025-09-02T01:10:04Z
AT.5594.8,AUT,Hall in Tirol,6060,47.27348,11.47347,OMV AdBlue,1.399,OMV AdBlue 1.399 EUR,~/Desktop/MBAT-Internship-Project/data_OMV_at/prices_AT.5594.8_2025-09-02_11-10-03.png,~/Desktop/MBAT-Internship-Project/data_OMV_at/response_AT.5594.8_2025-09-02_11-10-03.json,2025-09-02T01:10:04Z
AT.5594.8,AUT,Hall in Tirol,6060,47.27348,11.47347,SUPER 95,1.669,SUPER 95 1.669 EUR,~/Desktop/MBAT-Internship-Project/data_OMV_at/prices_AT.5594.8_2025-09-02_11-10-03.png,~/Desktop/MBAT-Internship-Project/data_OMV_at/response_AT.5594.8_2025-09-02_11-10-03.json,2025-09-02T01:10:04Z
AT.5594.8,AUT,Hall in Tirol,6060,47.27348,11.47347,MaxxMotion Super 100plus,1.929,MaxxMotion Super 100plus 1.929 EUR,~/Desktop/MBAT-Internship-Project/data_OMV_at/prices_AT.5594.8_2025-09-02_11-10-03.png,~/Desktop/MBAT-Internship-Project/data_OMV_at/response_AT.5594.8_2025-09-02_11-10-03.json,2025-09-02T01:10:04Z
AT.5594.8,AUT,Hall in Tirol,6060,47.27348,11.47347,MaxxMotion Diesel,1.919,MaxxMotion Diesel 1.919 EUR,~/Desktop/MBAT-Internship-Project/data_OMV_at/prices_AT.5594.8_2025-09-02_11-10-03.png,~/Desktop/MBAT-Internship-Project/data_OMV_at/response_AT.5594.8_2025-09-02_11-10-03.json,2025-09-02T01:10:04Z
AT.5595.8,AUT,Kirchdorf in Tirol,6383,47.54417,12.44904,DIESEL,1.559,DIESEL 1.559 EUR,~/Desktop/MBAT-Internship-Project/data_OMV_at/prices_AT.5595.8_2025-09-02_11-10-04.png,~/Desktop/MBAT-Internship-Project/data_OMV_at/response_AT.5595.8_2025-09-02_11-10-04.json,2025-09-02T01:10:05Z
AT.5595.8,AUT,Kirchdorf in Tirol,6383,47.54417,12.44904,SUPER 95,1.559,SUPER 95 1.559 EUR,~/Desktop/MBAT-Internship-Project/data_OMV_at/prices_AT.5595.8_2025-09-02_11-10-04.png,~/Desktop/MBAT-Internship-Project/data_OMV_at/response_AT.5595.8_2025-09-02_11-10-04.json,2025-09-02T01:10:05Z
AT.5596.8,AUT,Pettneu am Arlberg,6574,47.1489,10.3743,DIESEL,1.899,DIESEL 1.899 EUR,~/Desktop/MBAT-Internship-Project/data_OMV_at/prices_AT.5596.8_2025-09-02_11-10-05.png,~/Desktop/MBAT-Internship-Project/data_OMV_at/response_AT.5596.8_2025-09-02_11-10-05.json,2025-09-02T01:10:06Z
AT.5596.8,AUT,Pettneu am Arlberg,6574,47.1489,10.3743,SUPER 95,1.899,SUPER 95 1.899 EUR,~/Desktop/MBAT-Internship-Project/data_OMV_at/prices_AT.5596.8_2025-09-02_11-10-05.png,~/Desktop/MBAT-Internship-Project/data_OMV_at/response_AT.5596.8_2025-09-02_11-10-05.json,2025-09-02T01:10:06Z
AT.5596.8,AUT,Pettneu am Arlberg,6574,47.1489,10.3743,MaxxMotion Super 100plus,2.159,MaxxMotion Super 100plus 2.159 EUR,~/Desktop/MBAT-Internship-Project/data_OMV_at/prices_AT.5596.8_2025-09-02_11-10-05.png,~/Desktop/MBAT-Internship-Project/data_OMV_at/response_AT.5596.8_2025-09-02_11-10-05.json,2025-09-02T01:10:06Z
AT.5596.8,AUT,Pettneu am Arlberg,6574,47.1489,10.3743,MaxxMotion Diesel,2.159,MaxxMotion Diesel 2.159 EUR,~/Desktop/MBAT-Internship-Project/data_OMV_at/prices_AT.5596.8_2025-09-02_11-10-05.png,~/Desktop/MBAT-Internship-Project/data_OMV_at/response_AT.5596.8_2025-09-02_11-10-05.json,2025-09-02T01:10:06Z
AT.5597.8,AUT,Ötztal-Bahnhof,6430,47.22949,10.85657,DIESEL,1.609,DIESEL 1.609 EUR,~/Desktop/MBAT-Internship-Project/data_OMV_at/prices_AT.5597.8_2025-09-02_11-10-06.png,~/Desktop/MBAT-Internship-Project/data_OMV_at/response_AT.5597.8_2025-09-02_11-10-06.json,2025-09-02T01:10:06Z
AT.5597.8,AUT,Ötztal-Bahnhof,6430,47.22949,10.85657,SUPER 95,1.609,SUPER 95 1.609 EUR,~/Desktop/MBAT-Internship-Project/data_OMV_at/prices_AT.5597.8_2025-09-02_11-10-06.png,~/Desktop/MBAT-Internship-Project/data_OMV_at/response_AT.5597.8_2025-09-02_11-10-06.json,2025-09-02T01:10:06Z
AT.5597.8,AUT,Ötztal-Bahnhof,6430,47.22949,10.85657,MaxxMotion Super 100plus,1.869,MaxxMotion Super 100plus 1.869 EUR,~/Desktop/MBAT-Internship-Project/data_OMV_at/prices_AT.5597.8_2025-09-02_11-10-06.png,~/Desktop/MBAT-Internship-Project/data_OMV_at/response_AT.5597.8_2025-09-02_11-10-06.json,2025-09-02T01:10:06Z
AT.5597.8,AUT,Ötztal-Bahnhof,6430,47.22949,10.85657,MaxxMotion Diesel,1.869,MaxxMotion Diesel 1.869 EUR,~/Desktop/MBAT-Internship-Project/data_OMV_at/prices_AT.5597.8_2025-09-02_11-10-06.png,~/Desktop/MBAT-Internship-Project/data_OMV_at/response_AT.5597.8_2025-09-02_11-10-06.json,2025-09-02T01:10:06Z
AT.5602.8,AUT,Fügen im Zillertal,6263,47.35141,11.85149,DIESEL,1.594,DIESEL 1.594 EUR,~/Desktop/MBAT-Internship-Project/data_OMV_at/prices_AT.5602.8_2025-09-02_11-10-07.png,~/Desktop/MBAT-Internship-Project/data_OMV_at/response_AT.5602.8_2025-09-02_11-10-07.json,2025-09-02T01:10:07Z
AT.5602.8,AUT,Fügen im Zillertal,6263,47.35141,11.85149,Premium Power Diesel,1.809,Premium Power Diesel 1.809 EUR,~/Desktop/MBAT-Internship-Project/data_OMV_at/prices_AT.5602.8_2025-09-02_11-10-07.png,~/Desktop/MBAT-Internship-Project/data_OMV_at/response_AT.5602.8_2025-09-02_11-10-07.json,2025-09-02T01:10:07Z
AT.5602.8,AUT,Fügen im Zillertal,6263,47.35141,11.85149,SUPER 95,1.594,SUPER 95 1.594 EUR,~/Desktop/MBAT-Internship-Project/data_OMV_at/prices_AT.5602.8_2025-09-02_11-10-07.png,~/Desktop/MBAT-Internship-Project/data_OMV_at/response_AT.5602.8_2025-09-02_11-10-07.json,2025-09-02T01:10:07Z
AT.5606.8,AUT,KUFSTEIN,6330,47.56574,12.15013,DIESEL,1.421,DIESEL 1.421 EUR,~/Desktop/MBAT-Internship-Project/data_OMV_at/prices_AT.5606.8_2025-09-02_11-10-08.png,~/Desktop/MBAT-Internship-Project/data_OMV_at/response_AT.5606.8_2025-09-02_11-10-08.json,2025-09-02T01:10:08Z
AT.5652.8,AUT,Innsbruck,6020,47.26531,11.42629,DIESEL,1.619,DIESEL 1.619 EUR,~/Desktop/MBAT-Internship-Project/data_OMV_at/prices_AT.5652.8_2025-09-02_11-10-08.png,~/Desktop/MBAT-Internship-Project/data_OMV_at/response_AT.5652.8_2025-09-02_11-10-08.json,2025-09-02T01:10:09Z
AT.5652.8,AUT,Innsbruck,6020,47.26531,11.42629,OMV AdBlue,1.399,OMV AdBlue 1.399 EUR,~/Desktop/MBAT-Internship-Project/data_OMV_at/prices_AT.5652.8_2025-09-02_11-10-08.png,~/Desktop/MBAT-Internship-Project/data_OMV_at/response_AT.5652.8_2025-09-02_11-10-08.json,2025-09-02T01:10:09Z
AT.5652.8,AUT,Innsbruck,6020,47.26531,11.42629,SUPER 95,1.609,SUPER 95 1.609 EUR,~/Desktop/MBAT-Internship-Project/data_OMV_at/prices_AT.5652.8_2025-09-02_11-10-08.png,~/Desktop/MBAT-Internship-Project/data_OMV_at/response_AT.5652.8_2025-09-02_11-10-08.json,2025-09-02T01:10:09Z
AT.5652.8,AUT,Innsbruck,6020,47.26531,11.42629,MaxxMotion Super 100plus,1.859,MaxxMotion Super 100plus 1.859 EUR,~/Desktop/MBAT-Internship-Project/data_OMV_at/prices_AT.5652.8_2025-09-02_11-10-08.png,~/Desktop/MBAT-Internship-Project/data_OMV_at/response_AT.5652.8_2025-09-02_11-10-08.json,2025-09-02T01:10:09Z
AT.5652.8,AUT,Innsbruck,6020,47.26531,11.42629,MaxxMotion Diesel,1.879,MaxxMotion Diesel 1.879 EUR,~/Desktop/MBAT-Internship-Project/data_OMV_at/prices_AT.5652.8_2025-09-02_11-10-08.png,~/Desktop/MBAT-Internship-Project/data_OMV_at/response_AT.5652.8_2025-09-02_11-10-08.json,2025-09-02T01:10:09Z
AT.5653.8,AUT,Innsbruck,6020,47.26533,11.42537,DIESEL,1.584,DIESEL 1.584 EUR,~/Desktop/MBAT-Internship-Project/data_OMV_at/prices_AT.5653.8_2025-09-02_11-10-09.png,~/Desktop/MBAT-Internship-Project/data_OMV_at/response_AT.5653.8_2025-09-02_11-10-09.json,2025-09-02T01:10:10Z
AT.5653.8,AUT,Innsbruck,6020,47.26533,11.42537,SUPER 95,1.589,SUPER 95 1.589 EUR,~/Desktop/MBAT-Internship-Project/data_OMV_at/prices_AT.5653.8_2025-09-02_11-10-09.png,~/Desktop/MBAT-Internship-Project/data_OMV_at/response_AT.5653.8_2025-09-02_11-10-09.json,2025-09-02T01:10:10Z
AT.5655.8,AUT,Landeck,6500,47.14163,10.56352,DIESEL,1.584,DIESEL 1.584 EUR,~/Desktop/MBAT-Internship-Project/data_OMV_at/prices_AT.5655.8_2025-09-02_11-10-10.png,~/Desktop/MBAT-Internship-Project/data_OMV_at/response_AT.5655.8_2025-09-02_11-10-10.json,2025-09-02T01:10:11Z
AT.5655.8,AUT,Landeck,6500,47.14163,10.56352,Premium Power Diesel,1.799,Premium Power Diesel 1.799 EUR,~/Desktop/MBAT-Internship-Project/data_OMV_at/prices_AT.5655.8_2025-09-02_11-10-10.png,~/Desktop/MBAT-Internship-Project/data_OMV_at/response_AT.5655.8_2025-09-02_11-10-10.json,2025-09-02T01:10:11Z
AT.5655.8,AUT,Landeck,6500,47.14163,10.56352,SUPER 95,1.584,SUPER 95 1.584 EUR,~/Desktop/MBAT-Internship-Project/data_OMV_at/prices_AT.5655.8_2025-09-02_11-10-10.png,~/Desktop/MBAT-Internship-Project/data_OMV_at/response_AT.5655.8_2025-09-02_11-10-10.json,2025-09-02T01:10:11Z
AT.5658.8,AUT,Wörgl,6300,47.49011,12.0728,DIESEL,1.502,DIESEL 1.502 EUR,~/Desktop/MBAT-Internship-Project/data_OMV_at/prices_AT.5658.8_2025-09-02_11-10-11.png,~/Desktop/MBAT-Internship-Project/data_OMV_at/response_AT.5658.8_2025-09-02_11-10-11.json,2025-09-02T01:10:11Z
AT.5658.8,AUT,Wörgl,6300,47.49011,12.0728,Premium Power Diesel,1.719,Premium Power Diesel 1.719 EUR,~/Desktop/MBAT-Internship-Project/data_OMV_at/prices_AT.5658.8_2025-09-02_11-10-11.png,~/Desktop/MBAT-Internship-Project/data_OMV_at/response_AT.5658.8_2025-09-02_11-10-11.json,2025-09-02T01:10:11Z
AT.5658.8,AUT,Wörgl,6300,47.49011,12.0728,SUPER 95,1.522,SUPER 95 1.522 EUR,~/Desktop/MBAT-Internship-Project/data_OMV_at/prices_AT.5658.8_2025-09-02_11-10-11.png,~/Desktop/MBAT-Internship-Project/data_OMV_at/response_AT.5658.8_2025-09-02_11-10-11.json,2025-09-02T01:10:11Z
AT.5659.8,AUT,Achenkirch,6215,47.55139,11.68864,DIESEL,1.126,DIESEL 1.126 EUR,~/Desktop/MBAT-Internship-Project/data_OMV_at/prices_AT.5659.8_2025-09-02_11-10-12.png,~/Desktop/MBAT-Internship-Project/data_OMV_at/response_AT.5659.8_2025-09-02_11-10-12.json,2025-09-02T01:10:12Z
AT.5659.8,AUT,Achenkirch,6215,47.55139,11.68864,SUPER 95,1.286,SUPER 95 1.286 EUR,~/Desktop/MBAT-Internship-Project/data_OMV_at/prices_AT.5659.8_2025-09-02_11-10-12.png,~/Desktop/MBAT-Internship-Project/data_OMV_at/response_AT.5659.8_2025-09-02_11-10-12.json,2025-09-02T01:10:12Z
AT.5700.8,AUT,Neustift,6167,47.12944,11.33707,DIESEL,1.699,DIESEL 1.699 EUR,~/Desktop/MBAT-Internship-Project/data_OMV_at/prices_AT.5700.8_2025-09-02_11-10-13.png,~/Desktop/MBAT-Internship-Project/data_OMV_at/response_AT.5700.8_2025-09-02_11-10-13.json,2025-09-02T01:10:13Z
AT.5700.8,AUT,Neustift,6167,47.12944,11.33707,SUPER 95,1.679,SUPER 95 1.679 EUR,~/Desktop/MBAT-Internship-Project/data_OMV_at/prices_AT.5700.8_2025-09-02_11-10-13.png,~/Desktop/MBAT-Internship-Project/data_OMV_at/response_AT.5700.8_2025-09-02_11-10-13.json,2025-09-02T01:10:13Z
AT.5700.8,AUT,Neustift,6167,47.12944,11.33707,MaxxMotion Super 100plus,1.939,MaxxMotion Super 100plus 1.939 EUR,~/Desktop/MBAT-Internship-Project/data_OMV_at/prices_AT.5700.8_2025-09-02_11-10-13.png,~/Desktop/MBAT-Internship-Project/data_OMV_at/response_AT.5700.8_2025-09-02_11-10-13.json,2025-09-02T01:10:13Z
AT.5700.8,AUT,Neustift,6167,47.12944,11.33707,MaxxMotion Diesel,1.959,MaxxMotion Diesel 1.959 EUR,~/Desktop/MBAT-Internship-Project/data_OMV_at/prices_AT.5700.8_2025-09-02_11-10-13.png,~/Desktop/MBAT-Internship-Project/data_OMV_at/response_AT.5700.8_2025-09-02_11-10-13.json,2025-09-02T01:10:13Z
AT.5711.8,AUT,Völs,6176,47.25616,11.31615,DIESEL,1.614,DIESEL 1.614 EUR,~/Desktop/MBAT-Internship-Project/data_OMV_at/prices_AT.5711.8_2025-09-02_11-10-13.png,~/Desktop/MBAT-Internship-Project/data_OMV_at/response_AT.5711.8_2025-09-02_11-10-13.json,2025-09-02T01:10:14Z
AT.5711.8,AUT,Völs,6176,47.25616,11.31615,SUPER 95,1.614,SUPER 95 1.614 EUR,~/Desktop/MBAT-Internship-Project/data_OMV_at/prices_AT.5711.8_2025-09-02_11-10-13.png,~/Desktop/MBAT-Internship-Project/data_OMV_at/response_AT.5711.8_2025-09-02_11-10-13.json,2025-09-02T01:10:14Z
AT.5711.8,AUT,Völs,6176,47.25616,11.31615,MaxxMotion Super 100plus,1.879,MaxxMotion Super 100plus 1.879 EUR,~/Desktop/MBAT-Internship-Project/data_OMV_at/prices_AT.5711.8_2025-09-02_11-10-13.png,~/Desktop/MBAT-Internship-Project/data_OMV_at/response_AT.5711.8_2025-09-02_11-10-13.json,2025-09-02T01:10:14Z
AT.5711.8,AUT,Völs,6176,47.25616,11.31615,MaxxMotion Diesel,1.879,MaxxMotion Diesel 1.879 EUR,~/Desktop/MBAT-Internship-Project/data_OMV_at/prices_AT.5711.8_2025-09-02_11-10-13.png,~/Desktop/MBAT-Internship-Project/data_OMV_at/response_AT.5711.8_2025-09-02_11-10-13.json,2025-09-02T01:10:14Z
AT.5717.8,AUT,Innsbruck,6020,47.25633,11.38869,DIESEL,1.599,DIESEL 1.599 EUR,~/Desktop/MBAT-Internship-Project/data_OMV_at/prices_AT.5717.8_2025-09-02_11-10-14.png,~/Desktop/MBAT-Internship-Project/data_OMV_at/response_AT.5717.8_2025-09-02_11-10-14.json,2025-09-02T01:10:15Z
AT.5717.8,AUT,Innsbruck,6020,47.25633,11.38869,SUPER 95,1.599,SUPER 95 1.599 EUR,~/Desktop/MBAT-Internship-Project/data_OMV_at/prices_AT.5717.8_2025-09-02_11-10-14.png,~/Desktop/MBAT-Internship-Project/data_OMV_at/response_AT.5717.8_2025-09-02_11-10-14.json,2025-09-02T01:10:15Z
AT.5717.8,AUT,Innsbruck,6020,47.25633,11.38869,MaxxMotion Super 100plus,1.859,MaxxMotion Super 100plus 1.859 EUR,~/Desktop/MBAT-Internship-Project/data_OMV_at/prices_AT.5717.8_2025-09-02_11-10-14.png,~/Desktop/MBAT-Internship-Project/data_OMV_at/response_AT.5717.8_2025-09-02_11-10-14.json,2025-09-02T01:10:15Z
AT.5717.8,AUT,Innsbruck,6020,47.25633,11.38869,MaxxMotion Diesel,1.859,MaxxMotion Diesel 1.859 EUR,~/Desktop/MBAT-Internship-Project/data_OMV_at/prices_AT.5717.8_2025-09-02_11-10-14.png,~/Desktop/MBAT-Internship-Project/data_OMV_at/response_AT.5717.8_2025-09-02_11-10-14.json,2025-09-02T01:10:15Z
AT.5737.8,AUT,Zell am Ziller,6280,47.22926,11.89207,DIESEL,1.599,DIESEL 1.599 EUR,~/Desktop/MBAT-Internship-Project/data_OMV_at/prices_AT.5737.8_2025-09-02_11-10-15.png,~/Desktop/MBAT-Internship-Project/data_OMV_at/response_AT.5737.8_2025-09-02_11-10-15.json,2025-09-02T01:10:16Z
AT.5737.8,AUT,Zell am Ziller,6280,47.22926,11.89207,SUPER 95,1.599,SUPER 95 1.599 EUR,~/Desktop/MBAT-Internship-Project/data_OMV_at/prices_AT.5737.8_2025-09-02_11-10-15.png,~/Desktop/MBAT-Internship-Project/data_OMV_at/response_AT.5737.8_2025-09-02_11-10-15.json,2025-09-02T01:10:16Z
AT.5737.8,AUT,Zell am Ziller,6280,47.22926,11.89207,MaxxMotion Super 100plus,1.859,MaxxMotion Super 100plus 1.859 EUR,~/Desktop/MBAT-Internship-Project/data_OMV_at/prices_AT.5737.8_2025-09-02_11-10-15.png,~/Desktop/MBAT-Internship-Project/data_OMV_at/response_AT.5737.8_2025-09-02_11-10-15.json,2025-09-02T01:10:16Z
AT.5737.8,AUT,Zell am Ziller,6280,47.22926,11.89207,MaxxMotion Diesel,1.859,MaxxMotion Diesel 1.859 EUR,~/Desktop/MBAT-Internship-Project/data_OMV_at/prices_AT.5737.8_2025-09-02_11-10-15.png,~/Desktop/MBAT-Internship-Project/data_OMV_at/response_AT.5737.8_2025-09-02_11-10-15.json,2025-09-02T01:10:16Z
AT.5738.8,AUT,Leutasch,6105,47.36978,11.16653,DIESEL,1.617,DIESEL 1.617 EUR,~/Desktop/MBAT-Internship-Project/data_OMV_at/prices_AT.5738.8_2025-09-02_11-10-16.png,~/Desktop/MBAT-Internship-Project/data_OMV_at/response_AT.5738.8_2025-09-02_11-10-16.json,2025-09-02T01:10:16Z
AT.5738.8,AUT,Leutasch,6105,47.36978,11.16653,SUPER 95,1.624,SUPER 95 1.624 EUR,~/Desktop/MBAT-Internship-Project/data_OMV_at/prices_AT.5738.8_2025-09-02_11-10-16.png,~/Desktop/MBAT-Internship-Project/data_OMV_at/response_AT.5738.8_2025-09-02_11-10-16.json,2025-09-02T01:10:16Z
AT.5741.8,AUT,Rum,6064,47.2873,11.46305,DIESEL,1.599,DIESEL 1.599 EUR,~/Desktop/MBAT-Internship-Project/data_OMV_at/prices_AT.5741.8_2025-09-02_11-10-17.png,~/Desktop/MBAT-Internship-Project/data_OMV_at/response_AT.5741.8_2025-09-02_11-10-17.json,2025-09-02T01:10:17Z
AT.5741.8,AUT,Rum,6064,47.2873,11.46305,Premium Power Diesel,1.809,Premium Power Diesel 1.809 EUR,~/Desktop/MBAT-Internship-Project/data_OMV_at/prices_AT.5741.8_2025-09-02_11-10-17.png,~/Desktop/MBAT-Internship-Project/data_OMV_at/response_AT.5741.8_2025-09-02_11-10-17.json,2025-09-02T01:10:17Z
AT.5741.8,AUT,Rum,6064,47.2873,11.46305,SUPER 95,1.579,SUPER 95 1.579 EUR,~/Desktop/MBAT-Internship-Project/data_OMV_at/prices_AT.5741.8_2025-09-02_11-10-17.png,~/Desktop/MBAT-Internship-Project/data_OMV_at/response_AT.5741.8_2025-09-02_11-10-17.json,2025-09-02T01:10:17Z
AT.5742.8,AUT,Barwies,6414,47.30453,10.96999,DIESEL,1.649,DIESEL 1.649 EUR,~/Desktop/MBAT-Internship-Project/data_OMV_at/prices_AT.5742.8_2025-09-02_11-10-18.png,~/Desktop/MBAT-Internship-Project/data_OMV_at/response_AT.5742.8_2025-09-02_11-10-18.json,2025-09-02T01:10:18Z
AT.5742.8,AUT,Barwies,6414,47.30453,10.96999,Premium Power Diesel,1.859,Premium Power Diesel 1.859 EUR,~/Desktop/MBAT-Internship-Project/data_OMV_at/prices_AT.5742.8_2025-09-02_11-10-18.png,~/Desktop/MBAT-Internship-Project/data_OMV_at/response_AT.5742.8_2025-09-02_11-10-18.json,2025-09-02T01:10:18Z
AT.5742.8,AUT,Barwies,6414,47.30453,10.96999,SUPER 95,1.649,SUPER 95 1.649 EUR,~/Desktop/MBAT-Internship-Project/data_OMV_at/prices_AT.5742.8_2025-09-02_11-10-18.png,~/Desktop/MBAT-Internship-Project/data_OMV_at/response_AT.5742.8_2025-09-02_11-10-18.json,2025-09-02T01:10:18Z
AT.5745.8,AUT,Axams,6094,47.23079,11.28586,DIESEL,1.609,DIESEL 1.609 EUR,~/Desktop/MBAT-Internship-Project/data_OMV_at/prices_AT.5745.8_2025-09-02_11-10-18.png,~/Desktop/MBAT-Internship-Project/data_OMV_at/response_AT.5745.8_2025-09-02_11-10-18.json,2025-09-02T01:10:19Z
AT.5745.8,AUT,Axams,6094,47.23079,11.28586,SUPER 95,1.609,SUPER 95 1.609 EUR,~/Desktop/MBAT-Internship-Project/data_OMV_at/prices_AT.5745.8_2025-09-02_11-10-18.png,~/Desktop/MBAT-Internship-Project/data_OMV_at/response_AT.5745.8_2025-09-02_11-10-18.json,2025-09-02T01:10:19Z
AT.5750.8,AUT,Vomp,6134,47.347,11.69027,DIESEL,1.999,DIESEL 1.999 EUR,~/Desktop/MBAT-Internship-Project/data_OMV_at/prices_AT.5750.8_2025-09-02_11-10-19.png,~/Desktop/MBAT-Internship-Project/data_OMV_at/response_AT.5750.8_2025-09-02_11-10-19.json,2025-09-02T01:10:20Z
AT.5750.8,AUT,Vomp,6134,47.347,11.69027,HVO100 Diesel,2.249,HVO100 Diesel 2.249 EUR,~/Desktop/MBAT-Internship-Project/data_OMV_at/prices_AT.5750.8_2025-09-02_11-10-19.png,~/Desktop/MBAT-Internship-Project/data_OMV_at/response_AT.5750.8_2025-09-02_11-10-19.json,2025-09-02T01:10:20Z
AT.5750.8,AUT,Vomp,6134,47.347,11.69027,OMV AdBlue,1.399,OMV AdBlue 1.399 EUR,~/Desktop/MBAT-Internship-Project/data_OMV_at/prices_AT.5750.8_2025-09-02_11-10-19.png,~/Desktop/MBAT-Internship-Project/data_OMV_at/response_AT.5750.8_2025-09-02_11-10-19.json,2025-09-02T01:10:20Z
AT.5750.8,AUT,Vomp,6134,47.347,11.69027,SUPER 95,1.999,SUPER 95 1.999 EUR,~/Desktop/MBAT-Internship-Project/data_OMV_at/prices_AT.5750.8_2025-09-02_11-10-19.png,~/Desktop/MBAT-Internship-Project/data_OMV_at/response_AT.5750.8_2025-09-02_11-10-19.json,2025-09-02T01:10:20Z
AT.5750.8,AUT,Vomp,6134,47.347,11.69027,MaxxMotion Super 100plus,2.259,MaxxMotion Super 100plus 2.259 EUR,~/Desktop/MBAT-Internship-Project/data_OMV_at/prices_AT.5750.8_2025-09-02_11-10-19.png,~/Desktop/MBAT-Internship-Project/data_OMV_at/response_AT.5750.8_2025-09-02_11-10-19.json,2025-09-02T01:10:20Z
AT.5750.8,AUT,Vomp,6134,47.347,11.69027,MaxxMotion Diesel,2.259,MaxxMotion Diesel 2.259 EUR,~/Desktop/MBAT-Internship-Project/data_OMV_at/prices_AT.5750.8_2025-09-02_11-10-19.png,~/Desktop/MBAT-Internship-Project/data_OMV_at/response_AT.5750.8_2025-09-02_11-10-19.json,2025-09-02T01:10:20Z
AT.5751.8,AUT,Weissenbach am Lech,6671,47.44138,10.64229,DIESEL,1.574,DIESEL 1.574 EUR,~/Desktop/MBAT-Internship-Project/data_OMV_at/prices_AT.5751.8_2025-09-02_11-10-20.png,~/Desktop/MBAT-Internship-Project/data_OMV_at/response_AT.5751.8_2025-09-02_11-10-20.json,2025-09-02T01:10:21Z
AT.5751.8,AUT,Weissenbach am Lech,6671,47.44138,10.64229,SUPER 95,1.574,SUPER 95 1.574 EUR,~/Desktop/MBAT-Internship-Project/data_OMV_at/prices_AT.5751.8_2025-09-02_11-10-20.png,~/Desktop/MBAT-Internship-Project/data_OMV_at/response_AT.5751.8_2025-09-02_11-10-20.json,2025-09-02T01:10:21Z
AT.6008.8,AUT,Rankweil,6830,47.2724,9.60797,DIESEL,1.467,DIESEL 1.467 EUR,~/Desktop/MBAT-Internship-Project/data_OMV_at/prices_AT.6008.8_2025-09-02_11-10-21.png,~/Desktop/MBAT-Internship-Project/data_OMV_at/response_AT.6008.8_2025-09-02_11-10-21.json,2025-09-02T01:10:21Z
AT.6008.8,AUT,Rankweil,6830,47.2724,9.60797,SUPER 95,1.457,SUPER 95 1.457 EUR,~/Desktop/MBAT-Internship-Project/data_OMV_at/prices_AT.6008.8_2025-09-02_11-10-21.png,~/Desktop/MBAT-Internship-Project/data_OMV_at/response_AT.6008.8_2025-09-02_11-10-21.json,2025-09-02T01:10:21Z
AT.6009.8,AUT,Hohenems,6845,47.3666,9.67055,DIESEL,1.454,DIESEL 1.454 EUR,~/Desktop/MBAT-Internship-Project/data_OMV_at/prices_AT.6009.8_2025-09-02_11-10-22.png,~/Desktop/MBAT-Internship-Project/data_OMV_at/response_AT.6009.8_2025-09-02_11-10-22.json,2025-09-02T01:10:22Z
AT.6009.8,AUT,Hohenems,6845,47.3666,9.67055,SUPER 95,1.454,SUPER 95 1.454 EUR,~/Desktop/MBAT-Internship-Project/data_OMV_at/prices_AT.6009.8_2025-09-02_11-10-22.png,~/Desktop/MBAT-Internship-Project/data_OMV_at/response_AT.6009.8_2025-09-02_11-10-22.json,2025-09-02T01:10:22Z
AT.6010.8,AUT,Bürs,6706,47.15298,9.81419,DIESEL,1.474,DIESEL 1.474 EUR,~/Desktop/MBAT-Internship-Project/data_OMV_at/prices_AT.6010.8_2025-09-02_11-10-23.png,~/Desktop/MBAT-Internship-Project/data_OMV_at/response_AT.6010.8_2025-09-02_11-10-23.json,2025-09-02T01:10:23Z
AT.6010.8,AUT,Bürs,6706,47.15298,9.81419,SUPER 95,1.474,SUPER 95 1.474 EUR,~/Desktop/MBAT-Internship-Project/data_OMV_at/prices_AT.6010.8_2025-09-02_11-10-23.png,~/Desktop/MBAT-Internship-Project/data_OMV_at/response_AT.6010.8_2025-09-02_11-10-23.json,2025-09-02T01:10:23Z
AT.6306.8,AUT,Lech am Arlberg,6764,47.20491,10.14054,DIESEL,1.849,DIESEL 1.849 EUR,~/Desktop/MBAT-Internship-Project/data_OMV_at/prices_AT.6306.8_2025-09-02_11-10-23.png,~/Desktop/MBAT-Internship-Project/data_OMV_at/response_AT.6306.8_2025-09-02_11-10-23.json,2025-09-02T01:10:24Z
AT.6306.8,AUT,Lech am Arlberg,6764,47.20491,10.14054,SUPER 95,1.889,SUPER 95 1.889 EUR,~/Desktop/MBAT-Internship-Project/data_OMV_at/prices_AT.6306.8_2025-09-02_11-10-23.png,~/Desktop/MBAT-Internship-Project/data_OMV_at/response_AT.6306.8_2025-09-02_11-10-23.json,2025-09-02T01:10:24Z
AT.6306.8,AUT,Lech am Arlberg,6764,47.20491,10.14054,MaxxMotion Super 100plus,2.149,MaxxMotion Super 100plus 2.149 EUR,~/Desktop/MBAT-Internship-Project/data_OMV_at/prices_AT.6306.8_2025-09-02_11-10-23.png,~/Desktop/MBAT-Internship-Project/data_OMV_at/response_AT.6306.8_2025-09-02_11-10-23.json,2025-09-02T01:10:24Z
AT.6306.8,AUT,Lech am Arlberg,6764,47.20491,10.14054,MaxxMotion Diesel,2.109,MaxxMotion Diesel 2.109 EUR,~/Desktop/MBAT-Internship-Project/data_OMV_at/prices_AT.6306.8_2025-09-02_11-10-23.png,~/Desktop/MBAT-Internship-Project/data_OMV_at/response_AT.6306.8_2025-09-02_11-10-23.json,2025-09-02T01:10:24Z
AT.6504.8,AUT,Hittisau,6952,47.45811,9.95489,DIESEL,1.534,DIESEL 1.534 EUR,~/Desktop/MBAT-Internship-Project/data_OMV_at/prices_AT.6504.8_2025-09-02_11-10-24.png,~/Desktop/MBAT-Internship-Project/data_OMV_at/response_AT.6504.8_2025-09-02_11-10-24.json,2025-09-02T01:10:25Z
AT.6504.8,AUT,Hittisau,6952,47.45811,9.95489,SUPER 95,1.534,SUPER 95 1.534 EUR,~/Desktop/MBAT-Internship-Project/data_OMV_at/prices_AT.6504.8_2025-09-02_11-10-24.png,~/Desktop/MBAT-Internship-Project/data_OMV_at/response_AT.6504.8_2025-09-02_11-10-24.json,2025-09-02T01:10:25Z
AT.6509.8,AUT,Wolfurt,6922,47.4541,9.75495,DIESEL,1.489,DIESEL 1.489 EUR,~/Desktop/MBAT-Internship-Project/data_OMV_at/prices_AT.6509.8_2025-09-02_11-10-25.png,~/Desktop/MBAT-Internship-Project/data_OMV_at/response_AT.6509.8_2025-09-02_11-10-25.json,2025-09-02T01:10:25Z
AT.6509.8,AUT,Wolfurt,6922,47.4541,9.75495,SUPER 95,1.499,SUPER 95 1.499 EUR,~/Desktop/MBAT-Internship-Project/data_OMV_at/prices_AT.6509.8_2025-09-02_11-10-25.png,~/Desktop/MBAT-Internship-Project/data_OMV_at/response_AT.6509.8_2025-09-02_11-10-25.json,2025-09-02T01:10:25Z
AT.6509.8,AUT,Wolfurt,6922,47.4541,9.75495,MaxxMotion Super 100plus,1.759,MaxxMotion Super 100plus 1.759 EUR,~/Desktop/MBAT-Internship-Project/data_OMV_at/prices_AT.6509.8_2025-09-02_11-10-25.png,~/Desktop/MBAT-Internship-Project/data_OMV_at/response_AT.6509.8_2025-09-02_11-10-25.json,2025-09-02T01:10:25Z
AT.6509.8,AUT,Wolfurt,6922,47.4541,9.75495,MaxxMotion Diesel,1.749,MaxxMotion Diesel 1.749 EUR,~/Desktop/MBAT-Internship-Project/data_OMV_at/prices_AT.6509.8_2025-09-02_11-10-25.png,~/Desktop/MBAT-Internship-Project/data_OMV_at/response_AT.6509.8_2025-09-02_11-10-25.json,2025-09-02T01:10:25Z
AT.6510.8,AUT,Frastanz,6820,47.22452,9.61744,DIESEL,1.512,DIESEL 1.512 EUR,~/Desktop/MBAT-Internship-Project/data_OMV_at/prices_AT.6510.8_2025-09-02_11-10-26.png,~/Desktop/MBAT-Internship-Project/data_OMV_at/response_AT.6510.8_2025-09-02_11-10-26.json,2025-09-02T01:10:26Z
AT.6510.8,AUT,Frastanz,6820,47.22452,9.61744,SUPER 95,1.512,SUPER 95 1.512 EUR,~/Desktop/MBAT-Internship-Project/data_OMV_at/prices_AT.6510.8_2025-09-02_11-10-26.png,~/Desktop/MBAT-Internship-Project/data_OMV_at/response_AT.6510.8_2025-09-02_11-10-26.json,2025-09-02T01:10:26Z
AT.6510.8,AUT,Frastanz,6820,47.22452,9.61744,MaxxMotion Super 100plus,1.779,MaxxMotion Super 100plus 1.779 EUR,~/Desktop/MBAT-Internship-Project/data_OMV_at/prices_AT.6510.8_2025-09-02_11-10-26.png,~/Desktop/MBAT-Internship-Project/data_OMV_at/response_AT.6510.8_2025-09-02_11-10-26.json,2025-09-02T01:10:26Z
AT.6510.8,AUT,Frastanz,6820,47.22452,9.61744,MaxxMotion Diesel,1.779,MaxxMotion Diesel 1.779 EUR,~/Desktop/MBAT-Internship-Project/data_OMV_at/prices_AT.6510.8_2025-09-02_11-10-26.png,~/Desktop/MBAT-Internship-Project/data_OMV_at/response_AT.6510.8_2025-09-02_11-10-26.json,2025-09-02T01:10:26Z
AT.6511.8,AUT,Dornbirn,6850,47.42804,9.73995,DIESEL,1.489,DIESEL 1.489 EUR,~/Desktop/MBAT-Internship-Project/data_OMV_at/prices_AT.6511.8_2025-09-02_11-10-27.png,~/Desktop/MBAT-Internship-Project/data_OMV_at/response_AT.6511.8_2025-09-02_11-10-27.json,2025-09-02T01:10:27Z
AT.6511.8,AUT,Dornbirn,6850,47.42804,9.73995,SUPER 95,1.499,SUPER 95 1.499 EUR,~/Desktop/MBAT-Internship-Project/data_OMV_at/prices_AT.6511.8_2025-09-02_11-10-27.png,~/Desktop/MBAT-Internship-Project/data_OMV_at/response_AT.6511.8_2025-09-02_11-10-27.json,2025-09-02T01:10:27Z
AT.6511.8,AUT,Dornbirn,6850,47.42804,9.73995,MaxxMotion Super 100plus,1.759,MaxxMotion Super 100plus 1.759 EUR,~/Desktop/MBAT-Internship-Project/data_OMV_at/prices_AT.6511.8_2025-09-02_11-10-27.png,~/Desktop/MBAT-Internship-Project/data_OMV_at/response_AT.6511.8_2025-09-02_11-10-27.json,2025-09-02T01:10:27Z
AT.6511.8,AUT,Dornbirn,6850,47.42804,9.73995,MaxxMotion Diesel,1.749,MaxxMotion Diesel 1.749 EUR,~/Desktop/MBAT-Internship-Project/data_OMV_at/prices_AT.6511.8_2025-09-02_11-10-27.png,~/Desktop/MBAT-Internship-Project/data_OMV_at/response_AT.6511.8_2025-09-02_11-10-27.json,2025-09-02T01:10:27Z
AT.6512.8,AUT,Dornbirn,6850,47.39618,9.73126,DIESEL,1.489,DIESEL 1.489 EUR,~/Desktop/MBAT-Internship-Project/data_OMV_at/prices_AT.6512.8_2025-09-02_11-10-28.png,~/Desktop/MBAT-Internship-Project/data_OMV_at/response_AT.6512.8_2025-09-02_11-10-28.json,2025-09-02T01:10:28Z
AT.6512.8,AUT,Dornbirn,6850,47.39618,9.73126,SUPER 95,1.499,SUPER 95 1.499 EUR,~/Desktop/MBAT-Internship-Project/data_OMV_at/prices_AT.6512.8_2025-09-02_11-10-28.png,~/Desktop/MBAT-Internship-Project/data_OMV_at/response_AT.6512.8_2025-09-02_11-10-28.json,2025-09-02T01:10:28Z
AT.6512.8,AUT,Dornbirn,6850,47.39618,9.73126,MaxxMotion Super 100plus,1.759,MaxxMotion Super 100plus 1.759 EUR,~/Desktop/MBAT-Internship-Project/data_OMV_at/prices_AT.6512.8_2025-09-02_11-10-28.png,~/Desktop/MBAT-Internship-Project/data_OMV_at/response_AT.6512.8_2025-09-02_11-10-28.json,2025-09-02T01:10:28Z
AT.6512.8,AUT,Dornbirn,6850,47.39618,9.73126,MaxxMotion Diesel,1.749,MaxxMotion Diesel 1.749 EUR,~/Desktop/MBAT-Internship-Project/data_OMV_at/prices_AT.6512.8_2025-09-02_11-10-28.png,~/Desktop/MBAT-Internship-Project/data_OMV_at/response_AT.6512.8_2025-09-02_11-10-28.json,2025-09-02T01:10:28Z
AT.6513.8,AUT,Dornbirn,6850,47.40698,9.73476,DIESEL,1.464,DIESEL 1.464 EUR,~/Desktop/MBAT-Internship-Project/data_OMV_at/prices_AT.6513.8_2025-09-02_11-10-28.png,~/Desktop/MBAT-Internship-Project/data_OMV_at/response_AT.6513.8_2025-09-02_11-10-28.json,2025-09-02T01:10:29Z
AT.6513.8,AUT,Dornbirn,6850,47.40698,9.73476,Diesel Plus,1.679,Diesel Plus 1.679 EUR,~/Desktop/MBAT-Internship-Project/data_OMV_at/prices_AT.6513.8_2025-09-02_11-10-28.png,~/Desktop/MBAT-Internship-Project/data_OMV_at/response_AT.6513.8_2025-09-02_11-10-28.json,2025-09-02T01:10:29Z
AT.6513.8,AUT,Dornbirn,6850,47.40698,9.73476,SUPER 95,1.464,SUPER 95 1.464 EUR,~/Desktop/MBAT-Internship-Project/data_OMV_at/prices_AT.6513.8_2025-09-02_11-10-28.png,~/Desktop/MBAT-Internship-Project/data_OMV_at/response_AT.6513.8_2025-09-02_11-10-28.json,2025-09-02T01:10:29Z
AT.6520.8,AUT,Koblach,6842,47.32574,9.62964,DIESEL,1.454,DIESEL 1.454 EUR,~/Desktop/MBAT-Internship-Project/data_OMV_at/prices_AT.6520.8_2025-09-02_11-10-29.png,~/Desktop/MBAT-Internship-Project/data_OMV_at/response_AT.6520.8_2025-09-02_11-10-29.json,2025-09-02T01:10:30Z
AT.6520.8,AUT,Koblach,6842,47.32574,9.62964,SUPER 95,1.454,SUPER 95 1.454 EUR,~/Desktop/MBAT-Internship-Project/data_OMV_at/prices_AT.6520.8_2025-09-02_11-10-29.png,~/Desktop/MBAT-Internship-Project/data_OMV_at/response_AT.6520.8_2025-09-02_11-10-29.json,2025-09-02T01:10:30Z
AT.6521.8,AUT,Bregenz,6900,47.48778,9.73324,DIESEL,1.599,DIESEL 1.599 EUR,~/Desktop/MBAT-Internship-Project/data_OMV_at/prices_AT.6521.8_2025-09-02_11-10-30.png,~/Desktop/MBAT-Internship-Project/data_OMV_at/response_AT.6521.8_2025-09-02_11-10-30.json,2025-09-02T01:10:30Z
AT.6521.8,AUT,Bregenz,6900,47.48778,9.73324,OMV AdBlue,1.399,OMV AdBlue 1.399 EUR,~/Desktop/MBAT-Internship-Project/data_OMV_at/prices_AT.6521.8_2025-09-02_11-10-30.png,~/Desktop/MBAT-Internship-Project/data_OMV_at/response_AT.6521.8_2025-09-02_11-10-30.json,2025-09-02T01:10:30Z
AT.6521.8,AUT,Bregenz,6900,47.48778,9.73324,SUPER 95,1.599,SUPER 95 1.599 EUR,~/Desktop/MBAT-Internship-Project/data_OMV_at/prices_AT.6521.8_2025-09-02_11-10-30.png,~/Desktop/MBAT-Internship-Project/data_OMV_at/response_AT.6521.8_2025-09-02_11-10-30.json,2025-09-02T01:10:30Z
AT.6521.8,AUT,Bregenz,6900,47.48778,9.73324,MaxxMotion Super 100plus,1.859,MaxxMotion Super 100plus 1.859 EUR,~/Desktop/MBAT-Internship-Project/data_OMV_at/prices_AT.6521.8_2025-09-02_11-10-30.png,~/Desktop/MBAT-Internship-Project/data_OMV_at/response_AT.6521.8_2025-09-02_11-10-30.json,2025-09-02T01:10:30Z
AT.6521.8,AUT,Bregenz,6900,47.48778,9.73324,MaxxMotion Diesel,1.859,MaxxMotion Diesel 1.859 EUR,~/Desktop/MBAT-Internship-Project/data_OMV_at/prices_AT.6521.8_2025-09-02_11-10-30.png,~/Desktop/MBAT-Internship-Project/data_OMV_at/response_AT.6521.8_2025-09-02_11-10-30.json,2025-09-02T01:10:30Z
AT.6523.8,AUT,Thüringen,6712,47.1993,9.75582,DIESEL,1.519,DIESEL 1.519 EUR,~/Desktop/MBAT-Internship-Project/data_OMV_at/prices_AT.6523.8_2025-09-02_11-10-31.png,~/Desktop/MBAT-Internship-Project/data_OMV_at/response_AT.6523.8_2025-09-02_11-10-31.json,2025-09-02T01:10:31Z
AT.6523.8,AUT,Thüringen,6712,47.1993,9.75582,SUPER 95,1.509,SUPER 95 1.509 EUR,~/Desktop/MBAT-Internship-Project/data_OMV_at/prices_AT.6523.8_2025-09-02_11-10-31.png,~/Desktop/MBAT-Internship-Project/data_OMV_at/response_AT.6523.8_2025-09-02_11-10-31.json,2025-09-02T01:10:31Z
AT.6523.8,AUT,Thüringen,6712,47.1993,9.75582,MaxxMotion Super 100plus,1.769,MaxxMotion Super 100plus 1.769 EUR,~/Desktop/MBAT-Internship-Project/data_OMV_at/prices_AT.6523.8_2025-09-02_11-10-31.png,~/Desktop/MBAT-Internship-Project/data_OMV_at/response_AT.6523.8_2025-09-02_11-10-31.json,2025-09-02T01:10:31Z
AT.6526.8,AUT,Innerbraz,6751,47.14077,9.92512,DIESEL,1.899,DIESEL 1.899 EUR,~/Desktop/MBAT-Internship-Project/data_OMV_at/prices_AT.6526.8_2025-09-02_11-10-32.png,~/Desktop/MBAT-Internship-Project/data_OMV_at/response_AT.6526.8_2025-09-02_11-10-32.json,2025-09-02T01:10:32Z
AT.6526.8,AUT,Innerbraz,6751,47.14077,9.92512,SUPER 95,1.899,SUPER 95 1.899 EUR,~/Desktop/MBAT-Internship-Project/data_OMV_at/prices_AT.6526.8_2025-09-02_11-10-32.png,~/Desktop/MBAT-Internship-Project/data_OMV_at/response_AT.6526.8_2025-09-02_11-10-32.json,2025-09-02T01:10:32Z
AT.6526.8,AUT,Innerbraz,6751,47.14077,9.92512,MaxxMotion Super 100plus,2.159,MaxxMotion Super 100plus 2.159 EUR,~/Desktop/MBAT-Internship-Project/data_OMV_at/prices_AT.6526.8_2025-09-02_11-10-32.png,~/Desktop/MBAT-Internship-Project/data_OMV_at/response_AT.6526.8_2025-09-02_11-10-32.json,2025-09-02T01:10:32Z
AT.6526.8,AUT,Innerbraz,6751,47.14077,9.92512,MaxxMotion Diesel,2.159,MaxxMotion Diesel 2.159 EUR,~/Desktop/MBAT-Internship-Project/data_OMV_at/prices_AT.6526.8_2025-09-02_11-10-32.png,~/Desktop/MBAT-Internship-Project/data_OMV_at/response_AT.6526.8_2025-09-02_11-10-32.json,2025-09-02T01:10:32Z
AT.6528.8,AUT,Alberschwende,6861,47.45076,9.82779,DIESEL,1.519,DIESEL 1.519 EUR,~/Desktop/MBAT-Internship-Project/data_OMV_at/prices_AT.6528.8_2025-09-02_11-10-33.png,~/Desktop/MBAT-Internship-Project/data_OMV_at/response_AT.6528.8_2025-09-02_11-10-33.json,2025-09-02T01:10:33Z
AT.6528.8,AUT,Alberschwende,6861,47.45076,9.82779,SUPER 95,1.529,SUPER 95 1.529 EUR,~/Desktop/MBAT-Internship-Project/data_OMV_at/prices_AT.6528.8_2025-09-02_11-10-33.png,~/Desktop/MBAT-Internship-Project/data_OMV_at/response_AT.6528.8_2025-09-02_11-10-33.json,2025-09-02T01:10:33Z
AT.6528.8,AUT,Alberschwende,6861,47.45076,9.82779,MaxxMotion Super 100plus,1.789,MaxxMotion Super 100plus 1.789 EUR,~/Desktop/MBAT-Internship-Project/data_OMV_at/prices_AT.6528.8_2025-09-02_11-10-33.png,~/Desktop/MBAT-Internship-Project/data_OMV_at/response_AT.6528.8_2025-09-02_11-10-33.json,2025-09-02T01:10:33Z
AT.6528.8,AUT,Alberschwende,6861,47.45076,9.82779,MaxxMotion Diesel,1.779,MaxxMotion Diesel 1.779 EUR,~/Desktop/MBAT-Internship-Project/data_OMV_at/prices_AT.6528.8_2025-09-02_11-10-33.png,~/Desktop/MBAT-Internship-Project/data_OMV_at/response_AT.6528.8_2025-09-02_11-10-33.json,2025-09-02T01:10:33Z
AT.6529.8,AUT,Hard,6971,47.48752,9.69962,DIESEL,1.534,DIESEL 1.534 EUR,~/Desktop/MBAT-Internship-Project/data_OMV_at/prices_AT.6529.8_2025-09-02_11-10-33.png,~/Desktop/MBAT-Internship-Project/data_OMV_at/response_AT.6529.8_2025-09-02_11-10-33.json,2025-09-02T01:10:34Z
AT.6529.8,AUT,Hard,6971,47.48752,9.69962,SUPER 95,1.543,SUPER 95 1.543 EUR,~/Desktop/MBAT-Internship-Project/data_OMV_at/prices_AT.6529.8_2025-09-02_11-10-33.png,~/Desktop/MBAT-Internship-Project/data_OMV_at/response_AT.6529.8_2025-09-02_11-10-33.json,2025-09-02T01:10:34Z
AT.6529.8,AUT,Hard,6971,47.48752,9.69962,MaxxMotion Super 100plus,1.809,MaxxMotion Super 100plus 1.809 EUR,~/Desktop/MBAT-Internship-Project/data_OMV_at/prices_AT.6529.8_2025-09-02_11-10-33.png,~/Desktop/MBAT-Internship-Project/data_OMV_at/response_AT.6529.8_2025-09-02_11-10-33.json,2025-09-02T01:10:34Z
AT.6529.8,AUT,Hard,6971,47.48752,9.69962,MaxxMotion Diesel,1.799,MaxxMotion Diesel 1.799 EUR,~/Desktop/MBAT-Internship-Project/data_OMV_at/prices_AT.6529.8_2025-09-02_11-10-33.png,~/Desktop/MBAT-Internship-Project/data_OMV_at/response_AT.6529.8_2025-09-02_11-10-33.json,2025-09-02T01:10:34Z
AT.6551.8,AUT,Lustenau,6890,47.43888,9.65664,DIESEL,1.513,DIESEL 1.513 EUR,~/Desktop/MBAT-Internship-Project/data_OMV_at/prices_AT.6551.8_2025-09-02_11-10-34.png,~/Desktop/MBAT-Internship-Project/data_OMV_at/response_AT.6551.8_2025-09-02_11-10-34.json,2025-09-02T01:10:35Z
AT.6551.8,AUT,Lustenau,6890,47.43888,9.65664,SUPER 95,1.513,SUPER 95 1.513 EUR,~/Desktop/MBAT-Internship-Project/data_OMV_at/prices_AT.6551.8_2025-09-02_11-10-34.png,~/Desktop/MBAT-Internship-Project/data_OMV_at/response_AT.6551.8_2025-09-02_11-10-34.json,2025-09-02T01:10:35Z
AT.6553.8,AUT,Sankt Anton,6780,47.09864,9.86944,DIESEL,1.509,DIESEL 1.509 EUR,~/Desktop/MBAT-Internship-Project/data_OMV_at/prices_AT.6553.8_2025-09-02_11-10-35.png,~/Desktop/MBAT-Internship-Project/data_OMV_at/response_AT.6553.8_2025-09-02_11-10-35.json,2025-09-02T01:10:35Z
AT.6553.8,AUT,Sankt Anton,6780,47.09864,9.86944,SUPER 95,1.509,SUPER 95 1.509 EUR,~/Desktop/MBAT-Internship-Project/data_OMV_at/prices_AT.6553.8_2025-09-02_11-10-35.png,~/Desktop/MBAT-Internship-Project/data_OMV_at/response_AT.6553.8_2025-09-02_11-10-35.json,2025-09-02T01:10:35Z
AT.6716.8,AUT,Feldkirch,6804,47.26779,9.61507,DIESEL,1.512,DIESEL 1.512 EUR,~/Desktop/MBAT-Internship-Project/data_OMV_at/prices_AT.6716.8_2025-09-02_11-10-36.png,~/Desktop/MBAT-Internship-Project/data_OMV_at/response_AT.6716.8_2025-09-02_11-10-36.json,2025-09-02T01:10:36Z
AT.6716.8,AUT,Feldkirch,6804,47.26779,9.61507,SUPER 95,1.512,SUPER 95 1.512 EUR,~/Desktop/MBAT-Internship-Project/data_OMV_at/prices_AT.6716.8_2025-09-02_11-10-36.png,~/Desktop/MBAT-Internship-Project/data_OMV_at/response_AT.6716.8_2025-09-02_11-10-36.json,2025-09-02T01:10:36Z
AT.6716.8,AUT,Feldkirch,6804,47.26779,9.61507,MaxxMotion Super 100plus,1.779,MaxxMotion Super 100plus 1.779 EUR,~/Desktop/MBAT-Internship-Project/data_OMV_at/prices_AT.6716.8_2025-09-02_11-10-36.png,~/Desktop/MBAT-Internship-Project/data_OMV_at/response_AT.6716.8_2025-09-02_11-10-36.json,2025-09-02T01:10:36Z
AT.6716.8,AUT,Feldkirch,6804,47.26779,9.61507,MaxxMotion Diesel,1.779,MaxxMotion Diesel 1.779 EUR,~/Desktop/MBAT-Internship-Project/data_OMV_at/prices_AT.6716.8_2025-09-02_11-10-36.png,~/Desktop/MBAT-Internship-Project/data_OMV_at/response_AT.6716.8_2025-09-02_11-10-36.json,2025-09-02T01:10:36Z
AT.6717.8,AUT,Lustenau,6890,47.42005,9.65871,DIESEL,1.523,DIESEL 1.523 EUR,~/Desktop/MBAT-Internship-Project/data_OMV_at/prices_AT.6717.8_2025-09-02_11-10-37.png,~/Desktop/MBAT-Internship-Project/data_OMV_at/response_AT.6717.8_2025-09-02_11-10-37.json,2025-09-02T01:10:37Z
AT.6717.8,AUT,Lustenau,6890,47.42005,9.65871,OMV AdBlue,1.399,OMV AdBlue 1.399 EUR,~/Desktop/MBAT-Internship-Project/data_OMV_at/prices_AT.6717.8_2025-09-02_11-10-37.png,~/Desktop/MBAT-Internship-Project/data_OMV_at/response_AT.6717.8_2025-09-02_11-10-37.json,2025-09-02T01:10:37Z
AT.6717.8,AUT,Lustenau,6890,47.42005,9.65871,SUPER 95,1.523,SUPER 95 1.523 EUR,~/Desktop/MBAT-Internship-Project/data_OMV_at/prices_AT.6717.8_2025-09-02_11-10-37.png,~/Desktop/MBAT-Internship-Project/data_OMV_at/response_AT.6717.8_2025-09-02_11-10-37.json,2025-09-02T01:10:37Z
AT.6717.8,AUT,Lustenau,6890,47.42005,9.65871,MaxxMotion Super 100plus,1.789,MaxxMotion Super 100plus 1.789 EUR,~/Desktop/MBAT-Internship-Project/data_OMV_at/prices_AT.6717.8_2025-09-02_11-10-37.png,~/Desktop/MBAT-Internship-Project/data_OMV_at/response_AT.6717.8_2025-09-02_11-10-37.json,2025-09-02T01:10:37Z
AT.6717.8,AUT,Lustenau,6890,47.42005,9.65871,MaxxMotion Diesel,1.789,MaxxMotion Diesel 1.789 EUR,~/Desktop/MBAT-Internship-Project/data_OMV_at/prices_AT.6717.8_2025-09-02_11-10-37.png,~/Desktop/MBAT-Internship-Project/data_OMV_at/response_AT.6717.8_2025-09-02_11-10-37.json,2025-09-02T01:10:37Z
AT.6718.8,AUT,Lochau,6911,47.5347,9.75204,DIESEL,1.579,DIESEL 1.579 EUR,~/Desktop/MBAT-Internship-Project/data_OMV_at/prices_AT.6718.8_2025-09-02_11-10-38.png,~/Desktop/MBAT-Internship-Project/data_OMV_at/response_AT.6718.8_2025-09-02_11-10-38.json,2025-09-02T01:10:38Z
AT.6718.8,AUT,Lochau,6911,47.5347,9.75204,SUPER 95,1.599,SUPER 95 1.599 EUR,~/Desktop/MBAT-Internship-Project/data_OMV_at/prices_AT.6718.8_2025-09-02_11-10-38.png,~/Desktop/MBAT-Internship-Project/data_OMV_at/response_AT.6718.8_2025-09-02_11-10-38.json,2025-09-02T01:10:38Z
AT.6718.8,AUT,Lochau,6911,47.5347,9.75204,MaxxMotion Super 100plus,1.859,MaxxMotion Super 100plus 1.859 EUR,~/Desktop/MBAT-Internship-Project/data_OMV_at/prices_AT.6718.8_2025-09-02_11-10-38.png,~/Desktop/MBAT-Internship-Project/data_OMV_at/response_AT.6718.8_2025-09-02_11-10-38.json,2025-09-02T01:10:38Z
AT.6718.8,AUT,Lochau,6911,47.5347,9.75204,MaxxMotion Diesel,1.839,MaxxMotion Diesel 1.839 EUR,~/Desktop/MBAT-Internship-Project/data_OMV_at/prices_AT.6718.8_2025-09-02_11-10-38.png,~/Desktop/MBAT-Internship-Project/data_OMV_at/response_AT.6718.8_2025-09-02_11-10-38.json,2025-09-02T01:10:38Z
AT.6721.8,AUT,Hard,6971,47.49046,9.70295,DIESEL,1.514,DIESEL 1.514 EUR,~/Desktop/MBAT-Internship-Project/data_OMV_at/prices_AT.6721.8_2025-09-02_11-10-38.png,~/Desktop/MBAT-Internship-Project/data_OMV_at/response_AT.6721.8_2025-09-02_11-10-38.json,2025-09-02T01:10:39Z
AT.6721.8,AUT,Hard,6971,47.49046,9.70295,Diesel Plus,1.729,Diesel Plus 1.729 EUR,~/Desktop/MBAT-Internship-Project/data_OMV_at/prices_AT.6721.8_2025-09-02_11-10-38.png,~/Desktop/MBAT-Internship-Project/data_OMV_at/response_AT.6721.8_2025-09-02_11-10-38.json,2025-09-02T01:10:39Z
AT.6721.8,AUT,Hard,6971,47.49046,9.70295,SUPER 95,1.523,SUPER 95 1.523 EUR,~/Desktop/MBAT-Internship-Project/data_OMV_at/prices_AT.6721.8_2025-09-02_11-10-38.png,~/Desktop/MBAT-Internship-Project/data_OMV_at/response_AT.6721.8_2025-09-02_11-10-38.json,2025-09-02T01:10:39Z
AT.6722.8,AUT,Klösterle,6754,47.12939,10.06077,DIESEL,1.899,DIESEL 1.899 EUR,~/Desktop/MBAT-Internship-Project/data_OMV_at/prices_AT.6722.8_2025-09-02_11-10-39.png,~/Desktop/MBAT-Internship-Project/data_OMV_at/response_AT.6722.8_2025-09-02_11-10-39.json,2025-09-02T01:10:40Z
AT.6722.8,AUT,Klösterle,6754,47.12939,10.06077,SUPER 95,1.899,SUPER 95 1.899 EUR,~/Desktop/MBAT-Internship-Project/data_OMV_at/prices_AT.6722.8_2025-09-02_11-10-39.png,~/Desktop/MBAT-Internship-Project/data_OMV_at/response_AT.6722.8_2025-09-02_11-10-39.json,2025-09-02T01:10:40Z
AT.6722.8,AUT,Klösterle,6754,47.12939,10.06077,MaxxMotion Super 100plus,2.159,MaxxMotion Super 100plus 2.159 EUR,~/Desktop/MBAT-Internship-Project/data_OMV_at/prices_AT.6722.8_2025-09-02_11-10-39.png,~/Desktop/MBAT-Internship-Project/data_OMV_at/response_AT.6722.8_2025-09-02_11-10-39.json,2025-09-02T01:10:40Z
AT.6722.8,AUT,Klösterle,6754,47.12939,10.06077,MaxxMotion Diesel,2.159,MaxxMotion Diesel 2.159 EUR,~/Desktop/MBAT-Internship-Project/data_OMV_at/prices_AT.6722.8_2025-09-02_11-10-39.png,~/Desktop/MBAT-Internship-Project/data_OMV_at/response_AT.6722.8_2025-09-02_11-10-39.json,2025-09-02T01:10:40Z
AT.6723.8,AUT,Nenzing,6710,47.18918,9.70154,DIESEL,1.527,DIESEL 1.527 EUR,~/Desktop/MBAT-Internship-Project/data_OMV_at/prices_AT.6723.8_2025-09-02_11-10-40.png,~/Desktop/MBAT-Internship-Project/data_OMV_at/response_AT.6723.8_2025-09-02_11-10-40.json,2025-09-02T01:10:41Z
AT.6723.8,AUT,Nenzing,6710,47.18918,9.70154,SUPER 95,1.527,SUPER 95 1.527 EUR,~/Desktop/MBAT-Internship-Project/data_OMV_at/prices_AT.6723.8_2025-09-02_11-10-40.png,~/Desktop/MBAT-Internship-Project/data_OMV_at/response_AT.6723.8_2025-09-02_11-10-40.json,2025-09-02T01:10:41Z
AT.6723.8,AUT,Nenzing,6710,47.18918,9.70154,MaxxMotion Super 100plus,1.789,MaxxMotion Super 100plus 1.789 EUR,~/Desktop/MBAT-Internship-Project/data_OMV_at/prices_AT.6723.8_2025-09-02_11-10-40.png,~/Desktop/MBAT-Internship-Project/data_OMV_at/response_AT.6723.8_2025-09-02_11-10-40.json,2025-09-02T01:10:41Z
AT.6723.8,AUT,Nenzing,6710,47.18918,9.70154,MaxxMotion Diesel,1.789,MaxxMotion Diesel 1.789 EUR,~/Desktop/MBAT-Internship-Project/data_OMV_at/prices_AT.6723.8_2025-09-02_11-10-40.png,~/Desktop/MBAT-Internship-Project/data_OMV_at/response_AT.6723.8_2025-09-02_11-10-40.json,2025-09-02T01:10:41Z
AT.7001.8,AUT,Wien,1210,48.27123,16.40904,DIESEL,1.469,DIESEL 1.469 EUR,~/Desktop/MBAT-Internship-Project/data_OMV_at/prices_AT.7001.8_2025-09-02_11-10-41.png,~/Desktop/MBAT-Internship-Project/data_OMV_at/response_AT.7001.8_2025-09-02_11-10-41.json,2025-09-02T01:10:41Z
AT.7001.8,AUT,Wien,1210,48.27123,16.40904,SUPER 95,1.459,SUPER 95 1.459 EUR,~/Desktop/MBAT-Internship-Project/data_OMV_at/prices_AT.7001.8_2025-09-02_11-10-41.png,~/Desktop/MBAT-Internship-Project/data_OMV_at/response_AT.7001.8_2025-09-02_11-10-41.json,2025-09-02T01:10:41Z
AT.7005.8,AUT,Wien,1210,48.2705,16.41214,DIESEL,1.519,DIESEL 1.519 EUR,~/Desktop/MBAT-Internship-Project/data_OMV_at/prices_AT.7005.8_2025-09-02_11-10-42.png,~/Desktop/MBAT-Internship-Project/data_OMV_at/response_AT.7005.8_2025-09-02_11-10-42.json,2025-09-02T01:10:42Z
AT.7005.8,AUT,Wien,1210,48.2705,16.41214,OMV AdBlue,1.399,OMV AdBlue 1.399 EUR,~/Desktop/MBAT-Internship-Project/data_OMV_at/prices_AT.7005.8_2025-09-02_11-10-42.png,~/Desktop/MBAT-Internship-Project/data_OMV_at/response_AT.7005.8_2025-09-02_11-10-42.json,2025-09-02T01:10:42Z
AT.7005.8,AUT,Wien,1210,48.2705,16.41214,SUPER 95,1.509,SUPER 95 1.509 EUR,~/Desktop/MBAT-Internship-Project/data_OMV_at/prices_AT.7005.8_2025-09-02_11-10-42.png,~/Desktop/MBAT-Internship-Project/data_OMV_at/response_AT.7005.8_2025-09-02_11-10-42.json,2025-09-02T01:10:42Z
AT.7005.8,AUT,Wien,1210,48.2705,16.41214,MaxxMotion Super 100plus,1.769,MaxxMotion Super 100plus 1.769 EUR,~/Desktop/MBAT-Internship-Project/data_OMV_at/prices_AT.7005.8_2025-09-02_11-10-42.png,~/Desktop/MBAT-Internship-Project/data_OMV_at/response_AT.7005.8_2025-09-02_11-10-42.json,2025-09-02T01:10:42Z
AT.7005.8,AUT,Wien,1210,48.2705,16.41214,MaxxMotion Diesel,1.779,MaxxMotion Diesel 1.779 EUR,~/Desktop/MBAT-Internship-Project/data_OMV_at/prices_AT.7005.8_2025-09-02_11-10-42.png,~/Desktop/MBAT-Internship-Project/data_OMV_at/response_AT.7005.8_2025-09-02_11-10-42.json,2025-09-02T01:10:42Z
AT.7006.8,AUT,Wien,1230,48.1511,16.3007,DIESEL,1.453,DIESEL 1.453 EUR,~/Desktop/MBAT-Internship-Project/data_OMV_at/prices_AT.7006.8_2025-09-02_11-10-43.png,~/Desktop/MBAT-Internship-Project/data_OMV_at/response_AT.7006.8_2025-09-02_11-10-43.json,2025-09-02T01:10:43Z
AT.7006.8,AUT,Wien,1230,48.1511,16.3007,SUPER 95,1.434,SUPER 95 1.434 EUR,~/Desktop/MBAT-Internship-Project/data_OMV_at/prices_AT.7006.8_2025-09-02_11-10-43.png,~/Desktop/MBAT-Internship-Project/data_OMV_at/response_AT.7006.8_2025-09-02_11-10-43.json,2025-09-02T01:10:43Z
AT.7010.8,AUT,Wien,1110,48.17054,16.45797,DIESEL,1.474,DIESEL 1.474 EUR,~/Desktop/MBAT-Internship-Project/data_OMV_at/prices_AT.7010.8_2025-09-02_11-10-43.png,~/Desktop/MBAT-Internship-Project/data_OMV_at/response_AT.7010.8_2025-09-02_11-10-43.json,2025-09-02T01:10:44Z
AT.7010.8,AUT,Wien,1110,48.17054,16.45797,Diesel Plus,1.689,Diesel Plus 1.689 EUR,~/Desktop/MBAT-Internship-Project/data_OMV_at/prices_AT.7010.8_2025-09-02_11-10-43.png,~/Desktop/MBAT-Internship-Project/data_OMV_at/response_AT.7010.8_2025-09-02_11-10-43.json,2025-09-02T01:10:44Z
AT.7010.8,AUT,Wien,1110,48.17054,16.45797,SUPER 95,1.474,SUPER 95 1.474 EUR,~/Desktop/MBAT-Internship-Project/data_OMV_at/prices_AT.7010.8_2025-09-02_11-10-43.png,~/Desktop/MBAT-Internship-Project/data_OMV_at/response_AT.7010.8_2025-09-02_11-10-43.json,2025-09-02T01:10:44Z
AT.7011.8,AUT,Wien,1210,48.25258,16.42698,DIESEL,1.464,DIESEL 1.464 EUR,~/Desktop/MBAT-Internship-Project/data_OMV_at/prices_AT.7011.8_2025-09-02_11-10-44.png,~/Desktop/MBAT-Internship-Project/data_OMV_at/response_AT.7011.8_2025-09-02_11-10-44.json,2025-09-02T01:10:45Z
AT.7011.8,AUT,Wien,1210,48.25258,16.42698,SUPER 95,1.454,SUPER 95 1.454 EUR,~/Desktop/MBAT-Internship-Project/data_OMV_at/prices_AT.7011.8_2025-09-02_11-10-44.png,~/Desktop/MBAT-Internship-Project/data_OMV_at/response_AT.7011.8_2025-09-02_11-10-44.json,2025-09-02T01:10:45Z
AT.7501.8,AUT,Wien,1200,48.24309,16.37535,DIESEL,1.649,DIESEL 1.649 EUR,~/Desktop/MBAT-Internship-Project/data_OMV_at/prices_AT.7501.8_2025-09-02_11-10-45.png,~/Desktop/MBAT-Internship-Project/data_OMV_at/response_AT.7501.8_2025-09-02_11-10-45.json,2025-09-02T01:10:46Z
AT.7501.8,AUT,Wien,1200,48.24309,16.37535,SUPER 95,1.609,SUPER 95 1.609 EUR,~/Desktop/MBAT-Internship-Project/data_OMV_at/prices_AT.7501.8_2025-09-02_11-10-45.png,~/Desktop/MBAT-Internship-Project/data_OMV_at/response_AT.7501.8_2025-09-02_11-10-45.json,2025-09-02T01:10:46Z
AT.7501.8,AUT,Wien,1200,48.24309,16.37535,MaxxMotion Super 100plus,1.869,MaxxMotion Super 100plus 1.869 EUR,~/Desktop/MBAT-Internship-Project/data_OMV_at/prices_AT.7501.8_2025-09-02_11-10-45.png,~/Desktop/MBAT-Internship-Project/data_OMV_at/response_AT.7501.8_2025-09-02_11-10-45.json,2025-09-02T01:10:46Z
AT.7501.8,AUT,Wien,1200,48.24309,16.37535,CNG,1.649,CNG 1.649 EUR,~/Desktop/MBAT-Internship-Project/data_OMV_at/prices_AT.7501.8_2025-09-02_11-10-45.png,~/Desktop/MBAT-Internship-Project/data_OMV_at/response_AT.7501.8_2025-09-02_11-10-45.json,2025-09-02T01:10:46Z
AT.7501.8,AUT,Wien,1200,48.24309,16.37535,MaxxMotion Diesel,1.909,MaxxMotion Diesel 1.909 EUR,~/Desktop/MBAT-Internship-Project/data_OMV_at/prices_AT.7501.8_2025-09-02_11-10-45.png,~/Desktop/MBAT-Internship-Project/data_OMV_at/response_AT.7501.8_2025-09-02_11-10-45.json,2025-09-02T01:10:46Z
AT.7511.8,AUT,Wien,1020,48.22588,16.3708,DIESEL,1.529,DIESEL 1.529 EUR,~/Desktop/MBAT-Internship-Project/data_OMV_at/prices_AT.7511.8_2025-09-02_11-10-46.png,~/Desktop/MBAT-Internship-Project/data_OMV_at/response_AT.7511.8_2025-09-02_11-10-46.json,2025-09-02T01:10:46Z
AT.7511.8,AUT,Wien,1020,48.22588,16.3708,SUPER 95,1.529,SUPER 95 1.529 EUR,~/Desktop/MBAT-Internship-Project/data_OMV_at/prices_AT.7511.8_2025-09-02_11-10-46.png,~/Desktop/MBAT-Internship-Project/data_OMV_at/response_AT.7511.8_2025-09-02_11-10-46.json,2025-09-02T01:10:46Z
AT.7513.8,AUT,Wien,1232,48.14651,16.36108,DIESEL,1.489,DIESEL 1.489 EUR,~/Desktop/MBAT-Internship-Project/data_OMV_at/prices_AT.7513.8_2025-09-02_11-10-47.png,~/Desktop/MBAT-Internship-Project/data_OMV_at/response_AT.7513.8_2025-09-02_11-10-47.json,2025-09-02T01:10:47Z
AT.7513.8,AUT,Wien,1232,48.14651,16.36108,SUPER 95,1.479,SUPER 95 1.479 EUR,~/Desktop/MBAT-Internship-Project/data_OMV_at/prices_AT.7513.8_2025-09-02_11-10-47.png,~/Desktop/MBAT-Internship-Project/data_OMV_at/response_AT.7513.8_2025-09-02_11-10-47.json,2025-09-02T01:10:47Z
AT.7513.8,AUT,Wien,1232,48.14651,16.36108,MaxxMotion Super 100plus,1.739,MaxxMotion Super 100plus 1.739 EUR,~/Desktop/MBAT-Internship-Project/data_OMV_at/prices_AT.7513.8_2025-09-02_11-10-47.png,~/Desktop/MBAT-Internship-Project/data_OMV_at/response_AT.7513.8_2025-09-02_11-10-47.json,2025-09-02T01:10:47Z
AT.7513.8,AUT,Wien,1232,48.14651,16.36108,MaxxMotion Diesel,1.749,MaxxMotion Diesel 1.749 EUR,~/Desktop/MBAT-Internship-Project/data_OMV_at/prices_AT.7513.8_2025-09-02_11-10-47.png,~/Desktop/MBAT-Internship-Project/data_OMV_at/response_AT.7513.8_2025-09-02_11-10-47.json,2025-09-02T01:10:47Z
AT.7514.8,AUT,Wien,1210,48.26513,16.39386,DIESEL,1.509,DIESEL 1.509 EUR,~/Desktop/MBAT-Internship-Project/data_OMV_at/prices_AT.7514.8_2025-09-02_11-10-48.png,~/Desktop/MBAT-Internship-Project/data_OMV_at/response_AT.7514.8_2025-09-02_11-10-48.json,2025-09-02T01:10:48Z
AT.7514.8,AUT,Wien,1210,48.26513,16.39386,SUPER 95,1.499,SUPER 95 1.499 EUR,~/Desktop/MBAT-Internship-Project/data_OMV_at/prices_AT.7514.8_2025-09-02_11-10-48.png,~/Desktop/MBAT-Internship-Project/data_OMV_at/response_AT.7514.8_2025-09-02_11-10-48.json,2025-09-02T01:10:48Z
AT.7514.8,AUT,Wien,1210,48.26513,16.39386,MaxxMotion Super 100plus,1.759,MaxxMotion Super 100plus 1.759 EUR,~/Desktop/MBAT-Internship-Project/data_OMV_at/prices_AT.7514.8_2025-09-02_11-10-48.png,~/Desktop/MBAT-Internship-Project/data_OMV_at/response_AT.7514.8_2025-09-02_11-10-48.json,2025-09-02T01:10:48Z
AT.7514.8,AUT,Wien,1210,48.26513,16.39386,MaxxMotion Diesel,1.769,MaxxMotion Diesel 1.769 EUR,~/Desktop/MBAT-Internship-Project/data_OMV_at/prices_AT.7514.8_2025-09-02_11-10-48.png,~/Desktop/MBAT-Internship-Project/data_OMV_at/response_AT.7514.8_2025-09-02_11-10-48.json,2025-09-02T01:10:48Z
AT.7526.8,AUT,Wien,1140,48.20186,16.23616,DIESEL,1.609,DIESEL 1.609 EUR,~/Desktop/MBAT-Internship-Project/data_OMV_at/prices_AT.7526.8_2025-09-02_11-10-48.png,~/Desktop/MBAT-Internship-Project/data_OMV_at/response_AT.7526.8_2025-09-02_11-10-48.json,2025-09-02T01:10:49Z
AT.7526.8,AUT,Wien,1140,48.20186,16.23616,OMV AdBlue,1.399,OMV AdBlue 1.399 EUR,~/Desktop/MBAT-Internship-Project/data_OMV_at/prices_AT.7526.8_2025-09-02_11-10-48.png,~/Desktop/MBAT-Internship-Project/data_OMV_at/response_AT.7526.8_2025-09-02_11-10-48.json,2025-09-02T01:10:49Z
AT.7526.8,AUT,Wien,1140,48.20186,16.23616,SUPER 95,1.599,SUPER 95 1.599 EUR,~/Desktop/MBAT-Internship-Project/data_OMV_at/prices_AT.7526.8_2025-09-02_11-10-48.png,~/Desktop/MBAT-Internship-Project/data_OMV_at/response_AT.7526.8_2025-09-02_11-10-48.json,2025-09-02T01:10:49Z
AT.7526.8,AUT,Wien,1140,48.20186,16.23616,MaxxMotion Super 100plus,1.859,MaxxMotion Super 100plus 1.859 EUR,~/Desktop/MBAT-Internship-Project/data_OMV_at/prices_AT.7526.8_2025-09-02_11-10-48.png,~/Desktop/MBAT-Internship-Project/data_OMV_at/response_AT.7526.8_2025-09-02_11-10-48.json,2025-09-02T01:10:49Z
AT.7526.8,AUT,Wien,1140,48.20186,16.23616,MaxxMotion Diesel,1.869,MaxxMotion Diesel 1.869 EUR,~/Desktop/MBAT-Internship-Project/data_OMV_at/prices_AT.7526.8_2025-09-02_11-10-48.png,~/Desktop/MBAT-Internship-Project/data_OMV_at/response_AT.7526.8_2025-09-02_11-10-48.json,2025-09-02T01:10:49Z
AT.7542.8,AUT,Wien,1140,48.19788,16.27994,DIESEL,1.599,DIESEL 1.599 EUR,~/Desktop/MBAT-Internship-Project/data_OMV_at/prices_AT.7542.8_2025-09-02_11-10-49.png,~/Desktop/MBAT-Internship-Project/data_OMV_at/response_AT.7542.8_2025-09-02_11-10-49.json,2025-09-02T01:10:50Z
AT.7542.8,AUT,Wien,1140,48.19788,16.27994,SUPER 95,1.589,SUPER 95 1.589 EUR,~/Desktop/MBAT-Internship-Project/data_OMV_at/prices_AT.7542.8_2025-09-02_11-10-49.png,~/Desktop/MBAT-Internship-Project/data_OMV_at/response_AT.7542.8_2025-09-02_11-10-49.json,2025-09-02T01:10:50Z
AT.7542.8,AUT,Wien,1140,48.19788,16.27994,MaxxMotion Super 100plus,1.849,MaxxMotion Super 100plus 1.849 EUR,~/Desktop/MBAT-Internship-Project/data_OMV_at/prices_AT.7542.8_2025-09-02_11-10-49.png,~/Desktop/MBAT-Internship-Project/data_OMV_at/response_AT.7542.8_2025-09-02_11-10-49.json,2025-09-02T01:10:50Z
AT.7542.8,AUT,Wien,1140,48.19788,16.27994,MaxxMotion Diesel,1.859,MaxxMotion Diesel 1.859 EUR,~/Desktop/MBAT-Internship-Project/data_OMV_at/prices_AT.7542.8_2025-09-02_11-10-49.png,~/Desktop/MBAT-Internship-Project/data_OMV_at/response_AT.7542.8_2025-09-02_11-10-49.json,2025-09-02T01:10:50Z
AT.7546.8,AUT,Wien,1220,48.25108,16.47035,DIESEL,1.519,DIESEL 1.519 EUR,~/Desktop/MBAT-Internship-Project/data_OMV_at/prices_AT.7546.8_2025-09-02_11-10-50.png,~/Desktop/MBAT-Internship-Project/data_OMV_at/response_AT.7546.8_2025-09-02_11-10-50.json,2025-09-02T01:10:51Z
AT.7546.8,AUT,Wien,1220,48.25108,16.47035,SUPER 95,1.509,SUPER 95 1.509 EUR,~/Desktop/MBAT-Internship-Project/data_OMV_at/prices_AT.7546.8_2025-09-02_11-10-50.png,~/Desktop/MBAT-Internship-Project/data_OMV_at/response_AT.7546.8_2025-09-02_11-10-50.json,2025-09-02T01:10:51Z
AT.7546.8,AUT,Wien,1220,48.25108,16.47035,MaxxMotion Super 100plus,1.769,MaxxMotion Super 100plus 1.769 EUR,~/Desktop/MBAT-Internship-Project/data_OMV_at/prices_AT.7546.8_2025-09-02_11-10-50.png,~/Desktop/MBAT-Internship-Project/data_OMV_at/response_AT.7546.8_2025-09-02_11-10-50.json,2025-09-02T01:10:51Z
AT.7546.8,AUT,Wien,1220,48.25108,16.47035,MaxxMotion Diesel,1.779,MaxxMotion Diesel 1.779 EUR,~/Desktop/MBAT-Internship-Project/data_OMV_at/prices_AT.7546.8_2025-09-02_11-10-50.png,~/Desktop/MBAT-Internship-Project/data_OMV_at/response_AT.7546.8_2025-09-02_11-10-50.json,2025-09-02T01:10:51Z
AT.7547.8,AUT,Wien,1220,48.25141,16.47211,DIESEL,1.519,DIESEL 1.519 EUR,~/Desktop/MBAT-Internship-Project/data_OMV_at/prices_AT.7547.8_2025-09-02_11-10-51.png,~/Desktop/MBAT-Internship-Project/data_OMV_at/response_AT.7547.8_2025-09-02_11-10-51.json,2025-09-02T01:10:51Z
AT.7547.8,AUT,Wien,1220,48.25141,16.47211,OMV AdBlue,1.399,OMV AdBlue 1.399 EUR,~/Desktop/MBAT-Internship-Project/data_OMV_at/prices_AT.7547.8_2025-09-02_11-10-51.png,~/Desktop/MBAT-Internship-Project/data_OMV_at/response_AT.7547.8_2025-09-02_11-10-51.json,2025-09-02T01:10:51Z
AT.7547.8,AUT,Wien,1220,48.25141,16.47211,SUPER 95,1.509,SUPER 95 1.509 EUR,~/Desktop/MBAT-Internship-Project/data_OMV_at/prices_AT.7547.8_2025-09-02_11-10-51.png,~/Desktop/MBAT-Internship-Project/data_OMV_at/response_AT.7547.8_2025-09-02_11-10-51.json,2025-09-02T01:10:51Z
AT.7547.8,AUT,Wien,1220,48.25141,16.47211,MaxxMotion Super 100plus,1.769,MaxxMotion Super 100plus 1.769 EUR,~/Desktop/MBAT-Internship-Project/data_OMV_at/prices_AT.7547.8_2025-09-02_11-10-51.png,~/Desktop/MBAT-Internship-Project/data_OMV_at/response_AT.7547.8_2025-09-02_11-10-51.json,2025-09-02T01:10:51Z
AT.7547.8,AUT,Wien,1220,48.25141,16.47211,MaxxMotion Diesel,1.779,MaxxMotion Diesel 1.779 EUR,~/Desktop/MBAT-Internship-Project/data_OMV_at/prices_AT.7547.8_2025-09-02_11-10-51.png,~/Desktop/MBAT-Internship-Project/data_OMV_at/response_AT.7547.8_2025-09-02_11-10-51.json,2025-09-02T01:10:51Z
AT.7548.8,AUT,Wien,1220,48.24285,16.45645,DIESEL,1.559,DIESEL 1.559 EUR,~/Desktop/MBAT-Internship-Project/data_OMV_at/prices_AT.7548.8_2025-09-02_11-10-52.png,~/Desktop/MBAT-Internship-Project/data_OMV_at/response_AT.7548.8_2025-09-02_11-10-52.json,2025-09-02T01:10:52Z
AT.7548.8,AUT,Wien,1220,48.24285,16.45645,SUPER 95,1.549,SUPER 95 1.549 EUR,~/Desktop/MBAT-Internship-Project/data_OMV_at/prices_AT.7548.8_2025-09-02_11-10-52.png,~/Desktop/MBAT-Internship-Project/data_OMV_at/response_AT.7548.8_2025-09-02_11-10-52.json,2025-09-02T01:10:52Z
AT.7548.8,AUT,Wien,1220,48.24285,16.45645,MaxxMotion Super 100plus,1.809,MaxxMotion Super 100plus 1.809 EUR,~/Desktop/MBAT-Internship-Project/data_OMV_at/prices_AT.7548.8_2025-09-02_11-10-52.png,~/Desktop/MBAT-Internship-Project/data_OMV_at/response_AT.7548.8_2025-09-02_11-10-52.json,2025-09-02T01:10:52Z
AT.7548.8,AUT,Wien,1220,48.24285,16.45645,MaxxMotion Diesel,1.819,MaxxMotion Diesel 1.819 EUR,~/Desktop/MBAT-Internship-Project/data_OMV_at/prices_AT.7548.8_2025-09-02_11-10-52.png,~/Desktop/MBAT-Internship-Project/data_OMV_at/response_AT.7548.8_2025-09-02_11-10-52.json,2025-09-02T01:10:52Z
AT.7550.8,AUT,Wien,1210,48.28114,16.41181,DIESEL,1.659,DIESEL 1.659 EUR,~/Desktop/MBAT-Internship-Project/data_OMV_at/prices_AT.7550.8_2025-09-02_11-10-53.png,~/Desktop/MBAT-Internship-Project/data_OMV_at/response_AT.7550.8_2025-09-02_11-10-53.json,2025-09-02T01:10:53Z
AT.7550.8,AUT,Wien,1210,48.28114,16.41181,SUPER 95,1.619,SUPER 95 1.619 EUR,~/Desktop/MBAT-Internship-Project/data_OMV_at/prices_AT.7550.8_2025-09-02_11-10-53.png,~/Desktop/MBAT-Internship-Project/data_OMV_at/response_AT.7550.8_2025-09-02_11-10-53.json,2025-09-02T01:10:53Z
AT.7550.8,AUT,Wien,1210,48.28114,16.41181,MaxxMotion Super 100plus,1.879,MaxxMotion Super 100plus 1.879 EUR,~/Desktop/MBAT-Internship-Project/data_OMV_at/prices_AT.7550.8_2025-09-02_11-10-53.png,~/Desktop/MBAT-Internship-Project/data_OMV_at/response_AT.7550.8_2025-09-02_11-10-53.json,2025-09-02T01:10:53Z
AT.7550.8,AUT,Wien,1210,48.28114,16.41181,MaxxMotion Diesel,1.919,MaxxMotion Diesel 1.919 EUR,~/Desktop/MBAT-Internship-Project/data_OMV_at/prices_AT.7550.8_2025-09-02_11-10-53.png,~/Desktop/MBAT-Internship-Project/data_OMV_at/response_AT.7550.8_2025-09-02_11-10-53.json,2025-09-02T01:10:53Z
AT.7554.8,AUT,Wien,1230,48.13342,16.29849,DIESEL,1.549,DIESEL 1.549 EUR,~/Desktop/MBAT-Internship-Project/data_OMV_at/prices_AT.7554.8_2025-09-02_11-10-53.png,~/Desktop/MBAT-Internship-Project/data_OMV_at/response_AT.7554.8_2025-09-02_11-10-53.json,2025-09-02T01:10:54Z
AT.7554.8,AUT,Wien,1230,48.13342,16.29849,SUPER 95,1.519,SUPER 95 1.519 EUR,~/Desktop/MBAT-Internship-Project/data_OMV_at/prices_AT.7554.8_2025-09-02_11-10-53.png,~/Desktop/MBAT-Internship-Project/data_OMV_at/response_AT.7554.8_2025-09-02_11-10-53.json,2025-09-02T01:10:54Z
AT.7554.8,AUT,Wien,1230,48.13342,16.29849,MaxxMotion Super 100plus,1.779,MaxxMotion Super 100plus 1.779 EUR,~/Desktop/MBAT-Internship-Project/data_OMV_at/prices_AT.7554.8_2025-09-02_11-10-53.png,~/Desktop/MBAT-Internship-Project/data_OMV_at/response_AT.7554.8_2025-09-02_11-10-53.json,2025-09-02T01:10:54Z
AT.7554.8,AUT,Wien,1230,48.13342,16.29849,MaxxMotion Diesel,1.809,MaxxMotion Diesel 1.809 EUR,~/Desktop/MBAT-Internship-Project/data_OMV_at/prices_AT.7554.8_2025-09-02_11-10-53.png,~/Desktop/MBAT-Internship-Project/data_OMV_at/response_AT.7554.8_2025-09-02_11-10-53.json,2025-09-02T01:10:54Z
AT.7555.8,AUT,Wien,1110,48.18187,16.44451,DIESEL,1.999,DIESEL 1.999 EUR,~/Desktop/MBAT-Internship-Project/data_OMV_at/prices_AT.7555.8_2025-09-02_11-10-54.png,~/Desktop/MBAT-Internship-Project/data_OMV_at/response_AT.7555.8_2025-09-02_11-10-54.json,2025-09-02T01:10:55Z
AT.7555.8,AUT,Wien,1110,48.18187,16.44451,SUPER 95,1.999,SUPER 95 1.999 EUR,~/Desktop/MBAT-Internship-Project/data_OMV_at/prices_AT.7555.8_2025-09-02_11-10-54.png,~/Desktop/MBAT-Internship-Project/data_OMV_at/response_AT.7555.8_2025-09-02_11-10-54.json,2025-09-02T01:10:55Z
AT.7555.8,AUT,Wien,1110,48.18187,16.44451,MaxxMotion Super 100plus,2.259,MaxxMotion Super 100plus 2.259 EUR,~/Desktop/MBAT-Internship-Project/data_OMV_at/prices_AT.7555.8_2025-09-02_11-10-54.png,~/Desktop/MBAT-Internship-Project/data_OMV_at/response_AT.7555.8_2025-09-02_11-10-54.json,2025-09-02T01:10:55Z
AT.7555.8,AUT,Wien,1110,48.18187,16.44451,CNG,1.649,CNG 1.649 EUR,~/Desktop/MBAT-Internship-Project/data_OMV_at/prices_AT.7555.8_2025-09-02_11-10-54.png,~/Desktop/MBAT-Internship-Project/data_OMV_at/response_AT.7555.8_2025-09-02_11-10-54.json,2025-09-02T01:10:55Z
AT.7555.8,AUT,Wien,1110,48.18187,16.44451,MaxxMotion Diesel,2.259,MaxxMotion Diesel 2.259 EUR,~/Desktop/MBAT-Internship-Project/data_OMV_at/prices_AT.7555.8_2025-09-02_11-10-54.png,~/Desktop/MBAT-Internship-Project/data_OMV_at/response_AT.7555.8_2025-09-02_11-10-54.json,2025-09-02T01:10:55Z
AT.7556.8,AUT,Wien,1150,48.20685,16.31374,DIESEL,1.579,DIESEL 1.579 EUR,~/Desktop/MBAT-Internship-Project/data_OMV_at/prices_AT.7556.8_2025-09-02_11-10-55.png,~/Desktop/MBAT-Internship-Project/data_OMV_at/response_AT.7556.8_2025-09-02_11-10-55.json,2025-09-02T01:10:56Z
AT.7556.8,AUT,Wien,1150,48.20685,16.31374,SUPER 95,1.549,SUPER 95 1.549 EUR,~/Desktop/MBAT-Internship-Project/data_OMV_at/prices_AT.7556.8_2025-09-02_11-10-55.png,~/Desktop/MBAT-Internship-Project/data_OMV_at/response_AT.7556.8_2025-09-02_11-10-55.json,2025-09-02T01:10:56Z
AT.7556.8,AUT,Wien,1150,48.20685,16.31374,MaxxMotion Super 100plus,1.809,MaxxMotion Super 100plus 1.809 EUR,~/Desktop/MBAT-Internship-Project/data_OMV_at/prices_AT.7556.8_2025-09-02_11-10-55.png,~/Desktop/MBAT-Internship-Project/data_OMV_at/response_AT.7556.8_2025-09-02_11-10-55.json,2025-09-02T01:10:56Z
AT.7556.8,AUT,Wien,1150,48.20685,16.31374,MaxxMotion Diesel,1.839,MaxxMotion Diesel 1.839 EUR,~/Desktop/MBAT-Internship-Project/data_OMV_at/prices_AT.7556.8_2025-09-02_11-10-55.png,~/Desktop/MBAT-Internship-Project/data_OMV_at/response_AT.7556.8_2025-09-02_11-10-55.json,2025-09-02T01:10:56Z
AT.7557.8,AUT,Wien,1110,48.15133,16.4632,DIESEL,1.529,DIESEL 1.529 EUR,~/Desktop/MBAT-Internship-Project/data_OMV_at/prices_AT.7557.8_2025-09-02_11-10-56.png,~/Desktop/MBAT-Internship-Project/data_OMV_at/response_AT.7557.8_2025-09-02_11-10-56.json,2025-09-02T01:10:56Z
AT.7557.8,AUT,Wien,1110,48.15133,16.4632,SUPER 95,1.529,SUPER 95 1.529 EUR,~/Desktop/MBAT-Internship-Project/data_OMV_at/prices_AT.7557.8_2025-09-02_11-10-56.png,~/Desktop/MBAT-Internship-Project/data_OMV_at/response_AT.7557.8_2025-09-02_11-10-56.json,2025-09-02T01:10:56Z
AT.7557.8,AUT,Wien,1110,48.15133,16.4632,MaxxMotion Super 100plus,1.789,MaxxMotion Super 100plus 1.789 EUR,~/Desktop/MBAT-Internship-Project/data_OMV_at/prices_AT.7557.8_2025-09-02_11-10-56.png,~/Desktop/MBAT-Internship-Project/data_OMV_at/response_AT.7557.8_2025-09-02_11-10-56.json,2025-09-02T01:10:56Z
AT.7557.8,AUT,Wien,1110,48.15133,16.4632,MaxxMotion Diesel,1.789,MaxxMotion Diesel 1.789 EUR,~/Desktop/MBAT-Internship-Project/data_OMV_at/prices_AT.7557.8_2025-09-02_11-10-56.png,~/Desktop/MBAT-Internship-Project/data_OMV_at/response_AT.7557.8_2025-09-02_11-10-56.json,2025-09-02T01:10:56Z
AT.7560.8,AUT,Wien,1100,48.14818,16.39664,DIESEL,1.479,DIESEL 1.479 EUR,~/Desktop/MBAT-Internship-Project/data_OMV_at/prices_AT.7560.8_2025-09-02_11-10-57.png,~/Desktop/MBAT-Internship-Project/data_OMV_at/response_AT.7560.8_2025-09-02_11-10-57.json,2025-09-02T01:10:57Z
AT.7560.8,AUT,Wien,1100,48.14818,16.39664,SUPER 95,1.469,SUPER 95 1.469 EUR,~/Desktop/MBAT-Internship-Project/data_OMV_at/prices_AT.7560.8_2025-09-02_11-10-57.png,~/Desktop/MBAT-Internship-Project/data_OMV_at/response_AT.7560.8_2025-09-02_11-10-57.json,2025-09-02T01:10:57Z
AT.7560.8,AUT,Wien,1100,48.14818,16.39664,MaxxMotion Super 100plus,1.729,MaxxMotion Super 100plus 1.729 EUR,~/Desktop/MBAT-Internship-Project/data_OMV_at/prices_AT.7560.8_2025-09-02_11-10-57.png,~/Desktop/MBAT-Internship-Project/data_OMV_at/response_AT.7560.8_2025-09-02_11-10-57.json,2025-09-02T01:10:57Z
AT.7560.8,AUT,Wien,1100,48.14818,16.39664,MaxxMotion Diesel,2.019,MaxxMotion Diesel 2.019 EUR,~/Desktop/MBAT-Internship-Project/data_OMV_at/prices_AT.7560.8_2025-09-02_11-10-57.png,~/Desktop/MBAT-Internship-Project/data_OMV_at/response_AT.7560.8_2025-09-02_11-10-57.json,2025-09-02T01:10:57Z
AT.7567.8,AUT,Wien,1110,48.17,16.40953,DIESEL,1.529,DIESEL 1.529 EUR,~/Desktop/MBAT-Internship-Project/data_OMV_at/prices_AT.7567.8_2025-09-02_11-10-58.png,~/Desktop/MBAT-Internship-Project/data_OMV_at/response_AT.7567.8_2025-09-02_11-10-58.json,2025-09-02T01:10:58Z
AT.7567.8,AUT,Wien,1110,48.17,16.40953,SUPER 95,1.509,SUPER 95 1.509 EUR,~/Desktop/MBAT-Internship-Project/data_OMV_at/prices_AT.7567.8_2025-09-02_11-10-58.png,~/Desktop/MBAT-Internship-Project/data_OMV_at/response_AT.7567.8_2025-09-02_11-10-58.json,2025-09-02T01:10:58Z
AT.7567.8,AUT,Wien,1110,48.17,16.40953,MaxxMotion Super 100plus,1.769,MaxxMotion Super 100plus 1.769 EUR,~/Desktop/MBAT-Internship-Project/data_OMV_at/prices_AT.7567.8_2025-09-02_11-10-58.png,~/Desktop/MBAT-Internship-Project/data_OMV_at/response_AT.7567.8_2025-09-02_11-10-58.json,2025-09-02T01:10:58Z
AT.7567.8,AUT,Wien,1110,48.17,16.40953,MaxxMotion Diesel,1.789,MaxxMotion Diesel 1.789 EUR,~/Desktop/MBAT-Internship-Project/data_OMV_at/prices_AT.7567.8_2025-09-02_11-10-58.png,~/Desktop/MBAT-Internship-Project/data_OMV_at/response_AT.7567.8_2025-09-02_11-10-58.json,2025-09-02T01:10:58Z
AT.7573.8,AUT,Wien,1110,48.14844,16.46228,DIESEL,1.474,DIESEL 1.474 EUR,~/Desktop/MBAT-Internship-Project/data_OMV_at/prices_AT.7573.8_2025-09-02_11-10-58.png,~/Desktop/MBAT-Internship-Project/data_OMV_at/response_AT.7573.8_2025-09-02_11-10-58.json,2025-09-02T01:10:59Z
AT.7573.8,AUT,Wien,1110,48.14844,16.46228,SUPER 95,1.474,SUPER 95 1.474 EUR,~/Desktop/MBAT-Internship-Project/data_OMV_at/prices_AT.7573.8_2025-09-02_11-10-58.png,~/Desktop/MBAT-Internship-Project/data_OMV_at/response_AT.7573.8_2025-09-02_11-10-58.json,2025-09-02T01:10:59Z
AT.7575.8,AUT,Wien,1220,48.21686,16.49345,DIESEL,1.539,DIESEL 1.539 EUR,~/Desktop/MBAT-Internship-Project/data_OMV_at/prices_AT.7575.8_2025-09-02_11-10-59.png,~/Desktop/MBAT-Internship-Project/data_OMV_at/response_AT.7575.8_2025-09-02_11-10-59.json,2025-09-02T01:11:00Z
AT.7575.8,AUT,Wien,1220,48.21686,16.49345,SUPER 95,1.529,SUPER 95 1.529 EUR,~/Desktop/MBAT-Internship-Project/data_OMV_at/prices_AT.7575.8_2025-09-02_11-10-59.png,~/Desktop/MBAT-Internship-Project/data_OMV_at/response_AT.7575.8_2025-09-02_11-10-59.json,2025-09-02T01:11:00Z
AT.7575.8,AUT,Wien,1220,48.21686,16.49345,MaxxMotion Super 100plus,1.789,MaxxMotion Super 100plus 1.789 EUR,~/Desktop/MBAT-Internship-Project/data_OMV_at/prices_AT.7575.8_2025-09-02_11-10-59.png,~/Desktop/MBAT-Internship-Project/data_OMV_at/response_AT.7575.8_2025-09-02_11-10-59.json,2025-09-02T01:11:00Z
AT.7575.8,AUT,Wien,1220,48.21686,16.49345,MaxxMotion Diesel,1.799,MaxxMotion Diesel 1.799 EUR,~/Desktop/MBAT-Internship-Project/data_OMV_at/prices_AT.7575.8_2025-09-02_11-10-59.png,~/Desktop/MBAT-Internship-Project/data_OMV_at/response_AT.7575.8_2025-09-02_11-10-59.json,2025-09-02T01:11:00Z
AT.7577.8,AUT,Wien,1210,48.28664,16.38404,DIESEL,1.462,DIESEL 1.462 EUR,~/Desktop/MBAT-Internship-Project/data_OMV_at/prices_AT.7577.8_2025-09-02_11-11-00.png,~/Desktop/MBAT-Internship-Project/data_OMV_at/response_AT.7577.8_2025-09-02_11-11-00.json,2025-09-02T01:11:01Z
AT.7577.8,AUT,Wien,1210,48.28664,16.38404,Diesel Plus,1.679,Diesel Plus 1.679 EUR,~/Desktop/MBAT-Internship-Project/data_OMV_at/prices_AT.7577.8_2025-09-02_11-11-00.png,~/Desktop/MBAT-Internship-Project/data_OMV_at/response_AT.7577.8_2025-09-02_11-11-00.json,2025-09-02T01:11:01Z
AT.7577.8,AUT,Wien,1210,48.28664,16.38404,SUPER 95,1.452,SUPER 95 1.452 EUR,~/Desktop/MBAT-Internship-Project/data_OMV_at/prices_AT.7577.8_2025-09-02_11-11-00.png,~/Desktop/MBAT-Internship-Project/data_OMV_at/response_AT.7577.8_2025-09-02_11-11-00.json,2025-09-02T01:11:01Z
AT.7579.8,AUT,Wien,1120,48.1724,16.31949,DIESEL,1.524,DIESEL 1.524 EUR,~/Desktop/MBAT-Internship-Project/data_OMV_at/prices_AT.7579.8_2025-09-02_11-11-01.png,~/Desktop/MBAT-Internship-Project/data_OMV_at/response_AT.7579.8_2025-09-02_11-11-01.json,2025-09-02T01:11:01Z
AT.7579.8,AUT,Wien,1120,48.1724,16.31949,Diesel Plus,1.739,Diesel Plus 1.739 EUR,~/Desktop/MBAT-Internship-Project/data_OMV_at/prices_AT.7579.8_2025-09-02_11-11-01.png,~/Desktop/MBAT-Internship-Project/data_OMV_at/response_AT.7579.8_2025-09-02_11-11-01.json,2025-09-02T01:11:01Z
AT.7579.8,AUT,Wien,1120,48.1724,16.31949,SUPER 95,1.524,SUPER 95 1.524 EUR,~/Desktop/MBAT-Internship-Project/data_OMV_at/prices_AT.7579.8_2025-09-02_11-11-01.png,~/Desktop/MBAT-Internship-Project/data_OMV_at/response_AT.7579.8_2025-09-02_11-11-01.json,2025-09-02T01:11:01Z
AT.7583.8,AUT,Wien,1100,48.1774,16.35653,DIESEL,1.669,DIESEL 1.669 EUR,~/Desktop/MBAT-Internship-Project/data_OMV_at/prices_AT.7583.8_2025-09-02_11-11-02.png,~/Desktop/MBAT-Internship-Project/data_OMV_at/response_AT.7583.8_2025-09-02_11-11-02.json,2025-09-02T01:11:02Z
AT.7583.8,AUT,Wien,1100,48.1774,16.35653,OMV AdBlue,1.399,OMV AdBlue 1.399 EUR,~/Desktop/MBAT-Internship-Project/data_OMV_at/prices_AT.7583.8_2025-09-02_11-11-02.png,~/Desktop/MBAT-Internship-Project/data_OMV_at/response_AT.7583.8_2025-09-02_11-11-02.json,2025-09-02T01:11:02Z
AT.7583.8,AUT,Wien,1100,48.1774,16.35653,SUPER 95,1.669,SUPER 95 1.669 EUR,~/Desktop/MBAT-Internship-Project/data_OMV_at/prices_AT.7583.8_2025-09-02_11-11-02.png,~/Desktop/MBAT-Internship-Project/data_OMV_at/response_AT.7583.8_2025-09-02_11-11-02.json,2025-09-02T01:11:02Z
AT.7583.8,AUT,Wien,1100,48.1774,16.35653,MaxxMotion Super 100plus,1.929,MaxxMotion Super 100plus 1.929 EUR,~/Desktop/MBAT-Internship-Project/data_OMV_at/prices_AT.7583.8_2025-09-02_11-11-02.png,~/Desktop/MBAT-Internship-Project/data_OMV_at/response_AT.7583.8_2025-09-02_11-11-02.json,2025-09-02T01:11:02Z
AT.7583.8,AUT,Wien,1100,48.1774,16.35653,MaxxMotion Diesel,1.929,MaxxMotion Diesel 1.929 EUR,~/Desktop/MBAT-Internship-Project/data_OMV_at/prices_AT.7583.8_2025-09-02_11-11-02.png,~/Desktop/MBAT-Internship-Project/data_OMV_at/response_AT.7583.8_2025-09-02_11-11-02.json,2025-09-02T01:11:02Z
AT.7651.8,AUT,Wien,1210,48.31144,16.43012,DIESEL,1.539,DIESEL 1.539 EUR,~/Desktop/MBAT-Internship-Project/data_OMV_at/prices_AT.7651.8_2025-09-02_11-11-03.png,~/Desktop/MBAT-Internship-Project/data_OMV_at/response_AT.7651.8_2025-09-02_11-11-03.json,2025-09-02T01:11:03Z
AT.7651.8,AUT,Wien,1210,48.31144,16.43012,SUPER 95,1.519,SUPER 95 1.519 EUR,~/Desktop/MBAT-Internship-Project/data_OMV_at/prices_AT.7651.8_2025-09-02_11-11-03.png,~/Desktop/MBAT-Internship-Project/data_OMV_at/response_AT.7651.8_2025-09-02_11-11-03.json,2025-09-02T01:11:03Z
AT.7652.8,AUT,Wien,1120,48.17824,16.34598,DIESEL,1.524,DIESEL 1.524 EUR,~/Desktop/MBAT-Internship-Project/data_OMV_at/prices_AT.7652.8_2025-09-02_11-11-03.png,~/Desktop/MBAT-Internship-Project/data_OMV_at/response_AT.7652.8_2025-09-02_11-11-03.json,2025-09-02T01:11:04Z
AT.7652.8,AUT,Wien,1120,48.17824,16.34598,SUPER 95,1.524,SUPER 95 1.524 EUR,~/Desktop/MBAT-Internship-Project/data_OMV_at/prices_AT.7652.8_2025-09-02_11-11-03.png,~/Desktop/MBAT-Internship-Project/data_OMV_at/response_AT.7652.8_2025-09-02_11-11-03.json,2025-09-02T01:11:04Z
AT.7654.8,AUT,Wien,1220,48.2145,16.51461,DIESEL,1.464,DIESEL 1.464 EUR,~/Desktop/MBAT-Internship-Project/data_OMV_at/prices_AT.7654.8_2025-09-02_11-11-04.png,~/Desktop/MBAT-Internship-Project/data_OMV_at/response_AT.7654.8_2025-09-02_11-11-04.json,2025-09-02T01:11:05Z
AT.7654.8,AUT,Wien,1220,48.2145,16.51461,SUPER 95,1.454,SUPER 95 1.454 EUR,~/Desktop/MBAT-Internship-Project/data_OMV_at/prices_AT.7654.8_2025-09-02_11-11-04.png,~/Desktop/MBAT-Internship-Project/data_OMV_at/response_AT.7654.8_2025-09-02_11-11-04.json,2025-09-02T01:11:05Z
AT.7656.8,AUT,Wien,1140,48.1953,16.28135,DIESEL,1.466,DIESEL 1.466 EUR,~/Desktop/MBAT-Internship-Project/data_OMV_at/prices_AT.7656.8_2025-09-02_11-11-05.png,~/Desktop/MBAT-Internship-Project/data_OMV_at/response_AT.7656.8_2025-09-02_11-11-05.json,2025-09-02T01:11:06Z
AT.7656.8,AUT,Wien,1140,48.1953,16.28135,Diesel Plus,1.679,Diesel Plus 1.679 EUR,~/Desktop/MBAT-Internship-Project/data_OMV_at/prices_AT.7656.8_2025-09-02_11-11-05.png,~/Desktop/MBAT-Internship-Project/data_OMV_at/response_AT.7656.8_2025-09-02_11-11-05.json,2025-09-02T01:11:06Z
AT.7656.8,AUT,Wien,1140,48.1953,16.28135,SUPER 95,1.456,SUPER 95 1.456 EUR,~/Desktop/MBAT-Internship-Project/data_OMV_at/prices_AT.7656.8_2025-09-02_11-11-05.png,~/Desktop/MBAT-Internship-Project/data_OMV_at/response_AT.7656.8_2025-09-02_11-11-05.json,2025-09-02T01:11:06Z
AT.7657.8,AUT,Wien,1190,48.28511,16.34549,DIESEL,1.684,DIESEL 1.684 EUR,~/Desktop/MBAT-Internship-Project/data_OMV_at/prices_AT.7657.8_2025-09-02_11-11-06.png,~/Desktop/MBAT-Internship-Project/data_OMV_at/response_AT.7657.8_2025-09-02_11-11-06.json,2025-09-02T01:11:06Z
AT.7657.8,AUT,Wien,1190,48.28511,16.34549,SUPER 95,1.644,SUPER 95 1.644 EUR,~/Desktop/MBAT-Internship-Project/data_OMV_at/prices_AT.7657.8_2025-09-02_11-11-06.png,~/Desktop/MBAT-Internship-Project/data_OMV_at/response_AT.7657.8_2025-09-02_11-11-06.json,2025-09-02T01:11:06Z
AT.7665.8,AUT,Wien,1110,48.18388,16.4059,DIESEL,1.474,DIESEL 1.474 EUR,~/Desktop/MBAT-Internship-Project/data_OMV_at/prices_AT.7665.8_2025-09-02_11-11-07.png,~/Desktop/MBAT-Internship-Project/data_OMV_at/response_AT.7665.8_2025-09-02_11-11-07.json,2025-09-02T01:11:07Z
AT.7665.8,AUT,Wien,1110,48.18388,16.4059,SUPER 95,1.472,SUPER 95 1.472 EUR,~/Desktop/MBAT-Internship-Project/data_OMV_at/prices_AT.7665.8_2025-09-02_11-11-07.png,~/Desktop/MBAT-Internship-Project/data_OMV_at/response_AT.7665.8_2025-09-02_11-11-07.json,2025-09-02T01:11:07Z
AT.7666.8,AUT,Wien,1230,48.14891,16.33836,DIESEL,1.529,DIESEL 1.529 EUR,~/Desktop/MBAT-Internship-Project/data_OMV_at/prices_AT.7666.8_2025-09-02_11-11-08.png,~/Desktop/MBAT-Internship-Project/data_OMV_at/response_AT.7666.8_2025-09-02_11-11-08.json,2025-09-02T01:11:08Z
AT.7666.8,AUT,Wien,1230,48.14891,16.33836,SUPER 95,1.529,SUPER 95 1.529 EUR,~/Desktop/MBAT-Internship-Project/data_OMV_at/prices_AT.7666.8_2025-09-02_11-11-08.png,~/Desktop/MBAT-Internship-Project/data_OMV_at/response_AT.7666.8_2025-09-02_11-11-08.json,2025-09-02T01:11:08Z
AT.7666.8,AUT,Wien,1230,48.14891,16.33836,MaxxMotion Super 100plus,1.789,MaxxMotion Super 100plus 1.789 EUR,~/Desktop/MBAT-Internship-Project/data_OMV_at/prices_AT.7666.8_2025-09-02_11-11-08.png,~/Desktop/MBAT-Internship-Project/data_OMV_at/response_AT.7666.8_2025-09-02_11-11-08.json,2025-09-02T01:11:08Z
AT.7666.8,AUT,Wien,1230,48.14891,16.33836,CNG,1.649,CNG 1.649 EUR,~/Desktop/MBAT-Internship-Project/data_OMV_at/prices_AT.7666.8_2025-09-02_11-11-08.png,~/Desktop/MBAT-Internship-Project/data_OMV_at/response_AT.7666.8_2025-09-02_11-11-08.json,2025-09-02T01:11:08Z
AT.7666.8,AUT,Wien,1230,48.14891,16.33836,MaxxMotion Diesel,1.789,MaxxMotion Diesel 1.789 EUR,~/Desktop/MBAT-Internship-Project/data_OMV_at/prices_AT.7666.8_2025-09-02_11-11-08.png,~/Desktop/MBAT-Internship-Project/data_OMV_at/response_AT.7666.8_2025-09-02_11-11-08.json,2025-09-02T01:11:08Z
AT.7713.8,AUT,Wien,1210,48.26672,16.44859,DIESEL,1.464,DIESEL 1.464 EUR,~/Desktop/MBAT-Internship-Project/data_OMV_at/prices_AT.7713.8_2025-09-02_11-11-08.png,~/Desktop/MBAT-Internship-Project/data_OMV_at/response_AT.7713.8_2025-09-02_11-11-08.json,2025-09-02T01:11:09Z
AT.7713.8,AUT,Wien,1210,48.26672,16.44859,SUPER 95,1.454,SUPER 95 1.454 EUR,~/Desktop/MBAT-Internship-Project/data_OMV_at/prices_AT.7713.8_2025-09-02_11-11-08.png,~/Desktop/MBAT-Internship-Project/data_OMV_at/response_AT.7713.8_2025-09-02_11-11-08.json,2025-09-02T01:11:09Z
AT.7717.8,AUT,Wien,1210,48.25964,16.45031,DIESEL,1.464,DIESEL 1.464 EUR,~/Desktop/MBAT-Internship-Project/data_OMV_at/prices_AT.7717.8_2025-09-02_11-11-09.png,~/Desktop/MBAT-Internship-Project/data_OMV_at/response_AT.7717.8_2025-09-02_11-11-09.json,2025-09-02T01:11:10Z
AT.7717.8,AUT,Wien,1210,48.25964,16.45031,SUPER 95,1.454,SUPER 95 1.454 EUR,~/Desktop/MBAT-Internship-Project/data_OMV_at/prices_AT.7717.8_2025-09-02_11-11-09.png,~/Desktop/MBAT-Internship-Project/data_OMV_at/response_AT.7717.8_2025-09-02_11-11-09.json,2025-09-02T01:11:10Z
AT.8001.8,AUT,Leobendorf,2100,48.3603,16.311,DIESEL,1.464,DIESEL 1.464 EUR,~/Desktop/MBAT-Internship-Project/data_OMV_at/prices_AT.8001.8_2025-09-02_11-11-10.png,~/Desktop/MBAT-Internship-Project/data_OMV_at/response_AT.8001.8_2025-09-02_11-11-10.json,2025-09-02T01:11:11Z
AT.8001.8,AUT,Leobendorf,2100,48.3603,16.311,SUPER 95,1.454,SUPER 95 1.454 EUR,~/Desktop/MBAT-Internship-Project/data_OMV_at/prices_AT.8001.8_2025-09-02_11-11-10.png,~/Desktop/MBAT-Internship-Project/data_OMV_at/response_AT.8001.8_2025-09-02_11-11-10.json,2025-09-02T01:11:11Z
AT.8002.8,AUT,Brunn am Gebirge,2345,48.1051,16.3101,DIESEL,1.429,DIESEL 1.429 EUR,~/Desktop/MBAT-Internship-Project/data_OMV_at/prices_AT.8002.8_2025-09-02_11-11-11.png,~/Desktop/MBAT-Internship-Project/data_OMV_at/response_AT.8002.8_2025-09-02_11-11-11.json,2025-09-02T01:11:11Z
AT.8002.8,AUT,Brunn am Gebirge,2345,48.1051,16.3101,SUPER 95,1.419,SUPER 95 1.419 EUR,~/Desktop/MBAT-Internship-Project/data_OMV_at/prices_AT.8002.8_2025-09-02_11-11-11.png,~/Desktop/MBAT-Internship-Project/data_OMV_at/response_AT.8002.8_2025-09-02_11-11-11.json,2025-09-02T01:11:11Z
AT.8003.8,AUT,Theresienfeld,2604,47.8465,16.2443,DIESEL,1.493,DIESEL 1.493 EUR,~/Desktop/MBAT-Internship-Project/data_OMV_at/prices_AT.8003.8_2025-09-02_11-11-12.png,~/Desktop/MBAT-Internship-Project/data_OMV_at/response_AT.8003.8_2025-09-02_11-11-12.json,2025-09-02T01:11:12Z
AT.8003.8,AUT,Theresienfeld,2604,47.8465,16.2443,SUPER 95,1.484,SUPER 95 1.484 EUR,~/Desktop/MBAT-Internship-Project/data_OMV_at/prices_AT.8003.8_2025-09-02_11-11-12.png,~/Desktop/MBAT-Internship-Project/data_OMV_at/response_AT.8003.8_2025-09-02_11-11-12.json,2025-09-02T01:11:12Z
AT.8004.8,AUT,St. Pölten,3100,48.1737,15.6174,DIESEL,1.451,DIESEL 1.451 EUR,~/Desktop/MBAT-Internship-Project/data_OMV_at/prices_AT.8004.8_2025-09-02_11-11-13.png,~/Desktop/MBAT-Internship-Project/data_OMV_at/response_AT.8004.8_2025-09-02_11-11-13.json,2025-09-02T01:11:13Z
AT.8004.8,AUT,St. Pölten,3100,48.1737,15.6174,SUPER 95,1.442,SUPER 95 1.442 EUR,~/Desktop/MBAT-Internship-Project/data_OMV_at/prices_AT.8004.8_2025-09-02_11-11-13.png,~/Desktop/MBAT-Internship-Project/data_OMV_at/response_AT.8004.8_2025-09-02_11-11-13.json,2025-09-02T01:11:13Z
AT.8007.8,AUT,Baden,2500,47.9747,16.2807,DIESEL,1.456,DIESEL 1.456 EUR,~/Desktop/MBAT-Internship-Project/data_OMV_at/prices_AT.8007.8_2025-09-02_11-11-14.png,~/Desktop/MBAT-Internship-Project/data_OMV_at/response_AT.8007.8_2025-09-02_11-11-14.json,2025-09-02T01:11:14Z
AT.8007.8,AUT,Baden,2500,47.9747,16.2807,SUPER 95,1.418,SUPER 95 1.418 EUR,~/Desktop/MBAT-Internship-Project/data_OMV_at/prices_AT.8007.8_2025-09-02_11-11-14.png,~/Desktop/MBAT-Internship-Project/data_OMV_at/response_AT.8007.8_2025-09-02_11-11-14.json,2025-09-02T01:11:14Z
AT.8010.8,AUT,Neulengbach,3040,48.19262,15.89473,DIESEL,1.534,DIESEL 1.534 EUR,~/Desktop/MBAT-Internship-Project/data_OMV_at/prices_AT.8010.8_2025-09-02_11-11-15.png,~/Desktop/MBAT-Internship-Project/data_OMV_at/response_AT.8010.8_2025-09-02_11-11-15.json,2025-09-02T01:11:15Z
AT.8010.8,AUT,Neulengbach,3040,48.19262,15.89473,SUPER 95,1.524,SUPER 95 1.524 EUR,~/Desktop/MBAT-Internship-Project/data_OMV_at/prices_AT.8010.8_2025-09-02_11-11-15.png,~/Desktop/MBAT-Internship-Project/data_OMV_at/response_AT.8010.8_2025-09-02_11-11-15.json,2025-09-02T01:11:15Z
AT.8011.8,AUT,Altlengbach,3033,48.15763,15.94264,DIESEL,1.999,DIESEL 1.999 EUR,~/Desktop/MBAT-Internship-Project/data_OMV_at/prices_AT.8011.8_2025-09-02_11-11-15.png,~/Desktop/MBAT-Internship-Project/data_OMV_at/response_AT.8011.8_2025-09-02_11-11-15.json,2025-09-02T01:11:16Z
AT.8011.8,AUT,Altlengbach,3033,48.15763,15.94264,OMV AdBlue,1.399,OMV AdBlue 1.399 EUR,~/Desktop/MBAT-Internship-Project/data_OMV_at/prices_AT.8011.8_2025-09-02_11-11-15.png,~/Desktop/MBAT-Internship-Project/data_OMV_at/response_AT.8011.8_2025-09-02_11-11-15.json,2025-09-02T01:11:16Z
AT.8011.8,AUT,Altlengbach,3033,48.15763,15.94264,SUPER 95,1.999,SUPER 95 1.999 EUR,~/Desktop/MBAT-Internship-Project/data_OMV_at/prices_AT.8011.8_2025-09-02_11-11-15.png,~/Desktop/MBAT-Internship-Project/data_OMV_at/response_AT.8011.8_2025-09-02_11-11-15.json,2025-09-02T01:11:16Z
AT.8011.8,AUT,Altlengbach,3033,48.15763,15.94264,Maxx Motion Super 100,2.259,Maxx Motion Super 100 2.259 EUR,~/Desktop/MBAT-Internship-Project/data_OMV_at/prices_AT.8011.8_2025-09-02_11-11-15.png,~/Desktop/MBAT-Internship-Project/data_OMV_at/response_AT.8011.8_2025-09-02_11-11-15.json,2025-09-02T01:11:16Z
AT.8011.8,AUT,Altlengbach,3033,48.15763,15.94264,MaxxMotion Diesel,2.259,MaxxMotion Diesel 2.259 EUR,~/Desktop/MBAT-Internship-Project/data_OMV_at/prices_AT.8011.8_2025-09-02_11-11-15.png,~/Desktop/MBAT-Internship-Project/data_OMV_at/response_AT.8011.8_2025-09-02_11-11-15.json,2025-09-02T01:11:16Z
AT.8012.8,AUT,Wiener Neustadt,2700,47.78134,16.19135,DIESEL,1.493,DIESEL 1.493 EUR,~/Desktop/MBAT-Internship-Project/data_OMV_at/prices_AT.8012.8_2025-09-02_11-11-16.png,~/Desktop/MBAT-Internship-Project/data_OMV_at/response_AT.8012.8_2025-09-02_11-11-16.json,2025-09-02T01:11:17Z
AT.8012.8,AUT,Wiener Neustadt,2700,47.78134,16.19135,SUPER 95,1.484,SUPER 95 1.484 EUR,~/Desktop/MBAT-Internship-Project/data_OMV_at/prices_AT.8012.8_2025-09-02_11-11-16.png,~/Desktop/MBAT-Internship-Project/data_OMV_at/response_AT.8012.8_2025-09-02_11-11-16.json,2025-09-02T01:11:17Z
AT.8013.8,AUT,Ernstbrunn,2115,48.52638,16.3791,DIESEL,1.489,DIESEL 1.489 EUR,~/Desktop/MBAT-Internship-Project/data_OMV_at/prices_AT.8013.8_2025-09-02_11-11-17.png,~/Desktop/MBAT-Internship-Project/data_OMV_at/response_AT.8013.8_2025-09-02_11-11-17.json,2025-09-02T01:11:18Z
AT.8013.8,AUT,Ernstbrunn,2115,48.52638,16.3791,SUPER 95,1.479,SUPER 95 1.479 EUR,~/Desktop/MBAT-Internship-Project/data_OMV_at/prices_AT.8013.8_2025-09-02_11-11-17.png,~/Desktop/MBAT-Internship-Project/data_OMV_at/response_AT.8013.8_2025-09-02_11-11-17.json,2025-09-02T01:11:18Z
AT.8020.8,AUT,Vösendorf,2331,48.12534,16.32296,DIESEL,1.453,DIESEL 1.453 EUR,~/Desktop/MBAT-Internship-Project/data_OMV_at/prices_AT.8020.8_2025-09-02_11-11-18.png,~/Desktop/MBAT-Internship-Project/data_OMV_at/response_AT.8020.8_2025-09-02_11-11-18.json,2025-09-02T01:11:18Z
AT.8020.8,AUT,Vösendorf,2331,48.12534,16.32296,SUPER 95,1.453,SUPER 95 1.453 EUR,~/Desktop/MBAT-Internship-Project/data_OMV_at/prices_AT.8020.8_2025-09-02_11-11-18.png,~/Desktop/MBAT-Internship-Project/data_OMV_at/response_AT.8020.8_2025-09-02_11-11-18.json,2025-09-02T01:11:18Z
AT.8022.8,AUT,Deutsch-Wagram,2232,48.31075,16.51506,DIESEL,1.999,DIESEL 1.999 EUR,~/Desktop/MBAT-Internship-Project/data_OMV_at/prices_AT.8022.8_2025-09-02_11-11-19.png,~/Desktop/MBAT-Internship-Project/data_OMV_at/response_AT.8022.8_2025-09-02_11-11-19.json,2025-09-02T01:11:19Z
AT.8022.8,AUT,Deutsch-Wagram,2232,48.31075,16.51506,OMV AdBlue,1.399,OMV AdBlue 1.399 EUR,~/Desktop/MBAT-Internship-Project/data_OMV_at/prices_AT.8022.8_2025-09-02_11-11-19.png,~/Desktop/MBAT-Internship-Project/data_OMV_at/response_AT.8022.8_2025-09-02_11-11-19.json,2025-09-02T01:11:19Z
AT.8022.8,AUT,Deutsch-Wagram,2232,48.31075,16.51506,SUPER 95,1.999,SUPER 95 1.999 EUR,~/Desktop/MBAT-Internship-Project/data_OMV_at/prices_AT.8022.8_2025-09-02_11-11-19.png,~/Desktop/MBAT-Internship-Project/data_OMV_at/response_AT.8022.8_2025-09-02_11-11-19.json,2025-09-02T01:11:19Z
AT.8022.8,AUT,Deutsch-Wagram,2232,48.31075,16.51506,MaxxMotion Super 100plus,2.259,MaxxMotion Super 100plus 2.259 EUR,~/Desktop/MBAT-Internship-Project/data_OMV_at/prices_AT.8022.8_2025-09-02_11-11-19.png,~/Desktop/MBAT-Internship-Project/data_OMV_at/response_AT.8022.8_2025-09-02_11-11-19.json,2025-09-02T01:11:19Z
AT.8022.8,AUT,Deutsch-Wagram,2232,48.31075,16.51506,MaxxMotion Diesel,2.259,MaxxMotion Diesel 2.259 EUR,~/Desktop/MBAT-Internship-Project/data_OMV_at/prices_AT.8022.8_2025-09-02_11-11-19.png,~/Desktop/MBAT-Internship-Project/data_OMV_at/response_AT.8022.8_2025-09-02_11-11-19.json,2025-09-02T01:11:19Z
AT.8023.8,AUT,Langenzersdorf,2103,48.2997,16.37405,DIESEL,1.472,DIESEL 1.472 EUR,~/Desktop/MBAT-Internship-Project/data_OMV_at/prices_AT.8023.8_2025-09-02_11-11-20.png,~/Desktop/MBAT-Internship-Project/data_OMV_at/response_AT.8023.8_2025-09-02_11-11-20.json,2025-09-02T01:11:20Z
AT.8023.8,AUT,Langenzersdorf,2103,48.2997,16.37405,SUPER 95,1.462,SUPER 95 1.462 EUR,~/Desktop/MBAT-Internship-Project/data_OMV_at/prices_AT.8023.8_2025-09-02_11-11-20.png,~/Desktop/MBAT-Internship-Project/data_OMV_at/response_AT.8023.8_2025-09-02_11-11-20.json,2025-09-02T01:11:20Z
AT.8024.8,AUT,Oeynhausen,2512,47.98609,16.29075,DIESEL,1.456,DIESEL 1.456 EUR,~/Desktop/MBAT-Internship-Project/data_OMV_at/prices_AT.8024.8_2025-09-02_11-11-20.png,~/Desktop/MBAT-Internship-Project/data_OMV_at/response_AT.8024.8_2025-09-02_11-11-20.json,2025-09-02T01:11:21Z
AT.8024.8,AUT,Oeynhausen,2512,47.98609,16.29075,Diesel Plus,1.669,Diesel Plus 1.669 EUR,~/Desktop/MBAT-Internship-Project/data_OMV_at/prices_AT.8024.8_2025-09-02_11-11-20.png,~/Desktop/MBAT-Internship-Project/data_OMV_at/response_AT.8024.8_2025-09-02_11-11-20.json,2025-09-02T01:11:21Z
AT.8024.8,AUT,Oeynhausen,2512,47.98609,16.29075,SUPER 95,1.418,SUPER 95 1.418 EUR,~/Desktop/MBAT-Internship-Project/data_OMV_at/prices_AT.8024.8_2025-09-02_11-11-20.png,~/Desktop/MBAT-Internship-Project/data_OMV_at/response_AT.8024.8_2025-09-02_11-11-20.json,2025-09-02T01:11:21Z
AT.8040.8,AUT,Blindenmarkt,3372,48.12687,15.00827,DIESEL,1.539,DIESEL 1.539 EUR,~/Desktop/MBAT-Internship-Project/data_OMV_at/prices_AT.8040.8_2025-09-02_11-11-21.png,~/Desktop/MBAT-Internship-Project/data_OMV_at/response_AT.8040.8_2025-09-02_11-11-21.json,2025-09-02T01:11:22Z
AT.8040.8,AUT,Blindenmarkt,3372,48.12687,15.00827,OMV AdBlue,1.399,OMV AdBlue 1.399 EUR,~/Desktop/MBAT-Internship-Project/data_OMV_at/prices_AT.8040.8_2025-09-02_11-11-21.png,~/Desktop/MBAT-Internship-Project/data_OMV_at/response_AT.8040.8_2025-09-02_11-11-21.json,2025-09-02T01:11:22Z
AT.8040.8,AUT,Blindenmarkt,3372,48.12687,15.00827,SUPER 95,1.529,SUPER 95 1.529 EUR,~/Desktop/MBAT-Internship-Project/data_OMV_at/prices_AT.8040.8_2025-09-02_11-11-21.png,~/Desktop/MBAT-Internship-Project/data_OMV_at/response_AT.8040.8_2025-09-02_11-11-21.json,2025-09-02T01:11:22Z
AT.8040.8,AUT,Blindenmarkt,3372,48.12687,15.00827,MaxxMotion Super 100plus,1.789,MaxxMotion Super 100plus 1.789 EUR,~/Desktop/MBAT-Internship-Project/data_OMV_at/prices_AT.8040.8_2025-09-02_11-11-21.png,~/Desktop/MBAT-Internship-Project/data_OMV_at/response_AT.8040.8_2025-09-02_11-11-21.json,2025-09-02T01:11:22Z
AT.8040.8,AUT,Blindenmarkt,3372,48.12687,15.00827,MaxxMotion Diesel,1.799,MaxxMotion Diesel 1.799 EUR,~/Desktop/MBAT-Internship-Project/data_OMV_at/prices_AT.8040.8_2025-09-02_11-11-21.png,~/Desktop/MBAT-Internship-Project/data_OMV_at/response_AT.8040.8_2025-09-02_11-11-21.json,2025-09-02T01:11:22Z
AT.8049.8,AUT,Tulln,3430,48.3194,16.0823,DIESEL,1.444,DIESEL 1.444 EUR,~/Desktop/MBAT-Internship-Project/data_OMV_at/prices_AT.8049.8_2025-09-02_11-11-22.png,~/Desktop/MBAT-Internship-Project/data_OMV_at/response_AT.8049.8_2025-09-02_11-11-22.json,2025-09-02T01:11:23Z
AT.8049.8,AUT,Tulln,3430,48.3194,16.0823,SUPER 95,1.434,SUPER 95 1.434 EUR,~/Desktop/MBAT-Internship-Project/data_OMV_at/prices_AT.8049.8_2025-09-02_11-11-22.png,~/Desktop/MBAT-Internship-Project/data_OMV_at/response_AT.8049.8_2025-09-02_11-11-22.json,2025-09-02T01:11:23Z
AT.8050.8,AUT,Traisen,3160,48.04992,15.611510000000001,DIESEL,1.451,DIESEL 1.451 EUR,~/Desktop/MBAT-Internship-Project/data_OMV_at/prices_AT.8050.8_2025-09-02_11-11-23.png,~/Desktop/MBAT-Internship-Project/data_OMV_at/response_AT.8050.8_2025-09-02_11-11-23.json,2025-09-02T01:11:23Z
AT.8050.8,AUT,Traisen,3160,48.04992,15.611510000000001,SUPER 95,1.444,SUPER 95 1.444 EUR,~/Desktop/MBAT-Internship-Project/data_OMV_at/prices_AT.8050.8_2025-09-02_11-11-23.png,~/Desktop/MBAT-Internship-Project/data_OMV_at/response_AT.8050.8_2025-09-02_11-11-23.json,2025-09-02T01:11:23Z
AT.8051.8,AUT,Gmünd,3950,48.7655,14.9801,DIESEL,1.579,DIESEL 1.579 EUR,~/Desktop/MBAT-Internship-Project/data_OMV_at/prices_AT.8051.8_2025-09-02_11-11-24.png,~/Desktop/MBAT-Internship-Project/data_OMV_at/response_AT.8051.8_2025-09-02_11-11-24.json,2025-09-02T01:11:24Z
AT.8051.8,AUT,Gmünd,3950,48.7655,14.9801,SUPER 95,1.569,SUPER 95 1.569 EUR,~/Desktop/MBAT-Internship-Project/data_OMV_at/prices_AT.8051.8_2025-09-02_11-11-24.png,~/Desktop/MBAT-Internship-Project/data_OMV_at/response_AT.8051.8_2025-09-02_11-11-24.json,2025-09-02T01:11:24Z
AT.8052.8,AUT,Waidhofen,3340,47.9759,14.755,DIESEL,1.504,DIESEL 1.504 EUR,~/Desktop/MBAT-Internship-Project/data_OMV_at/prices_AT.8052.8_2025-09-02_11-11-25.png,~/Desktop/MBAT-Internship-Project/data_OMV_at/response_AT.8052.8_2025-09-02_11-11-25.json,2025-09-02T01:11:25Z
AT.8052.8,AUT,Waidhofen,3340,47.9759,14.755,SUPER 95,1.498,SUPER 95 1.498 EUR,~/Desktop/MBAT-Internship-Project/data_OMV_at/prices_AT.8052.8_2025-09-02_11-11-25.png,~/Desktop/MBAT-Internship-Project/data_OMV_at/response_AT.8052.8_2025-09-02_11-11-25.json,2025-09-02T01:11:25Z
AT.8053.8,AUT,Hollabrunn,2020,48.5645,16.0738,DIESEL,1.493,DIESEL 1.493 EUR,~/Desktop/MBAT-Internship-Project/data_OMV_at/prices_AT.8053.8_2025-09-02_11-11-25.png,~/Desktop/MBAT-Internship-Project/data_OMV_at/response_AT.8053.8_2025-09-02_11-11-25.json,2025-09-02T01:11:26Z
AT.8053.8,AUT,Hollabrunn,2020,48.5645,16.0738,SUPER 95,1.483,SUPER 95 1.483 EUR,~/Desktop/MBAT-Internship-Project/data_OMV_at/prices_AT.8053.8_2025-09-02_11-11-25.png,~/Desktop/MBAT-Internship-Project/data_OMV_at/response_AT.8053.8_2025-09-02_11-11-25.json,2025-09-02T01:11:26Z
AT.8059.8,AUT,Mistelbach,2130,48.5612,16.5611,DIESEL,1.503,DIESEL 1.503 EUR,~/Desktop/MBAT-Internship-Project/data_OMV_at/prices_AT.8059.8_2025-09-02_11-11-26.png,~/Desktop/MBAT-Internship-Project/data_OMV_at/response_AT.8059.8_2025-09-02_11-11-26.json,2025-09-02T01:11:27Z
AT.8059.8,AUT,Mistelbach,2130,48.5612,16.5611,SUPER 95,1.493,SUPER 95 1.493 EUR,~/Desktop/MBAT-Internship-Project/data_OMV_at/prices_AT.8059.8_2025-09-02_11-11-26.png,~/Desktop/MBAT-Internship-Project/data_OMV_at/response_AT.8059.8_2025-09-02_11-11-26.json,2025-09-02T01:11:27Z
AT.8061.8,AUT,Baden,2500,48.0128,16.2566,DIESEL,1.456,DIESEL 1.456 EUR,~/Desktop/MBAT-Internship-Project/data_OMV_at/prices_AT.8061.8_2025-09-02_11-11-27.png,~/Desktop/MBAT-Internship-Project/data_OMV_at/response_AT.8061.8_2025-09-02_11-11-27.json,2025-09-02T01:11:28Z
AT.8061.8,AUT,Baden,2500,48.0128,16.2566,SUPER 95,1.424,SUPER 95 1.424 EUR,~/Desktop/MBAT-Internship-Project/data_OMV_at/prices_AT.8061.8_2025-09-02_11-11-27.png,~/Desktop/MBAT-Internship-Project/data_OMV_at/response_AT.8061.8_2025-09-02_11-11-27.json,2025-09-02T01:11:28Z
AT.8062.8,AUT,Ybbs,3370,48.1685,15.0865,DIESEL,1.453,DIESEL 1.453 EUR,~/Desktop/MBAT-Internship-Project/data_OMV_at/prices_AT.8062.8_2025-09-02_11-11-28.png,~/Desktop/MBAT-Internship-Project/data_OMV_at/response_AT.8062.8_2025-09-02_11-11-28.json,2025-09-02T01:11:28Z
AT.8062.8,AUT,Ybbs,3370,48.1685,15.0865,SUPER 95,1.443,SUPER 95 1.443 EUR,~/Desktop/MBAT-Internship-Project/data_OMV_at/prices_AT.8062.8_2025-09-02_11-11-28.png,~/Desktop/MBAT-Internship-Project/data_OMV_at/response_AT.8062.8_2025-09-02_11-11-28.json,2025-09-02T01:11:28Z
AT.8063.8,AUT,Mannersdorf/Leithagebirge,2452,47.97132,16.59832,DIESEL,1.479,DIESEL 1.479 EUR,~/Desktop/MBAT-Internship-Project/data_OMV_at/prices_AT.8063.8_2025-09-02_11-11-29.png,~/Desktop/MBAT-Internship-Project/data_OMV_at/response_AT.8063.8_2025-09-02_11-11-29.json,2025-09-02T01:11:29Z
AT.8063.8,AUT,Mannersdorf/Leithagebirge,2452,47.97132,16.59832,SUPER 95,1.629,SUPER 95 1.629 EUR,~/Desktop/MBAT-Internship-Project/data_OMV_at/prices_AT.8063.8_2025-09-02_11-11-29.png,~/Desktop/MBAT-Internship-Project/data_OMV_at/response_AT.8063.8_2025-09-02_11-11-29.json,2025-09-02T01:11:29Z
AT.8070.8,AUT,Amstetten,3300,48.11451,14.86924,DIESEL,1.504,DIESEL 1.504 EUR,~/Desktop/MBAT-Internship-Project/data_OMV_at/prices_AT.8070.8_2025-09-02_11-11-30.png,~/Desktop/MBAT-Internship-Project/data_OMV_at/response_AT.8070.8_2025-09-02_11-11-30.json,2025-09-02T01:11:30Z
AT.8070.8,AUT,Amstetten,3300,48.11451,14.86924,SUPER 95,1.494,SUPER 95 1.494 EUR,~/Desktop/MBAT-Internship-Project/data_OMV_at/prices_AT.8070.8_2025-09-02_11-11-30.png,~/Desktop/MBAT-Internship-Project/data_OMV_at/response_AT.8070.8_2025-09-02_11-11-30.json,2025-09-02T01:11:30Z
AT.8071.8,AUT,Pöchlarn,3380,48.19965,15.22095,DIESEL,1.479,DIESEL 1.479 EUR,~/Desktop/MBAT-Internship-Project/data_OMV_at/prices_AT.8071.8_2025-09-02_11-11-30.png,~/Desktop/MBAT-Internship-Project/data_OMV_at/response_AT.8071.8_2025-09-02_11-11-30.json,2025-09-02T01:11:31Z
AT.8071.8,AUT,Pöchlarn,3380,48.19965,15.22095,SUPER 95,1.469,SUPER 95 1.469 EUR,~/Desktop/MBAT-Internship-Project/data_OMV_at/prices_AT.8071.8_2025-09-02_11-11-30.png,~/Desktop/MBAT-Internship-Project/data_OMV_at/response_AT.8071.8_2025-09-02_11-11-30.json,2025-09-02T01:11:31Z
AT.8072.8,AUT,Grafenwörth,3484,48.41446,15.77068,DIESEL,1.467,DIESEL 1.467 EUR,~/Desktop/MBAT-Internship-Project/data_OMV_at/prices_AT.8072.8_2025-09-02_11-11-31.png,~/Desktop/MBAT-Internship-Project/data_OMV_at/response_AT.8072.8_2025-09-02_11-11-31.json,2025-09-02T01:11:32Z
AT.8072.8,AUT,Grafenwörth,3484,48.41446,15.77068,SUPER 95,1.449,SUPER 95 1.449 EUR,~/Desktop/MBAT-Internship-Project/data_OMV_at/prices_AT.8072.8_2025-09-02_11-11-31.png,~/Desktop/MBAT-Internship-Project/data_OMV_at/response_AT.8072.8_2025-09-02_11-11-31.json,2025-09-02T01:11:32Z
AT.8095.8,AUT,Himberg,2325,48.07173,16.45753,DIESEL,1.471,DIESEL 1.471 EUR,~/Desktop/MBAT-Internship-Project/data_OMV_at/prices_AT.8095.8_2025-09-02_11-11-32.png,~/Desktop/MBAT-Internship-Project/data_OMV_at/response_AT.8095.8_2025-09-02_11-11-32.json,2025-09-02T01:11:33Z
AT.8095.8,AUT,Himberg,2325,48.07173,16.45753,SUPER 95,1.471,SUPER 95 1.471 EUR,~/Desktop/MBAT-Internship-Project/data_OMV_at/prices_AT.8095.8_2025-09-02_11-11-32.png,~/Desktop/MBAT-Internship-Project/data_OMV_at/response_AT.8095.8_2025-09-02_11-11-32.json,2025-09-02T01:11:33Z
AT.8097.8,AUT,Kematen an der Ybbs,3331,48.03741,14.77795,DIESEL,1.514,DIESEL 1.514 EUR,~/Desktop/MBAT-Internship-Project/data_OMV_at/prices_AT.8097.8_2025-09-02_11-11-33.png,~/Desktop/MBAT-Internship-Project/data_OMV_at/response_AT.8097.8_2025-09-02_11-11-33.json,2025-09-02T01:11:33Z
AT.8097.8,AUT,Kematen an der Ybbs,3331,48.03741,14.77795,SUPER 95,1.499,SUPER 95 1.499 EUR,~/Desktop/MBAT-Internship-Project/data_OMV_at/prices_AT.8097.8_2025-09-02_11-11-33.png,~/Desktop/MBAT-Internship-Project/data_OMV_at/response_AT.8097.8_2025-09-02_11-11-33.json,2025-09-02T01:11:33Z
AT.8318.8,AUT,Zistersdorf,2225,48.54239,16.76417,DIESEL,1.559,DIESEL 1.559 EUR,~/Desktop/MBAT-Internship-Project/data_OMV_at/prices_AT.8318.8_2025-09-02_11-11-34.png,~/Desktop/MBAT-Internship-Project/data_OMV_at/response_AT.8318.8_2025-09-02_11-11-34.json,2025-09-02T01:11:34Z
AT.8318.8,AUT,Zistersdorf,2225,48.54239,16.76417,SUPER 95,1.549,SUPER 95 1.549 EUR,~/Desktop/MBAT-Internship-Project/data_OMV_at/prices_AT.8318.8_2025-09-02_11-11-34.png,~/Desktop/MBAT-Internship-Project/data_OMV_at/response_AT.8318.8_2025-09-02_11-11-34.json,2025-09-02T01:11:34Z
AT.8318.8,AUT,Zistersdorf,2225,48.54239,16.76417,MaxxMotion Super 100plus,1.809,MaxxMotion Super 100plus 1.809 EUR,~/Desktop/MBAT-Internship-Project/data_OMV_at/prices_AT.8318.8_2025-09-02_11-11-34.png,~/Desktop/MBAT-Internship-Project/data_OMV_at/response_AT.8318.8_2025-09-02_11-11-34.json,2025-09-02T01:11:34Z
AT.8318.8,AUT,Zistersdorf,2225,48.54239,16.76417,MaxxMotion Diesel,1.819,MaxxMotion Diesel 1.819 EUR,~/Desktop/MBAT-Internship-Project/data_OMV_at/prices_AT.8318.8_2025-09-02_11-11-34.png,~/Desktop/MBAT-Internship-Project/data_OMV_at/response_AT.8318.8_2025-09-02_11-11-34.json,2025-09-02T01:11:34Z
AT.8518.8,AUT,Orth an der Donau,2304,48.14992,16.68739,DIESEL,1.499,DIESEL 1.499 EUR,~/Desktop/MBAT-Internship-Project/data_OMV_at/prices_AT.8518.8_2025-09-02_11-11-35.png,~/Desktop/MBAT-Internship-Project/data_OMV_at/response_AT.8518.8_2025-09-02_11-11-35.json,2025-09-02T01:11:35Z
AT.8518.8,AUT,Orth an der Donau,2304,48.14992,16.68739,SUPER 95,1.489,SUPER 95 1.489 EUR,~/Desktop/MBAT-Internship-Project/data_OMV_at/prices_AT.8518.8_2025-09-02_11-11-35.png,~/Desktop/MBAT-Internship-Project/data_OMV_at/response_AT.8518.8_2025-09-02_11-11-35.json,2025-09-02T01:11:35Z
AT.8536.8,AUT,Perchtoldsdorf,2380,48.11554,16.27169,DIESEL,1.509,DIESEL 1.509 EUR,~/Desktop/MBAT-Internship-Project/data_OMV_at/prices_AT.8536.8_2025-09-02_11-11-35.png,~/Desktop/MBAT-Internship-Project/data_OMV_at/response_AT.8536.8_2025-09-02_11-11-35.json,2025-09-02T01:11:36Z
AT.8536.8,AUT,Perchtoldsdorf,2380,48.11554,16.27169,SUPER 95,1.529,SUPER 95 1.529 EUR,~/Desktop/MBAT-Internship-Project/data_OMV_at/prices_AT.8536.8_2025-09-02_11-11-35.png,~/Desktop/MBAT-Internship-Project/data_OMV_at/response_AT.8536.8_2025-09-02_11-11-35.json,2025-09-02T01:11:36Z
AT.8536.8,AUT,Perchtoldsdorf,2380,48.11554,16.27169,MaxxMotion Super 100plus,1.789,MaxxMotion Super 100plus 1.789 EUR,~/Desktop/MBAT-Internship-Project/data_OMV_at/prices_AT.8536.8_2025-09-02_11-11-35.png,~/Desktop/MBAT-Internship-Project/data_OMV_at/response_AT.8536.8_2025-09-02_11-11-35.json,2025-09-02T01:11:36Z
AT.8536.8,AUT,Perchtoldsdorf,2380,48.11554,16.27169,MaxxMotion Diesel,1.769,MaxxMotion Diesel 1.769 EUR,~/Desktop/MBAT-Internship-Project/data_OMV_at/prices_AT.8536.8_2025-09-02_11-11-35.png,~/Desktop/MBAT-Internship-Project/data_OMV_at/response_AT.8536.8_2025-09-02_11-11-35.json,2025-09-02T01:11:36Z
AT.8537.8,AUT,Weiden am See,7100,47.9375,16.85532,DIESEL,1.559,DIESEL 1.559 EUR,~/Desktop/MBAT-Internship-Project/data_OMV_at/prices_AT.8537.8_2025-09-02_11-11-36.png,~/Desktop/MBAT-Internship-Project/data_OMV_at/response_AT.8537.8_2025-09-02_11-11-36.json,2025-09-02T01:11:37Z
AT.8537.8,AUT,Weiden am See,7100,47.9375,16.85532,SUPER 95,1.549,SUPER 95 1.549 EUR,~/Desktop/MBAT-Internship-Project/data_OMV_at/prices_AT.8537.8_2025-09-02_11-11-36.png,~/Desktop/MBAT-Internship-Project/data_OMV_at/response_AT.8537.8_2025-09-02_11-11-36.json,2025-09-02T01:11:37Z
AT.8537.8,AUT,Weiden am See,7100,47.9375,16.85532,MaxxMotion Super 100plus,1.809,MaxxMotion Super 100plus 1.809 EUR,~/Desktop/MBAT-Internship-Project/data_OMV_at/prices_AT.8537.8_2025-09-02_11-11-36.png,~/Desktop/MBAT-Internship-Project/data_OMV_at/response_AT.8537.8_2025-09-02_11-11-36.json,2025-09-02T01:11:37Z
AT.8537.8,AUT,Weiden am See,7100,47.9375,16.85532,CNG,1.649,CNG 1.649 EUR,~/Desktop/MBAT-Internship-Project/data_OMV_at/prices_AT.8537.8_2025-09-02_11-11-36.png,~/Desktop/MBAT-Internship-Project/data_OMV_at/response_AT.8537.8_2025-09-02_11-11-36.json,2025-09-02T01:11:37Z
AT.8537.8,AUT,Weiden am See,7100,47.9375,16.85532,MaxxMotion Diesel,1.819,MaxxMotion Diesel 1.819 EUR,~/Desktop/MBAT-Internship-Project/data_OMV_at/prices_AT.8537.8_2025-09-02_11-11-36.png,~/Desktop/MBAT-Internship-Project/data_OMV_at/response_AT.8537.8_2025-09-02_11-11-36.json,2025-09-02T01:11:37Z
AT.8543.8,AUT,Wildungsmauer,2403,48.10775,16.80919,DIESEL,1.486,DIESEL 1.486 EUR,~/Desktop/MBAT-Internship-Project/data_OMV_at/prices_AT.8543.8_2025-09-02_11-11-37.png,~/Desktop/MBAT-Internship-Project/data_OMV_at/response_AT.8543.8_2025-09-02_11-11-37.json,2025-09-02T01:11:38Z
AT.8543.8,AUT,Wildungsmauer,2403,48.10775,16.80919,SUPER 95,1.486,SUPER 95 1.486 EUR,~/Desktop/MBAT-Internship-Project/data_OMV_at/prices_AT.8543.8_2025-09-02_11-11-37.png,~/Desktop/MBAT-Internship-Project/data_OMV_at/response_AT.8543.8_2025-09-02_11-11-37.json,2025-09-02T01:11:38Z
AT.8548.8,AUT,Göttlesbrunn,2464,48.05676,16.71078,DIESEL,1.999,DIESEL 1.999 EUR,~/Desktop/MBAT-Internship-Project/data_OMV_at/prices_AT.8548.8_2025-09-02_11-11-38.png,~/Desktop/MBAT-Internship-Project/data_OMV_at/response_AT.8548.8_2025-09-02_11-11-38.json,2025-09-02T01:11:38Z
AT.8548.8,AUT,Göttlesbrunn,2464,48.05676,16.71078,OMV AdBlue,1.399,OMV AdBlue 1.399 EUR,~/Desktop/MBAT-Internship-Project/data_OMV_at/prices_AT.8548.8_2025-09-02_11-11-38.png,~/Desktop/MBAT-Internship-Project/data_OMV_at/response_AT.8548.8_2025-09-02_11-11-38.json,2025-09-02T01:11:38Z
AT.8548.8,AUT,Göttlesbrunn,2464,48.05676,16.71078,SUPER 95,1.999,SUPER 95 1.999 EUR,~/Desktop/MBAT-Internship-Project/data_OMV_at/prices_AT.8548.8_2025-09-02_11-11-38.png,~/Desktop/MBAT-Internship-Project/data_OMV_at/response_AT.8548.8_2025-09-02_11-11-38.json,2025-09-02T01:11:38Z
AT.8548.8,AUT,Göttlesbrunn,2464,48.05676,16.71078,MaxxMotion Super 100plus,2.259,MaxxMotion Super 100plus 2.259 EUR,~/Desktop/MBAT-Internship-Project/data_OMV_at/prices_AT.8548.8_2025-09-02_11-11-38.png,~/Desktop/MBAT-Internship-Project/data_OMV_at/response_AT.8548.8_2025-09-02_11-11-38.json,2025-09-02T01:11:38Z
AT.8548.8,AUT,Göttlesbrunn,2464,48.05676,16.71078,MaxxMotion Diesel,2.259,MaxxMotion Diesel 2.259 EUR,~/Desktop/MBAT-Internship-Project/data_OMV_at/prices_AT.8548.8_2025-09-02_11-11-38.png,~/Desktop/MBAT-Internship-Project/data_OMV_at/response_AT.8548.8_2025-09-02_11-11-38.json,2025-09-02T01:11:38Z
AT.8549.8,AUT,Sankt Pölten,3100,48.22376,15.63452,DIESEL,1.489,DIESEL 1.489 EUR,~/Desktop/MBAT-Internship-Project/data_OMV_at/prices_AT.8549.8_2025-09-02_11-11-39.png,~/Desktop/MBAT-Internship-Project/data_OMV_at/response_AT.8549.8_2025-09-02_11-11-39.json,2025-09-02T01:11:39Z
AT.8549.8,AUT,Sankt Pölten,3100,48.22376,15.63452,SUPER 95,1.479,SUPER 95 1.479 EUR,~/Desktop/MBAT-Internship-Project/data_OMV_at/prices_AT.8549.8_2025-09-02_11-11-39.png,~/Desktop/MBAT-Internship-Project/data_OMV_at/response_AT.8549.8_2025-09-02_11-11-39.json,2025-09-02T01:11:39Z
AT.8549.8,AUT,Sankt Pölten,3100,48.22376,15.63452,MaxxMotion Super 100plus,1.739,MaxxMotion Super 100plus 1.739 EUR,~/Desktop/MBAT-Internship-Project/data_OMV_at/prices_AT.8549.8_2025-09-02_11-11-39.png,~/Desktop/MBAT-Internship-Project/data_OMV_at/response_AT.8549.8_2025-09-02_11-11-39.json,2025-09-02T01:11:39Z
AT.8549.8,AUT,Sankt Pölten,3100,48.22376,15.63452,MaxxMotion Diesel,1.749,MaxxMotion Diesel 1.749 EUR,~/Desktop/MBAT-Internship-Project/data_OMV_at/prices_AT.8549.8_2025-09-02_11-11-39.png,~/Desktop/MBAT-Internship-Project/data_OMV_at/response_AT.8549.8_2025-09-02_11-11-39.json,2025-09-02T01:11:39Z
AT.8555.8,AUT,Schwechat,2320,48.1397,16.4855,DIESEL,1.469,DIESEL 1.469 EUR,~/Desktop/MBAT-Internship-Project/data_OMV_at/prices_AT.8555.8_2025-09-02_11-11-40.png,~/Desktop/MBAT-Internship-Project/data_OMV_at/response_AT.8555.8_2025-09-02_11-11-40.json,2025-09-02T01:11:40Z
AT.8555.8,AUT,Schwechat,2320,48.1397,16.4855,SUPER 95,1.469,SUPER 95 1.469 EUR,~/Desktop/MBAT-Internship-Project/data_OMV_at/prices_AT.8555.8_2025-09-02_11-11-40.png,~/Desktop/MBAT-Internship-Project/data_OMV_at/response_AT.8555.8_2025-09-02_11-11-40.json,2025-09-02T01:11:40Z
AT.8556.8,AUT,Haag,3350,48.11517,14.57068,DIESEL,1.519,DIESEL 1.519 EUR,~/Desktop/MBAT-Internship-Project/data_OMV_at/prices_AT.8556.8_2025-09-02_11-11-40.png,~/Desktop/MBAT-Internship-Project/data_OMV_at/response_AT.8556.8_2025-09-02_11-11-40.json,2025-09-02T01:11:41Z
AT.8556.8,AUT,Haag,3350,48.11517,14.57068,SUPER 95,1.499,SUPER 95 1.499 EUR,~/Desktop/MBAT-Internship-Project/data_OMV_at/prices_AT.8556.8_2025-09-02_11-11-40.png,~/Desktop/MBAT-Internship-Project/data_OMV_at/response_AT.8556.8_2025-09-02_11-11-40.json,2025-09-02T01:11:41Z
AT.8556.8,AUT,Haag,3350,48.11517,14.57068,MaxxMotion Super 100plus,1.759,MaxxMotion Super 100plus 1.759 EUR,~/Desktop/MBAT-Internship-Project/data_OMV_at/prices_AT.8556.8_2025-09-02_11-11-40.png,~/Desktop/MBAT-Internship-Project/data_OMV_at/response_AT.8556.8_2025-09-02_11-11-40.json,2025-09-02T01:11:41Z
AT.8556.8,AUT,Haag,3350,48.11517,14.57068,MaxxMotion Diesel,1.779,MaxxMotion Diesel 1.779 EUR,~/Desktop/MBAT-Internship-Project/data_OMV_at/prices_AT.8556.8_2025-09-02_11-11-40.png,~/Desktop/MBAT-Internship-Project/data_OMV_at/response_AT.8556.8_2025-09-02_11-11-40.json,2025-09-02T01:11:41Z
AT.8558.8,AUT,Strasshof,2231,48.31458,16.6256,DIESEL,1.539,DIESEL 1.539 EUR,~/Desktop/MBAT-Internship-Project/data_OMV_at/prices_AT.8558.8_2025-09-02_11-11-41.png,~/Desktop/MBAT-Internship-Project/data_OMV_at/response_AT.8558.8_2025-09-02_11-11-41.json,2025-09-02T01:11:42Z
AT.8558.8,AUT,Strasshof,2231,48.31458,16.6256,SUPER 95,1.529,SUPER 95 1.529 EUR,~/Desktop/MBAT-Internship-Project/data_OMV_at/prices_AT.8558.8_2025-09-02_11-11-41.png,~/Desktop/MBAT-Internship-Project/data_OMV_at/response_AT.8558.8_2025-09-02_11-11-41.json,2025-09-02T01:11:42Z
AT.8558.8,AUT,Strasshof,2231,48.31458,16.6256,MaxxMotion Super 100plus,1.789,MaxxMotion Super 100plus 1.789 EUR,~/Desktop/MBAT-Internship-Project/data_OMV_at/prices_AT.8558.8_2025-09-02_11-11-41.png,~/Desktop/MBAT-Internship-Project/data_OMV_at/response_AT.8558.8_2025-09-02_11-11-41.json,2025-09-02T01:11:42Z
AT.8558.8,AUT,Strasshof,2231,48.31458,16.6256,MaxxMotion Diesel,1.799,MaxxMotion Diesel 1.799 EUR,~/Desktop/MBAT-Internship-Project/data_OMV_at/prices_AT.8558.8_2025-09-02_11-11-41.png,~/Desktop/MBAT-Internship-Project/data_OMV_at/response_AT.8558.8_2025-09-02_11-11-41.json,2025-09-02T01:11:42Z
AT.8559.8,AUT,Klosterneuburg,3400,48.30458,16.32988,DIESEL,1.684,DIESEL 1.684 EUR,~/Desktop/MBAT-Internship-Project/data_OMV_at/prices_AT.8559.8_2025-09-02_11-11-42.png,~/Desktop/MBAT-Internship-Project/data_OMV_at/response_AT.8559.8_2025-09-02_11-11-42.json,2025-09-02T01:11:43Z
AT.8559.8,AUT,Klosterneuburg,3400,48.30458,16.32988,SUPER 95,1.644,SUPER 95 1.644 EUR,~/Desktop/MBAT-Internship-Project/data_OMV_at/prices_AT.8559.8_2025-09-02_11-11-42.png,~/Desktop/MBAT-Internship-Project/data_OMV_at/response_AT.8559.8_2025-09-02_11-11-42.json,2025-09-02T01:11:43Z
AT.8560.8,AUT,Tausendblum / Neulengbach,3040,48.19653,15.89983,DIESEL,1.549,DIESEL 1.549 EUR,~/Desktop/MBAT-Internship-Project/data_OMV_at/prices_AT.8560.8_2025-09-02_11-11-43.png,~/Desktop/MBAT-Internship-Project/data_OMV_at/response_AT.8560.8_2025-09-02_11-11-43.json,2025-09-02T01:11:43Z
AT.8560.8,AUT,Tausendblum / Neulengbach,3040,48.19653,15.89983,SUPER 95,1.539,SUPER 95 1.539 EUR,~/Desktop/MBAT-Internship-Project/data_OMV_at/prices_AT.8560.8_2025-09-02_11-11-43.png,~/Desktop/MBAT-Internship-Project/data_OMV_at/response_AT.8560.8_2025-09-02_11-11-43.json,2025-09-02T01:11:43Z
AT.8560.8,AUT,Tausendblum / Neulengbach,3040,48.19653,15.89983,MaxxMotion Super 100plus,1.799,MaxxMotion Super 100plus 1.799 EUR,~/Desktop/MBAT-Internship-Project/data_OMV_at/prices_AT.8560.8_2025-09-02_11-11-43.png,~/Desktop/MBAT-Internship-Project/data_OMV_at/response_AT.8560.8_2025-09-02_11-11-43.json,2025-09-02T01:11:43Z
AT.8560.8,AUT,Tausendblum / Neulengbach,3040,48.19653,15.89983,MaxxMotion Diesel,1.809,MaxxMotion Diesel 1.809 EUR,~/Desktop/MBAT-Internship-Project/data_OMV_at/prices_AT.8560.8_2025-09-02_11-11-43.png,~/Desktop/MBAT-Internship-Project/data_OMV_at/response_AT.8560.8_2025-09-02_11-11-43.json,2025-09-02T01:11:43Z
AT.8561.8,AUT,Heidenreichstein,3860,48.86169,15.12039,DIESEL,1.579,DIESEL 1.579 EUR,~/Desktop/MBAT-Internship-Project/data_OMV_at/prices_AT.8561.8_2025-09-02_11-11-44.png,~/Desktop/MBAT-Internship-Project/data_OMV_at/response_AT.8561.8_2025-09-02_11-11-44.json,2025-09-02T01:11:44Z
AT.8561.8,AUT,Heidenreichstein,3860,48.86169,15.12039,SUPER 95,1.569,SUPER 95 1.569 EUR,~/Desktop/MBAT-Internship-Project/data_OMV_at/prices_AT.8561.8_2025-09-02_11-11-44.png,~/Desktop/MBAT-Internship-Project/data_OMV_at/response_AT.8561.8_2025-09-02_11-11-44.json,2025-09-02T01:11:44Z
AT.8562.8,AUT,Großweikersdorf,3701,48.47877,15.97709,DIESEL,1.589,DIESEL 1.589 EUR,~/Desktop/MBAT-Internship-Project/data_OMV_at/prices_AT.8562.8_2025-09-02_11-11-45.png,~/Desktop/MBAT-Internship-Project/data_OMV_at/response_AT.8562.8_2025-09-02_11-11-45.json,2025-09-02T01:11:45Z
AT.8562.8,AUT,Großweikersdorf,3701,48.47877,15.97709,SUPER 95,1.589,SUPER 95 1.589 EUR,~/Desktop/MBAT-Internship-Project/data_OMV_at/prices_AT.8562.8_2025-09-02_11-11-45.png,~/Desktop/MBAT-Internship-Project/data_OMV_at/response_AT.8562.8_2025-09-02_11-11-45.json,2025-09-02T01:11:45Z
AT.8562.8,AUT,Großweikersdorf,3701,48.47877,15.97709,MaxxMotion Super 100plus,1.849,MaxxMotion Super 100plus 1.849 EUR,~/Desktop/MBAT-Internship-Project/data_OMV_at/prices_AT.8562.8_2025-09-02_11-11-45.png,~/Desktop/MBAT-Internship-Project/data_OMV_at/response_AT.8562.8_2025-09-02_11-11-45.json,2025-09-02T01:11:45Z
AT.8562.8,AUT,Großweikersdorf,3701,48.47877,15.97709,MaxxMotion Diesel,1.849,MaxxMotion Diesel 1.849 EUR,~/Desktop/MBAT-Internship-Project/data_OMV_at/prices_AT.8562.8_2025-09-02_11-11-45.png,~/Desktop/MBAT-Internship-Project/data_OMV_at/response_AT.8562.8_2025-09-02_11-11-45.json,2025-09-02T01:11:45Z
AT.8565.8,AUT,Himberg,2325,48.07949,16.44134,DIESEL,1.522,DIESEL 1.522 EUR,~/Desktop/MBAT-Internship-Project/data_OMV_at/prices_AT.8565.8_2025-09-02_11-11-45.png,~/Desktop/MBAT-Internship-Project/data_OMV_at/response_AT.8565.8_2025-09-02_11-11-45.json,2025-09-02T01:11:46Z
AT.8565.8,AUT,Himberg,2325,48.07949,16.44134,SUPER 95,1.517,SUPER 95 1.517 EUR,~/Desktop/MBAT-Internship-Project/data_OMV_at/prices_AT.8565.8_2025-09-02_11-11-45.png,~/Desktop/MBAT-Internship-Project/data_OMV_at/response_AT.8565.8_2025-09-02_11-11-45.json,2025-09-02T01:11:46Z
AT.8565.8,AUT,Himberg,2325,48.07949,16.44134,MaxxMotion Super 100plus,1.779,MaxxMotion Super 100plus 1.779 EUR,~/Desktop/MBAT-Internship-Project/data_OMV_at/prices_AT.8565.8_2025-09-02_11-11-45.png,~/Desktop/MBAT-Internship-Project/data_OMV_at/response_AT.8565.8_2025-09-02_11-11-45.json,2025-09-02T01:11:46Z
AT.8565.8,AUT,Himberg,2325,48.07949,16.44134,MaxxMotion Diesel,1.789,MaxxMotion Diesel 1.789 EUR,~/Desktop/MBAT-Internship-Project/data_OMV_at/prices_AT.8565.8_2025-09-02_11-11-45.png,~/Desktop/MBAT-Internship-Project/data_OMV_at/response_AT.8565.8_2025-09-02_11-11-45.json,2025-09-02T01:11:46Z
AT.8566.8,AUT,Gföhl,3542,48.51208,15.51044,DIESEL,1.504,DIESEL 1.504 EUR,~/Desktop/MBAT-Internship-Project/data_OMV_at/prices_AT.8566.8_2025-09-02_11-11-46.png,~/Desktop/MBAT-Internship-Project/data_OMV_at/response_AT.8566.8_2025-09-02_11-11-46.json,2025-09-02T01:11:47Z
AT.8566.8,AUT,Gföhl,3542,48.51208,15.51044,SUPER 95,1.494,SUPER 95 1.494 EUR,~/Desktop/MBAT-Internship-Project/data_OMV_at/prices_AT.8566.8_2025-09-02_11-11-46.png,~/Desktop/MBAT-Internship-Project/data_OMV_at/response_AT.8566.8_2025-09-02_11-11-46.json,2025-09-02T01:11:47Z
AT.8566.8,AUT,Gföhl,3542,48.51208,15.51044,MaxxMotion Super 100plus,1.759,MaxxMotion Super 100plus 1.759 EUR,~/Desktop/MBAT-Internship-Project/data_OMV_at/prices_AT.8566.8_2025-09-02_11-11-46.png,~/Desktop/MBAT-Internship-Project/data_OMV_at/response_AT.8566.8_2025-09-02_11-11-46.json,2025-09-02T01:11:47Z
AT.8566.8,AUT,Gföhl,3542,48.51208,15.51044,MaxxMotion Diesel,1.769,MaxxMotion Diesel 1.769 EUR,~/Desktop/MBAT-Internship-Project/data_OMV_at/prices_AT.8566.8_2025-09-02_11-11-46.png,~/Desktop/MBAT-Internship-Project/data_OMV_at/response_AT.8566.8_2025-09-02_11-11-46.json,2025-09-02T01:11:47Z
AT.8567.8,AUT,Langenrohr/Asparn,3442,48.32242,16.02642,DIESEL,1.455,DIESEL 1.455 EUR,~/Desktop/MBAT-Internship-Project/data_OMV_at/prices_AT.8567.8_2025-09-02_11-11-47.png,~/Desktop/MBAT-Internship-Project/data_OMV_at/response_AT.8567.8_2025-09-02_11-11-47.json,2025-09-02T01:11:48Z
AT.8567.8,AUT,Langenrohr/Asparn,3442,48.32242,16.02642,SUPER 95,1.445,SUPER 95 1.445 EUR,~/Desktop/MBAT-Internship-Project/data_OMV_at/prices_AT.8567.8_2025-09-02_11-11-47.png,~/Desktop/MBAT-Internship-Project/data_OMV_at/response_AT.8567.8_2025-09-02_11-11-47.json,2025-09-02T01:11:48Z
AT.8567.8,AUT,Langenrohr/Asparn,3442,48.32242,16.02642,MaxxMotion Super 100plus,1.709,MaxxMotion Super 100plus 1.709 EUR,~/Desktop/MBAT-Internship-Project/data_OMV_at/prices_AT.8567.8_2025-09-02_11-11-47.png,~/Desktop/MBAT-Internship-Project/data_OMV_at/response_AT.8567.8_2025-09-02_11-11-47.json,2025-09-02T01:11:48Z
AT.8567.8,AUT,Langenrohr/Asparn,3442,48.32242,16.02642,MaxxMotion Diesel,1.719,MaxxMotion Diesel 1.719 EUR,~/Desktop/MBAT-Internship-Project/data_OMV_at/prices_AT.8567.8_2025-09-02_11-11-47.png,~/Desktop/MBAT-Internship-Project/data_OMV_at/response_AT.8567.8_2025-09-02_11-11-47.json,2025-09-02T01:11:48Z
AT.8569.8,AUT,Hobersdorf,2193,48.5728,16.6394,DIESEL,1.527,DIESEL 1.527 EUR,~/Desktop/MBAT-Internship-Project/data_OMV_at/prices_AT.8569.8_2025-09-02_11-11-48.png,~/Desktop/MBAT-Internship-Project/data_OMV_at/response_AT.8569.8_2025-09-02_11-11-48.json,2025-09-02T01:11:48Z
AT.8569.8,AUT,Hobersdorf,2193,48.5728,16.6394,SUPER 95,1.518,SUPER 95 1.518 EUR,~/Desktop/MBAT-Internship-Project/data_OMV_at/prices_AT.8569.8_2025-09-02_11-11-48.png,~/Desktop/MBAT-Internship-Project/data_OMV_at/response_AT.8569.8_2025-09-02_11-11-48.json,2025-09-02T01:11:48Z
AT.8569.8,AUT,Hobersdorf,2193,48.5728,16.6394,MaxxMotion Super 100plus,1.779,MaxxMotion Super 100plus 1.779 EUR,~/Desktop/MBAT-Internship-Project/data_OMV_at/prices_AT.8569.8_2025-09-02_11-11-48.png,~/Desktop/MBAT-Internship-Project/data_OMV_at/response_AT.8569.8_2025-09-02_11-11-48.json,2025-09-02T01:11:48Z
AT.8569.8,AUT,Hobersdorf,2193,48.5728,16.6394,MaxxMotion Diesel,1.789,MaxxMotion Diesel 1.789 EUR,~/Desktop/MBAT-Internship-Project/data_OMV_at/prices_AT.8569.8_2025-09-02_11-11-48.png,~/Desktop/MBAT-Internship-Project/data_OMV_at/response_AT.8569.8_2025-09-02_11-11-48.json,2025-09-02T01:11:48Z
AT.8570.8,AUT,Frauenhofen,3580,48.66569,15.63271,DIESEL,1.599,DIESEL 1.599 EUR,~/Desktop/MBAT-Internship-Project/data_OMV_at/prices_AT.8570.8_2025-09-02_11-11-49.png,~/Desktop/MBAT-Internship-Project/data_OMV_at/response_AT.8570.8_2025-09-02_11-11-49.json,2025-09-02T01:11:49Z
AT.8570.8,AUT,Frauenhofen,3580,48.66569,15.63271,SUPER 95,1.589,SUPER 95 1.589 EUR,~/Desktop/MBAT-Internship-Project/data_OMV_at/prices_AT.8570.8_2025-09-02_11-11-49.png,~/Desktop/MBAT-Internship-Project/data_OMV_at/response_AT.8570.8_2025-09-02_11-11-49.json,2025-09-02T01:11:49Z
AT.8570.8,AUT,Frauenhofen,3580,48.66569,15.63271,MaxxMotion Super 100plus,1.849,MaxxMotion Super 100plus 1.849 EUR,~/Desktop/MBAT-Internship-Project/data_OMV_at/prices_AT.8570.8_2025-09-02_11-11-49.png,~/Desktop/MBAT-Internship-Project/data_OMV_at/response_AT.8570.8_2025-09-02_11-11-49.json,2025-09-02T01:11:49Z
AT.8570.8,AUT,Frauenhofen,3580,48.66569,15.63271,MaxxMotion Diesel,1.859,MaxxMotion Diesel 1.859 EUR,~/Desktop/MBAT-Internship-Project/data_OMV_at/prices_AT.8570.8_2025-09-02_11-11-49.png,~/Desktop/MBAT-Internship-Project/data_OMV_at/response_AT.8570.8_2025-09-02_11-11-49.json,2025-09-02T01:11:49Z
AT.8575.8,AUT,Klosterneuburg,3400,48.28666,16.34386,DIESEL,1.694,DIESEL 1.694 EUR,~/Desktop/MBAT-Internship-Project/data_OMV_at/prices_AT.8575.8_2025-09-02_11-11-50.png,~/Desktop/MBAT-Internship-Project/data_OMV_at/response_AT.8575.8_2025-09-02_11-11-50.json,2025-09-02T01:11:50Z
AT.8575.8,AUT,Klosterneuburg,3400,48.28666,16.34386,SUPER 95,1.654,SUPER 95 1.654 EUR,~/Desktop/MBAT-Internship-Project/data_OMV_at/prices_AT.8575.8_2025-09-02_11-11-50.png,~/Desktop/MBAT-Internship-Project/data_OMV_at/response_AT.8575.8_2025-09-02_11-11-50.json,2025-09-02T01:11:50Z
AT.8575.8,AUT,Klosterneuburg,3400,48.28666,16.34386,MaxxMotion Super 100plus,1.919,MaxxMotion Super 100plus 1.919 EUR,~/Desktop/MBAT-Internship-Project/data_OMV_at/prices_AT.8575.8_2025-09-02_11-11-50.png,~/Desktop/MBAT-Internship-Project/data_OMV_at/response_AT.8575.8_2025-09-02_11-11-50.json,2025-09-02T01:11:50Z
AT.8575.8,AUT,Klosterneuburg,3400,48.28666,16.34386,MaxxMotion Diesel,1.959,MaxxMotion Diesel 1.959 EUR,~/Desktop/MBAT-Internship-Project/data_OMV_at/prices_AT.8575.8_2025-09-02_11-11-50.png,~/Desktop/MBAT-Internship-Project/data_OMV_at/response_AT.8575.8_2025-09-02_11-11-50.json,2025-09-02T01:11:50Z
AT.8577.8,AUT,Alland,2534,48.06751,16.06339,DIESEL,1.949,DIESEL 1.949 EUR,~/Desktop/MBAT-Internship-Project/data_OMV_at/prices_AT.8577.8_2025-09-02_11-11-51.png,~/Desktop/MBAT-Internship-Project/data_OMV_at/response_AT.8577.8_2025-09-02_11-11-51.json,2025-09-02T01:11:51Z
AT.8577.8,AUT,Alland,2534,48.06751,16.06339,OMV AdBlue,1.399,OMV AdBlue 1.399 EUR,~/Desktop/MBAT-Internship-Project/data_OMV_at/prices_AT.8577.8_2025-09-02_11-11-51.png,~/Desktop/MBAT-Internship-Project/data_OMV_at/response_AT.8577.8_2025-09-02_11-11-51.json,2025-09-02T01:11:51Z
AT.8577.8,AUT,Alland,2534,48.06751,16.06339,SUPER 95,1.949,SUPER 95 1.949 EUR,~/Desktop/MBAT-Internship-Project/data_OMV_at/prices_AT.8577.8_2025-09-02_11-11-51.png,~/Desktop/MBAT-Internship-Project/data_OMV_at/response_AT.8577.8_2025-09-02_11-11-51.json,2025-09-02T01:11:51Z
AT.8577.8,AUT,Alland,2534,48.06751,16.06339,MaxxMotion Super 100plus,2.209,MaxxMotion Super 100plus 2.209 EUR,~/Desktop/MBAT-Internship-Project/data_OMV_at/prices_AT.8577.8_2025-09-02_11-11-51.png,~/Desktop/MBAT-Internship-Project/data_OMV_at/response_AT.8577.8_2025-09-02_11-11-51.json,2025-09-02T01:11:51Z
AT.8577.8,AUT,Alland,2534,48.06751,16.06339,MaxxMotion Diesel,2.209,MaxxMotion Diesel 2.209 EUR,~/Desktop/MBAT-Internship-Project/data_OMV_at/prices_AT.8577.8_2025-09-02_11-11-51.png,~/Desktop/MBAT-Internship-Project/data_OMV_at/response_AT.8577.8_2025-09-02_11-11-51.json,2025-09-02T01:11:51Z
AT.8578.8,AUT,Sankt Valentin,4300,48.19676,14.52693,DIESEL,1.489,DIESEL 1.489 EUR,~/Desktop/MBAT-Internship-Project/data_OMV_at/prices_AT.8578.8_2025-09-02_11-11-51.png,~/Desktop/MBAT-Internship-Project/data_OMV_at/response_AT.8578.8_2025-09-02_11-11-51.json,2025-09-02T01:11:52Z
AT.8578.8,AUT,Sankt Valentin,4300,48.19676,14.52693,HVO100 Diesel,1.739,HVO100 Diesel 1.739 EUR,~/Desktop/MBAT-Internship-Project/data_OMV_at/prices_AT.8578.8_2025-09-02_11-11-51.png,~/Desktop/MBAT-Internship-Project/data_OMV_at/response_AT.8578.8_2025-09-02_11-11-51.json,2025-09-02T01:11:52Z
AT.8578.8,AUT,Sankt Valentin,4300,48.19676,14.52693,OMV AdBlue,1.399,OMV AdBlue 1.399 EUR,~/Desktop/MBAT-Internship-Project/data_OMV_at/prices_AT.8578.8_2025-09-02_11-11-51.png,~/Desktop/MBAT-Internship-Project/data_OMV_at/response_AT.8578.8_2025-09-02_11-11-51.json,2025-09-02T01:11:52Z
AT.8578.8,AUT,Sankt Valentin,4300,48.19676,14.52693,SUPER 95,1.479,SUPER 95 1.479 EUR,~/Desktop/MBAT-Internship-Project/data_OMV_at/prices_AT.8578.8_2025-09-02_11-11-51.png,~/Desktop/MBAT-Internship-Project/data_OMV_at/response_AT.8578.8_2025-09-02_11-11-51.json,2025-09-02T01:11:52Z
AT.8578.8,AUT,Sankt Valentin,4300,48.19676,14.52693,MaxxMotion Super 100plus,1.739,MaxxMotion Super 100plus 1.739 EUR,~/Desktop/MBAT-Internship-Project/data_OMV_at/prices_AT.8578.8_2025-09-02_11-11-51.png,~/Desktop/MBAT-Internship-Project/data_OMV_at/response_AT.8578.8_2025-09-02_11-11-51.json,2025-09-02T01:11:52Z
AT.8578.8,AUT,Sankt Valentin,4300,48.19676,14.52693,MaxxMotion Diesel,1.749,MaxxMotion Diesel 1.749 EUR,~/Desktop/MBAT-Internship-Project/data_OMV_at/prices_AT.8578.8_2025-09-02_11-11-51.png,~/Desktop/MBAT-Internship-Project/data_OMV_at/response_AT.8578.8_2025-09-02_11-11-51.json,2025-09-02T01:11:52Z
AT.8583.8,AUT,Herzogenburg,3130,48.27876,15.69564,DIESEL,1.492,DIESEL 1.492 EUR,~/Desktop/MBAT-Internship-Project/data_OMV_at/prices_AT.8583.8_2025-09-02_11-11-52.png,~/Desktop/MBAT-Internship-Project/data_OMV_at/response_AT.8583.8_2025-09-02_11-11-52.json,2025-09-02T01:11:53Z
AT.8583.8,AUT,Herzogenburg,3130,48.27876,15.69564,SUPER 95,1.487,SUPER 95 1.487 EUR,~/Desktop/MBAT-Internship-Project/data_OMV_at/prices_AT.8583.8_2025-09-02_11-11-52.png,~/Desktop/MBAT-Internship-Project/data_OMV_at/response_AT.8583.8_2025-09-02_11-11-52.json,2025-09-02T01:11:53Z
AT.8583.8,AUT,Herzogenburg,3130,48.27876,15.69564,MaxxMotion Super 100plus,1.749,MaxxMotion Super 100plus 1.749 EUR,~/Desktop/MBAT-Internship-Project/data_OMV_at/prices_AT.8583.8_2025-09-02_11-11-52.png,~/Desktop/MBAT-Internship-Project/data_OMV_at/response_AT.8583.8_2025-09-02_11-11-52.json,2025-09-02T01:11:53Z
AT.8583.8,AUT,Herzogenburg,3130,48.27876,15.69564,MaxxMotion Diesel,1.759,MaxxMotion Diesel 1.759 EUR,~/Desktop/MBAT-Internship-Project/data_OMV_at/prices_AT.8583.8_2025-09-02_11-11-52.png,~/Desktop/MBAT-Internship-Project/data_OMV_at/response_AT.8583.8_2025-09-02_11-11-52.json,2025-09-02T01:11:53Z
AT.8584.8,AUT,Hilm,3331,48.02154,14.75676,DIESEL,1.529,DIESEL 1.529 EUR,~/Desktop/MBAT-Internship-Project/data_OMV_at/prices_AT.8584.8_2025-09-02_11-11-53.png,~/Desktop/MBAT-Internship-Project/data_OMV_at/response_AT.8584.8_2025-09-02_11-11-53.json,2025-09-02T01:11:54Z
AT.8584.8,AUT,Hilm,3331,48.02154,14.75676,SUPER 95,1.523,SUPER 95 1.523 EUR,~/Desktop/MBAT-Internship-Project/data_OMV_at/prices_AT.8584.8_2025-09-02_11-11-53.png,~/Desktop/MBAT-Internship-Project/data_OMV_at/response_AT.8584.8_2025-09-02_11-11-53.json,2025-09-02T01:11:54Z
AT.8584.8,AUT,Hilm,3331,48.02154,14.75676,MaxxMotion Super 100plus,1.799,MaxxMotion Super 100plus 1.799 EUR,~/Desktop/MBAT-Internship-Project/data_OMV_at/prices_AT.8584.8_2025-09-02_11-11-53.png,~/Desktop/MBAT-Internship-Project/data_OMV_at/response_AT.8584.8_2025-09-02_11-11-53.json,2025-09-02T01:11:54Z
AT.8584.8,AUT,Hilm,3331,48.02154,14.75676,MaxxMotion Diesel,1.789,MaxxMotion Diesel 1.789 EUR,~/Desktop/MBAT-Internship-Project/data_OMV_at/prices_AT.8584.8_2025-09-02_11-11-53.png,~/Desktop/MBAT-Internship-Project/data_OMV_at/response_AT.8584.8_2025-09-02_11-11-53.json,2025-09-02T01:11:54Z
AT.8585.8,AUT,Hohenau an der March,2273,48.60217,16.90004,DIESEL,1.559,DIESEL 1.559 EUR,~/Desktop/MBAT-Internship-Project/data_OMV_at/prices_AT.8585.8_2025-09-02_11-11-54.png,~/Desktop/MBAT-Internship-Project/data_OMV_at/response_AT.8585.8_2025-09-02_11-11-54.json,2025-09-02T01:11:54Z
AT.8585.8,AUT,Hohenau an der March,2273,48.60217,16.90004,SUPER 95,1.549,SUPER 95 1.549 EUR,~/Desktop/MBAT-Internship-Project/data_OMV_at/prices_AT.8585.8_2025-09-02_11-11-54.png,~/Desktop/MBAT-Internship-Project/data_OMV_at/response_AT.8585.8_2025-09-02_11-11-54.json,2025-09-02T01:11:54Z
AT.8585.8,AUT,Hohenau an der March,2273,48.60217,16.90004,MaxxMotion Super 100plus,1.809,MaxxMotion Super 100plus 1.809 EUR,~/Desktop/MBAT-Internship-Project/data_OMV_at/prices_AT.8585.8_2025-09-02_11-11-54.png,~/Desktop/MBAT-Internship-Project/data_OMV_at/response_AT.8585.8_2025-09-02_11-11-54.json,2025-09-02T01:11:54Z
AT.8585.8,AUT,Hohenau an der March,2273,48.60217,16.90004,MaxxMotion Diesel,1.819,MaxxMotion Diesel 1.819 EUR,~/Desktop/MBAT-Internship-Project/data_OMV_at/prices_AT.8585.8_2025-09-02_11-11-54.png,~/Desktop/MBAT-Internship-Project/data_OMV_at/response_AT.8585.8_2025-09-02_11-11-54.json,2025-09-02T01:11:54Z
AT.8586.8,AUT,Horn,3580,48.66188,15.65477,DIESEL,1.572,DIESEL 1.572 EUR,~/Desktop/MBAT-Internship-Project/data_OMV_at/prices_AT.8586.8_2025-09-02_11-11-55.png,~/Desktop/MBAT-Internship-Project/data_OMV_at/response_AT.8586.8_2025-09-02_11-11-55.json,2025-09-02T01:11:55Z
AT.8586.8,AUT,Horn,3580,48.66188,15.65477,SUPER 95,1.562,SUPER 95 1.562 EUR,~/Desktop/MBAT-Internship-Project/data_OMV_at/prices_AT.8586.8_2025-09-02_11-11-55.png,~/Desktop/MBAT-Internship-Project/data_OMV_at/response_AT.8586.8_2025-09-02_11-11-55.json,2025-09-02T01:11:55Z
AT.8587.8,AUT,Poysdorf,2170,48.65948,16.62935,DIESEL,1.539,DIESEL 1.539 EUR,~/Desktop/MBAT-Internship-Project/data_OMV_at/prices_AT.8587.8_2025-09-02_11-11-56.png,~/Desktop/MBAT-Internship-Project/data_OMV_at/response_AT.8587.8_2025-09-02_11-11-56.json,2025-09-02T01:11:56Z
AT.8587.8,AUT,Poysdorf,2170,48.65948,16.62935,SUPER 95,1.519,SUPER 95 1.519 EUR,~/Desktop/MBAT-Internship-Project/data_OMV_at/prices_AT.8587.8_2025-09-02_11-11-56.png,~/Desktop/MBAT-Internship-Project/data_OMV_at/response_AT.8587.8_2025-09-02_11-11-56.json,2025-09-02T01:11:56Z
AT.8589.8,AUT,Schrems,3943,48.79281,15.06908,DIESEL,1.579,DIESEL 1.579 EUR,~/Desktop/MBAT-Internship-Project/data_OMV_at/prices_AT.8589.8_2025-09-02_11-11-56.png,~/Desktop/MBAT-Internship-Project/data_OMV_at/response_AT.8589.8_2025-09-02_11-11-56.json,2025-09-02T01:11:57Z
AT.8589.8,AUT,Schrems,3943,48.79281,15.06908,SUPER 95,1.569,SUPER 95 1.569 EUR,~/Desktop/MBAT-Internship-Project/data_OMV_at/prices_AT.8589.8_2025-09-02_11-11-56.png,~/Desktop/MBAT-Internship-Project/data_OMV_at/response_AT.8589.8_2025-09-02_11-11-56.json,2025-09-02T01:11:57Z
AT.8591.8,AUT,Stockerau,2000,48.38611,16.21863,DIESEL,1.487,DIESEL 1.487 EUR,~/Desktop/MBAT-Internship-Project/data_OMV_at/prices_AT.8591.8_2025-09-02_11-11-57.png,~/Desktop/MBAT-Internship-Project/data_OMV_at/response_AT.8591.8_2025-09-02_11-11-57.json,2025-09-02T01:11:58Z
AT.8591.8,AUT,Stockerau,2000,48.38611,16.21863,SUPER 95,1.477,SUPER 95 1.477 EUR,~/Desktop/MBAT-Internship-Project/data_OMV_at/prices_AT.8591.8_2025-09-02_11-11-57.png,~/Desktop/MBAT-Internship-Project/data_OMV_at/response_AT.8591.8_2025-09-02_11-11-57.json,2025-09-02T01:11:58Z
AT.8591.8,AUT,Stockerau,2000,48.38611,16.21863,MaxxMotion Super 100plus,1.739,MaxxMotion Super 100plus 1.739 EUR,~/Desktop/MBAT-Internship-Project/data_OMV_at/prices_AT.8591.8_2025-09-02_11-11-57.png,~/Desktop/MBAT-Internship-Project/data_OMV_at/response_AT.8591.8_2025-09-02_11-11-57.json,2025-09-02T01:11:58Z
AT.8591.8,AUT,Stockerau,2000,48.38611,16.21863,MaxxMotion Diesel,1.749,MaxxMotion Diesel 1.749 EUR,~/Desktop/MBAT-Internship-Project/data_OMV_at/prices_AT.8591.8_2025-09-02_11-11-57.png,~/Desktop/MBAT-Internship-Project/data_OMV_at/response_AT.8591.8_2025-09-02_11-11-57.json,2025-09-02T01:11:58Z
AT.8593.8,AUT,Traisen,3160,48.04857,15.60983,DIESEL,1.451,DIESEL 1.451 EUR,~/Desktop/MBAT-Internship-Project/data_OMV_at/prices_AT.8593.8_2025-09-02_11-11-58.png,~/Desktop/MBAT-Internship-Project/data_OMV_at/response_AT.8593.8_2025-09-02_11-11-58.json,2025-09-02T01:11:58Z
AT.8593.8,AUT,Traisen,3160,48.04857,15.60983,SUPER 95,1.444,SUPER 95 1.444 EUR,~/Desktop/MBAT-Internship-Project/data_OMV_at/prices_AT.8593.8_2025-09-02_11-11-58.png,~/Desktop/MBAT-Internship-Project/data_OMV_at/response_AT.8593.8_2025-09-02_11-11-58.json,2025-09-02T01:11:58Z
AT.8602.8,AUT,Deutsch-Wagram,2232,48.30043,16.56957,DIESEL,1.464,DIESEL 1.464 EUR,~/Desktop/MBAT-Internship-Project/data_OMV_at/prices_AT.8602.8_2025-09-02_11-11-59.png,~/Desktop/MBAT-Internship-Project/data_OMV_at/response_AT.8602.8_2025-09-02_11-11-59.json,2025-09-02T01:11:59Z
AT.8602.8,AUT,Deutsch-Wagram,2232,48.30043,16.56957,SUPER 95,1.454,SUPER 95 1.454 EUR,~/Desktop/MBAT-Internship-Project/data_OMV_at/prices_AT.8602.8_2025-09-02_11-11-59.png,~/Desktop/MBAT-Internship-Project/data_OMV_at/response_AT.8602.8_2025-09-02_11-11-59.json,2025-09-02T01:11:59Z
AT.8607.8,AUT,Fischamend,2401,48.12157,16.59846,DIESEL,1.464,DIESEL 1.464 EUR,~/Desktop/MBAT-Internship-Project/data_OMV_at/prices_AT.8607.8_2025-09-02_11-12-00.png,~/Desktop/MBAT-Internship-Project/data_OMV_at/response_AT.8607.8_2025-09-02_11-12-00.json,2025-09-02T01:12:00Z
AT.8607.8,AUT,Fischamend,2401,48.12157,16.59846,SUPER 95,1.464,SUPER 95 1.464 EUR,~/Desktop/MBAT-Internship-Project/data_OMV_at/prices_AT.8607.8_2025-09-02_11-12-00.png,~/Desktop/MBAT-Internship-Project/data_OMV_at/response_AT.8607.8_2025-09-02_11-12-00.json,2025-09-02T01:12:00Z
AT.8615.8,AUT,Hagenbrunn,2201,48.33608,16.46097,DIESEL,1.549,DIESEL 1.549 EUR,~/Desktop/MBAT-Internship-Project/data_OMV_at/prices_AT.8615.8_2025-09-02_11-12-00.png,~/Desktop/MBAT-Internship-Project/data_OMV_at/response_AT.8615.8_2025-09-02_11-12-00.json,2025-09-02T01:12:01Z
AT.8615.8,AUT,Hagenbrunn,2201,48.33608,16.46097,SUPER 95,1.529,SUPER 95 1.529 EUR,~/Desktop/MBAT-Internship-Project/data_OMV_at/prices_AT.8615.8_2025-09-02_11-12-00.png,~/Desktop/MBAT-Internship-Project/data_OMV_at/response_AT.8615.8_2025-09-02_11-12-00.json,2025-09-02T01:12:01Z
AT.8615.8,AUT,Hagenbrunn,2201,48.33608,16.46097,MaxxMotion Super 100plus,1.789,MaxxMotion Super 100plus 1.789 EUR,~/Desktop/MBAT-Internship-Project/data_OMV_at/prices_AT.8615.8_2025-09-02_11-12-00.png,~/Desktop/MBAT-Internship-Project/data_OMV_at/response_AT.8615.8_2025-09-02_11-12-00.json,2025-09-02T01:12:01Z
AT.8615.8,AUT,Hagenbrunn,2201,48.33608,16.46097,MaxxMotion Diesel,1.809,MaxxMotion Diesel 1.809 EUR,~/Desktop/MBAT-Internship-Project/data_OMV_at/prices_AT.8615.8_2025-09-02_11-12-00.png,~/Desktop/MBAT-Internship-Project/data_OMV_at/response_AT.8615.8_2025-09-02_11-12-00.json,2025-09-02T01:12:01Z
AT.8620.8,AUT,Korneuburg,2100,48.33832,16.33873,DIESEL,1.467,DIESEL 1.467 EUR,~/Desktop/MBAT-Internship-Project/data_OMV_at/prices_AT.8620.8_2025-09-02_11-12-01.png,~/Desktop/MBAT-Internship-Project/data_OMV_at/response_AT.8620.8_2025-09-02_11-12-01.json,2025-09-02T01:12:02Z
AT.8620.8,AUT,Korneuburg,2100,48.33832,16.33873,SUPER 95,1.457,SUPER 95 1.457 EUR,~/Desktop/MBAT-Internship-Project/data_OMV_at/prices_AT.8620.8_2025-09-02_11-12-01.png,~/Desktop/MBAT-Internship-Project/data_OMV_at/response_AT.8620.8_2025-09-02_11-12-01.json,2025-09-02T01:12:02Z
AT.8621.8,AUT,Krems an der Donau,3500,48.39735,15.56875,DIESEL,1.457,DIESEL 1.457 EUR,~/Desktop/MBAT-Internship-Project/data_OMV_at/prices_AT.8621.8_2025-09-02_11-12-02.png,~/Desktop/MBAT-Internship-Project/data_OMV_at/response_AT.8621.8_2025-09-02_11-12-02.json,2025-09-02T01:12:03Z
AT.8621.8,AUT,Krems an der Donau,3500,48.39735,15.56875,Diesel Plus,1.669,Diesel Plus 1.669 EUR,~/Desktop/MBAT-Internship-Project/data_OMV_at/prices_AT.8621.8_2025-09-02_11-12-02.png,~/Desktop/MBAT-Internship-Project/data_OMV_at/response_AT.8621.8_2025-09-02_11-12-02.json,2025-09-02T01:12:03Z
AT.8621.8,AUT,Krems an der Donau,3500,48.39735,15.56875,SUPER 95,1.448,SUPER 95 1.448 EUR,~/Desktop/MBAT-Internship-Project/data_OMV_at/prices_AT.8621.8_2025-09-02_11-12-02.png,~/Desktop/MBAT-Internship-Project/data_OMV_at/response_AT.8621.8_2025-09-02_11-12-02.json,2025-09-02T01:12:03Z
AT.8632.8,AUT,Münchendorf,2482,48.03444,16.37948,DIESEL,1.491,DIESEL 1.491 EUR,~/Desktop/MBAT-Internship-Project/data_OMV_at/prices_AT.8632.8_2025-09-02_11-12-03.png,~/Desktop/MBAT-Internship-Project/data_OMV_at/response_AT.8632.8_2025-09-02_11-12-03.json,2025-09-02T01:12:03Z
AT.8632.8,AUT,Münchendorf,2482,48.03444,16.37948,Premium Power Diesel,1.709,Premium Power Diesel 1.709 EUR,~/Desktop/MBAT-Internship-Project/data_OMV_at/prices_AT.8632.8_2025-09-02_11-12-03.png,~/Desktop/MBAT-Internship-Project/data_OMV_at/response_AT.8632.8_2025-09-02_11-12-03.json,2025-09-02T01:12:03Z
AT.8632.8,AUT,Münchendorf,2482,48.03444,16.37948,SUPER 95,1.491,SUPER 95 1.491 EUR,~/Desktop/MBAT-Internship-Project/data_OMV_at/prices_AT.8632.8_2025-09-02_11-12-03.png,~/Desktop/MBAT-Internship-Project/data_OMV_at/response_AT.8632.8_2025-09-02_11-12-03.json,2025-09-02T01:12:03Z
AT.8641.8,AUT,Pulkau,3741,48.70033,15.86356,DIESEL,1.564,DIESEL 1.564 EUR,~/Desktop/MBAT-Internship-Project/data_OMV_at/prices_AT.8641.8_2025-09-02_11-12-04.png,~/Desktop/MBAT-Internship-Project/data_OMV_at/response_AT.8641.8_2025-09-02_11-12-04.json,2025-09-02T01:12:04Z
AT.8641.8,AUT,Pulkau,3741,48.70033,15.86356,SUPER 95,1.564,SUPER 95 1.564 EUR,~/Desktop/MBAT-Internship-Project/data_OMV_at/prices_AT.8641.8_2025-09-02_11-12-04.png,~/Desktop/MBAT-Internship-Project/data_OMV_at/response_AT.8641.8_2025-09-02_11-12-04.json,2025-09-02T01:12:04Z
AT.8656.8,AUT,Wolfsthal,2412,48.13064,17.02105,DIESEL,1.485,DIESEL 1.485 EUR,~/Desktop/MBAT-Internship-Project/data_OMV_at/prices_AT.8656.8_2025-09-02_11-12-05.png,~/Desktop/MBAT-Internship-Project/data_OMV_at/response_AT.8656.8_2025-09-02_11-12-05.json,2025-09-02T01:12:05Z
AT.8656.8,AUT,Wolfsthal,2412,48.13064,17.02105,Diesel Plus,1.699,Diesel Plus 1.699 EUR,~/Desktop/MBAT-Internship-Project/data_OMV_at/prices_AT.8656.8_2025-09-02_11-12-05.png,~/Desktop/MBAT-Internship-Project/data_OMV_at/response_AT.8656.8_2025-09-02_11-12-05.json,2025-09-02T01:12:05Z
AT.8656.8,AUT,Wolfsthal,2412,48.13064,17.02105,SUPER 95,1.485,SUPER 95 1.485 EUR,~/Desktop/MBAT-Internship-Project/data_OMV_at/prices_AT.8656.8_2025-09-02_11-12-05.png,~/Desktop/MBAT-Internship-Project/data_OMV_at/response_AT.8656.8_2025-09-02_11-12-05.json,2025-09-02T01:12:05Z
AT.8666.8,AUT,Gablitz,3003,48.21888,16.16551,DIESEL,1.452,DIESEL 1.452 EUR,~/Desktop/MBAT-Internship-Project/data_OMV_at/prices_AT.8666.8_2025-09-02_11-12-05.png,~/Desktop/MBAT-Internship-Project/data_OMV_at/response_AT.8666.8_2025-09-02_11-12-05.json,2025-09-02T01:12:06Z
AT.8666.8,AUT,Gablitz,3003,48.21888,16.16551,Diesel Plus,1.799,Diesel Plus 1.799 EUR,~/Desktop/MBAT-Internship-Project/data_OMV_at/prices_AT.8666.8_2025-09-02_11-12-05.png,~/Desktop/MBAT-Internship-Project/data_OMV_at/response_AT.8666.8_2025-09-02_11-12-05.json,2025-09-02T01:12:06Z
AT.8666.8,AUT,Gablitz,3003,48.21888,16.16551,SUPER 95,1.442,SUPER 95 1.442 EUR,~/Desktop/MBAT-Internship-Project/data_OMV_at/prices_AT.8666.8_2025-09-02_11-12-05.png,~/Desktop/MBAT-Internship-Project/data_OMV_at/response_AT.8666.8_2025-09-02_11-12-05.json,2025-09-02T01:12:06Z
AT.8672.8,AUT,Wiener Neustadt,2700,47.84322,16.24631,DIESEL,1.579,DIESEL 1.579 EUR,~/Desktop/MBAT-Internship-Project/data_OMV_at/prices_AT.8672.8_2025-09-02_11-12-06.png,~/Desktop/MBAT-Internship-Project/data_OMV_at/response_AT.8672.8_2025-09-02_11-12-06.json,2025-09-02T01:12:07Z
AT.8672.8,AUT,Wiener Neustadt,2700,47.84322,16.24631,OMV AdBlue,1.399,OMV AdBlue 1.399 EUR,~/Desktop/MBAT-Internship-Project/data_OMV_at/prices_AT.8672.8_2025-09-02_11-12-06.png,~/Desktop/MBAT-Internship-Project/data_OMV_at/response_AT.8672.8_2025-09-02_11-12-06.json,2025-09-02T01:12:07Z
AT.8672.8,AUT,Wiener Neustadt,2700,47.84322,16.24631,SUPER 95,1.569,SUPER 95 1.569 EUR,~/Desktop/MBAT-Internship-Project/data_OMV_at/prices_AT.8672.8_2025-09-02_11-12-06.png,~/Desktop/MBAT-Internship-Project/data_OMV_at/response_AT.8672.8_2025-09-02_11-12-06.json,2025-09-02T01:12:07Z
AT.8672.8,AUT,Wiener Neustadt,2700,47.84322,16.24631,MaxxMotion Super 100plus,1.829,MaxxMotion Super 100plus 1.829 EUR,~/Desktop/MBAT-Internship-Project/data_OMV_at/prices_AT.8672.8_2025-09-02_11-12-06.png,~/Desktop/MBAT-Internship-Project/data_OMV_at/response_AT.8672.8_2025-09-02_11-12-06.json,2025-09-02T01:12:07Z
AT.8672.8,AUT,Wiener Neustadt,2700,47.84322,16.24631,CNG,1.549,CNG 1.549 EUR,~/Desktop/MBAT-Internship-Project/data_OMV_at/prices_AT.8672.8_2025-09-02_11-12-06.png,~/Desktop/MBAT-Internship-Project/data_OMV_at/response_AT.8672.8_2025-09-02_11-12-06.json,2025-09-02T01:12:07Z
AT.8672.8,AUT,Wiener Neustadt,2700,47.84322,16.24631,MaxxMotion Diesel,1.839,MaxxMotion Diesel 1.839 EUR,~/Desktop/MBAT-Internship-Project/data_OMV_at/prices_AT.8672.8_2025-09-02_11-12-06.png,~/Desktop/MBAT-Internship-Project/data_OMV_at/response_AT.8672.8_2025-09-02_11-12-06.json,2025-09-02T01:12:07Z
AT.8675.8,AUT,Melk,3390,48.21918,15.34834,DIESEL,1.479,DIESEL 1.479 EUR,~/Desktop/MBAT-Internship-Project/data_OMV_at/prices_AT.8675.8_2025-09-02_11-12-07.png,~/Desktop/MBAT-Internship-Project/data_OMV_at/response_AT.8675.8_2025-09-02_11-12-07.json,2025-09-02T01:12:08Z
AT.8675.8,AUT,Melk,3390,48.21918,15.34834,OMV AdBlue,1.399,OMV AdBlue 1.399 EUR,~/Desktop/MBAT-Internship-Project/data_OMV_at/prices_AT.8675.8_2025-09-02_11-12-07.png,~/Desktop/MBAT-Internship-Project/data_OMV_at/response_AT.8675.8_2025-09-02_11-12-07.json,2025-09-02T01:12:08Z
AT.8675.8,AUT,Melk,3390,48.21918,15.34834,SUPER 95,1.469,SUPER 95 1.469 EUR,~/Desktop/MBAT-Internship-Project/data_OMV_at/prices_AT.8675.8_2025-09-02_11-12-07.png,~/Desktop/MBAT-Internship-Project/data_OMV_at/response_AT.8675.8_2025-09-02_11-12-07.json,2025-09-02T01:12:08Z
AT.8675.8,AUT,Melk,3390,48.21918,15.34834,MaxxMotion Super 100plus,1.729,MaxxMotion Super 100plus 1.729 EUR,~/Desktop/MBAT-Internship-Project/data_OMV_at/prices_AT.8675.8_2025-09-02_11-12-07.png,~/Desktop/MBAT-Internship-Project/data_OMV_at/response_AT.8675.8_2025-09-02_11-12-07.json,2025-09-02T01:12:08Z
AT.8675.8,AUT,Melk,3390,48.21918,15.34834,MaxxMotion Diesel,1.739,MaxxMotion Diesel 1.739 EUR,~/Desktop/MBAT-Internship-Project/data_OMV_at/prices_AT.8675.8_2025-09-02_11-12-07.png,~/Desktop/MBAT-Internship-Project/data_OMV_at/response_AT.8675.8_2025-09-02_11-12-07.json,2025-09-02T01:12:08Z
AT.8676.8,AUT,Loosdorf,3382,48.19,15.409,DIESEL,1.529,DIESEL 1.529 EUR,~/Desktop/MBAT-Internship-Project/data_OMV_at/prices_AT.8676.8_2025-09-02_11-12-08.png,~/Desktop/MBAT-Internship-Project/data_OMV_at/response_AT.8676.8_2025-09-02_11-12-08.json,2025-09-02T01:12:08Z
AT.8676.8,AUT,Loosdorf,3382,48.19,15.409,OMV AdBlue,1.399,OMV AdBlue 1.399 EUR,~/Desktop/MBAT-Internship-Project/data_OMV_at/prices_AT.8676.8_2025-09-02_11-12-08.png,~/Desktop/MBAT-Internship-Project/data_OMV_at/response_AT.8676.8_2025-09-02_11-12-08.json,2025-09-02T01:12:08Z
AT.8676.8,AUT,Loosdorf,3382,48.19,15.409,SUPER 95,1.519,SUPER 95 1.519 EUR,~/Desktop/MBAT-Internship-Project/data_OMV_at/prices_AT.8676.8_2025-09-02_11-12-08.png,~/Desktop/MBAT-Internship-Project/data_OMV_at/response_AT.8676.8_2025-09-02_11-12-08.json,2025-09-02T01:12:08Z
AT.8676.8,AUT,Loosdorf,3382,48.19,15.409,MaxxMotion Super 100plus,1.779,MaxxMotion Super 100plus 1.779 EUR,~/Desktop/MBAT-Internship-Project/data_OMV_at/prices_AT.8676.8_2025-09-02_11-12-08.png,~/Desktop/MBAT-Internship-Project/data_OMV_at/response_AT.8676.8_2025-09-02_11-12-08.json,2025-09-02T01:12:08Z
AT.8676.8,AUT,Loosdorf,3382,48.19,15.409,CNG,1.649,CNG 1.649 EUR,~/Desktop/MBAT-Internship-Project/data_OMV_at/prices_AT.8676.8_2025-09-02_11-12-08.png,~/Desktop/MBAT-Internship-Project/data_OMV_at/response_AT.8676.8_2025-09-02_11-12-08.json,2025-09-02T01:12:08Z
AT.8676.8,AUT,Loosdorf,3382,48.19,15.409,MaxxMotion Diesel,1.789,MaxxMotion Diesel 1.789 EUR,~/Desktop/MBAT-Internship-Project/data_OMV_at/prices_AT.8676.8_2025-09-02_11-12-08.png,~/Desktop/MBAT-Internship-Project/data_OMV_at/response_AT.8676.8_2025-09-02_11-12-08.json,2025-09-02T01:12:08Z
AT.8693.8,AUT,Wolfpassing,2123,48.4249,16.54799,DIESEL,1.999,DIESEL 1.999 EUR,~/Desktop/MBAT-Internship-Project/data_OMV_at/prices_AT.8693.8_2025-09-02_11-12-09.png,~/Desktop/MBAT-Internship-Project/data_OMV_at/response_AT.8693.8_2025-09-02_11-12-09.json,2025-09-02T01:12:09Z
AT.8693.8,AUT,Wolfpassing,2123,48.4249,16.54799,OMV AdBlue,1.399,OMV AdBlue 1.399 EUR,~/Desktop/MBAT-Internship-Project/data_OMV_at/prices_AT.8693.8_2025-09-02_11-12-09.png,~/Desktop/MBAT-Internship-Project/data_OMV_at/response_AT.8693.8_2025-09-02_11-12-09.json,2025-09-02T01:12:09Z
AT.8693.8,AUT,Wolfpassing,2123,48.4249,16.54799,SUPER 95,1.999,SUPER 95 1.999 EUR,~/Desktop/MBAT-Internship-Project/data_OMV_at/prices_AT.8693.8_2025-09-02_11-12-09.png,~/Desktop/MBAT-Internship-Project/data_OMV_at/response_AT.8693.8_2025-09-02_11-12-09.json,2025-09-02T01:12:09Z
AT.8693.8,AUT,Wolfpassing,2123,48.4249,16.54799,MaxxMotion Super 100plus,2.259,MaxxMotion Super 100plus 2.259 EUR,~/Desktop/MBAT-Internship-Project/data_OMV_at/prices_AT.8693.8_2025-09-02_11-12-09.png,~/Desktop/MBAT-Internship-Project/data_OMV_at/response_AT.8693.8_2025-09-02_11-12-09.json,2025-09-02T01:12:09Z
AT.8693.8,AUT,Wolfpassing,2123,48.4249,16.54799,MaxxMotion Diesel,2.259,MaxxMotion Diesel 2.259 EUR,~/Desktop/MBAT-Internship-Project/data_OMV_at/prices_AT.8693.8_2025-09-02_11-12-09.png,~/Desktop/MBAT-Internship-Project/data_OMV_at/response_AT.8693.8_2025-09-02_11-12-09.json,2025-09-02T01:12:09Z
AT.8694.8,AUT,HIMBERG,2325,48.08434,16.45713,LNG,1.781,LNG 1.781 EUR,~/Desktop/MBAT-Internship-Project/data_OMV_at/prices_AT.8694.8_2025-09-02_11-12-10.png,~/Desktop/MBAT-Internship-Project/data_OMV_at/response_AT.8694.8_2025-09-02_11-12-10.json,2025-09-02T01:12:10Z
AT.8696.8,AUT,Sankt Valentin,4300,48.1958,14.52723,DIESEL,1.579,DIESEL 1.579 EUR,~/Desktop/MBAT-Internship-Project/data_OMV_at/prices_AT.8696.8_2025-09-02_11-12-10.png,~/Desktop/MBAT-Internship-Project/data_OMV_at/response_AT.8696.8_2025-09-02_11-12-10.json,2025-09-02T01:12:11Z
AT.8696.8,AUT,Sankt Valentin,4300,48.1958,14.52723,OMV AdBlue,0.919,OMV AdBlue 0.919 EUR,~/Desktop/MBAT-Internship-Project/data_OMV_at/prices_AT.8696.8_2025-09-02_11-12-10.png,~/Desktop/MBAT-Internship-Project/data_OMV_at/response_AT.8696.8_2025-09-02_11-12-10.json,2025-09-02T01:12:11Z
AT.8700.8,AUT,Krems an der Donau,3500,48.40624,15.60365,DIESEL,1.457,DIESEL 1.457 EUR,~/Desktop/MBAT-Internship-Project/data_OMV_at/prices_AT.8700.8_2025-09-02_11-12-11.png,~/Desktop/MBAT-Internship-Project/data_OMV_at/response_AT.8700.8_2025-09-02_11-12-11.json,2025-09-02T01:12:12Z
AT.8700.8,AUT,Krems an der Donau,3500,48.40624,15.60365,Diesel Plus,1.669,Diesel Plus 1.669 EUR,~/Desktop/MBAT-Internship-Project/data_OMV_at/prices_AT.8700.8_2025-09-02_11-12-11.png,~/Desktop/MBAT-Internship-Project/data_OMV_at/response_AT.8700.8_2025-09-02_11-12-11.json,2025-09-02T01:12:12Z
AT.8700.8,AUT,Krems an der Donau,3500,48.40624,15.60365,SUPER 95,1.448,SUPER 95 1.448 EUR,~/Desktop/MBAT-Internship-Project/data_OMV_at/prices_AT.8700.8_2025-09-02_11-12-11.png,~/Desktop/MBAT-Internship-Project/data_OMV_at/response_AT.8700.8_2025-09-02_11-12-11.json,2025-09-02T01:12:12Z
AT.8703.8,AUT,Schwechat,2320,48.12249,16.4387,DIESEL,1.999,DIESEL 1.999 EUR,~/Desktop/MBAT-Internship-Project/data_OMV_at/prices_AT.8703.8_2025-09-02_11-12-12.png,~/Desktop/MBAT-Internship-Project/data_OMV_at/response_AT.8703.8_2025-09-02_11-12-12.json,2025-09-02T01:12:13Z
AT.8703.8,AUT,Schwechat,2320,48.12249,16.4387,OMV AdBlue,1.399,OMV AdBlue 1.399 EUR,~/Desktop/MBAT-Internship-Project/data_OMV_at/prices_AT.8703.8_2025-09-02_11-12-12.png,~/Desktop/MBAT-Internship-Project/data_OMV_at/response_AT.8703.8_2025-09-02_11-12-12.json,2025-09-02T01:12:13Z
AT.8703.8,AUT,Schwechat,2320,48.12249,16.4387,SUPER 95,1.999,SUPER 95 1.999 EUR,~/Desktop/MBAT-Internship-Project/data_OMV_at/prices_AT.8703.8_2025-09-02_11-12-12.png,~/Desktop/MBAT-Internship-Project/data_OMV_at/response_AT.8703.8_2025-09-02_11-12-12.json,2025-09-02T01:12:13Z
AT.8703.8,AUT,Schwechat,2320,48.12249,16.4387,MaxxMotion Super 100plus,2.259,MaxxMotion Super 100plus 2.259 EUR,~/Desktop/MBAT-Internship-Project/data_OMV_at/prices_AT.8703.8_2025-09-02_11-12-12.png,~/Desktop/MBAT-Internship-Project/data_OMV_at/response_AT.8703.8_2025-09-02_11-12-12.json,2025-09-02T01:12:13Z
AT.8703.8,AUT,Schwechat,2320,48.12249,16.4387,MaxxMotion Diesel,2.259,MaxxMotion Diesel 2.259 EUR,~/Desktop/MBAT-Internship-Project/data_OMV_at/prices_AT.8703.8_2025-09-02_11-12-12.png,~/Desktop/MBAT-Internship-Project/data_OMV_at/response_AT.8703.8_2025-09-02_11-12-12.json,2025-09-02T01:12:13Z
AT.8704.8,AUT,Wiener Neudorf,2351,48.0776,16.3233,DIESEL,1.569,DIESEL 1.569 EUR,~/Desktop/MBAT-Internship-Project/data_OMV_at/prices_AT.8704.8_2025-09-02_11-12-13.png,~/Desktop/MBAT-Internship-Project/data_OMV_at/response_AT.8704.8_2025-09-02_11-12-13.json,2025-09-02T01:12:13Z
AT.8704.8,AUT,Wiener Neudorf,2351,48.0776,16.3233,OMV AdBlue,1.399,OMV AdBlue 1.399 EUR,~/Desktop/MBAT-Internship-Project/data_OMV_at/prices_AT.8704.8_2025-09-02_11-12-13.png,~/Desktop/MBAT-Internship-Project/data_OMV_at/response_AT.8704.8_2025-09-02_11-12-13.json,2025-09-02T01:12:13Z
AT.8704.8,AUT,Wiener Neudorf,2351,48.0776,16.3233,SUPER 95,1.549,SUPER 95 1.549 EUR,~/Desktop/MBAT-Internship-Project/data_OMV_at/prices_AT.8704.8_2025-09-02_11-12-13.png,~/Desktop/MBAT-Internship-Project/data_OMV_at/response_AT.8704.8_2025-09-02_11-12-13.json,2025-09-02T01:12:13Z
AT.8704.8,AUT,Wiener Neudorf,2351,48.0776,16.3233,MaxxMotion Super 100plus,1.809,MaxxMotion Super 100plus 1.809 EUR,~/Desktop/MBAT-Internship-Project/data_OMV_at/prices_AT.8704.8_2025-09-02_11-12-13.png,~/Desktop/MBAT-Internship-Project/data_OMV_at/response_AT.8704.8_2025-09-02_11-12-13.json,2025-09-02T01:12:13Z
AT.8704.8,AUT,Wiener Neudorf,2351,48.0776,16.3233,MaxxMotion Diesel,1.829,MaxxMotion Diesel 1.829 EUR,~/Desktop/MBAT-Internship-Project/data_OMV_at/prices_AT.8704.8_2025-09-02_11-12-13.png,~/Desktop/MBAT-Internship-Project/data_OMV_at/response_AT.8704.8_2025-09-02_11-12-13.json,2025-09-02T01:12:13Z
AT.8711.8,AUT,Eggenburg,3730,48.6437,15.82231,DIESEL,1.569,DIESEL 1.569 EUR,~/Desktop/MBAT-Internship-Project/data_OMV_at/prices_AT.8711.8_2025-09-02_11-12-14.png,~/Desktop/MBAT-Internship-Project/data_OMV_at/response_AT.8711.8_2025-09-02_11-12-14.json,2025-09-02T01:12:14Z
AT.8711.8,AUT,Eggenburg,3730,48.6437,15.82231,SUPER 95,1.569,SUPER 95 1.569 EUR,~/Desktop/MBAT-Internship-Project/data_OMV_at/prices_AT.8711.8_2025-09-02_11-12-14.png,~/Desktop/MBAT-Internship-Project/data_OMV_at/response_AT.8711.8_2025-09-02_11-12-14.json,2025-09-02T01:12:14Z
AT.8711.8,AUT,Eggenburg,3730,48.6437,15.82231,MaxxMotion Super 100plus,1.829,MaxxMotion Super 100plus 1.829 EUR,~/Desktop/MBAT-Internship-Project/data_OMV_at/prices_AT.8711.8_2025-09-02_11-12-14.png,~/Desktop/MBAT-Internship-Project/data_OMV_at/response_AT.8711.8_2025-09-02_11-12-14.json,2025-09-02T01:12:14Z
AT.8711.8,AUT,Eggenburg,3730,48.6437,15.82231,MaxxMotion Diesel,1.829,MaxxMotion Diesel 1.829 EUR,~/Desktop/MBAT-Internship-Project/data_OMV_at/prices_AT.8711.8_2025-09-02_11-12-14.png,~/Desktop/MBAT-Internship-Project/data_OMV_at/response_AT.8711.8_2025-09-02_11-12-14.json,2025-09-02T01:12:14Z
AT.8712.8,AUT,Gänserndorf,2230,48.33812,16.73144,DIESEL,1.539,DIESEL 1.539 EUR,~/Desktop/MBAT-Internship-Project/data_OMV_at/prices_AT.8712.8_2025-09-02_11-12-15.png,~/Desktop/MBAT-Internship-Project/data_OMV_at/response_AT.8712.8_2025-09-02_11-12-15.json,2025-09-02T01:12:15Z
AT.8712.8,AUT,Gänserndorf,2230,48.33812,16.73144,SUPER 95,1.529,SUPER 95 1.529 EUR,~/Desktop/MBAT-Internship-Project/data_OMV_at/prices_AT.8712.8_2025-09-02_11-12-15.png,~/Desktop/MBAT-Internship-Project/data_OMV_at/response_AT.8712.8_2025-09-02_11-12-15.json,2025-09-02T01:12:15Z
AT.8712.8,AUT,Gänserndorf,2230,48.33812,16.73144,MaxxMotion Super 100plus,1.789,MaxxMotion Super 100plus 1.789 EUR,~/Desktop/MBAT-Internship-Project/data_OMV_at/prices_AT.8712.8_2025-09-02_11-12-15.png,~/Desktop/MBAT-Internship-Project/data_OMV_at/response_AT.8712.8_2025-09-02_11-12-15.json,2025-09-02T01:12:15Z
AT.8712.8,AUT,Gänserndorf,2230,48.33812,16.73144,MaxxMotion Diesel,1.799,MaxxMotion Diesel 1.799 EUR,~/Desktop/MBAT-Internship-Project/data_OMV_at/prices_AT.8712.8_2025-09-02_11-12-15.png,~/Desktop/MBAT-Internship-Project/data_OMV_at/response_AT.8712.8_2025-09-02_11-12-15.json,2025-09-02T01:12:15Z
AT.8719.8,AUT,Einsiedl,3441,48.26998,15.97126,DIESEL,1.489,DIESEL 1.489 EUR,~/Desktop/MBAT-Internship-Project/data_OMV_at/prices_AT.8719.8_2025-09-02_11-12-15.png,~/Desktop/MBAT-Internship-Project/data_OMV_at/response_AT.8719.8_2025-09-02_11-12-15.json,2025-09-02T01:12:16Z
AT.8719.8,AUT,Einsiedl,3441,48.26998,15.97126,SUPER 95,1.479,SUPER 95 1.479 EUR,~/Desktop/MBAT-Internship-Project/data_OMV_at/prices_AT.8719.8_2025-09-02_11-12-15.png,~/Desktop/MBAT-Internship-Project/data_OMV_at/response_AT.8719.8_2025-09-02_11-12-15.json,2025-09-02T01:12:16Z
AT.8719.8,AUT,Einsiedl,3441,48.26998,15.97126,MaxxMotion Super 100plus,1.739,MaxxMotion Super 100plus 1.739 EUR,~/Desktop/MBAT-Internship-Project/data_OMV_at/prices_AT.8719.8_2025-09-02_11-12-15.png,~/Desktop/MBAT-Internship-Project/data_OMV_at/response_AT.8719.8_2025-09-02_11-12-15.json,2025-09-02T01:12:16Z
AT.8719.8,AUT,Einsiedl,3441,48.26998,15.97126,MaxxMotion Diesel,1.749,MaxxMotion Diesel 1.749 EUR,~/Desktop/MBAT-Internship-Project/data_OMV_at/prices_AT.8719.8_2025-09-02_11-12-15.png,~/Desktop/MBAT-Internship-Project/data_OMV_at/response_AT.8719.8_2025-09-02_11-12-15.json,2025-09-02T01:12:16Z
AT.8732.8,AUT,Mödling,2340,48.08762,16.29563,DIESEL,1.444,DIESEL 1.444 EUR,~/Desktop/MBAT-Internship-Project/data_OMV_at/prices_AT.8732.8_2025-09-02_11-12-16.png,~/Desktop/MBAT-Internship-Project/data_OMV_at/response_AT.8732.8_2025-09-02_11-12-16.json,2025-09-02T01:12:17Z
AT.8732.8,AUT,Mödling,2340,48.08762,16.29563,SUPER 95,1.434,SUPER 95 1.434 EUR,~/Desktop/MBAT-Internship-Project/data_OMV_at/prices_AT.8732.8_2025-09-02_11-12-16.png,~/Desktop/MBAT-Internship-Project/data_OMV_at/response_AT.8732.8_2025-09-02_11-12-16.json,2025-09-02T01:12:17Z
AT.8733.8,AUT,Sieghartskirchen,3443,48.25451,16.01891,DIESEL,1.445,DIESEL 1.445 EUR,~/Desktop/MBAT-Internship-Project/data_OMV_at/prices_AT.8733.8_2025-09-02_11-12-17.png,~/Desktop/MBAT-Internship-Project/data_OMV_at/response_AT.8733.8_2025-09-02_11-12-17.json,2025-09-02T01:12:18Z
AT.8733.8,AUT,Sieghartskirchen,3443,48.25451,16.01891,Diesel Plus,1.659,Diesel Plus 1.659 EUR,~/Desktop/MBAT-Internship-Project/data_OMV_at/prices_AT.8733.8_2025-09-02_11-12-17.png,~/Desktop/MBAT-Internship-Project/data_OMV_at/response_AT.8733.8_2025-09-02_11-12-17.json,2025-09-02T01:12:18Z
AT.8733.8,AUT,Sieghartskirchen,3443,48.25451,16.01891,SUPER 95,1.437,SUPER 95 1.437 EUR,~/Desktop/MBAT-Internship-Project/data_OMV_at/prices_AT.8733.8_2025-09-02_11-12-17.png,~/Desktop/MBAT-Internship-Project/data_OMV_at/response_AT.8733.8_2025-09-02_11-12-17.json,2025-09-02T01:12:18Z
AT.8734.8,AUT,Sankt Andrä-Wördern,3423,48.32248,16.20326,DIESEL,1.454,DIESEL 1.454 EUR,~/Desktop/MBAT-Internship-Project/data_OMV_at/prices_AT.8734.8_2025-09-02_11-12-18.png,~/Desktop/MBAT-Internship-Project/data_OMV_at/response_AT.8734.8_2025-09-02_11-12-18.json,2025-09-02T01:12:18Z
AT.8734.8,AUT,Sankt Andrä-Wördern,3423,48.32248,16.20326,SUPER 95,1.444,SUPER 95 1.444 EUR,~/Desktop/MBAT-Internship-Project/data_OMV_at/prices_AT.8734.8_2025-09-02_11-12-18.png,~/Desktop/MBAT-Internship-Project/data_OMV_at/response_AT.8734.8_2025-09-02_11-12-18.json,2025-09-02T01:12:18Z
AT.8737.8,AUT,Oberpullendorf,7350,47.50957,16.50023,DIESEL,1.509,DIESEL 1.509 EUR,~/Desktop/MBAT-Internship-Project/data_OMV_at/prices_AT.8737.8_2025-09-02_11-12-19.png,~/Desktop/MBAT-Internship-Project/data_OMV_at/response_AT.8737.8_2025-09-02_11-12-19.json,2025-09-02T01:12:19Z
AT.8737.8,AUT,Oberpullendorf,7350,47.50957,16.50023,OMV AdBlue,1.399,OMV AdBlue 1.399 EUR,~/Desktop/MBAT-Internship-Project/data_OMV_at/prices_AT.8737.8_2025-09-02_11-12-19.png,~/Desktop/MBAT-Internship-Project/data_OMV_at/response_AT.8737.8_2025-09-02_11-12-19.json,2025-09-02T01:12:19Z
AT.8737.8,AUT,Oberpullendorf,7350,47.50957,16.50023,SUPER 95,1.509,SUPER 95 1.509 EUR,~/Desktop/MBAT-Internship-Project/data_OMV_at/prices_AT.8737.8_2025-09-02_11-12-19.png,~/Desktop/MBAT-Internship-Project/data_OMV_at/response_AT.8737.8_2025-09-02_11-12-19.json,2025-09-02T01:12:19Z
AT.8737.8,AUT,Oberpullendorf,7350,47.50957,16.50023,MaxxMotion Super 100plus,1.769,MaxxMotion Super 100plus 1.769 EUR,~/Desktop/MBAT-Internship-Project/data_OMV_at/prices_AT.8737.8_2025-09-02_11-12-19.png,~/Desktop/MBAT-Internship-Project/data_OMV_at/response_AT.8737.8_2025-09-02_11-12-19.json,2025-09-02T01:12:19Z
AT.8737.8,AUT,Oberpullendorf,7350,47.50957,16.50023,CNG,1.649,CNG 1.649 EUR,~/Desktop/MBAT-Internship-Project/data_OMV_at/prices_AT.8737.8_2025-09-02_11-12-19.png,~/Desktop/MBAT-Internship-Project/data_OMV_at/response_AT.8737.8_2025-09-02_11-12-19.json,2025-09-02T01:12:19Z
AT.8737.8,AUT,Oberpullendorf,7350,47.50957,16.50023,MaxxMotion Diesel,1.769,MaxxMotion Diesel 1.769 EUR,~/Desktop/MBAT-Internship-Project/data_OMV_at/prices_AT.8737.8_2025-09-02_11-12-19.png,~/Desktop/MBAT-Internship-Project/data_OMV_at/response_AT.8737.8_2025-09-02_11-12-19.json,2025-09-02T01:12:19Z
AT.8753.8,AUT,Bad Vöslau,2540,47.96902,16.21304,DIESEL,1.454,DIESEL 1.454 EUR,~/Desktop/MBAT-Internship-Project/data_OMV_at/prices_AT.8753.8_2025-09-02_11-12-20.png,~/Desktop/MBAT-Internship-Project/data_OMV_at/response_AT.8753.8_2025-09-02_11-12-20.json,2025-09-02T01:12:20Z
AT.8753.8,AUT,Bad Vöslau,2540,47.96902,16.21304,SUPER 95,1.419,SUPER 95 1.419 EUR,~/Desktop/MBAT-Internship-Project/data_OMV_at/prices_AT.8753.8_2025-09-02_11-12-20.png,~/Desktop/MBAT-Internship-Project/data_OMV_at/response_AT.8753.8_2025-09-02_11-12-20.json,2025-09-02T01:12:20Z
AT.8754.8,AUT,Bruck / Leitha,2460,48.02141,16.76646,DIESEL,1.524,DIESEL 1.524 EUR,~/Desktop/MBAT-Internship-Project/data_OMV_at/prices_AT.8754.8_2025-09-02_11-12-20.png,~/Desktop/MBAT-Internship-Project/data_OMV_at/response_AT.8754.8_2025-09-02_11-12-20.json,2025-09-02T01:12:21Z
AT.8754.8,AUT,Bruck / Leitha,2460,48.02141,16.76646,SUPER 95,1.514,SUPER 95 1.514 EUR,~/Desktop/MBAT-Internship-Project/data_OMV_at/prices_AT.8754.8_2025-09-02_11-12-20.png,~/Desktop/MBAT-Internship-Project/data_OMV_at/response_AT.8754.8_2025-09-02_11-12-20.json,2025-09-02T01:12:21Z
AT.8756.8,AUT,Gaweinstal,2191,48.48222,16.59312,DIESEL,1.529,DIESEL 1.529 EUR,~/Desktop/MBAT-Internship-Project/data_OMV_at/prices_AT.8756.8_2025-09-02_11-12-21.png,~/Desktop/MBAT-Internship-Project/data_OMV_at/response_AT.8756.8_2025-09-02_11-12-21.json,2025-09-02T01:12:22Z
AT.8756.8,AUT,Gaweinstal,2191,48.48222,16.59312,SUPER 95,1.509,SUPER 95 1.509 EUR,~/Desktop/MBAT-Internship-Project/data_OMV_at/prices_AT.8756.8_2025-09-02_11-12-21.png,~/Desktop/MBAT-Internship-Project/data_OMV_at/response_AT.8756.8_2025-09-02_11-12-21.json,2025-09-02T01:12:22Z
AT.8765.8,AUT,Pottenstein,2563,47.95514,16.09516,DIESEL,1.454,DIESEL 1.454 EUR,~/Desktop/MBAT-Internship-Project/data_OMV_at/prices_AT.8765.8_2025-09-02_11-12-22.png,~/Desktop/MBAT-Internship-Project/data_OMV_at/response_AT.8765.8_2025-09-02_11-12-22.json,2025-09-02T01:12:23Z
AT.8765.8,AUT,Pottenstein,2563,47.95514,16.09516,SUPER 95,1.414,SUPER 95 1.414 EUR,~/Desktop/MBAT-Internship-Project/data_OMV_at/prices_AT.8765.8_2025-09-02_11-12-22.png,~/Desktop/MBAT-Internship-Project/data_OMV_at/response_AT.8765.8_2025-09-02_11-12-22.json,2025-09-02T01:12:23Z
AT.8769.8,AUT,Sankt Pölten,3100,48.20673,15.64125,DIESEL,1.451,DIESEL 1.451 EUR,~/Desktop/MBAT-Internship-Project/data_OMV_at/prices_AT.8769.8_2025-09-02_11-12-23.png,~/Desktop/MBAT-Internship-Project/data_OMV_at/response_AT.8769.8_2025-09-02_11-12-23.json,2025-09-02T01:12:23Z
AT.8769.8,AUT,Sankt Pölten,3100,48.20673,15.64125,SUPER 95,1.442,SUPER 95 1.442 EUR,~/Desktop/MBAT-Internship-Project/data_OMV_at/prices_AT.8769.8_2025-09-02_11-12-23.png,~/Desktop/MBAT-Internship-Project/data_OMV_at/response_AT.8769.8_2025-09-02_11-12-23.json,2025-09-02T01:12:23Z
AT.8771.8,AUT,Vösendorf,2331,48.13078,16.32632,DIESEL,1.453,DIESEL 1.453 EUR,~/Desktop/MBAT-Internship-Project/data_OMV_at/prices_AT.8771.8_2025-09-02_11-12-24.png,~/Desktop/MBAT-Internship-Project/data_OMV_at/response_AT.8771.8_2025-09-02_11-12-24.json,2025-09-02T01:12:24Z
AT.8771.8,AUT,Vösendorf,2331,48.13078,16.32632,Diesel Plus,1.669,Diesel Plus 1.669 EUR,~/Desktop/MBAT-Internship-Project/data_OMV_at/prices_AT.8771.8_2025-09-02_11-12-24.png,~/Desktop/MBAT-Internship-Project/data_OMV_at/response_AT.8771.8_2025-09-02_11-12-24.json,2025-09-02T01:12:24Z
AT.8771.8,AUT,Vösendorf,2331,48.13078,16.32632,SUPER 95,1.453,SUPER 95 1.453 EUR,~/Desktop/MBAT-Internship-Project/data_OMV_at/prices_AT.8771.8_2025-09-02_11-12-24.png,~/Desktop/MBAT-Internship-Project/data_OMV_at/response_AT.8771.8_2025-09-02_11-12-24.json,2025-09-02T01:12:24Z
AT.8772.8,AUT,Wiener Neustadt,2700,47.8065,16.20603,DIESEL,1.493,DIESEL 1.493 EUR,~/Desktop/MBAT-Internship-Project/data_OMV_at/prices_AT.8772.8_2025-09-02_11-12-25.png,~/Desktop/MBAT-Internship-Project/data_OMV_at/response_AT.8772.8_2025-09-02_11-12-25.json,2025-09-02T01:12:25Z
AT.8772.8,AUT,Wiener Neustadt,2700,47.8065,16.20603,Premium Power Diesel,1.709,Premium Power Diesel 1.709 EUR,~/Desktop/MBAT-Internship-Project/data_OMV_at/prices_AT.8772.8_2025-09-02_11-12-25.png,~/Desktop/MBAT-Internship-Project/data_OMV_at/response_AT.8772.8_2025-09-02_11-12-25.json,2025-09-02T01:12:25Z
AT.8772.8,AUT,Wiener Neustadt,2700,47.8065,16.20603,SUPER 95,1.484,SUPER 95 1.484 EUR,~/Desktop/MBAT-Internship-Project/data_OMV_at/prices_AT.8772.8_2025-09-02_11-12-25.png,~/Desktop/MBAT-Internship-Project/data_OMV_at/response_AT.8772.8_2025-09-02_11-12-25.json,2025-09-02T01:12:25Z
AT.8775.8,AUT,Zwölfaxing,2324,48.1162,16.46643,DIESEL,1.474,DIESEL 1.474 EUR,~/Desktop/MBAT-Internship-Project/data_OMV_at/prices_AT.8775.8_2025-09-02_11-12-25.png,~/Desktop/MBAT-Internship-Project/data_OMV_at/response_AT.8775.8_2025-09-02_11-12-25.json,2025-09-02T01:12:26Z
AT.8775.8,AUT,Zwölfaxing,2324,48.1162,16.46643,SUPER 95,1.474,SUPER 95 1.474 EUR,~/Desktop/MBAT-Internship-Project/data_OMV_at/prices_AT.8775.8_2025-09-02_11-12-25.png,~/Desktop/MBAT-Internship-Project/data_OMV_at/response_AT.8775.8_2025-09-02_11-12-25.json,2025-09-02T01:12:26Z
AT.8776.8,AUT,Ybbs,3370,48.17039,15.08587,DIESEL,1.453,DIESEL 1.453 EUR,~/Desktop/MBAT-Internship-Project/data_OMV_at/prices_AT.8776.8_2025-09-02_11-12-26.png,~/Desktop/MBAT-Internship-Project/data_OMV_at/response_AT.8776.8_2025-09-02_11-12-26.json,2025-09-02T01:12:27Z
AT.8776.8,AUT,Ybbs,3370,48.17039,15.08587,SUPER 95,1.443,SUPER 95 1.443 EUR,~/Desktop/MBAT-Internship-Project/data_OMV_at/prices_AT.8776.8_2025-09-02_11-12-26.png,~/Desktop/MBAT-Internship-Project/data_OMV_at/response_AT.8776.8_2025-09-02_11-12-26.json,2025-09-02T01:12:27Z
AT.9003.8,AUT,Amstetten,3300,48.12263,14.88932,DIESEL,1.504,DIESEL 1.504 EUR,~/Desktop/MBAT-Internship-Project/data_OMV_at/prices_AT.9003.8_2025-09-02_11-12-27.png,~/Desktop/MBAT-Internship-Project/data_OMV_at/response_AT.9003.8_2025-09-02_11-12-27.json,2025-09-02T01:12:28Z
AT.9003.8,AUT,Amstetten,3300,48.12263,14.88932,SUPER 95,1.494,SUPER 95 1.494 EUR,~/Desktop/MBAT-Internship-Project/data_OMV_at/prices_AT.9003.8_2025-09-02_11-12-27.png,~/Desktop/MBAT-Internship-Project/data_OMV_at/response_AT.9003.8_2025-09-02_11-12-27.json,2025-09-02T01:12:28Z
AT.9006.8,AUT,Hornstein,7053,47.87799,16.41503,DIESEL,1.999,DIESEL 1.999 EUR,~/Desktop/MBAT-Internship-Project/data_OMV_at/prices_AT.9006.8_2025-09-02_11-12-28.png,~/Desktop/MBAT-Internship-Project/data_OMV_at/response_AT.9006.8_2025-09-02_11-12-28.json,2025-09-02T01:12:28Z
AT.9006.8,AUT,Hornstein,7053,47.87799,16.41503,OMV AdBlue,1.399,OMV AdBlue 1.399 EUR,~/Desktop/MBAT-Internship-Project/data_OMV_at/prices_AT.9006.8_2025-09-02_11-12-28.png,~/Desktop/MBAT-Internship-Project/data_OMV_at/response_AT.9006.8_2025-09-02_11-12-28.json,2025-09-02T01:12:28Z
AT.9006.8,AUT,Hornstein,7053,47.87799,16.41503,SUPER 95,1.999,SUPER 95 1.999 EUR,~/Desktop/MBAT-Internship-Project/data_OMV_at/prices_AT.9006.8_2025-09-02_11-12-28.png,~/Desktop/MBAT-Internship-Project/data_OMV_at/response_AT.9006.8_2025-09-02_11-12-28.json,2025-09-02T01:12:28Z
AT.9006.8,AUT,Hornstein,7053,47.87799,16.41503,MaxxMotion Super 100plus,2.259,MaxxMotion Super 100plus 2.259 EUR,~/Desktop/MBAT-Internship-Project/data_OMV_at/prices_AT.9006.8_2025-09-02_11-12-28.png,~/Desktop/MBAT-Internship-Project/data_OMV_at/response_AT.9006.8_2025-09-02_11-12-28.json,2025-09-02T01:12:28Z
AT.9006.8,AUT,Hornstein,7053,47.87799,16.41503,MaxxMotion Diesel,2.259,MaxxMotion Diesel 2.259 EUR,~/Desktop/MBAT-Internship-Project/data_OMV_at/prices_AT.9006.8_2025-09-02_11-12-28.png,~/Desktop/MBAT-Internship-Project/data_OMV_at/response_AT.9006.8_2025-09-02_11-12-28.json,2025-09-02T01:12:28Z
AT.9007.8,AUT,Neusiedl am See,7100,47.97359,16.84885,DIESEL,1.589,DIESEL 1.589 EUR,~/Desktop/MBAT-Internship-Project/data_OMV_at/prices_AT.9007.8_2025-09-02_11-12-29.png,~/Desktop/MBAT-Internship-Project/data_OMV_at/response_AT.9007.8_2025-09-02_11-12-29.json,2025-09-02T01:12:29Z
AT.9007.8,AUT,Neusiedl am See,7100,47.97359,16.84885,OMV AdBlue,1.399,OMV AdBlue 1.399 EUR,~/Desktop/MBAT-Internship-Project/data_OMV_at/prices_AT.9007.8_2025-09-02_11-12-29.png,~/Desktop/MBAT-Internship-Project/data_OMV_at/response_AT.9007.8_2025-09-02_11-12-29.json,2025-09-02T01:12:29Z
AT.9007.8,AUT,Neusiedl am See,7100,47.97359,16.84885,SUPER 95,1.579,SUPER 95 1.579 EUR,~/Desktop/MBAT-Internship-Project/data_OMV_at/prices_AT.9007.8_2025-09-02_11-12-29.png,~/Desktop/MBAT-Internship-Project/data_OMV_at/response_AT.9007.8_2025-09-02_11-12-29.json,2025-09-02T01:12:29Z
AT.9007.8,AUT,Neusiedl am See,7100,47.97359,16.84885,MaxxMotion Super 100plus,1.839,MaxxMotion Super 100plus 1.839 EUR,~/Desktop/MBAT-Internship-Project/data_OMV_at/prices_AT.9007.8_2025-09-02_11-12-29.png,~/Desktop/MBAT-Internship-Project/data_OMV_at/response_AT.9007.8_2025-09-02_11-12-29.json,2025-09-02T01:12:29Z
AT.9007.8,AUT,Neusiedl am See,7100,47.97359,16.84885,MaxxMotion Diesel,1.849,MaxxMotion Diesel 1.849 EUR,~/Desktop/MBAT-Internship-Project/data_OMV_at/prices_AT.9007.8_2025-09-02_11-12-29.png,~/Desktop/MBAT-Internship-Project/data_OMV_at/response_AT.9007.8_2025-09-02_11-12-29.json,2025-09-02T01:12:29Z
AT.9018.8,AUT,Eisenstadt,7000,47.825,16.5319,DIESEL,1.468,DIESEL 1.468 EUR,~/Desktop/MBAT-Internship-Project/data_OMV_at/prices_AT.9018.8_2025-09-02_11-12-30.png,~/Desktop/MBAT-Internship-Project/data_OMV_at/response_AT.9018.8_2025-09-02_11-12-30.json,2025-09-02T01:12:30Z
AT.9018.8,AUT,Eisenstadt,7000,47.825,16.5319,SUPER 95,1.454,SUPER 95 1.454 EUR,~/Desktop/MBAT-Internship-Project/data_OMV_at/prices_AT.9018.8_2025-09-02_11-12-30.png,~/Desktop/MBAT-Internship-Project/data_OMV_at/response_AT.9018.8_2025-09-02_11-12-30.json,2025-09-02T01:12:30Z
AT.9019.8,AUT,Parndorf,7111,47.9806,16.8541,DIESEL,1.514,DIESEL 1.514 EUR,~/Desktop/MBAT-Internship-Project/data_OMV_at/prices_AT.9019.8_2025-09-02_11-12-30.png,~/Desktop/MBAT-Internship-Project/data_OMV_at/response_AT.9019.8_2025-09-02_11-12-30.json,2025-09-02T01:12:31Z
AT.9019.8,AUT,Parndorf,7111,47.9806,16.8541,SUPER 95,1.504,SUPER 95 1.504 EUR,~/Desktop/MBAT-Internship-Project/data_OMV_at/prices_AT.9019.8_2025-09-02_11-12-30.png,~/Desktop/MBAT-Internship-Project/data_OMV_at/response_AT.9019.8_2025-09-02_11-12-30.json,2025-09-02T01:12:31Z
AT.9020.8,AUT,Mattersburg,7210,47.73,16.4127,DIESEL,1.484,DIESEL 1.484 EUR,~/Desktop/MBAT-Internship-Project/data_OMV_at/prices_AT.9020.8_2025-09-02_11-12-31.png,~/Desktop/MBAT-Internship-Project/data_OMV_at/response_AT.9020.8_2025-09-02_11-12-31.json,2025-09-02T01:12:32Z
AT.9020.8,AUT,Mattersburg,7210,47.73,16.4127,SUPER 95,1.473,SUPER 95 1.473 EUR,~/Desktop/MBAT-Internship-Project/data_OMV_at/prices_AT.9020.8_2025-09-02_11-12-31.png,~/Desktop/MBAT-Internship-Project/data_OMV_at/response_AT.9020.8_2025-09-02_11-12-31.json,2025-09-02T01:12:32Z
AT.9021.8,AUT,Stoob,7344,47.51454,16.48747,DIESEL,1.475,DIESEL 1.475 EUR,~/Desktop/MBAT-Internship-Project/data_OMV_at/prices_AT.9021.8_2025-09-02_11-12-32.png,~/Desktop/MBAT-Internship-Project/data_OMV_at/response_AT.9021.8_2025-09-02_11-12-32.json,2025-09-02T01:12:32Z
AT.9021.8,AUT,Stoob,7344,47.51454,16.48747,SUPER 95,1.475,SUPER 95 1.475 EUR,~/Desktop/MBAT-Internship-Project/data_OMV_at/prices_AT.9021.8_2025-09-02_11-12-32.png,~/Desktop/MBAT-Internship-Project/data_OMV_at/response_AT.9021.8_2025-09-02_11-12-32.json,2025-09-02T01:12:32Z
AT.9041.8,AUT,Kirchschlag/Bucklige Welt,2860,47.49879,16.28993,SUPER 95,1.51,SUPER 95 1.510 EUR,~/Desktop/MBAT-Internship-Project/data_OMV_at/prices_AT.9041.8_2025-09-02_11-12-33.png,~/Desktop/MBAT-Internship-Project/data_OMV_at/response_AT.9041.8_2025-09-02_11-12-33.json,2025-09-02T01:12:33Z
AT.9041.8,AUT,Kirchschlag/Bucklige Welt,2860,47.49879,16.28993,MaxxMotion Super 100plus,1.779,MaxxMotion Super 100plus 1.779 EUR,~/Desktop/MBAT-Internship-Project/data_OMV_at/prices_AT.9041.8_2025-09-02_11-12-33.png,~/Desktop/MBAT-Internship-Project/data_OMV_at/response_AT.9041.8_2025-09-02_11-12-33.json,2025-09-02T01:12:33Z
AT.9143.8,AUT,Mitterau,3385,48.1976,15.483459999999999,DIESEL,1.539,DIESEL 1.539 EUR,~/Desktop/MBAT-Internship-Project/data_OMV_at/prices_AT.9143.8_2025-09-02_11-12-34.png,~/Desktop/MBAT-Internship-Project/data_OMV_at/response_AT.9143.8_2025-09-02_11-12-34.json,2025-09-02T01:12:34Z
AT.9143.8,AUT,Mitterau,3385,48.1976,15.483459999999999,SUPER 95,1.529,SUPER 95 1.529 EUR,~/Desktop/MBAT-Internship-Project/data_OMV_at/prices_AT.9143.8_2025-09-02_11-12-34.png,~/Desktop/MBAT-Internship-Project/data_OMV_at/response_AT.9143.8_2025-09-02_11-12-34.json,2025-09-02T01:12:34Z
AT.9503.8,AUT,Wiener Neustadt,2700,47.8047,16.26798,DIESEL,1.579,DIESEL 1.579 EUR,~/Desktop/MBAT-Internship-Project/data_OMV_at/prices_AT.9503.8_2025-09-02_11-12-34.png,~/Desktop/MBAT-Internship-Project/data_OMV_at/response_AT.9503.8_2025-09-02_11-12-34.json,2025-09-02T01:12:35Z
AT.9503.8,AUT,Wiener Neustadt,2700,47.8047,16.26798,SUPER 95,1.569,SUPER 95 1.569 EUR,~/Desktop/MBAT-Internship-Project/data_OMV_at/prices_AT.9503.8_2025-09-02_11-12-34.png,~/Desktop/MBAT-Internship-Project/data_OMV_at/response_AT.9503.8_2025-09-02_11-12-34.json,2025-09-02T01:12:35Z
AT.9503.8,AUT,Wiener Neustadt,2700,47.8047,16.26798,MaxxMotion Super 100plus,1.829,MaxxMotion Super 100plus 1.829 EUR,~/Desktop/MBAT-Internship-Project/data_OMV_at/prices_AT.9503.8_2025-09-02_11-12-34.png,~/Desktop/MBAT-Internship-Project/data_OMV_at/response_AT.9503.8_2025-09-02_11-12-34.json,2025-09-02T01:12:35Z
AT.9503.8,AUT,Wiener Neustadt,2700,47.8047,16.26798,MaxxMotion Diesel,1.839,MaxxMotion Diesel 1.839 EUR,~/Desktop/MBAT-Internship-Project/data_OMV_at/prices_AT.9503.8_2025-09-02_11-12-34.png,~/Desktop/MBAT-Internship-Project/data_OMV_at/response_AT.9503.8_2025-09-02_11-12-34.json,2025-09-02T01:12:35Z
AT.9505.8,AUT,Hainfeld,3170,48.03366,15.77878,DIESEL,1.489,DIESEL 1.489 EUR,~/Desktop/MBAT-Internship-Project/data_OMV_at/prices_AT.9505.8_2025-09-02_11-12-35.png,~/Desktop/MBAT-Internship-Project/data_OMV_at/response_AT.9505.8_2025-09-02_11-12-35.json,2025-09-02T01:12:36Z
AT.9505.8,AUT,Hainfeld,3170,48.03366,15.77878,SUPER 95,1.479,SUPER 95 1.479 EUR,~/Desktop/MBAT-Internship-Project/data_OMV_at/prices_AT.9505.8_2025-09-02_11-12-35.png,~/Desktop/MBAT-Internship-Project/data_OMV_at/response_AT.9505.8_2025-09-02_11-12-35.json,2025-09-02T01:12:36Z
AT.9506.8,AUT,Pottendorf,2486,47.91283,16.38632,DIESEL,1.524,DIESEL 1.524 EUR,~/Desktop/MBAT-Internship-Project/data_OMV_at/prices_AT.9506.8_2025-09-02_11-12-36.png,~/Desktop/MBAT-Internship-Project/data_OMV_at/response_AT.9506.8_2025-09-02_11-12-36.json,2025-09-02T01:12:37Z
AT.9506.8,AUT,Pottendorf,2486,47.91283,16.38632,SUPER 95,1.494,SUPER 95 1.494 EUR,~/Desktop/MBAT-Internship-Project/data_OMV_at/prices_AT.9506.8_2025-09-02_11-12-36.png,~/Desktop/MBAT-Internship-Project/data_OMV_at/response_AT.9506.8_2025-09-02_11-12-36.json,2025-09-02T01:12:37Z
AT.9514.8,AUT,Ruprechtshofen,3244,48.13974,15.28193,DIESEL,1.509,DIESEL 1.509 EUR,~/Desktop/MBAT-Internship-Project/data_OMV_at/prices_AT.9514.8_2025-09-02_11-12-37.png,~/Desktop/MBAT-Internship-Project/data_OMV_at/response_AT.9514.8_2025-09-02_11-12-37.json,2025-09-02T01:12:37Z
AT.9514.8,AUT,Ruprechtshofen,3244,48.13974,15.28193,SUPER 95,1.499,SUPER 95 1.499 EUR,~/Desktop/MBAT-Internship-Project/data_OMV_at/prices_AT.9514.8_2025-09-02_11-12-37.png,~/Desktop/MBAT-Internship-Project/data_OMV_at/response_AT.9514.8_2025-09-02_11-12-37.json,2025-09-02T01:12:37Z
AT.9519.8,AUT,Hirtenberg,2552,47.93151,16.19569,DIESEL,1.519,DIESEL 1.519 EUR,~/Desktop/MBAT-Internship-Project/data_OMV_at/prices_AT.9519.8_2025-09-02_11-12-38.png,~/Desktop/MBAT-Internship-Project/data_OMV_at/response_AT.9519.8_2025-09-02_11-12-38.json,2025-09-02T01:12:38Z
AT.9519.8,AUT,Hirtenberg,2552,47.93151,16.19569,OMV AdBlue,1.399,OMV AdBlue 1.399 EUR,~/Desktop/MBAT-Internship-Project/data_OMV_at/prices_AT.9519.8_2025-09-02_11-12-38.png,~/Desktop/MBAT-Internship-Project/data_OMV_at/response_AT.9519.8_2025-09-02_11-12-38.json,2025-09-02T01:12:38Z
AT.9519.8,AUT,Hirtenberg,2552,47.93151,16.19569,SUPER 95,1.469,SUPER 95 1.469 EUR,~/Desktop/MBAT-Internship-Project/data_OMV_at/prices_AT.9519.8_2025-09-02_11-12-38.png,~/Desktop/MBAT-Internship-Project/data_OMV_at/response_AT.9519.8_2025-09-02_11-12-38.json,2025-09-02T01:12:38Z
AT.9519.8,AUT,Hirtenberg,2552,47.93151,16.19569,MaxxMotion Super 100plus,1.729,MaxxMotion Super 100plus 1.729 EUR,~/Desktop/MBAT-Internship-Project/data_OMV_at/prices_AT.9519.8_2025-09-02_11-12-38.png,~/Desktop/MBAT-Internship-Project/data_OMV_at/response_AT.9519.8_2025-09-02_11-12-38.json,2025-09-02T01:12:38Z
AT.9519.8,AUT,Hirtenberg,2552,47.93151,16.19569,MaxxMotion Diesel,1.779,MaxxMotion Diesel 1.779 EUR,~/Desktop/MBAT-Internship-Project/data_OMV_at/prices_AT.9519.8_2025-09-02_11-12-38.png,~/Desktop/MBAT-Internship-Project/data_OMV_at/response_AT.9519.8_2025-09-02_11-12-38.json,2025-09-02T01:12:38Z
AT.9531.8,AUT,Eisenstadt,7000,47.83317,16.52318,DIESEL,1.489,DIESEL 1.489 EUR,~/Desktop/MBAT-Internship-Project/data_OMV_at/prices_AT.9531.8_2025-09-02_11-12-39.png,~/Desktop/MBAT-Internship-Project/data_OMV_at/response_AT.9531.8_2025-09-02_11-12-39.json,2025-09-02T01:12:39Z
AT.9531.8,AUT,Eisenstadt,7000,47.83317,16.52318,SUPER 95,1.479,SUPER 95 1.479 EUR,~/Desktop/MBAT-Internship-Project/data_OMV_at/prices_AT.9531.8_2025-09-02_11-12-39.png,~/Desktop/MBAT-Internship-Project/data_OMV_at/response_AT.9531.8_2025-09-02_11-12-39.json,2025-09-02T01:12:39Z
AT.9531.8,AUT,Eisenstadt,7000,47.83317,16.52318,MaxxMotion Super 100plus,1.739,MaxxMotion Super 100plus 1.739 EUR,~/Desktop/MBAT-Internship-Project/data_OMV_at/prices_AT.9531.8_2025-09-02_11-12-39.png,~/Desktop/MBAT-Internship-Project/data_OMV_at/response_AT.9531.8_2025-09-02_11-12-39.json,2025-09-02T01:12:39Z
AT.9531.8,AUT,Eisenstadt,7000,47.83317,16.52318,MaxxMotion Diesel,1.749,MaxxMotion Diesel 1.749 EUR,~/Desktop/MBAT-Internship-Project/data_OMV_at/prices_AT.9531.8_2025-09-02_11-12-39.png,~/Desktop/MBAT-Internship-Project/data_OMV_at/response_AT.9531.8_2025-09-02_11-12-39.json,2025-09-02T01:12:39Z
AT.9532.8,AUT,Kottingbrunn,2542,47.9493,16.22221,DIESEL,1.468,DIESEL 1.468 EUR,~/Desktop/MBAT-Internship-Project/data_OMV_at/prices_AT.9532.8_2025-09-02_11-12-39.png,~/Desktop/MBAT-Internship-Project/data_OMV_at/response_AT.9532.8_2025-09-02_11-12-39.json,2025-09-02T01:12:40Z
AT.9532.8,AUT,Kottingbrunn,2542,47.9493,16.22221,SUPER 95,1.424,SUPER 95 1.424 EUR,~/Desktop/MBAT-Internship-Project/data_OMV_at/prices_AT.9532.8_2025-09-02_11-12-39.png,~/Desktop/MBAT-Internship-Project/data_OMV_at/response_AT.9532.8_2025-09-02_11-12-39.json,2025-09-02T01:12:40Z
AT.9532.8,AUT,Kottingbrunn,2542,47.9493,16.22221,MaxxMotion Super 100plus,1.689,MaxxMotion Super 100plus 1.689 EUR,~/Desktop/MBAT-Internship-Project/data_OMV_at/prices_AT.9532.8_2025-09-02_11-12-39.png,~/Desktop/MBAT-Internship-Project/data_OMV_at/response_AT.9532.8_2025-09-02_11-12-39.json,2025-09-02T01:12:40Z
AT.9532.8,AUT,Kottingbrunn,2542,47.9493,16.22221,MaxxMotion Diesel,1.729,MaxxMotion Diesel 1.729 EUR,~/Desktop/MBAT-Internship-Project/data_OMV_at/prices_AT.9532.8_2025-09-02_11-12-39.png,~/Desktop/MBAT-Internship-Project/data_OMV_at/response_AT.9532.8_2025-09-02_11-12-39.json,2025-09-02T01:12:40Z
AT.9535.8,AUT,Sankt Pölten,3100,48.18769,15.61753,DIESEL,1.45,DIESEL 1.450 EUR,~/Desktop/MBAT-Internship-Project/data_OMV_at/prices_AT.9535.8_2025-09-02_11-12-40.png,~/Desktop/MBAT-Internship-Project/data_OMV_at/response_AT.9535.8_2025-09-02_11-12-40.json,2025-09-02T01:12:41Z
AT.9535.8,AUT,Sankt Pölten,3100,48.18769,15.61753,Premium Power Diesel,1.669,Premium Power Diesel 1.669 EUR,~/Desktop/MBAT-Internship-Project/data_OMV_at/prices_AT.9535.8_2025-09-02_11-12-40.png,~/Desktop/MBAT-Internship-Project/data_OMV_at/response_AT.9535.8_2025-09-02_11-12-40.json,2025-09-02T01:12:41Z
AT.9535.8,AUT,Sankt Pölten,3100,48.18769,15.61753,SUPER 95,1.442,SUPER 95 1.442 EUR,~/Desktop/MBAT-Internship-Project/data_OMV_at/prices_AT.9535.8_2025-09-02_11-12-40.png,~/Desktop/MBAT-Internship-Project/data_OMV_at/response_AT.9535.8_2025-09-02_11-12-40.json,2025-09-02T01:12:41Z
AT.9538.8,AUT,Baden,2500,47.99769,16.25102,DIESEL,1.489,DIESEL 1.489 EUR,~/Desktop/MBAT-Internship-Project/data_OMV_at/prices_AT.9538.8_2025-09-02_11-12-41.png,~/Desktop/MBAT-Internship-Project/data_OMV_at/response_AT.9538.8_2025-09-02_11-12-41.json,2025-09-02T01:12:42Z
AT.9538.8,AUT,Baden,2500,47.99769,16.25102,SUPER 95,1.479,SUPER 95 1.479 EUR,~/Desktop/MBAT-Internship-Project/data_OMV_at/prices_AT.9538.8_2025-09-02_11-12-41.png,~/Desktop/MBAT-Internship-Project/data_OMV_at/response_AT.9538.8_2025-09-02_11-12-41.json,2025-09-02T01:12:42Z
AT.9538.8,AUT,Baden,2500,47.99769,16.25102,MaxxMotion Super 100plus,1.739,MaxxMotion Super 100plus 1.739 EUR,~/Desktop/MBAT-Internship-Project/data_OMV_at/prices_AT.9538.8_2025-09-02_11-12-41.png,~/Desktop/MBAT-Internship-Project/data_OMV_at/response_AT.9538.8_2025-09-02_11-12-41.json,2025-09-02T01:12:42Z
AT.9538.8,AUT,Baden,2500,47.99769,16.25102,MaxxMotion Diesel,1.749,MaxxMotion Diesel 1.749 EUR,~/Desktop/MBAT-Internship-Project/data_OMV_at/prices_AT.9538.8_2025-09-02_11-12-41.png,~/Desktop/MBAT-Internship-Project/data_OMV_at/response_AT.9538.8_2025-09-02_11-12-41.json,2025-09-02T01:12:42Z
AT.9539.8,AUT,Mattersburg,7210,47.74067,16.40867,DIESEL,1.539,DIESEL 1.539 EUR,~/Desktop/MBAT-Internship-Project/data_OMV_at/prices_AT.9539.8_2025-09-02_11-12-42.png,~/Desktop/MBAT-Internship-Project/data_OMV_at/response_AT.9539.8_2025-09-02_11-12-42.json,2025-09-02T01:12:42Z
AT.9539.8,AUT,Mattersburg,7210,47.74067,16.40867,SUPER 95,1.529,SUPER 95 1.529 EUR,~/Desktop/MBAT-Internship-Project/data_OMV_at/prices_AT.9539.8_2025-09-02_11-12-42.png,~/Desktop/MBAT-Internship-Project/data_OMV_at/response_AT.9539.8_2025-09-02_11-12-42.json,2025-09-02T01:12:42Z
AT.9539.8,AUT,Mattersburg,7210,47.74067,16.40867,MaxxMotion Super 100plus,1.789,MaxxMotion Super 100plus 1.789 EUR,~/Desktop/MBAT-Internship-Project/data_OMV_at/prices_AT.9539.8_2025-09-02_11-12-42.png,~/Desktop/MBAT-Internship-Project/data_OMV_at/response_AT.9539.8_2025-09-02_11-12-42.json,2025-09-02T01:12:42Z
AT.9539.8,AUT,Mattersburg,7210,47.74067,16.40867,MaxxMotion Diesel,1.799,MaxxMotion Diesel 1.799 EUR,~/Desktop/MBAT-Internship-Project/data_OMV_at/prices_AT.9539.8_2025-09-02_11-12-42.png,~/Desktop/MBAT-Internship-Project/data_OMV_at/response_AT.9539.8_2025-09-02_11-12-42.json,2025-09-02T01:12:42Z
AT.9542.8,AUT,Bad Fischau,2721,47.83396,16.18183,DIESEL,1.999,DIESEL 1.999 EUR,~/Desktop/MBAT-Internship-Project/data_OMV_at/prices_AT.9542.8_2025-09-02_11-12-43.png,~/Desktop/MBAT-Internship-Project/data_OMV_at/response_AT.9542.8_2025-09-02_11-12-43.json,2025-09-02T01:12:43Z
AT.9542.8,AUT,Bad Fischau,2721,47.83396,16.18183,SUPER 95,1.999,SUPER 95 1.999 EUR,~/Desktop/MBAT-Internship-Project/data_OMV_at/prices_AT.9542.8_2025-09-02_11-12-43.png,~/Desktop/MBAT-Internship-Project/data_OMV_at/response_AT.9542.8_2025-09-02_11-12-43.json,2025-09-02T01:12:43Z
AT.9542.8,AUT,Bad Fischau,2721,47.83396,16.18183,MaxxMotion Super 100plus,2.259,MaxxMotion Super 100plus 2.259 EUR,~/Desktop/MBAT-Internship-Project/data_OMV_at/prices_AT.9542.8_2025-09-02_11-12-43.png,~/Desktop/MBAT-Internship-Project/data_OMV_at/response_AT.9542.8_2025-09-02_11-12-43.json,2025-09-02T01:12:43Z
AT.9542.8,AUT,Bad Fischau,2721,47.83396,16.18183,MaxxMotion Diesel,2.259,MaxxMotion Diesel 2.259 EUR,~/Desktop/MBAT-Internship-Project/data_OMV_at/prices_AT.9542.8_2025-09-02_11-12-43.png,~/Desktop/MBAT-Internship-Project/data_OMV_at/response_AT.9542.8_2025-09-02_11-12-43.json,2025-09-02T01:12:43Z
AT.9545.8,AUT,Alland,2534,48.05753,16.08695,DIESEL,1.469,DIESEL 1.469 EUR,~/Desktop/MBAT-Internship-Project/data_OMV_at/prices_AT.9545.8_2025-09-02_11-12-44.png,~/Desktop/MBAT-Internship-Project/data_OMV_at/response_AT.9545.8_2025-09-02_11-12-44.json,2025-09-02T01:12:44Z
AT.9545.8,AUT,Alland,2534,48.05753,16.08695,SUPER 95,1.429,SUPER 95 1.429 EUR,~/Desktop/MBAT-Internship-Project/data_OMV_at/prices_AT.9545.8_2025-09-02_11-12-44.png,~/Desktop/MBAT-Internship-Project/data_OMV_at/response_AT.9545.8_2025-09-02_11-12-44.json,2025-09-02T01:12:44Z
AT.9546.8,AUT,Amstetten,3300,48.11657,14.90712,DIESEL,1.539,DIESEL 1.539 EUR,~/Desktop/MBAT-Internship-Project/data_OMV_at/prices_AT.9546.8_2025-09-02_11-12-44.png,~/Desktop/MBAT-Internship-Project/data_OMV_at/response_AT.9546.8_2025-09-02_11-12-44.json,2025-09-02T01:12:45Z
AT.9546.8,AUT,Amstetten,3300,48.11657,14.90712,SUPER 95,1.529,SUPER 95 1.529 EUR,~/Desktop/MBAT-Internship-Project/data_OMV_at/prices_AT.9546.8_2025-09-02_11-12-44.png,~/Desktop/MBAT-Internship-Project/data_OMV_at/response_AT.9546.8_2025-09-02_11-12-44.json,2025-09-02T01:12:45Z
AT.9546.8,AUT,Amstetten,3300,48.11657,14.90712,MaxxMotion Super 100plus,1.789,MaxxMotion Super 100plus 1.789 EUR,~/Desktop/MBAT-Internship-Project/data_OMV_at/prices_AT.9546.8_2025-09-02_11-12-44.png,~/Desktop/MBAT-Internship-Project/data_OMV_at/response_AT.9546.8_2025-09-02_11-12-44.json,2025-09-02T01:12:45Z
AT.9546.8,AUT,Amstetten,3300,48.11657,14.90712,MaxxMotion Diesel,1.799,MaxxMotion Diesel 1.799 EUR,~/Desktop/MBAT-Internship-Project/data_OMV_at/prices_AT.9546.8_2025-09-02_11-12-44.png,~/Desktop/MBAT-Internship-Project/data_OMV_at/response_AT.9546.8_2025-09-02_11-12-44.json,2025-09-02T01:12:45Z
AT.9557.8,AUT,Waidhofen an der Ybbs,3340,47.96667,14.76931,DIESEL,1.529,DIESEL 1.529 EUR,~/Desktop/MBAT-Internship-Project/data_OMV_at/prices_AT.9557.8_2025-09-02_11-12-45.png,~/Desktop/MBAT-Internship-Project/data_OMV_at/response_AT.9557.8_2025-09-02_11-12-45.json,2025-09-02T01:12:46Z
AT.9557.8,AUT,Waidhofen an der Ybbs,3340,47.96667,14.76931,SUPER 95,1.523,SUPER 95 1.523 EUR,~/Desktop/MBAT-Internship-Project/data_OMV_at/prices_AT.9557.8_2025-09-02_11-12-45.png,~/Desktop/MBAT-Internship-Project/data_OMV_at/response_AT.9557.8_2025-09-02_11-12-45.json,2025-09-02T01:12:46Z
AT.9557.8,AUT,Waidhofen an der Ybbs,3340,47.96667,14.76931,MaxxMotion Super 100plus,1.789,MaxxMotion Super 100plus 1.789 EUR,~/Desktop/MBAT-Internship-Project/data_OMV_at/prices_AT.9557.8_2025-09-02_11-12-45.png,~/Desktop/MBAT-Internship-Project/data_OMV_at/response_AT.9557.8_2025-09-02_11-12-45.json,2025-09-02T01:12:46Z
AT.9557.8,AUT,Waidhofen an der Ybbs,3340,47.96667,14.76931,MaxxMotion Diesel,1.789,MaxxMotion Diesel 1.789 EUR,~/Desktop/MBAT-Internship-Project/data_OMV_at/prices_AT.9557.8_2025-09-02_11-12-45.png,~/Desktop/MBAT-Internship-Project/data_OMV_at/response_AT.9557.8_2025-09-02_11-12-45.json,2025-09-02T01:12:46Z
AT.9571.8,AUT,Ybbs an der Donau,3370,48.17122,15.08459,DIESEL,1.469,DIESEL 1.469 EUR,~/Desktop/MBAT-Internship-Project/data_OMV_at/prices_AT.9571.8_2025-09-02_11-12-46.png,~/Desktop/MBAT-Internship-Project/data_OMV_at/response_AT.9571.8_2025-09-02_11-12-46.json,2025-09-02T01:12:47Z
AT.9571.8,AUT,Ybbs an der Donau,3370,48.17122,15.08459,OMV AdBlue,1.399,OMV AdBlue 1.399 EUR,~/Desktop/MBAT-Internship-Project/data_OMV_at/prices_AT.9571.8_2025-09-02_11-12-46.png,~/Desktop/MBAT-Internship-Project/data_OMV_at/response_AT.9571.8_2025-09-02_11-12-46.json,2025-09-02T01:12:47Z
AT.9571.8,AUT,Ybbs an der Donau,3370,48.17122,15.08459,SUPER 95,1.459,SUPER 95 1.459 EUR,~/Desktop/MBAT-Internship-Project/data_OMV_at/prices_AT.9571.8_2025-09-02_11-12-46.png,~/Desktop/MBAT-Internship-Project/data_OMV_at/response_AT.9571.8_2025-09-02_11-12-46.json,2025-09-02T01:12:47Z
AT.9571.8,AUT,Ybbs an der Donau,3370,48.17122,15.08459,MaxxMotion Super 100plus,1.719,MaxxMotion Super 100plus 1.719 EUR,~/Desktop/MBAT-Internship-Project/data_OMV_at/prices_AT.9571.8_2025-09-02_11-12-46.png,~/Desktop/MBAT-Internship-Project/data_OMV_at/response_AT.9571.8_2025-09-02_11-12-46.json,2025-09-02T01:12:47Z
AT.9571.8,AUT,Ybbs an der Donau,3370,48.17122,15.08459,MaxxMotion Diesel,1.729,MaxxMotion Diesel 1.729 EUR,~/Desktop/MBAT-Internship-Project/data_OMV_at/prices_AT.9571.8_2025-09-02_11-12-46.png,~/Desktop/MBAT-Internship-Project/data_OMV_at/response_AT.9571.8_2025-09-02_11-12-46.json,2025-09-02T01:12:47Z
AT.9705.8,AUT,Breitenbrunn,7091,47.93942,16.72805,DIESEL,1.559,DIESEL 1.559 EUR,~/Desktop/MBAT-Internship-Project/data_OMV_at/prices_AT.9705.8_2025-09-02_11-12-47.png,~/Desktop/MBAT-Internship-Project/data_OMV_at/response_AT.9705.8_2025-09-02_11-12-47.json,2025-09-02T01:12:48Z
AT.9705.8,AUT,Breitenbrunn,7091,47.93942,16.72805,SUPER 95,1.549,SUPER 95 1.549 EUR,~/Desktop/MBAT-Internship-Project/data_OMV_at/prices_AT.9705.8_2025-09-02_11-12-47.png,~/Desktop/MBAT-Internship-Project/data_OMV_at/response_AT.9705.8_2025-09-02_11-12-47.json,2025-09-02T01:12:48Z
AT.9705.8,AUT,Breitenbrunn,7091,47.93942,16.72805,MaxxMotion Super 100plus,1.809,MaxxMotion Super 100plus 1.809 EUR,~/Desktop/MBAT-Internship-Project/data_OMV_at/prices_AT.9705.8_2025-09-02_11-12-47.png,~/Desktop/MBAT-Internship-Project/data_OMV_at/response_AT.9705.8_2025-09-02_11-12-47.json,2025-09-02T01:12:48Z
AT.9705.8,AUT,Breitenbrunn,7091,47.93942,16.72805,MaxxMotion Diesel,1.819,MaxxMotion Diesel 1.819 EUR,~/Desktop/MBAT-Internship-Project/data_OMV_at/prices_AT.9705.8_2025-09-02_11-12-47.png,~/Desktop/MBAT-Internship-Project/data_OMV_at/response_AT.9705.8_2025-09-02_11-12-47.json,2025-09-02T01:12:48Z
AT.9724.8,AUT,Ebreichsdorf,2483,47.96042,16.3977,DIESEL,1.529,DIESEL 1.529 EUR,~/Desktop/MBAT-Internship-Project/data_OMV_at/prices_AT.9724.8_2025-09-02_11-12-48.png,~/Desktop/MBAT-Internship-Project/data_OMV_at/response_AT.9724.8_2025-09-02_11-12-48.json,2025-09-02T01:12:48Z
AT.9724.8,AUT,Ebreichsdorf,2483,47.96042,16.3977,SUPER 95,1.499,SUPER 95 1.499 EUR,~/Desktop/MBAT-Internship-Project/data_OMV_at/prices_AT.9724.8_2025-09-02_11-12-48.png,~/Desktop/MBAT-Internship-Project/data_OMV_at/response_AT.9724.8_2025-09-02_11-12-48.json,2025-09-02T01:12:48Z
AT.9724.8,AUT,Ebreichsdorf,2483,47.96042,16.3977,MaxxMotion Super 100plus,1.759,MaxxMotion Super 100plus 1.759 EUR,~/Desktop/MBAT-Internship-Project/data_OMV_at/prices_AT.9724.8_2025-09-02_11-12-48.png,~/Desktop/MBAT-Internship-Project/data_OMV_at/response_AT.9724.8_2025-09-02_11-12-48.json,2025-09-02T01:12:48Z
AT.9724.8,AUT,Ebreichsdorf,2483,47.96042,16.3977,MaxxMotion Diesel,1.789,MaxxMotion Diesel 1.789 EUR,~/Desktop/MBAT-Internship-Project/data_OMV_at/prices_AT.9724.8_2025-09-02_11-12-48.png,~/Desktop/MBAT-Internship-Project/data_OMV_at/response_AT.9724.8_2025-09-02_11-12-48.json,2025-09-02T01:12:48Z
AT.9732.8,AUT,Purgstall,3251,48.06215,15.13914,DIESEL,1.484,DIESEL 1.484 EUR,~/Desktop/MBAT-Internship-Project/data_OMV_at/prices_AT.9732.8_2025-09-02_11-12-49.png,~/Desktop/MBAT-Internship-Project/data_OMV_at/response_AT.9732.8_2025-09-02_11-12-49.json,2025-09-02T01:12:49Z
AT.9732.8,AUT,Purgstall,3251,48.06215,15.13914,Diesel Plus,1.699,Diesel Plus 1.699 EUR,~/Desktop/MBAT-Internship-Project/data_OMV_at/prices_AT.9732.8_2025-09-02_11-12-49.png,~/Desktop/MBAT-Internship-Project/data_OMV_at/response_AT.9732.8_2025-09-02_11-12-49.json,2025-09-02T01:12:49Z
AT.9732.8,AUT,Purgstall,3251,48.06215,15.13914,SUPER 95,1.474,SUPER 95 1.474 EUR,~/Desktop/MBAT-Internship-Project/data_OMV_at/prices_AT.9732.8_2025-09-02_11-12-49.png,~/Desktop/MBAT-Internship-Project/data_OMV_at/response_AT.9732.8_2025-09-02_11-12-49.json,2025-09-02T01:12:49Z
AT.9734.8,AUT,Möllersdorf,2513,48.03909,16.30361,DIESEL,1.579,DIESEL 1.579 EUR,~/Desktop/MBAT-Internship-Project/data_OMV_at/prices_AT.9734.8_2025-09-02_11-12-50.png,~/Desktop/MBAT-Internship-Project/data_OMV_at/response_AT.9734.8_2025-09-02_11-12-50.json,2025-09-02T01:12:50Z
AT.9734.8,AUT,Möllersdorf,2513,48.03909,16.30361,SUPER 95,1.569,SUPER 95 1.569 EUR,~/Desktop/MBAT-Internship-Project/data_OMV_at/prices_AT.9734.8_2025-09-02_11-12-50.png,~/Desktop/MBAT-Internship-Project/data_OMV_at/response_AT.9734.8_2025-09-02_11-12-50.json,2025-09-02T01:12:50Z
AT.9734.8,AUT,Möllersdorf,2513,48.03909,16.30361,MaxxMotion Super 100plus,1.829,MaxxMotion Super 100plus 1.829 EUR,~/Desktop/MBAT-Internship-Project/data_OMV_at/prices_AT.9734.8_2025-09-02_11-12-50.png,~/Desktop/MBAT-Internship-Project/data_OMV_at/response_AT.9734.8_2025-09-02_11-12-50.json,2025-09-02T01:12:50Z
AT.9734.8,AUT,Möllersdorf,2513,48.03909,16.30361,MaxxMotion Diesel,1.839,MaxxMotion Diesel 1.839 EUR,~/Desktop/MBAT-Internship-Project/data_OMV_at/prices_AT.9734.8_2025-09-02_11-12-50.png,~/Desktop/MBAT-Internship-Project/data_OMV_at/response_AT.9734.8_2025-09-02_11-12-50.json,2025-09-02T01:12:50Z
