{
    "type": "FeatureCollection",
    "features": [
        {
            "type": "Feature",
            "geometry": {
                "type": "Point",
                "coordinates": [
                    15.7170359,
                    48.8296425
                ]
            },
            "properties": {
                "id": "INFT-AJJKUB",
                "name": "Turmöl Quick",
                "S98": "0",
                "S95": "1.53",
                "N": "0",
                "D": "1.531",
                "G": "0",
                "zip": "2091",
                "land": "at",
                "bundesland": "Niederösterreich",
                "city2": "Horn",
                "city": "Langau bei Geras",
                "strasse": "Langau 215",
                "date": "8.9.2025",
                "time": "0:37:6"
            }
        },
        {
            "type": "Feature",
            "geometry": {
                "type": "Point",
                "coordinates": [
                    15.240267,
                    48.9298793
                ]
            },
            "properties": {
                "id": "INFT-AJJKXT",
                "name": "Genol Lagerhaus Tankstelle",
                "S98": "0",
                "S95": "0",
                "N": "0",
                "D": "1.569",
                "G": "0",
                "zip": "3851",
                "land": "at",
                "bundesland": "Niederösterreich",
                "city2": "Waidhofen/Thaya",
                "city": "Kautzen",
                "strasse": "Illmauerstraße 1",
                "date": "8.9.2025",
                "time": "0:37:19"
            }
        },
        {
            "type": "Feature",
            "geometry": {
                "type": "Point",
                "coordinates": [
                    16.0870434,
                    47.7326535
                ]
            },
            "properties": {
                "id": "INFT-AJJKL5",
                "name": "SB-Tankstelle Ofenböck",
                "S98": "0",
                "S95": "1.509",
                "N": "0",
                "D": "1.529",
                "G": "0",
                "zip": "2620",
                "land": "at",
                "bundesland": "Niederösterreich",
                "city2": "Neunkirchen",
                "city": "Neunkirchen",
                "strasse": "Föhrenwaldstrasse 35",
                "date": "8.9.2025",
                "time": "0:37:14"
            }
        },
        {
            "type": "Feature",
            "geometry": {
                "type": "Point",
                "coordinates": [
                    14.2412365,
                    48.312442
                ]
            },
            "properties": {
                "id": "INFT-AJJKVA",
                "name": "Turmöl Quick",
                "S98": "0",
                "S95": "1.441",
                "N": "0",
                "D": "1.456",
                "G": "0",
                "zip": "4048",
                "land": "at",
                "bundesland": "Oberösterreich",
                "city2": "Urfahr Umgebung",
                "city": "Puchenau",
                "strasse": "Hammerschmiede 3",
                "date": "8.9.2025",
                "time": "0:37:43"
            }
        },
        {
            "type": "Feature",
            "geometry": {
                "type": "Point",
                "coordinates": [
                    14.129979,
                    47.8940558
                ]
            },
            "properties": {
                "id": "INFT-AJJL7J",
                "name": "AVIA Xpress (Automaten-Tankstelle)",
                "S98": "0",
                "S95": "1.443",
                "N": "0",
                "D": "1.463",
                "G": "0",
                "zip": "4563",
                "land": "at",
                "bundesland": "Oberösterreich",
                "city2": "Kirchdorf",
                "city": "Micheldorf",
                "strasse": "Weinzierler Brücke 72",
                "date": "8.9.2025",
                "time": "0:37:34"
            }
        },
        {
            "type": "Feature",
            "geometry": {
                "type": "Point",
                "coordinates": [
                    15.9583799,
                    48.7536887
                ]
            },
            "properties": {
                "id": "INFT-AJJL8T",
                "name": "Pollak-Deine Tankstelle",
                "S98": "0",
                "S95": "0",
                "N": "0",
                "D": "1.47",
                "G": "0",
                "zip": "2070",
                "land": "at",
                "bundesland": "Niederösterreich",
                "city2": "Hollabrunn",
                "city": "Retz",
                "strasse": "Im Stadtfeld 2",
                "date": "8.9.2025",
                "time": "0:37:4"
            }
        },
        {
            "type": "Feature",
            "geometry": {
                "type": "Point",
                "coordinates": [
                    11.8824867,
                    47.4347321
                ]
            },
            "properties": {
                "id": "INFT-AJJL24",
                "name": "Rissbacher Walter GmbH",
                "S98": "0",
                "S95": "1.439",
                "N": "0",
                "D": "1.479",
                "G": "0",
                "zip": "6230",
                "land": "at",
                "bundesland": "Tirol",
                "city2": "Kufstein",
                "city": "Brixlegg",
                "strasse": "Innsbrucker Str. 47",
                "date": "8.9.2025",
                "time": "0:38:14"
            }
        },
        {
            "type": "Feature",
            "geometry": {
                "type": "Point",
                "coordinates": [
                    15.5578698,
                    48.7399353
                ]
            },
            "properties": {
                "id": "INFT-AJJKUH",
                "name": "AVIA XPress (unser Service: Luft und Wasser)",
                "S98": "0",
                "S95": "1.554",
                "N": "0",
                "D": "1.558",
                "G": "0",
                "zip": "3754",
                "land": "at",
                "bundesland": "Niederösterreich",
                "city2": "Horn",
                "city": "Irnfritz 19",
                "strasse": "Irnfritz 19",
                "date": "8.9.2025",
                "time": "0:37:6"
            }
        },
        {
            "type": "Feature",
            "geometry": {
                "type": "Point",
                "coordinates": [
                    16.163935,
                    47.168488
                ]
            },
            "properties": {
                "id": "INFT-AJJLBH",
                "name": "Turmöl Quick",
                "S98": "0",
                "S95": "1.477",
                "N": "0",
                "D": "1.487",
                "G": "0",
                "zip": "7551",
                "land": "at",
                "bundesland": "Burgenland",
                "city2": "Güssing",
                "city": "Stegersbach",
                "strasse": "Wienerstraße 56",
                "date": "8.9.2025",
                "time": "0:36:39"
            }
        },
        {
            "type": "Feature",
            "geometry": {
                "type": "Point",
                "coordinates": [
                    15.2678969,
                    46.8971308
                ]
            },
            "properties": {
                "id": "INFT-AJJKWG",
                "name": "Turmöl Quick",
                "S98": "0",
                "S95": "1.444",
                "N": "0",
                "D": "1.454",
                "G": "0",
                "zip": "8510",
                "land": "at",
                "bundesland": "Steiermark",
                "city2": "Deutschlandsberg",
                "city": "Stainz",
                "strasse": "Grazer Straße 34-35",
                "date": "8.9.2025",
                "time": "0:37:55"
            }
        },
        {
            "type": "Feature",
            "geometry": {
                "type": "Point",
                "coordinates": [
                    14.42064,
                    48.05739
                ]
            },
            "properties": {
                "id": "INFT-AJJKUX",
                "name": "AVANTI - Steyr Ennser Straße 16",
                "S98": "0",
                "S95": "1.441",
                "N": "0",
                "D": "1.471",
                "G": "0",
                "zip": "4400",
                "land": "at",
                "bundesland": "Oberösterreich",
                "city2": "Steyr Land",
                "city": "Steyr",
                "strasse": "Ennser Strasse 16",
                "date": "8.9.2025",
                "time": "0:37:25"
            }
        },
        {
            "type": "Feature",
            "geometry": {
                "type": "Point",
                "coordinates": [
                    9.73571,
                    47.3999401
                ]
            },
            "properties": {
                "id": "INFT-AJJKMN",
                "name": "Disk + Tankautomat",
                "S98": "0",
                "S95": "1.48",
                "N": "0",
                "D": "1.48",
                "G": "0",
                "zip": "6850",
                "land": "at",
                "bundesland": "Vorarlberg",
                "city2": "Dornbirn",
                "city": "Dornbirn",
                "strasse": "Arlbergstraße 6",
                "date": "8.9.2025",
                "time": "0:38:22"
            }
        },
        {
            "type": "Feature",
            "geometry": {
                "type": "Point",
                "coordinates": [
                    14.267112,
                    48.234345
                ]
            },
            "properties": {
                "id": "INFT-AJJL6Y",
                "name": "AVIA Xpress (Automaten-Tankstelle)",
                "S98": "0",
                "S95": "1.444",
                "N": "0",
                "D": "1.459",
                "G": "0",
                "zip": "4050",
                "land": "at",
                "bundesland": "Oberösterreich",
                "city2": "Linz Land",
                "city": "Traun",
                "strasse": "Rubensstraße 5",
                "date": "8.9.2025",
                "time": "0:37:35"
            }
        },
        {
            "type": "Feature",
            "geometry": {
                "type": "Point",
                "coordinates": [
                    15.272992,
                    47.002851
                ]
            },
            "properties": {
                "id": "INFT-AJJKNL",
                "name": "Diskonttankstelle Kaier",
                "S98": "0",
                "S95": "0",
                "N": "0",
                "D": "1.459",
                "G": "0",
                "zip": "8561",
                "land": "at",
                "bundesland": "Steiermark",
                "city2": "Graz Umgebung",
                "city": "Söding",
                "strasse": "Packerstraße 106",
                "date": "8.9.2025",
                "time": "0:38:3"
            }
        },
        {
            "type": "Feature",
            "geometry": {
                "type": "Point",
                "coordinates": [
                    15.6848005,
                    48.1590154
                ]
            },
            "properties": {
                "id": "INFT-AJJKTD",
                "name": "Tankstopp",
                "S98": "0",
                "S95": "1.448",
                "N": "0",
                "D": "0",
                "G": "0",
                "zip": "3143",
                "land": "at",
                "bundesland": "Niederösterreich",
                "city2": "St. Pölten Land",
                "city": "Pyhra",
                "strasse": "Hauptstraße 8",
                "date": "8.9.2025",
                "time": "0:37:15"
            }
        },
        {
            "type": "Feature",
            "geometry": {
                "type": "Point",
                "coordinates": [
                    13.4818461,
                    48.2004742
                ]
            },
            "properties": {
                "id": "INFT-AJJL3X",
                "name": "Bauchinger - Diskonttankstelle",
                "S98": "0",
                "S95": "1.482",
                "N": "0",
                "D": "1.492",
                "G": "0",
                "zip": "4910",
                "land": "at",
                "bundesland": "Oberösterreich",
                "city2": "Ried",
                "city": "Ried im Innkreis",
                "strasse": "Magerlstraße 1",
                "date": "8.9.2025",
                "time": "0:37:38"
            }
        },
        {
            "type": "Feature",
            "geometry": {
                "type": "Point",
                "coordinates": [
                    14.1558516,
                    46.7337805
                ]
            },
            "properties": {
                "id": "INFT-AJJL7N",
                "name": "Turmöl Quick",
                "S98": "0",
                "S95": "1.454",
                "N": "0",
                "D": "1.464",
                "G": "0",
                "zip": "9560",
                "land": "at",
                "bundesland": "Kärnten",
                "city2": "Feldkirchen",
                "city": "Untere Glan",
                "strasse": "Bundesstraße 33",
                "date": "8.9.2025",
                "time": "0:36:55"
            }
        },
        {
            "type": "Feature",
            "geometry": {
                "type": "Point",
                "coordinates": [
                    14.28828,
                    48.28312
                ]
            },
            "properties": {
                "id": "INFT-AJJKLW",
                "name": "AVANTI - Linz Unionstraße 71a",
                "S98": "0",
                "S95": "1.444",
                "N": "0",
                "D": "1.459",
                "G": "0",
                "zip": "4020",
                "land": "at",
                "bundesland": "Oberösterreich",
                "city2": "Linz Land",
                "city": "Linz",
                "strasse": "Unionstrasse 71a",
                "date": "8.9.2025",
                "time": "0:37:24"
            }
        },
        {
            "type": "Feature",
            "geometry": {
                "type": "Point",
                "coordinates": [
                    15.5855281,
                    48.6764781
                ]
            },
            "properties": {
                "id": "INFT-AJJKUC",
                "name": "AVIA XPress (unser Service: Luft und Wasser)",
                "S98": "0",
                "S95": "1.535",
                "N": "0",
                "D": "1.536",
                "G": "0",
                "zip": "3580",
                "land": "at",
                "bundesland": "Niederösterreich",
                "city2": "Horn",
                "city": "Horn",
                "strasse": "Großburgstall 44",
                "date": "8.9.2025",
                "time": "0:37:6"
            }
        },
        {
            "type": "Feature",
            "geometry": {
                "type": "Point",
                "coordinates": [
                    14.596074,
                    48.25254
                ]
            },
            "properties": {
                "id": "INFT-AJJL3F",
                "name": "Petschl Tankstelle",
                "S98": "0",
                "S95": "0",
                "N": "0",
                "D": "1.488",
                "G": "0",
                "zip": "4320",
                "land": "at",
                "bundesland": "Oberösterreich",
                "city2": "Perg",
                "city": "Perg",
                "strasse": "Josef-Petschl-Straße 1",
                "date": "8.9.2025",
                "time": "0:37:36"
            }
        },
        {
            "type": "Feature",
            "geometry": {
                "type": "Point",
                "coordinates": [
                    16.3748223,
                    48.2408605
                ]
            },
            "properties": {
                "id": "INFT-AJJL62",
                "name": "BP",
                "S98": "0",
                "S95": "1.649",
                "N": "0",
                "D": "1.699",
                "G": "0",
                "zip": "1200",
                "land": "at",
                "bundesland": "Wien",
                "city2": "Brigittenau",
                "city": "Wien",
                "strasse": "Dresdnerstrasse 8 ",
                "date": "8.9.2025",
                "time": "0:38:32"
            }
        },
        {
            "type": "Feature",
            "geometry": {
                "type": "Point",
                "coordinates": [
                    14.28047,
                    46.65383
                ]
            },
            "properties": {
                "id": "INFT-AJJKRG",
                "name": "AVANTI - Klagenfurt Feldkirchnerstraße 275",
                "S98": "0",
                "S95": "1.454",
                "N": "0",
                "D": "1.464",
                "G": "0",
                "zip": "9020",
                "land": "at",
                "bundesland": "Kärnten",
                "city2": "Klagenfurt Land",
                "city": "Klagenfurt",
                "strasse": "Feldkirchnerstrasse 275",
                "date": "8.9.2025",
                "time": "0:36:45"
            }
        },
        {
            "type": "Feature",
            "geometry": {
                "type": "Point",
                "coordinates": [
                    14.38747,
                    48.04345
                ]
            },
            "properties": {
                "id": "INFT-AJJKUV",
                "name": "AVANTI - Steyr Sierninger Straße 178",
                "S98": "0",
                "S95": "1.441",
                "N": "0",
                "D": "1.471",
                "G": "0",
                "zip": "4400",
                "land": "at",
                "bundesland": "Oberösterreich",
                "city2": "Steyr Land",
                "city": "Steyr",
                "strasse": "Sierninger Strasse 178",
                "date": "8.9.2025",
                "time": "0:37:25"
            }
        },
        {
            "type": "Feature",
            "geometry": {
                "type": "Point",
                "coordinates": [
                    15.4072263,
                    48.8814316
                ]
            },
            "properties": {
                "id": "INFT-AJJKXK",
                "name": "AVIA XPress (unser Service: Luft und Wasser)",
                "S98": "0",
                "S95": "1.554",
                "N": "0",
                "D": "1.564",
                "G": "0",
                "zip": "3822",
                "land": "at",
                "bundesland": "Niederösterreich",
                "city2": "Waidhofen/Thaya",
                "city": "Karlstein",
                "strasse": "Raabserstraße 8",
                "date": "8.9.2025",
                "time": "0:37:20"
            }
        },
        {
            "type": "Feature",
            "geometry": {
                "type": "Point",
                "coordinates": [
                    15.4967657,
                    48.8432528
                ]
            },
            "properties": {
                "id": "INFT-AJJKXU",
                "name": "Genol Lagerhaus Tankstelle",
                "S98": "0",
                "S95": "0",
                "N": "0",
                "D": "1.569",
                "G": "0",
                "zip": "3820",
                "land": "at",
                "bundesland": "Niederösterreich",
                "city2": "Waidhofen/Thaya",
                "city": "Raabs an der Thaya",
                "strasse": "Bahnstraße 20",
                "date": "8.9.2025",
                "time": "0:37:19"
            }
        },
        {
            "type": "Feature",
            "geometry": {
                "type": "Point",
                "coordinates": [
                    16.19135,
                    47.78134
                ]
            },
            "properties": {
                "id": "INFT-AJJL6N",
                "name": "AVANTI - Wiener Neustadt Neunkirchner Straße 118",
                "S98": "0",
                "S95": "1.434",
                "N": "0",
                "D": "1.464",
                "G": "0",
                "zip": "2700",
                "land": "at",
                "bundesland": "Niederösterreich",
                "city2": "Wiener Neustadt Land",
                "city": "Wiener Neustadt",
                "strasse": "Neunkirchner Strasse 118",
                "date": "8.9.2025",
                "time": "0:36:57"
            }
        },
        {
            "type": "Feature",
            "geometry": {
                "type": "Point",
                "coordinates": [
                    13.1072403,
                    47.1571884
                ]
            },
            "properties": {
                "id": "INFT-AJJKPW",
                "name": "Turmöl Quick",
                "S98": "0",
                "S95": "1.464",
                "N": "0",
                "D": "1.484",
                "G": "0",
                "zip": "5630",
                "land": "at",
                "bundesland": "Salzburg",
                "city2": "St. Johann",
                "city": "Bad Hofgastein",
                "strasse": "Weitmoserstr. 1",
                "date": "8.9.2025",
                "time": "0:37:50"
            }
        },
        {
            "type": "Feature",
            "geometry": {
                "type": "Point",
                "coordinates": [
                    16.4421257,
                    48.0782678
                ]
            },
            "properties": {
                "id": "INFT-AJJKKF",
                "name": "Turmöl Quick",
                "S98": "0",
                "S95": "1.442",
                "N": "0",
                "D": "0",
                "G": "0",
                "zip": "2325",
                "land": "at",
                "bundesland": "Niederösterreich",
                "city2": "Wien Umgebung",
                "city": "Himberg",
                "strasse": "Gutenhoferstraße 16",
                "date": "8.9.2025",
                "time": "0:37:0"
            }
        },
        {
            "type": "Feature",
            "geometry": {
                "type": "Point",
                "coordinates": [
                    9.9046295,
                    47.4495768
                ]
            },
            "properties": {
                "id": "INFT-AJJKMF",
                "name": "Wema  GmbH",
                "S98": "0",
                "S95": "0",
                "N": "0",
                "D": "1.519",
                "G": "0",
                "zip": "6951",
                "land": "at",
                "bundesland": "Vorarlberg",
                "city2": "Bregenz",
                "city": "Lingenau",
                "strasse": "Zeihenbühl 435",
                "date": "8.9.2025",
                "time": "0:38:20"
            }
        },
        {
            "type": "Feature",
            "geometry": {
                "type": "Point",
                "coordinates": [
                    13.2461,
                    47.96971
                ]
            },
            "properties": {
                "id": "INFT-AJJKLB",
                "name": "AVANTI - Strasswalchen Salzburger Straße 70",
                "S98": "0",
                "S95": "1.466",
                "N": "0",
                "D": "1.479",
                "G": "0",
                "zip": "5204",
                "land": "at",
                "bundesland": "Salzburg",
                "city2": "Salzburg Umgebung",
                "city": "Strasswalchen",
                "strasse": "Salzburger Strasse 70",
                "date": "8.9.2025",
                "time": "0:37:49"
            }
        },
        {
            "type": "Feature",
            "geometry": {
                "type": "Point",
                "coordinates": [
                    14.7462471,
                    48.2090333
                ]
            },
            "properties": {
                "id": "INFT-AJJL3E",
                "name": "KK Kaindl AVIA",
                "S98": "0",
                "S95": "1.447",
                "N": "0",
                "D": "1.467",
                "G": "0",
                "zip": "4342",
                "land": "at",
                "bundesland": "Oberösterreich",
                "city2": "Perg",
                "city": "Baumgartenberg",
                "strasse": "Baumgartenberg 40",
                "date": "8.9.2025",
                "time": "0:37:37"
            }
        },
        {
            "type": "Feature",
            "geometry": {
                "type": "Point",
                "coordinates": [
                    14.6779343,
                    47.2060639
                ]
            },
            "properties": {
                "id": "INFT-AJJKRB",
                "name": "Turmöl Quick",
                "S98": "0",
                "S95": "1.454",
                "N": "0",
                "D": "1.463",
                "G": "0",
                "zip": "8753",
                "land": "at",
                "bundesland": "Steiermark",
                "city2": "Judenburg",
                "city": "Fohnsdorf",
                "strasse": "Judenburger Straße 12",
                "date": "8.9.2025",
                "time": "0:38:6"
            }
        },
        {
            "type": "Feature",
            "geometry": {
                "type": "Point",
                "coordinates": [
                    16.16488,
                    47.16113
                ]
            },
            "properties": {
                "id": "INFT-AJJLBJ",
                "name": "AVANTI - Stegersbach Wiener Straße 3",
                "S98": "0",
                "S95": "1.477",
                "N": "0",
                "D": "1.487",
                "G": "0",
                "zip": "7551",
                "land": "at",
                "bundesland": "Burgenland",
                "city2": "Güssing",
                "city": "Stegersbach",
                "strasse": "Wiener Strasse 3",
                "date": "8.9.2025",
                "time": "0:36:38"
            }
        },
        {
            "type": "Feature",
            "geometry": {
                "type": "Point",
                "coordinates": [
                    15.3323317,
                    48.5837495
                ]
            },
            "properties": {
                "id": "INFT-AJJKUY",
                "name": "AVIA XPress (unser Service: Luft und Wasser)",
                "S98": "0",
                "S95": "1.496",
                "N": "0",
                "D": "0",
                "G": "0",
                "zip": "3532",
                "land": "at",
                "bundesland": "Niederösterreich",
                "city2": "Krems Land",
                "city": "Peygarten 208",
                "strasse": "Peygarten 208",
                "date": "8.9.2025",
                "time": "0:37:8"
            }
        },
        {
            "type": "Feature",
            "geometry": {
                "type": "Point",
                "coordinates": [
                    14.26865,
                    46.62048
                ]
            },
            "properties": {
                "id": "INFT-AJJKRH",
                "name": "AVANTI - Klagenfurt Kohldorferstraße 101",
                "S98": "0",
                "S95": "1.454",
                "N": "0",
                "D": "1.464",
                "G": "0",
                "zip": "9020",
                "land": "at",
                "bundesland": "Kärnten",
                "city2": "Klagenfurt Land",
                "city": "Klagenfurt",
                "strasse": "Kohldorferstrasse 101",
                "date": "8.9.2025",
                "time": "0:36:45"
            }
        },
        {
            "type": "Feature",
            "geometry": {
                "type": "Point",
                "coordinates": [
                    15.057685,
                    48.071871
                ]
            },
            "properties": {
                "id": "INFT-AJJL2M",
                "name": "Genol",
                "S98": "0",
                "S95": "1.489",
                "N": "0",
                "D": "1.489",
                "G": "0",
                "zip": "3261",
                "land": "at",
                "bundesland": "Niederösterreich",
                "city2": "Scheibbs",
                "city": "Wolfpassing",
                "strasse": "Automeile 1",
                "date": "8.9.2025",
                "time": "0:37:17"
            }
        },
        {
            "type": "Feature",
            "geometry": {
                "type": "Point",
                "coordinates": [
                    15.1698067,
                    47.0354119
                ]
            },
            "properties": {
                "id": "INFT-AJJKNH",
                "name": "Turmöl Quick",
                "S98": "0",
                "S95": "1.438",
                "N": "0",
                "D": "1.454",
                "G": "0",
                "zip": "8570",
                "land": "at",
                "bundesland": "Steiermark",
                "city2": "Voitsberg",
                "city": "Voitsberg",
                "strasse": "Umfahrungsstraße 2",
                "date": "8.9.2025",
                "time": "0:38:4"
            }
        },
        {
            "type": "Feature",
            "geometry": {
                "type": "Point",
                "coordinates": [
                    16.193738,
                    48.5795
                ]
            },
            "properties": {
                "id": "INFT-AJJL8N",
                "name": "Genol",
                "S98": "0",
                "S95": "1.529",
                "N": "0",
                "D": "0",
                "G": "0",
                "zip": "2031",
                "land": "at",
                "bundesland": "Niederösterreich",
                "city2": "Hollabrunn",
                "city": "Altenmarkt/Thale",
                "strasse": "Bundesstraße 11",
                "date": "8.9.2025",
                "time": "0:37:5"
            }
        },
        {
            "type": "Feature",
            "geometry": {
                "type": "Point",
                "coordinates": [
                    14.31387,
                    46.65337
                ]
            },
            "properties": {
                "id": "INFT-AJJKRF",
                "name": "AVANTI - Klagenfurt St.Veiter Straße 258",
                "S98": "0",
                "S95": "1.454",
                "N": "0",
                "D": "1.459",
                "G": "0",
                "zip": "9020",
                "land": "at",
                "bundesland": "Kärnten",
                "city2": "Klagenfurt Land",
                "city": "Klagenfurt",
                "strasse": "St.Veiter Strasse 258",
                "date": "8.9.2025",
                "time": "0:36:45"
            }
        },
        {
            "type": "Feature",
            "geometry": {
                "type": "Point",
                "coordinates": [
                    11.4823698,
                    47.2766173
                ]
            },
            "properties": {
                "id": "INFT-AJJL6L",
                "name": "Gutmann ENI Tankstelle",
                "S98": "0",
                "S95": "1.584",
                "N": "0",
                "D": "0",
                "G": "0",
                "zip": "6060",
                "land": "at",
                "bundesland": "Tirol",
                "city2": "Innsbruck Land",
                "city": "Hall ",
                "strasse": "Innsbruckerstraße 90",
                "date": "8.9.2025",
                "time": "0:38:11"
            }
        },
        {
            "type": "Feature",
            "geometry": {
                "type": "Point",
                "coordinates": [
                    12.85009,
                    47.42305
                ]
            },
            "properties": {
                "id": "INFT-AJJKQE",
                "name": "AVANTI - Saalfelden Almerstraße 23",
                "S98": "0",
                "S95": "1.509",
                "N": "0",
                "D": "1.529",
                "G": "0",
                "zip": "5760",
                "land": "at",
                "bundesland": "Salzburg",
                "city2": "Zell am See",
                "city": "Saalfelden",
                "strasse": "Almerstrasse 23",
                "date": "8.9.2025",
                "time": "0:37:52"
            }
        },
        {
            "type": "Feature",
            "geometry": {
                "type": "Point",
                "coordinates": [
                    15.640916,
                    48.664169
                ]
            },
            "properties": {
                "id": "INFT-AJJKUD",
                "name": "Diskont Tankstelle",
                "S98": "0",
                "S95": "1.538",
                "N": "0",
                "D": "1.539",
                "G": "0",
                "zip": "3580",
                "land": "at",
                "bundesland": "Niederösterreich",
                "city2": "Horn",
                "city": "Horn",
                "strasse": "Pragerstraße 77 (Hofer Parkplatz)",
                "date": "8.9.2025",
                "time": "0:37:6"
            }
        },
        {
            "type": "Feature",
            "geometry": {
                "type": "Point",
                "coordinates": [
                    11.7083395,
                    47.5160681
                ]
            },
            "properties": {
                "id": "INFT-AJJL23",
                "name": "Egger Wolfgang Internationale Transporte",
                "S98": "0",
                "S95": "0",
                "N": "0",
                "D": "1.525",
                "G": "0",
                "zip": "6215",
                "land": "at",
                "bundesland": "Tirol",
                "city2": "Schwaz",
                "city": "Achenkirch",
                "strasse": "Achenkirch 205",
                "date": "8.9.2025",
                "time": "0:38:18"
            }
        },
        {
            "type": "Feature",
            "geometry": {
                "type": "Point",
                "coordinates": [
                    11.45756,
                    47.27753
                ]
            },
            "properties": {
                "id": "INFT-AJJL6H",
                "name": "AVANTI - Rum Siemensstraße 1",
                "S98": "0",
                "S95": "1.569",
                "N": "0",
                "D": "1.589",
                "G": "0",
                "zip": "6063",
                "land": "at",
                "bundesland": "Tirol",
                "city2": "Innsbruck Land",
                "city": "Rum",
                "strasse": "Siemensstrasse 1",
                "date": "8.9.2025",
                "time": "0:38:11"
            }
        },
        {
            "type": "Feature",
            "geometry": {
                "type": "Point",
                "coordinates": [
                    15.276709198951721,
                    48.81313414767661
                ]
            },
            "properties": {
                "id": "INFT-AJJKXJ",
                "name": "Genol Lagerhaus Tankstelle",
                "S98": "0",
                "S95": "1.559",
                "N": "0",
                "D": "1.569",
                "G": "0",
                "zip": "3830",
                "land": "at",
                "bundesland": "Niederösterreich",
                "city2": "Waidhofen/Thaya",
                "city": "Waidhofen an der Thaya",
                "strasse": "Raiffeisenstraße 10",
                "date": "8.9.2025",
                "time": "0:37:20"
            }
        },
        {
            "type": "Feature",
            "geometry": {
                "type": "Point",
                "coordinates": [
                    13.8203361,
                    47.975562
                ]
            },
            "properties": {
                "id": "INFT-AJJKT5",
                "name": "Turmöl Quick",
                "S98": "0",
                "S95": "1.447",
                "N": "0",
                "D": "1.476",
                "G": "0",
                "zip": "4663",
                "land": "at",
                "bundesland": "Oberösterreich",
                "city2": "Gmunden",
                "city": "Laakirchen",
                "strasse": "Gmundnerstr. 35",
                "date": "8.9.2025",
                "time": "0:37:31"
            }
        },
        {
            "type": "Feature",
            "geometry": {
                "type": "Point",
                "coordinates": [
                    14.28817,
                    48.32105
                ]
            },
            "properties": {
                "id": "INFT-AJJKVC",
                "name": "AVANTI - Linz-Urfahr Linke Brückenstraße 32",
                "S98": "0",
                "S95": "1.449",
                "N": "0",
                "D": "1.469",
                "G": "0",
                "zip": "4040",
                "land": "at",
                "bundesland": "Oberösterreich",
                "city2": "Urfahr Umgebung",
                "city": "Linz-Urfahr",
                "strasse": "Linke Brückenstrasse 32",
                "date": "8.9.2025",
                "time": "0:37:43"
            }
        },
        {
            "type": "Feature",
            "geometry": {
                "type": "Point",
                "coordinates": [
                    11.81625,
                    47.39793
                ]
            },
            "properties": {
                "id": "INFT-AJJKZZ",
                "name": "AVANTI - Strass im Zillertal Bundesstraße 107",
                "S98": "0",
                "S95": "1.554",
                "N": "0",
                "D": "1.544",
                "G": "0",
                "zip": "6261",
                "land": "at",
                "bundesland": "Tirol",
                "city2": "Schwaz",
                "city": "Strass im Zillertal",
                "strasse": "Bundesstrasse 107",
                "date": "8.9.2025",
                "time": "0:38:18"
            }
        },
        {
            "type": "Feature",
            "geometry": {
                "type": "Point",
                "coordinates": [
                    15.1320992,
                    48.0654151
                ]
            },
            "properties": {
                "id": "INFT-AJJL2P",
                "name": "Genol",
                "S98": "0",
                "S95": "1.489",
                "N": "0",
                "D": "1.489",
                "G": "0",
                "zip": "3251",
                "land": "at",
                "bundesland": "Niederösterreich",
                "city2": "Scheibbs",
                "city": "Purgstall",
                "strasse": "Ellershofstraße 1",
                "date": "8.9.2025",
                "time": "0:37:17"
            }
        },
        {
            "type": "Feature",
            "geometry": {
                "type": "Point",
                "coordinates": [
                    15.320799,
                    48.913686
                ]
            },
            "properties": {
                "id": "INFT-AJJKXL",
                "name": "AVIA XPress (unser Service: Luft und Wasser)",
                "S98": "0",
                "S95": "1.554",
                "N": "0",
                "D": "1.564",
                "G": "0",
                "zip": "3843",
                "land": "at",
                "bundesland": "Niederösterreich",
                "city2": "Waidhofen/Thaya",
                "city": "Dobersberg",
                "strasse": "Waidhofener Straße 8",
                "date": "8.9.2025",
                "time": "0:37:20"
            }
        },
        {
            "type": "Feature",
            "geometry": {
                "type": "Point",
                "coordinates": [
                    9.85336304,
                    47.49052893
                ]
            },
            "properties": {
                "id": "INFT-AJJKME",
                "name": "www.voegel-trans.at",
                "S98": "0",
                "S95": "0",
                "N": "0",
                "D": "1.476",
                "G": "0",
                "zip": "6933",
                "land": "at",
                "bundesland": "Vorarlberg",
                "city2": "Bregenz",
                "city": "Doren",
                "strasse": "Säge 156",
                "date": "8.9.2025",
                "time": "0:38:20"
            }
        },
        {
            "type": "Feature",
            "geometry": {
                "type": "Point",
                "coordinates": [
                    14.1568711,
                    48.4675476
                ]
            },
            "properties": {
                "id": "INFT-AJJKVP",
                "name": "Genol - Lagerhaus",
                "S98": "0",
                "S95": "0",
                "N": "0",
                "D": "1.489",
                "G": "0",
                "zip": "4173",
                "land": "at",
                "bundesland": "Oberösterreich",
                "city2": "Rohrbach",
                "city": "St. Veit ",
                "strasse": "Hansbergstrasse 22",
                "date": "8.9.2025",
                "time": "0:37:39"
            }
        },
        {
            "type": "Feature",
            "geometry": {
                "type": "Point",
                "coordinates": [
                    16.44859,
                    48.26672
                ]
            },
            "properties": {
                "id": "INFT-AJJKSN",
                "name": "AVANTI - Wien Julius Ficker Straße 77",
                "S98": "0",
                "S95": "1.447",
                "N": "0",
                "D": "1.474",
                "G": "0",
                "zip": "1210",
                "land": "at",
                "bundesland": "Wien",
                "city2": "Floridsdorf",
                "city": "Wien",
                "strasse": "Julius Ficker Strasse 77",
                "date": "8.9.2025",
                "time": "0:38:34"
            }
        },
        {
            "type": "Feature",
            "geometry": {
                "type": "Point",
                "coordinates": [
                    14.53427,
                    48.24347
                ]
            },
            "properties": {
                "id": "INFT-AJJL3B",
                "name": "AVANTI - Mauthausen Machlandstraße 5",
                "S98": "0",
                "S95": "1.423",
                "N": "0",
                "D": "1.443",
                "G": "0",
                "zip": "4310",
                "land": "at",
                "bundesland": "Oberösterreich",
                "city2": "Perg",
                "city": "Mauthausen",
                "strasse": "Machlandstrasse 5",
                "date": "8.9.2025",
                "time": "0:37:36"
            }
        },
        {
            "type": "Feature",
            "geometry": {
                "type": "Point",
                "coordinates": [
                    13.8082987,
                    47.1346161
                ]
            },
            "properties": {
                "id": "INFT-AJJLAG",
                "name": "Lagerhaus-Tankstelle 24 h",
                "S98": "0",
                "S95": "1.689",
                "N": "0",
                "D": "1.509",
                "G": "0",
                "zip": "5580",
                "land": "at",
                "bundesland": "Salzburg",
                "city2": "Tamsweg",
                "city": "Tamsweg",
                "strasse": "Wöltingerstrasse 9a",
                "date": "8.9.2025",
                "time": "0:37:51"
            }
        },
        {
            "type": "Feature",
            "geometry": {
                "type": "Point",
                "coordinates": [
                    16.80919,
                    48.10775
                ]
            },
            "properties": {
                "id": "INFT-AJJKZ6",
                "name": "AVANTI - Wildungsmauer Untere Carnuntumer Straße 6",
                "S98": "0",
                "S95": "1.442",
                "N": "0",
                "D": "1.462",
                "G": "0",
                "zip": "2403",
                "land": "at",
                "bundesland": "Niederösterreich",
                "city2": "Bruck/Leitha",
                "city": "Wildungsmauer",
                "strasse": "Untere Carnuntumer Strasse 6",
                "date": "8.9.2025",
                "time": "0:37:0"
            }
        },
        {
            "type": "Feature",
            "geometry": {
                "type": "Point",
                "coordinates": [
                    15.1781478,
                    48.6053521
                ]
            },
            "properties": {
                "id": "INFT-AJJKXC",
                "name": "Turmöl Quick",
                "S98": "0",
                "S95": "1.491",
                "N": "0",
                "D": "1.502",
                "G": "0",
                "zip": "3910",
                "land": "at",
                "bundesland": "Niederösterreich",
                "city2": "Zwettl",
                "city": "Zwettl",
                "strasse": "Kremserstraße 34",
                "date": "8.9.2025",
                "time": "0:37:22"
            }
        },
        {
            "type": "Feature",
            "geometry": {
                "type": "Point",
                "coordinates": [
                    12.4536911,
                    47.2778885
                ]
            },
            "properties": {
                "id": "INFT-AJJKQC",
                "name": "Koidl Discounttankstelle",
                "S98": "0",
                "S95": "0",
                "N": "0",
                "D": "1.52",
                "G": "0",
                "zip": "5730",
                "land": "at",
                "bundesland": "Salzburg",
                "city2": "Zell am See",
                "city": "Mittersill",
                "strasse": "Gewerbering West 5",
                "date": "8.9.2025",
                "time": "0:37:51"
            }
        },
        {
            "type": "Feature",
            "geometry": {
                "type": "Point",
                "coordinates": [
                    13.6314642,
                    47.0968149
                ]
            },
            "properties": {
                "id": "INFT-AJJLAL",
                "name": "Diesel Prommegger St. Michael",
                "S98": "0",
                "S95": "0",
                "N": "0",
                "D": "1.559",
                "G": "0",
                "zip": "5582",
                "land": "at",
                "bundesland": "Salzburg",
                "city2": "Tamsweg",
                "city": "St. Michael",
                "strasse": "Gewerbestraße 649",
                "date": "8.9.2025",
                "time": "0:37:51"
            }
        },
        {
            "type": "Feature",
            "geometry": {
                "type": "Point",
                "coordinates": [
                    16.5037784,
                    47.5086025
                ]
            },
            "properties": {
                "id": "INFT-AJJKW9",
                "name": "Tanke Blaguss",
                "S98": "0",
                "S95": "1.475",
                "N": "0",
                "D": "1.475",
                "G": "0",
                "zip": "7350",
                "land": "at",
                "bundesland": "Burgenland",
                "city2": "Oberpullendorf",
                "city": "Oberpullendorf",
                "strasse": "Wiener Straße 26",
                "date": "8.9.2025",
                "time": "0:36:42"
            }
        },
        {
            "type": "Feature",
            "geometry": {
                "type": "Point",
                "coordinates": [
                    11.4249757530303,
                    47.2655627212236
                ]
            },
            "properties": {
                "id": "INFT-AJJLAU",
                "name": "Disk TANKAUTOMAT",
                "S98": "0",
                "S95": "1.579",
                "N": "0",
                "D": "1.589",
                "G": "0",
                "zip": "6020",
                "land": "at",
                "bundesland": "Tirol",
                "city2": "Innsbruck",
                "city": "Innsbruck",
                "strasse": "Langer Weg 8",
                "date": "8.9.2025",
                "time": "0:38:8"
            }
        },
        {
            "type": "Feature",
            "geometry": {
                "type": "Point",
                "coordinates": [
                    14.3045974,
                    48.3275086
                ]
            },
            "properties": {
                "id": "INFT-AJJKVB",
                "name": "speed-DISKONT-automatic Linz/Urfahr",
                "S98": "0",
                "S95": "1.449",
                "N": "0",
                "D": "1.47",
                "G": "0",
                "zip": "4040",
                "land": "at",
                "bundesland": "Oberösterreich",
                "city2": "Urfahr Umgebung",
                "city": "Linz",
                "strasse": "Freistädter Straße 231",
                "date": "8.9.2025",
                "time": "0:37:43"
            }
        },
        {
            "type": "Feature",
            "geometry": {
                "type": "Point",
                "coordinates": [
                    13.8435871,
                    46.5939688
                ]
            },
            "properties": {
                "id": "INFT-AJJL58",
                "name": "Turmöl Quick",
                "S98": "0",
                "S95": "1.463",
                "N": "0",
                "D": "1.462",
                "G": "0",
                "zip": "9500",
                "land": "at",
                "bundesland": "Kärnten",
                "city2": "Villach",
                "city": "Villach",
                "strasse": "Triglavstraße 1",
                "date": "8.9.2025",
                "time": "0:36:46"
            }
        },
        {
            "type": "Feature",
            "geometry": {
                "type": "Point",
                "coordinates": [
                    10.0052375,
                    47.123429
                ]
            },
            "properties": {
                "id": "INFT-AJJKQN",
                "name": "Disk TANKAUTOMAT",
                "S98": "0",
                "S95": "1.464",
                "N": "0",
                "D": "1.484",
                "G": "0",
                "zip": "6752",
                "land": "at",
                "bundesland": "Vorarlberg",
                "city2": "Bludenz",
                "city": "Dalaas",
                "strasse": "Klostertalerstraße 100",
                "date": "8.9.2025",
                "time": "0:38:20"
            }
        },
        {
            "type": "Feature",
            "geometry": {
                "type": "Point",
                "coordinates": [
                    12.3338164,
                    46.9151971
                ]
            },
            "properties": {
                "id": "INFT-AJJKYM",
                "name": "Turmöl Quick",
                "S98": "0",
                "S95": "1.489",
                "N": "0",
                "D": "1.489",
                "G": "0",
                "zip": "9963",
                "land": "at",
                "bundesland": "Tirol",
                "city2": "Lienz",
                "city": "St. Jakob",
                "strasse": "Innerrotte 50",
                "date": "8.9.2025",
                "time": "0:38:16"
            }
        },
        {
            "type": "Feature",
            "geometry": {
                "type": "Point",
                "coordinates": [
                    15.2361085,
                    46.8271642
                ]
            },
            "properties": {
                "id": "INFT-AJJKWL",
                "name": "Diesel-Klösch",
                "S98": "0",
                "S95": "0",
                "N": "0",
                "D": "1.448",
                "G": "0",
                "zip": "8530",
                "land": "at",
                "bundesland": "Steiermark",
                "city2": "Deutschlandsberg",
                "city": "Deutschlandsberg",
                "strasse": "Mostbauerstrasse 3",
                "date": "8.9.2025",
                "time": "0:37:54"
            }
        },
        {
            "type": "Feature",
            "geometry": {
                "type": "Point",
                "coordinates": [
                    16.600584649999995,
                    48.3577548
                ]
            },
            "properties": {
                "id": "INFT-AJJL69",
                "name": "Brenner",
                "S98": "0",
                "S95": "1.489",
                "N": "0",
                "D": "1.489",
                "G": "0",
                "zip": "2213",
                "land": "at",
                "bundesland": "Niederösterreich",
                "city2": "Mistelbach",
                "city": "Bockfließ",
                "strasse": "Wagramer Straße 16",
                "date": "8.9.2025",
                "time": "0:37:12"
            }
        },
        {
            "type": "Feature",
            "geometry": {
                "type": "Point",
                "coordinates": [
                    14.61341,
                    46.65757
                ]
            },
            "properties": {
                "id": "INFT-AJJLC2",
                "name": "Rudolf GmbH",
                "S98": "0",
                "S95": "0",
                "N": "0",
                "D": "1.489",
                "G": "0",
                "zip": "9100",
                "land": "at",
                "bundesland": "Kärnten",
                "city2": "Völkermarkt",
                "city": "Voelkermarkt",
                "strasse": "Klagenfurter Strasse 46",
                "date": "8.9.2025",
                "time": "0:36:53"
            }
        },
        {
            "type": "Feature",
            "geometry": {
                "type": "Point",
                "coordinates": [
                    15.0553276,
                    47.0239873
                ]
            },
            "properties": {
                "id": "INFT-AJJKNE",
                "name": "SB DISKONT plus",
                "S98": "0",
                "S95": "1.438",
                "N": "0",
                "D": "1.448",
                "G": "0",
                "zip": "8583",
                "land": "at",
                "bundesland": "Steiermark",
                "city2": "Voitsberg",
                "city": "Edelschrott",
                "strasse": "Packerstrasse 50",
                "date": "8.9.2025",
                "time": "0:38:4"
            }
        },
        {
            "type": "Feature",
            "geometry": {
                "type": "Point",
                "coordinates": [
                    16.6948144,
                    48.3976496
                ]
            },
            "properties": {
                "id": "INFT-AJJKX4",
                "name": "Turmöl Quick",
                "S98": "0",
                "S95": "1.447",
                "N": "0",
                "D": "1.474",
                "G": "0",
                "zip": "2243",
                "land": "at",
                "bundesland": "Niederösterreich",
                "city2": "Gänserndorf",
                "city": "Matzen",
                "strasse": "Reyerdorfer Straße 4a",
                "date": "8.9.2025",
                "time": "0:37:2"
            }
        },
        {
            "type": "Feature",
            "geometry": {
                "type": "Point",
                "coordinates": [
                    14.0346315,
                    48.1670468
                ]
            },
            "properties": {
                "id": "INFT-AJJL3N",
                "name": "AVIA Xpress",
                "S98": "0",
                "S95": "1.45",
                "N": "0",
                "D": "1.47",
                "G": "0",
                "zip": "4600",
                "land": "at",
                "bundesland": "Oberösterreich",
                "city2": "Wels",
                "city": "Wels",
                "strasse": "Reitschulgasse 9",
                "date": "8.9.2025",
                "time": "0:37:26"
            }
        },
        {
            "type": "Feature",
            "geometry": {
                "type": "Point",
                "coordinates": [
                    13.44392,
                    48.43865
                ]
            },
            "properties": {
                "id": "INFT-AJJKXX",
                "name": "AVANTI - Sankt Florian/Inn Bundesstraße 129",
                "S98": "0",
                "S95": "1.494",
                "N": "0",
                "D": "1.479",
                "G": "0",
                "zip": "4780",
                "land": "at",
                "bundesland": "Oberösterreich",
                "city2": "Schärding",
                "city": "Sankt Florian/Inn",
                "strasse": "Bundesstrasse 129",
                "date": "8.9.2025",
                "time": "0:37:42"
            }
        },
        {
            "type": "Feature",
            "geometry": {
                "type": "Point",
                "coordinates": [
                    14.37077,
                    46.63785
                ]
            },
            "properties": {
                "id": "INFT-AJJKRK",
                "name": "AVANTI - Klagenfurt Görtschitztal Straße 22",
                "S98": "0",
                "S95": "1.446",
                "N": "0",
                "D": "1.453",
                "G": "0",
                "zip": "9020",
                "land": "at",
                "bundesland": "Kärnten",
                "city2": "Klagenfurt Land",
                "city": "Klagenfurt",
                "strasse": "Görtschitztal Strasse 22",
                "date": "8.9.2025",
                "time": "0:36:45"
            }
        },
        {
            "type": "Feature",
            "geometry": {
                "type": "Point",
                "coordinates": [
                    16.462057,
                    48.147895
                ]
            },
            "properties": {
                "id": "INFT-AJJKYV",
                "name": "Diskont Tankstelle",
                "S98": "0",
                "S95": "1.442",
                "N": "0",
                "D": "1.469",
                "G": "0",
                "zip": "1110",
                "land": "at",
                "bundesland": "Wien",
                "city2": "Simmering",
                "city": "Wien",
                "strasse": "Simmeringer Hauptstraße 334 (Hofer Parkplatz)",
                "date": "8.9.2025",
                "time": "0:38:28"
            }
        },
        {
            "type": "Feature",
            "geometry": {
                "type": "Point",
                "coordinates": [
                    14.009414,
                    48.36248
                ]
            },
            "properties": {
                "id": "INFT-AJJL7F",
                "name": "GENOL-LH EFERDING-OÖ. MITTE eGen",
                "S98": "0",
                "S95": "0",
                "N": "0",
                "D": "1.489",
                "G": "0",
                "zip": "4082",
                "land": "at",
                "bundesland": "Oberösterreich",
                "city2": "Eferding",
                "city": "ASCHACH AN DER DONAU",
                "strasse": "BAHNHOFSTRASSE 25",
                "date": "8.9.2025",
                "time": "0:37:28"
            }
        },
        {
            "type": "Feature",
            "geometry": {
                "type": "Point",
                "coordinates": [
                    15.9208267,
                    48.5293754
                ]
            },
            "properties": {
                "id": "INFT-AJJL8P",
                "name": "Lagerhaus - Genol",
                "S98": "0",
                "S95": "1.489",
                "N": "0",
                "D": "1.494",
                "G": "0",
                "zip": "3710",
                "land": "at",
                "bundesland": "Niederösterreich",
                "city2": "Hollabrunn",
                "city": "Ziersdorf",
                "strasse": "Hornerstrasse  43",
                "date": "8.9.2025",
                "time": "0:37:4"
            }
        },
        {
            "type": "Feature",
            "geometry": {
                "type": "Point",
                "coordinates": [
                    16.8486015,
                    48.466849
                ]
            },
            "properties": {
                "id": "INFT-AJJKX2",
                "name": "Turmöl Quick",
                "S98": "0",
                "S95": "1.447",
                "N": "0",
                "D": "1.474",
                "G": "0",
                "zip": "2263",
                "land": "at",
                "bundesland": "Niederösterreich",
                "city2": "Gänserndorf",
                "city": "Dürnkrut",
                "strasse": "Bernsteinstraße 48",
                "date": "8.9.2025",
                "time": "0:37:2"
            }
        },
        {
            "type": "Feature",
            "geometry": {
                "type": "Point",
                "coordinates": [
                    15.0887587,
                    47.3789195
                ]
            },
            "properties": {
                "id": "INFT-AJJKNW",
                "name": "Turmöl Quick",
                "S98": "0",
                "S95": "1.454",
                "N": "0",
                "D": "0",
                "G": "0",
                "zip": "8700",
                "land": "at",
                "bundesland": "Steiermark",
                "city2": "Leoben",
                "city": "Leoben",
                "strasse": "Zeltenschlagstraße 2",
                "date": "8.9.2025",
                "time": "0:37:59"
            }
        },
        {
            "type": "Feature",
            "geometry": {
                "type": "Point",
                "coordinates": [
                    11.0373365,
                    47.2917213
                ]
            },
            "properties": {
                "id": "INFT-AJJKLY",
                "name": "Disk TANKAUTOMAT",
                "S98": "0",
                "S95": "1.609",
                "N": "0",
                "D": "1.629",
                "G": "0",
                "zip": "6421",
                "land": "at",
                "bundesland": "Tirol",
                "city2": "Imst",
                "city": "Rietz",
                "strasse": "Bundesstraße 32",
                "date": "8.9.2025",
                "time": "0:38:10"
            }
        },
        {
            "type": "Feature",
            "geometry": {
                "type": "Point",
                "coordinates": [
                    13.2523853,
                    46.6283556
                ]
            },
            "properties": {
                "id": "INFT-AJJKS9",
                "name": "eni/Zankl GmbH",
                "S98": "0",
                "S95": "1.539",
                "N": "0",
                "D": "1.549",
                "G": "0",
                "zip": "9631",
                "land": "at",
                "bundesland": "Kärnten",
                "city2": "Hermagor",
                "city": "Jenig",
                "strasse": "Jenig 7",
                "date": "8.9.2025",
                "time": "0:36:48"
            }
        },
        {
            "type": "Feature",
            "geometry": {
                "type": "Point",
                "coordinates": [
                    13.99537,
                    48.35956
                ]
            },
            "properties": {
                "id": "INFT-AJJL78",
                "name": "AVANTI - Hartkirchen Schaunbergstraße 20",
                "S98": "0",
                "S95": "1.459",
                "N": "0",
                "D": "1.474",
                "G": "0",
                "zip": "4081",
                "land": "at",
                "bundesland": "Oberösterreich",
                "city2": "Eferding",
                "city": "Hartkirchen",
                "strasse": "Schaunbergstrasse 20",
                "date": "8.9.2025",
                "time": "0:37:29"
            }
        },
        {
            "type": "Feature",
            "geometry": {
                "type": "Point",
                "coordinates": [
                    14.191680598162456,
                    47.10981058881867
                ]
            },
            "properties": {
                "id": "INFT-AJJKYE",
                "name": "Sprint - Landforst Murau",
                "S98": "0",
                "S95": "1.492",
                "N": "0",
                "D": "0",
                "G": "0",
                "zip": "8850",
                "land": "at",
                "bundesland": "Steiermark",
                "city2": "Murau",
                "city": "Murau",
                "strasse": "Römersiedlung 61",
                "date": "8.9.2025",
                "time": "0:38:2"
            }
        },
        {
            "type": "Feature",
            "geometry": {
                "type": "Point",
                "coordinates": [
                    12.8275541,
                    47.2811667
                ]
            },
            "properties": {
                "id": "INFT-AJJKQD",
                "name": "Lagerhaus-Tankstelle 24 h ",
                "S98": "0",
                "S95": "1.519",
                "N": "0",
                "D": "1.539",
                "G": "0",
                "zip": "5671",
                "land": "at",
                "bundesland": "Salzburg",
                "city2": "Zell am See",
                "city": "Bruck",
                "strasse": "Gewerbestrasse 12",
                "date": "8.9.2025",
                "time": "0:37:52"
            }
        },
        {
            "type": "Feature",
            "geometry": {
                "type": "Point",
                "coordinates": [
                    14.052246,
                    48.4412627
                ]
            },
            "properties": {
                "id": "INFT-AJJKVN",
                "name": "Genol - Lagerhaus",
                "S98": "0",
                "S95": "0",
                "N": "0",
                "D": "1.489",
                "G": "0",
                "zip": "4174",
                "land": "at",
                "bundesland": "Oberösterreich",
                "city2": "Rohrbach",
                "city": "Niederwaldkirchen",
                "strasse": "Drautendorf 54",
                "date": "8.9.2025",
                "time": "0:37:39"
            }
        },
        {
            "type": "Feature",
            "geometry": {
                "type": "Point",
                "coordinates": [
                    14.043058,
                    48.165209
                ]
            },
            "properties": {
                "id": "INFT-AJJL3P",
                "name": "Turmöl Quick",
                "S98": "0",
                "S95": "1.451",
                "N": "0",
                "D": "1.467",
                "G": "0",
                "zip": "4600",
                "land": "at",
                "bundesland": "Oberösterreich",
                "city2": "Wels",
                "city": "Wels",
                "strasse": "Linzerstraße 92a",
                "date": "8.9.2025",
                "time": "0:37:26"
            }
        },
        {
            "type": "Feature",
            "geometry": {
                "type": "Point",
                "coordinates": [
                    15.3179707,
                    46.8242704
                ]
            },
            "properties": {
                "id": "INFT-AJJKWK",
                "name": "Treibstoffparadies",
                "S98": "0",
                "S95": "1.459",
                "N": "0",
                "D": "1.459",
                "G": "0",
                "zip": "8522",
                "land": "at",
                "bundesland": "Steiermark",
                "city2": "Leibnitz",
                "city": "Gr. St. Florian",
                "strasse": "Grazerstraße 2",
                "date": "8.9.2025",
                "time": "0:37:55"
            }
        },
        {
            "type": "Feature",
            "geometry": {
                "type": "Point",
                "coordinates": [
                    15.1753462,
                    48.7566554
                ]
            },
            "properties": {
                "id": "INFT-AJJKXG",
                "name": "Genol",
                "S98": "0",
                "S95": "1.559",
                "N": "0",
                "D": "1.569",
                "G": "0",
                "zip": "3902",
                "land": "at",
                "bundesland": "Niederösterreich",
                "city2": "Waidhofen/Thaya",
                "city": "Vitis",
                "strasse": "Raiffeisenstraße 19",
                "date": "8.9.2025",
                "time": "0:37:20"
            }
        },
        {
            "type": "Feature",
            "geometry": {
                "type": "Point",
                "coordinates": [
                    14.25294,
                    48.27299
                ]
            },
            "properties": {
                "id": "INFT-AJJL74",
                "name": "AVANTI - Leonding Paschinger Straße 54",
                "S98": "0",
                "S95": "1.444",
                "N": "0",
                "D": "1.459",
                "G": "0",
                "zip": "4060",
                "land": "at",
                "bundesland": "Oberösterreich",
                "city2": "Linz Land",
                "city": "Leonding",
                "strasse": "Paschinger Strasse 54",
                "date": "8.9.2025",
                "time": "0:37:35"
            }
        },
        {
            "type": "Feature",
            "geometry": {
                "type": "Point",
                "coordinates": [
                    13.771423,
                    47.884276
                ]
            },
            "properties": {
                "id": "INFT-AJJKT4",
                "name": "Turmöl Quick",
                "S98": "0",
                "S95": "1.447",
                "N": "0",
                "D": "1.476",
                "G": "0",
                "zip": "4813",
                "land": "at",
                "bundesland": "Oberösterreich",
                "city2": "Gmunden",
                "city": "Altmünster",
                "strasse": "Nachdemsee 12",
                "date": "8.9.2025",
                "time": "0:37:31"
            }
        },
        {
            "type": "Feature",
            "geometry": {
                "type": "Point",
                "coordinates": [
                    16.32173,
                    48.19039
                ]
            },
            "properties": {
                "id": "INFT-AJJKWX",
                "name": "Shell Austria",
                "S98": "0",
                "S95": "1.469",
                "N": "0",
                "D": "1.489",
                "G": "0",
                "zip": "1150",
                "land": "at",
                "bundesland": "Wien",
                "city2": "Rudolfsheim",
                "city": "WIEN",
                "strasse": "LINZER STR 2A",
                "date": "8.9.2025",
                "time": "0:38:31"
            }
        },
        {
            "type": "Feature",
            "geometry": {
                "type": "Point",
                "coordinates": [
                    16.3201416,
                    47.0781445
                ]
            },
            "properties": {
                "id": "INFT-AJJLBQ",
                "name": "Landestankstelle Güssing Partner Luisser",
                "S98": "0",
                "S95": "0",
                "N": "0",
                "D": "1.469",
                "G": "0",
                "zip": "7540",
                "land": "at",
                "bundesland": "Burgenland",
                "city2": "Güssing",
                "city": "Güssing ",
                "strasse": "Wiener Straße 62",
                "date": "8.9.2025",
                "time": "0:36:37"
            }
        },
        {
            "type": "Feature",
            "geometry": {
                "type": "Point",
                "coordinates": [
                    15.7864336,
                    48.5171956
                ]
            },
            "properties": {
                "id": "INFT-AJJL96",
                "name": "Lagerhaus - Genol",
                "S98": "0",
                "S95": "0",
                "N": "0",
                "D": "1.494",
                "G": "0",
                "zip": "3473",
                "land": "at",
                "bundesland": "Niederösterreich",
                "city2": "Hollabrunn",
                "city": "Mühlbach am Manhartsberg",
                "strasse": "Mühlbach 93",
                "date": "8.9.2025",
                "time": "0:37:4"
            }
        },
        {
            "type": "Feature",
            "geometry": {
                "type": "Point",
                "coordinates": [
                    15.1978073,
                    48.317241
                ]
            },
            "properties": {
                "id": "INFT-AJJL2X",
                "name": "AVIA XPress (unser Service: Luft und Wasser)",
                "S98": "0",
                "S95": "1.454",
                "N": "0",
                "D": "0",
                "G": "0",
                "zip": "3650",
                "land": "at",
                "bundesland": "Niederösterreich",
                "city2": "Melk",
                "city": "Pöggstall",
                "strasse": "Tavernplatz 9a",
                "date": "8.9.2025",
                "time": "0:37:11"
            }
        },
        {
            "type": "Feature",
            "geometry": {
                "type": "Point",
                "coordinates": [
                    16.29075,
                    47.98609
                ]
            },
            "properties": {
                "id": "INFT-AJJLA4",
                "name": "AVANTI - Oeynhausen Ebreichsdorfer Straße 28",
                "S98": "0",
                "S95": "1.423",
                "N": "0",
                "D": "1.439",
                "G": "0",
                "zip": "2512",
                "land": "at",
                "bundesland": "Niederösterreich",
                "city2": "Baden",
                "city": "Oeynhausen",
                "strasse": "Ebreichsdorfer Strasse 28",
                "date": "8.9.2025",
                "time": "0:36:59"
            }
        },
        {
            "type": "Feature",
            "geometry": {
                "type": "Point",
                "coordinates": [
                    15.9573163,
                    47.6727758
                ]
            },
            "properties": {
                "id": "INFT-AJJKKZ",
                "name": "Turmöl Quick",
                "S98": "0",
                "S95": "1.444",
                "N": "0",
                "D": "1.474",
                "G": "0",
                "zip": "2640",
                "land": "at",
                "bundesland": "Niederösterreich",
                "city2": "Neunkirchen",
                "city": "Gloggnitz",
                "strasse": "Wiener Straße 106",
                "date": "8.9.2025",
                "time": "0:37:14"
            }
        },
        {
            "type": "Feature",
            "geometry": {
                "type": "Point",
                "coordinates": [
                    14.5043854,
                    48.5140105
                ]
            },
            "properties": {
                "id": "INFT-AJJKTT",
                "name": "Schaumberger GesmbH",
                "S98": "0",
                "S95": "0",
                "N": "0",
                "D": "1.474",
                "G": "0",
                "zip": "4240",
                "land": "at",
                "bundesland": "Oberösterreich",
                "city2": "Freistadt",
                "city": "Freistadt",
                "strasse": "Froschau 10",
                "date": "8.9.2025",
                "time": "0:37:29"
            }
        },
        {
            "type": "Feature",
            "geometry": {
                "type": "Point",
                "coordinates": [
                    14.8463902,
                    46.7585275
                ]
            },
            "properties": {
                "id": "INFT-AJJKP9",
                "name": "Landesprodukte Scheiber",
                "S98": "0",
                "S95": "0",
                "N": "0",
                "D": "1.83",
                "G": "0",
                "zip": "9433",
                "land": "at",
                "bundesland": "Kärnten",
                "city2": "Wolfsberg",
                "city": "St. Andrä",
                "strasse": "Jakling 6",
                "date": "8.9.2025",
                "time": "0:36:54"
            }
        },
        {
            "type": "Feature",
            "geometry": {
                "type": "Point",
                "coordinates": [
                    16.711388,
                    48.3350589
                ]
            },
            "properties": {
                "id": "INFT-AJJKWZ",
                "name": "Turmöl Quick",
                "S98": "0",
                "S95": "1.447",
                "N": "0",
                "D": "1.474",
                "G": "0",
                "zip": "2230",
                "land": "at",
                "bundesland": "Niederösterreich",
                "city2": "Gänserndorf",
                "city": "Gänserndorf",
                "strasse": "Wienerstraße 14",
                "date": "8.9.2025",
                "time": "0:37:2"
            }
        },
        {
            "type": "Feature",
            "geometry": {
                "type": "Point",
                "coordinates": [
                    14.72846,
                    46.70256
                ]
            },
            "properties": {
                "id": "INFT-AJJLBS",
                "name": "AVANTI - Griffen",
                "S98": "0",
                "S95": "1.458",
                "N": "0",
                "D": "1.469",
                "G": "0",
                "zip": "9112",
                "land": "at",
                "bundesland": "Kärnten",
                "city2": "Völkermarkt",
                "city": "Griffen",
                "strasse": " ",
                "date": "8.9.2025",
                "time": "0:36:53"
            }
        },
        {
            "type": "Feature",
            "geometry": {
                "type": "Point",
                "coordinates": [
                    15.6345625,
                    47.1919833
                ]
            },
            "properties": {
                "id": "INFT-AJJL4G",
                "name": "Treibstoffparadies",
                "S98": "0",
                "S95": "1.478",
                "N": "0",
                "D": "0",
                "G": "0",
                "zip": "8160",
                "land": "at",
                "bundesland": "Steiermark",
                "city2": "Weiz",
                "city": "Greith b. Weiz",
                "strasse": "Untergreith Nr. 8a",
                "date": "8.9.2025",
                "time": "0:38:5"
            }
        },
        {
            "type": "Feature",
            "geometry": {
                "type": "Point",
                "coordinates": [
                    16.4324706,
                    47.5591137
                ]
            },
            "properties": {
                "id": "INFT-AJJKW8",
                "name": "Turmöl Quick",
                "S98": "0",
                "S95": "1.475",
                "N": "0",
                "D": "1.475",
                "G": "0",
                "zip": "7341",
                "land": "at",
                "bundesland": "Burgenland",
                "city2": "Oberpullendorf",
                "city": "Markt Sankt Martin",
                "strasse": "Hauptstraße 78",
                "date": "8.9.2025",
                "time": "0:36:42"
            }
        },
        {
            "type": "Feature",
            "geometry": {
                "type": "Point",
                "coordinates": [
                    12.992052,
                    47.221419
                ]
            },
            "properties": {
                "id": "INFT-AJJKQ8",
                "name": "Lagerhaus-Tankstelle 24 h",
                "S98": "0",
                "S95": "1.519",
                "N": "0",
                "D": "1.539",
                "G": "0",
                "zip": "5661",
                "land": "at",
                "bundesland": "Salzburg",
                "city2": "Zell am See",
                "city": "Rauris",
                "strasse": "Oberer Markt 15",
                "date": "8.9.2025",
                "time": "0:37:52"
            }
        },
        {
            "type": "Feature",
            "geometry": {
                "type": "Point",
                "coordinates": [
                    16.33505,
                    48.18452
                ]
            },
            "properties": {
                "id": "INFT-AJJL5Q",
                "name": "boesch energy, turmöl",
                "S98": "0",
                "S95": "1.537",
                "N": "0",
                "D": "1.557",
                "G": "0",
                "zip": "1120",
                "land": "at",
                "bundesland": "Wien",
                "city2": "Meidling",
                "city": "Wien",
                "strasse": "Schoenbrunner Strasse 213",
                "date": "8.9.2025",
                "time": "0:38:29"
            }
        },
        {
            "type": "Feature",
            "geometry": {
                "type": "Point",
                "coordinates": [
                    14.9982722,
                    48.7693868
                ]
            },
            "properties": {
                "id": "INFT-AJJLAX",
                "name": "AVIA XPress (unser Service: Luft und Wasser)",
                "S98": "0",
                "S95": "1.549",
                "N": "0",
                "D": "1.559",
                "G": "0",
                "zip": "3950",
                "land": "at",
                "bundesland": "Niederösterreich",
                "city2": "Gmünd",
                "city": "Gmünd",
                "strasse": "Schremser Straße 50",
                "date": "8.9.2025",
                "time": "0:37:3"
            }
        },
        {
            "type": "Feature",
            "geometry": {
                "type": "Point",
                "coordinates": [
                    14.5047,
                    48.515211
                ]
            },
            "properties": {
                "id": "INFT-AJJKTQ",
                "name": "GENOL-LAGERHAUS",
                "S98": "0",
                "S95": "1.526",
                "N": "0",
                "D": "0",
                "G": "0",
                "zip": "4240",
                "land": "at",
                "bundesland": "Oberösterreich",
                "city2": "Freistadt",
                "city": "Freistadt",
                "strasse": "Scharizerstrasse 2",
                "date": "8.9.2025",
                "time": "0:37:30"
            }
        },
        {
            "type": "Feature",
            "geometry": {
                "type": "Point",
                "coordinates": [
                    13.347336,
                    48.172218
                ]
            },
            "properties": {
                "id": "INFT-AJJL3V",
                "name": "AVIA Xpress (Automaten-Tankstelle)",
                "S98": "0",
                "S95": "1.482",
                "N": "0",
                "D": "1.492",
                "G": "0",
                "zip": "4931",
                "land": "at",
                "bundesland": "Oberösterreich",
                "city2": "Ried",
                "city": "Mettmach",
                "strasse": "Rieder Straße 17",
                "date": "8.9.2025",
                "time": "0:37:38"
            }
        },
        {
            "type": "Feature",
            "geometry": {
                "type": "Point",
                "coordinates": [
                    16.37405,
                    48.2997
                ]
            },
            "properties": {
                "id": "INFT-AJJKSW",
                "name": "AVANTI - Langenzersdorf Wiener Straße 176-196",
                "S98": "0",
                "S95": "1.451",
                "N": "0",
                "D": "1.475",
                "G": "0",
                "zip": "2103",
                "land": "at",
                "bundesland": "Niederösterreich",
                "city2": "Korneuburg",
                "city": "Langenzersdorf",
                "strasse": "Wiener Strasse 176-196",
                "date": "8.9.2025",
                "time": "0:37:7"
            }
        },
        {
            "type": "Feature",
            "geometry": {
                "type": "Point",
                "coordinates": [
                    15.94180584,
                    48.33325905
                ]
            },
            "properties": {
                "id": "INFT-AJJKTH",
                "name": "Schildecker-DISKONT",
                "S98": "0",
                "S95": "1.429",
                "N": "0",
                "D": "1.439",
                "G": "0",
                "zip": "3435",
                "land": "at",
                "bundesland": "Niederösterreich",
                "city2": "Tulln",
                "city": "Pischelsdorf",
                "strasse": "Industriegelände Objekt 2",
                "date": "8.9.2025",
                "time": "0:37:18"
            }
        },
        {
            "type": "Feature",
            "geometry": {
                "type": "Point",
                "coordinates": [
                    13.971261978149414,
                    48.254009723698374
                ]
            },
            "properties": {
                "id": "INFT-AJJL79",
                "name": "Land-lebt-auf",
                "S98": "0",
                "S95": "1.519",
                "N": "0",
                "D": "0",
                "G": "0",
                "zip": "4075",
                "land": "at",
                "bundesland": "Oberösterreich",
                "city2": "Eferding",
                "city": "Breitenaich",
                "strasse": "Breitenaich 100",
                "date": "8.9.2025",
                "time": "0:37:29"
            }
        },
        {
            "type": "Feature",
            "geometry": {
                "type": "Point",
                "coordinates": [
                    11.8807031,
                    47.4370676
                ]
            },
            "properties": {
                "id": "INFT-AJJL25",
                "name": "AP Brixlegg",
                "S98": "0",
                "S95": "1.439",
                "N": "0",
                "D": "1.479",
                "G": "0",
                "zip": "6230",
                "land": "at",
                "bundesland": "Tirol",
                "city2": "Kufstein",
                "city": "Brixlegg",
                "strasse": "Niederfeldweg 9a",
                "date": "8.9.2025",
                "time": "0:38:14"
            }
        },
        {
            "type": "Feature",
            "geometry": {
                "type": "Point",
                "coordinates": [
                    13.907774,
                    48.6786932
                ]
            },
            "properties": {
                "id": "INFT-AJJKVQ",
                "name": "LKW - Genol Lagerhaus",
                "S98": "0",
                "S95": "0",
                "N": "0",
                "D": "1.489",
                "G": "0",
                "zip": "4161",
                "land": "at",
                "bundesland": "Oberösterreich",
                "city2": "Rohrbach",
                "city": "Ulrichsberg",
                "strasse": "Dreisesselbergstrasse 19",
                "date": "8.9.2025",
                "time": "0:37:39"
            }
        },
        {
            "type": "Feature",
            "geometry": {
                "type": "Point",
                "coordinates": [
                    15.9091111,
                    47.7887601
                ]
            },
            "properties": {
                "id": "INFT-AJJKL2",
                "name": "M3 Puchberg ",
                "S98": "0",
                "S95": "1.479",
                "N": "0",
                "D": "1.489",
                "G": "0",
                "zip": "2734",
                "land": "at",
                "bundesland": "Niederösterreich",
                "city2": "Neunkirchen",
                "city": "Puchberg am Schneeberg",
                "strasse": "Schneeberg 29",
                "date": "8.9.2025",
                "time": "0:37:14"
            }
        },
        {
            "type": "Feature",
            "geometry": {
                "type": "Point",
                "coordinates": [
                    14.752343555960577,
                    47.00204351681318
                ]
            },
            "properties": {
                "id": "INFT-AJJKP4",
                "name": "F. LEITNER",
                "S98": "0",
                "S95": "1.464",
                "N": "0",
                "D": "1.464",
                "G": "0",
                "zip": "9463",
                "land": "at",
                "bundesland": "Steiermark",
                "city2": "Judenburg",
                "city": "Reichenfels",
                "strasse": "Industriestraße 1",
                "date": "8.9.2025",
                "time": "0:36:54"
            }
        },
        {
            "type": "Feature",
            "geometry": {
                "type": "Point",
                "coordinates": [
                    13.207326,
                    46.930587
                ]
            },
            "properties": {
                "id": "INFT-AJJKRZ",
                "name": "Wulz",
                "S98": "0",
                "S95": "0",
                "N": "0",
                "D": "1.499",
                "G": "0",
                "zip": "9821",
                "land": "at",
                "bundesland": "Kärnten",
                "city2": "Spittal",
                "city": "Obervellach",
                "strasse": "Obervellach",
                "date": "8.9.2025",
                "time": "0:36:50"
            }
        },
        {
            "type": "Feature",
            "geometry": {
                "type": "Point",
                "coordinates": [
                    13.8195391,
                    48.7363868
                ]
            },
            "properties": {
                "id": "INFT-AJJKVR",
                "name": "LKW - Tankstelle",
                "S98": "0",
                "S95": "0",
                "N": "0",
                "D": "1.489",
                "G": "0",
                "zip": "4164",
                "land": "at",
                "bundesland": "Oberösterreich",
                "city2": "Rohrbach",
                "city": "Schwarzenberg",
                "strasse": "Schwarzenberg 168",
                "date": "8.9.2025",
                "time": "0:37:40"
            }
        },
        {
            "type": "Feature",
            "geometry": {
                "type": "Point",
                "coordinates": [
                    16.334813,
                    48.20462
                ]
            },
            "properties": {
                "id": "INFT-AJJL7Y",
                "name": "NNB BRUNNENTANKSTELLE",
                "S98": "0",
                "S95": "1.498",
                "N": "0",
                "D": "1.499",
                "G": "0",
                "zip": "1160",
                "land": "at",
                "bundesland": "Wien",
                "city2": "Ottakring",
                "city": "WIEN",
                "strasse": "Brunnengasse 4",
                "date": "8.9.2025",
                "time": "0:38:31"
            }
        },
        {
            "type": "Feature",
            "geometry": {
                "type": "Point",
                "coordinates": [
                    10.9373833,
                    47.2687587
                ]
            },
            "properties": {
                "id": "INFT-AJJKM4",
                "name": "Disk TANKAUTOMAT",
                "S98": "0",
                "S95": "1.589",
                "N": "0",
                "D": "1.589",
                "G": "0",
                "zip": "6424",
                "land": "at",
                "bundesland": "Tirol",
                "city2": "Innsbruck Land",
                "city": "Silz",
                "strasse": "Tirolerstraße 14",
                "date": "8.9.2025",
                "time": "0:38:10"
            }
        },
        {
            "type": "Feature",
            "geometry": {
                "type": "Point",
                "coordinates": [
                    12.4911117,
                    47.2851698
                ]
            },
            "properties": {
                "id": "INFT-AJJKQ7",
                "name": "Turmöl Quick",
                "S98": "0",
                "S95": "1.525",
                "N": "0",
                "D": "0",
                "G": "0",
                "zip": "5730",
                "land": "at",
                "bundesland": "Salzburg",
                "city2": "Zell am See",
                "city": "Mittersill",
                "strasse": "Zellerstraße 26",
                "date": "8.9.2025",
                "time": "0:37:52"
            }
        },
        {
            "type": "Feature",
            "geometry": {
                "type": "Point",
                "coordinates": [
                    14.8505684,
                    46.7871055
                ]
            },
            "properties": {
                "id": "INFT-AJJKPA",
                "name": "GUTSCHE",
                "S98": "0",
                "S95": "0",
                "N": "0",
                "D": "1.54",
                "G": "0",
                "zip": "9431",
                "land": "at",
                "bundesland": "Kärnten",
                "city2": "Wolfsberg",
                "city": "St. Stefan",
                "strasse": "Wolkersdorf 42",
                "date": "8.9.2025",
                "time": "0:36:54"
            }
        },
        {
            "type": "Feature",
            "geometry": {
                "type": "Point",
                "coordinates": [
                    14.5475483,
                    48.4734549
                ]
            },
            "properties": {
                "id": "INFT-AJJKTP",
                "name": "GENOL-LAGERHAUS",
                "S98": "0",
                "S95": "1.526",
                "N": "0",
                "D": "0",
                "G": "0",
                "zip": "4291",
                "land": "at",
                "bundesland": "Oberösterreich",
                "city2": "Freistadt",
                "city": "Lasberg",
                "strasse": "Oswalderstrasse 33",
                "date": "8.9.2025",
                "time": "0:37:30"
            }
        },
        {
            "type": "Feature",
            "geometry": {
                "type": "Point",
                "coordinates": [
                    14.05164,
                    48.57546
                ]
            },
            "properties": {
                "id": "INFT-AJJKVM",
                "name": "OMV Fast Lane - Haslach an der Mühl Sternwaldstraße 45",
                "S98": "0",
                "S95": "1.477",
                "N": "0",
                "D": "0",
                "G": "0",
                "zip": "4170",
                "land": "at",
                "bundesland": "Oberösterreich",
                "city2": "Rohrbach",
                "city": "Haslach an der Muehl",
                "strasse": "Sternwaldstrasse 45",
                "date": "8.9.2025",
                "time": "0:37:40"
            }
        },
        {
            "type": "Feature",
            "geometry": {
                "type": "Point",
                "coordinates": [
                    16.092691,
                    47.373778
                ]
            },
            "properties": {
                "id": "INFT-AJJKTW",
                "name": "Rekord-Tankstelle",
                "S98": "0",
                "S95": "0",
                "N": "0",
                "D": "1.478",
                "G": "0",
                "zip": "7423",
                "land": "at",
                "bundesland": "Burgenland",
                "city2": "Oberwart",
                "city": "Pinkafeld",
                "strasse": "Wirtschaftspark-West 9",
                "date": "8.9.2025",
                "time": "0:36:43"
            }
        },
        {
            "type": "Feature",
            "geometry": {
                "type": "Point",
                "coordinates": [
                    14.4024476,
                    46.800983
                ]
            },
            "properties": {
                "id": "INFT-AJJKRU",
                "name": "Steindorfer Mail",
                "S98": "0",
                "S95": "1.499",
                "N": "0",
                "D": "1.499",
                "G": "0",
                "zip": "9300",
                "land": "at",
                "bundesland": "Kärnten",
                "city2": "St. Veit",
                "city": "Sankt Veit an der Glan",
                "strasse": "Mail Süd 1-5",
                "date": "8.9.2025",
                "time": "0:36:50"
            }
        },
        {
            "type": "Feature",
            "geometry": {
                "type": "Point",
                "coordinates": [
                    12.44904,
                    47.54417
                ]
            },
            "properties": {
                "id": "INFT-AJJL2B",
                "name": "AVANTI - Kirchdorf in Tirol Innsbrucker Straße 51",
                "S98": "0",
                "S95": "1.509",
                "N": "0",
                "D": "1.499",
                "G": "0",
                "zip": "6383",
                "land": "at",
                "bundesland": "Tirol",
                "city2": "Kitzbühel",
                "city": "Kirchdorf in Tirol",
                "strasse": "Innsbrucker Strasse 51",
                "date": "8.9.2025",
                "time": "0:38:12"
            }
        },
        {
            "type": "Feature",
            "geometry": {
                "type": "Point",
                "coordinates": [
                    17.0054015,
                    47.9839221
                ]
            },
            "properties": {
                "id": "INFT-AJJL9R",
                "name": "Pamer GmbH",
                "S98": "0",
                "S95": "0",
                "N": "0",
                "D": "1.489",
                "G": "0",
                "zip": "2424",
                "land": "at",
                "bundesland": "Burgenland",
                "city2": "Neusiedl am See",
                "city": "Zurndorf",
                "strasse": "Wirtschaftsweg 2",
                "date": "8.9.2025",
                "time": "0:36:40"
            }
        },
        {
            "type": "Feature",
            "geometry": {
                "type": "Point",
                "coordinates": [
                    14.1836354,
                    48.3354792
                ]
            },
            "properties": {
                "id": "INFT-AJJKVE",
                "name": "PINK - so pink, so clever",
                "S98": "0",
                "S95": "1.446",
                "N": "0",
                "D": "1.461",
                "G": "0",
                "zip": "4100",
                "land": "at",
                "bundesland": "Oberösterreich",
                "city2": "Urfahr Umgebung",
                "city": "Ottensheim",
                "strasse": "Linzer-Straße 60",
                "date": "8.9.2025",
                "time": "0:37:43"
            }
        },
        {
            "type": "Feature",
            "geometry": {
                "type": "Point",
                "coordinates": [
                    12.4044,
                    47.6481
                ]
            },
            "properties": {
                "id": "INFT-AJJL2D",
                "name": "BELLINGER, freie Tankstelle",
                "S98": "0",
                "S95": "1.539",
                "N": "0",
                "D": "0",
                "G": "0",
                "zip": "6385",
                "land": "at",
                "bundesland": "Tirol",
                "city2": "Kitzbühel",
                "city": "Schwendt bei Kössen",
                "strasse": "Unterschwendt 46",
                "date": "8.9.2025",
                "time": "0:38:13"
            }
        },
        {
            "type": "Feature",
            "geometry": {
                "type": "Point",
                "coordinates": [
                    15.8960945,
                    47.7917642
                ]
            },
            "properties": {
                "id": "INFT-AJJKL3",
                "name": "Paulischin",
                "S98": "0",
                "S95": "1.489",
                "N": "0",
                "D": "1.519",
                "G": "0",
                "zip": "2734",
                "land": "at",
                "bundesland": "Niederösterreich",
                "city2": "Neunkirchen",
                "city": "Puchberg",
                "strasse": " Unternbergweg 1",
                "date": "8.9.2025",
                "time": "0:37:14"
            }
        },
        {
            "type": "Feature",
            "geometry": {
                "type": "Point",
                "coordinates": [
                    14.970329,
                    48.762337
                ]
            },
            "properties": {
                "id": "INFT-AJJLAZ",
                "name": "Disk TANKAUTOMAT",
                "S98": "0",
                "S95": "1.549",
                "N": "0",
                "D": "1.559",
                "G": "0",
                "zip": "3950",
                "land": "at",
                "bundesland": "Niederösterreich",
                "city2": "Gmünd",
                "city": "Gmünd",
                "strasse": "Weitraer Straße 109",
                "date": "8.9.2025",
                "time": "0:37:3"
            }
        },
        {
            "type": "Feature",
            "geometry": {
                "type": "Point",
                "coordinates": [
                    14.0143393,
                    48.3021109
                ]
            },
            "properties": {
                "id": "INFT-AJJL7A",
                "name": "GENOL-LH EFERDING-OÖ. MITTE eGen",
                "S98": "0",
                "S95": "1.469",
                "N": "0",
                "D": "1.489",
                "G": "0",
                "zip": "4070",
                "land": "at",
                "bundesland": "Oberösterreich",
                "city2": "Eferding",
                "city": "EFERDING",
                "strasse": "BAHNHOFSTRASSE 51-55",
                "date": "8.9.2025",
                "time": "0:37:29"
            }
        },
        {
            "type": "Feature",
            "geometry": {
                "type": "Point",
                "coordinates": [
                    15.408926010131836,
                    48.788983283912714
                ]
            },
            "properties": {
                "id": "INFT-AJJKXS",
                "name": "Genol Lagerhaus Tankstelle",
                "S98": "0",
                "S95": "0",
                "N": "0",
                "D": "1.569",
                "G": "0",
                "zip": "3812",
                "land": "at",
                "bundesland": "Niederösterreich",
                "city2": "Waidhofen/Thaya",
                "city": "Groß Siegharts",
                "strasse": "Silostraße 5",
                "date": "8.9.2025",
                "time": "0:37:19"
            }
        },
        {
            "type": "Feature",
            "geometry": {
                "type": "Point",
                "coordinates": [
                    14.8530872,
                    46.8580653
                ]
            },
            "properties": {
                "id": "INFT-AJJKP5",
                "name": "Treibstoffparadies ",
                "S98": "0",
                "S95": "1.454",
                "N": "0",
                "D": "1.464",
                "G": "0",
                "zip": "9413",
                "land": "at",
                "bundesland": "Kärnten",
                "city2": "Wolfsberg",
                "city": "St. Gertraud",
                "strasse": "Zellach 6b",
                "date": "8.9.2025",
                "time": "0:36:54"
            }
        },
        {
            "type": "Feature",
            "geometry": {
                "type": "Point",
                "coordinates": [
                    16.5336044,
                    47.8328353
                ]
            },
            "properties": {
                "id": "INFT-AJJKKU",
                "name": "Tanke Blaguss",
                "S98": "0",
                "S95": "0",
                "N": "0",
                "D": "1.465",
                "G": "0",
                "zip": "7000",
                "land": "at",
                "bundesland": "Burgenland",
                "city2": "Eisenstadt",
                "city": "Eisenstadt",
                "strasse": "Industriestraße",
                "date": "8.9.2025",
                "time": "0:36:37"
            }
        },
        {
            "type": "Feature",
            "geometry": {
                "type": "Point",
                "coordinates": [
                    15.1369005,
                    47.0547254
                ]
            },
            "properties": {
                "id": "INFT-AJJKNF",
                "name": "SB DISKONT plus",
                "S98": "0",
                "S95": "1.438",
                "N": "0",
                "D": "1.448",
                "G": "0",
                "zip": "8570",
                "land": "at",
                "bundesland": "Steiermark",
                "city2": "Voitsberg",
                "city": "Bärnbach",
                "strasse": "Packerstrasse 4",
                "date": "8.9.2025",
                "time": "0:38:4"
            }
        },
        {
            "type": "Feature",
            "geometry": {
                "type": "Point",
                "coordinates": [
                    12.3882226,
                    47.4964984
                ]
            },
            "properties": {
                "id": "INFT-AJJL2C",
                "name": "Gutmann ENI Tankstelle + TANKAUTOMAT",
                "S98": "0",
                "S95": "1.519",
                "N": "0",
                "D": "1.499",
                "G": "0",
                "zip": "6372",
                "land": "at",
                "bundesland": "Tirol",
                "city2": "Kitzbühel",
                "city": "Oberndorf",
                "strasse": "Bahnhofstraße 11",
                "date": "8.9.2025",
                "time": "0:38:12"
            }
        },
        {
            "type": "Feature",
            "geometry": {
                "type": "Point",
                "coordinates": [
                    16.219604,
                    47.887392
                ]
            },
            "properties": {
                "id": "INFT-AJJKPH",
                "name": "Turmöl Quick",
                "S98": "0",
                "S95": "1.432",
                "N": "0",
                "D": "1.462",
                "G": "0",
                "zip": "2751",
                "land": "at",
                "bundesland": "Niederösterreich",
                "city2": "Wiener Neustadt Land",
                "city": "Matzendorf-Hölles",
                "strasse": "Badenerstraße 51",
                "date": "8.9.2025",
                "time": "0:37:21"
            }
        },
        {
            "type": "Feature",
            "geometry": {
                "type": "Point",
                "coordinates": [
                    13.0497956,
                    47.8157985
                ]
            },
            "properties": {
                "id": "INFT-AJJL47",
                "name": "Wildenhofer Diesel Tankstelle",
                "S98": "0",
                "S95": "0",
                "N": "0",
                "D": "1.437",
                "G": "0",
                "zip": "5020",
                "land": "at",
                "bundesland": "Salzburg",
                "city2": "Salzburg Umgebung",
                "city": "Salzburg",
                "strasse": "Gniglerstraße 5-7",
                "date": "8.9.2025",
                "time": "0:37:45"
            }
        },
        {
            "type": "Feature",
            "geometry": {
                "type": "Point",
                "coordinates": [
                    14.181366099756072,
                    47.18660800475122
                ]
            },
            "properties": {
                "id": "INFT-AJJKYD",
                "name": "Sprint - Landforst Kammersberg",
                "S98": "0",
                "S95": "1.48",
                "N": "0",
                "D": "1.488",
                "G": "0",
                "zip": "8843",
                "land": "at",
                "bundesland": "Steiermark",
                "city2": "Murau",
                "city": "St.Peter am Kammersberg",
                "strasse": "St.Peter am Kammersberg 181",
                "date": "8.9.2025",
                "time": "0:38:2"
            }
        },
        {
            "type": "Feature",
            "geometry": {
                "type": "Point",
                "coordinates": [
                    15.1623475,
                    48.6110263
                ]
            },
            "properties": {
                "id": "INFT-AJJKXB",
                "name": "AVIA XPress (unser Service: Luft und Wasser)",
                "S98": "0",
                "S95": "1.496",
                "N": "0",
                "D": "1.507",
                "G": "0",
                "zip": "3910",
                "land": "at",
                "bundesland": "Niederösterreich",
                "city2": "Zwettl",
                "city": "Zwettl",
                "strasse": "Weitraer Straße 20",
                "date": "8.9.2025",
                "time": "0:37:22"
            }
        },
        {
            "type": "Feature",
            "geometry": {
                "type": "Point",
                "coordinates": [
                    14.010318,
                    48.363754
                ]
            },
            "properties": {
                "id": "INFT-AJJL76",
                "name": "PINK - so pink, so clever",
                "S98": "0",
                "S95": "1.469",
                "N": "0",
                "D": "1.484",
                "G": "0",
                "zip": "4082",
                "land": "at",
                "bundesland": "Oberösterreich",
                "city2": "Eferding",
                "city": "Aschach an der Donau",
                "strasse": "Bahnhofstrasse 26",
                "date": "8.9.2025",
                "time": "0:37:29"
            }
        },
        {
            "type": "Feature",
            "geometry": {
                "type": "Point",
                "coordinates": [
                    16.101982,
                    48.629317
                ]
            },
            "properties": {
                "id": "INFT-AJJL8R",
                "name": "Genol",
                "S98": "0",
                "S95": "1.529",
                "N": "0",
                "D": "0",
                "G": "0",
                "zip": "2041",
                "land": "at",
                "bundesland": "Niederösterreich",
                "city2": "Hollabrunn",
                "city": "Wullersdorf",
                "strasse": "Parzelle 301",
                "date": "8.9.2025",
                "time": "0:37:5"
            }
        },
        {
            "type": "Feature",
            "geometry": {
                "type": "Point",
                "coordinates": [
                    13.6962295,
                    46.7983963
                ]
            },
            "properties": {
                "id": "INFT-AJJKS2",
                "name": "Turmöl Quick",
                "S98": "0",
                "S95": "1.446",
                "N": "0",
                "D": "1.45",
                "G": "0",
                "zip": "9545",
                "land": "at",
                "bundesland": "Kärnten",
                "city2": "Spittal",
                "city": "Radenthein",
                "strasse": "Millstätterstraße 42a",
                "date": "8.9.2025",
                "time": "0:36:51"
            }
        },
        {
            "type": "Feature",
            "geometry": {
                "type": "Point",
                "coordinates": [
                    10.75935,
                    47.21094
                ]
            },
            "properties": {
                "id": "INFT-AJJKM2",
                "name": "AVANTI - Arzl im Pitztal Dorfstraße 16",
                "S98": "0",
                "S95": "1.584",
                "N": "0",
                "D": "1.584",
                "G": "0",
                "zip": "6471",
                "land": "at",
                "bundesland": "Tirol",
                "city2": "Imst",
                "city": "Arzl im Pitztal",
                "strasse": "Dorfstrasse 16",
                "date": "8.9.2025",
                "time": "0:38:9"
            }
        },
        {
            "type": "Feature",
            "geometry": {
                "type": "Point",
                "coordinates": [
                    15.741538,
                    48.438084
                ]
            },
            "properties": {
                "id": "INFT-AJJKUZ",
                "name": "Hoftankstelle - Stöbermühle",
                "S98": "0",
                "S95": "1.489",
                "N": "0",
                "D": "1.499",
                "G": "0",
                "zip": "3492",
                "land": "at",
                "bundesland": "Niederösterreich",
                "city2": "Krems Land",
                "city": "Etsdorf",
                "strasse": "Mühlweg 1",
                "date": "8.9.2025",
                "time": "0:37:8"
            }
        },
        {
            "type": "Feature",
            "geometry": {
                "type": "Point",
                "coordinates": [
                    16.314299,
                    48.1893108
                ]
            },
            "properties": {
                "id": "INFT-AJJKWN",
                "name": "Turmöl Quick",
                "S98": "0",
                "S95": "1.454",
                "N": "0",
                "D": "1.479",
                "G": "0",
                "zip": "1140",
                "land": "at",
                "bundesland": "Wien",
                "city2": "Penzing",
                "city": "Wien",
                "strasse": "Schlossallee 2",
                "date": "8.9.2025",
                "time": "0:38:30"
            }
        },
        {
            "type": "Feature",
            "geometry": {
                "type": "Point",
                "coordinates": [
                    14.7383998,
                    47.1314124
                ]
            },
            "properties": {
                "id": "INFT-AJJKR8",
                "name": "Land lebt auf !",
                "S98": "0",
                "S95": "1.45",
                "N": "0",
                "D": "1.44",
                "G": "0",
                "zip": "8741",
                "land": "at",
                "bundesland": "Steiermark",
                "city2": "Judenburg",
                "city": "Eppenstein",
                "strasse": "Eppenstein 1",
                "date": "8.9.2025",
                "time": "0:38:6"
            }
        },
        {
            "type": "Feature",
            "geometry": {
                "type": "Point",
                "coordinates": [
                    15.194403,
                    48.75864
                ]
            },
            "properties": {
                "id": "INFT-AJJKXF",
                "name": "AVIA XPress (unser Service: Luft und Wasser)",
                "S98": "0",
                "S95": "1.549",
                "N": "0",
                "D": "1.559",
                "G": "0",
                "zip": "3902",
                "land": "at",
                "bundesland": "Niederösterreich",
                "city2": "Waidhofen/Thaya",
                "city": "Vitis",
                "strasse": "Europastraße",
                "date": "8.9.2025",
                "time": "0:37:19"
            }
        },
        {
            "type": "Feature",
            "geometry": {
                "type": "Point",
                "coordinates": [
                    16.410579,
                    48.164827
                ]
            },
            "properties": {
                "id": "INFT-AJJKYX",
                "name": "IQ Tankstelle",
                "S98": "0",
                "S95": "1.439",
                "N": "0",
                "D": "1.459",
                "G": "0",
                "zip": "1110",
                "land": "at",
                "bundesland": "Wien",
                "city2": "Simmering",
                "city": "Wien",
                "strasse": "Gadnergasse 12",
                "date": "8.9.2025",
                "time": "0:38:28"
            }
        },
        {
            "type": "Feature",
            "geometry": {
                "type": "Point",
                "coordinates": [
                    14.00062,
                    47.938634
                ]
            },
            "properties": {
                "id": "INFT-AJJL7H",
                "name": "Turmöl Quick",
                "S98": "0",
                "S95": "0",
                "N": "0",
                "D": "1.483",
                "G": "0",
                "zip": "4643",
                "land": "at",
                "bundesland": "Oberösterreich",
                "city2": "Kirchdorf",
                "city": "Pettenbach",
                "strasse": "Scharnsteiner Straße 38",
                "date": "8.9.2025",
                "time": "0:37:34"
            }
        },
        {
            "type": "Feature",
            "geometry": {
                "type": "Point",
                "coordinates": [
                    14.99141,
                    47.46366
                ]
            },
            "properties": {
                "id": "INFT-AJJKP3",
                "name": "Rumpold",
                "S98": "0",
                "S95": "1.459",
                "N": "0",
                "D": "1.459",
                "G": "0",
                "zip": "8794",
                "land": "at",
                "bundesland": "Steiermark",
                "city2": "Leoben",
                "city": "Vordernberg",
                "strasse": "Gewerbepark 9",
                "date": "8.9.2025",
                "time": "0:38:0"
            }
        },
        {
            "type": "Feature",
            "geometry": {
                "type": "Point",
                "coordinates": [
                    14.3232,
                    48.26326
                ]
            },
            "properties": {
                "id": "INFT-AJJKLT",
                "name": "AVANTI - Linz Wahringerstraße",
                "S98": "0",
                "S95": "1.447",
                "N": "0",
                "D": "1.462",
                "G": "0",
                "zip": "4030",
                "land": "at",
                "bundesland": "Oberösterreich",
                "city2": "Linz",
                "city": "Linz",
                "strasse": "Wahringerstrasse ",
                "date": "8.9.2025",
                "time": "0:37:24"
            }
        },
        {
            "type": "Feature",
            "geometry": {
                "type": "Point",
                "coordinates": [
                    9.6285154,
                    47.323657
                ]
            },
            "properties": {
                "id": "INFT-AJJKW3",
                "name": "Loacker Tours GmbH (Diesel + Super95)",
                "S98": "0",
                "S95": "1.469",
                "N": "0",
                "D": "1.469",
                "G": "0",
                "zip": "6842",
                "land": "at",
                "bundesland": "Vorarlberg",
                "city2": "Feldkirch",
                "city": "Koblach",
                "strasse": "Bundesstraße 17",
                "date": "8.9.2025",
                "time": "0:38:23"
            }
        },
        {
            "type": "Feature",
            "geometry": {
                "type": "Point",
                "coordinates": [
                    14.29472,
                    48.24886
                ]
            },
            "properties": {
                "id": "INFT-AJJKLX",
                "name": "AVANTI - Linz Franzosenhausweg 1",
                "S98": "0",
                "S95": "1.444",
                "N": "0",
                "D": "1.464",
                "G": "0",
                "zip": "4020",
                "land": "at",
                "bundesland": "Oberösterreich",
                "city2": "Linz Land",
                "city": "Linz",
                "strasse": "Franzosenhausweg 1",
                "date": "8.9.2025",
                "time": "0:37:24"
            }
        },
        {
            "type": "Feature",
            "geometry": {
                "type": "Point",
                "coordinates": [
                    14.9508179,
                    48.2722
                ]
            },
            "properties": {
                "id": "INFT-AJJL3C",
                "name": "Genol LGH Waldhausen_(-TKK Abschlag)",
                "S98": "0",
                "S95": "1.469",
                "N": "0",
                "D": "0",
                "G": "0",
                "zip": "4391",
                "land": "at",
                "bundesland": "Oberösterreich",
                "city2": "Perg",
                "city": "Waldhausen",
                "strasse": "Markt 94",
                "date": "8.9.2025",
                "time": "0:37:37"
            }
        },
        {
            "type": "Feature",
            "geometry": {
                "type": "Point",
                "coordinates": [
                    16.8289382,
                    48.3817953
                ]
            },
            "properties": {
                "id": "INFT-AJJKWY",
                "name": "Turmöl Quick",
                "S98": "0",
                "S95": "1.447",
                "N": "0",
                "D": "1.474",
                "G": "0",
                "zip": "2261",
                "land": "at",
                "bundesland": "Niederösterreich",
                "city2": "Gänserndorf",
                "city": "Angern an der March",
                "strasse": "Bahnstraße 30",
                "date": "8.9.2025",
                "time": "0:37:2"
            }
        },
        {
            "type": "Feature",
            "geometry": {
                "type": "Point",
                "coordinates": [
                    16.4331036,
                    47.5381315
                ]
            },
            "properties": {
                "id": "INFT-AJJKWC",
                "name": "Tanken an der S31",
                "S98": "0",
                "S95": "1.479",
                "N": "0",
                "D": "1.475",
                "G": "0",
                "zip": "7343",
                "land": "at",
                "bundesland": "Burgenland",
                "city2": "Oberpullendorf",
                "city": "Neutal",
                "strasse": "Siemensstrasse 1",
                "date": "8.9.2025",
                "time": "0:36:43"
            }
        },
        {
            "type": "Feature",
            "geometry": {
                "type": "Point",
                "coordinates": [
                    16.3613545,
                    48.2438482
                ]
            },
            "properties": {
                "id": "INFT-AJJUBS",
                "name": "BP",
                "S98": "0",
                "S95": "1.709",
                "N": "0",
                "D": "1.709",
                "G": "0",
                "zip": "1190",
                "land": "at",
                "bundesland": "Wien",
                "city2": "Döbling",
                "city": "Wien",
                "strasse": "Heiligenstaedterstr.77 ",
                "date": "8.9.2025",
                "time": "0:38:32"
            }
        },
        {
            "type": "Feature",
            "geometry": {
                "type": "Point",
                "coordinates": [
                    15.623819,
                    46.757742
                ]
            },
            "properties": {
                "id": "INFT-AJJU4T",
                "name": "Rumpold",
                "S98": "0",
                "S95": "1.459",
                "N": "0",
                "D": "1.459",
                "G": "0",
                "zip": "8423",
                "land": "at",
                "bundesland": "Steiermark",
                "city2": "Leibnitz",
                "city": "St. Veit am Vogau",
                "strasse": "Technologiepark 1",
                "date": "8.9.2025",
                "time": "0:37:58"
            }
        },
        {
            "type": "Feature",
            "geometry": {
                "type": "Point",
                "coordinates": [
                    13.6962469,
                    46.5532088
                ]
            },
            "properties": {
                "id": "INFT-AJJUAA",
                "name": "Maurer - Arnoldstein",
                "S98": "0",
                "S95": "1.518",
                "N": "0",
                "D": "1.537",
                "G": "0",
                "zip": "9601",
                "land": "at",
                "bundesland": "Kärnten",
                "city2": "Villach Land",
                "city": "Arnoldstein",
                "strasse": "Industriestraße 6",
                "date": "8.9.2025",
                "time": "0:36:52"
            }
        },
        {
            "type": "Feature",
            "geometry": {
                "type": "Point",
                "coordinates": [
                    11.7004781,
                    47.3510889
                ]
            },
            "properties": {
                "id": "INFT-AJJU95",
                "name": "Gutmann ENI Tankstelle",
                "S98": "0",
                "S95": "1.589",
                "N": "0",
                "D": "0",
                "G": "0",
                "zip": "6134",
                "land": "at",
                "bundesland": "Tirol",
                "city2": "Schwaz",
                "city": "Vomp",
                "strasse": "Industriestraße 12",
                "date": "8.9.2025",
                "time": "0:38:19"
            }
        },
        {
            "type": "Feature",
            "geometry": {
                "type": "Point",
                "coordinates": [
                    13.791278,
                    48.020905
                ]
            },
            "properties": {
                "id": "INFT-AJJU8Z",
                "name": "AVIA Xpress (Automaten-Tankstelle)",
                "S98": "0",
                "S95": "0",
                "N": "0",
                "D": "1.473",
                "G": "0",
                "zip": "4693",
                "land": "at",
                "bundesland": "Oberösterreich",
                "city2": "Vöcklabruck",
                "city": "Desselbrunn",
                "strasse": "Windern 111",
                "date": "8.9.2025",
                "time": "0:37:44"
            }
        },
        {
            "type": "Feature",
            "geometry": {
                "type": "Point",
                "coordinates": [
                    13.00872,
                    47.82773
                ]
            },
            "properties": {
                "id": "INFT-AJJU9U",
                "name": "OMV - Salzburg Münchner Bundesstraße 85",
                "S98": "0",
                "S95": "1.471",
                "N": "0",
                "D": "1.479",
                "G": "0",
                "zip": "5020",
                "land": "at",
                "bundesland": "Salzburg",
                "city2": "Salzburg Umgebung",
                "city": "Salzburg",
                "strasse": "Münchner Bundesstrasse 85",
                "date": "8.9.2025",
                "time": "0:37:46"
            }
        },
        {
            "type": "Feature",
            "geometry": {
                "type": "Point",
                "coordinates": [
                    16.4192183,
                    47.7483068
                ]
            },
            "properties": {
                "id": "INFT-AJJU9X",
                "name": "Treibstoffparadies",
                "S98": "0",
                "S95": "1.445",
                "N": "0",
                "D": "1.475",
                "G": "0",
                "zip": "7210",
                "land": "at",
                "bundesland": "Burgenland",
                "city2": "Mattersburg",
                "city": "Mattersburg",
                "strasse": "Arenaplatz 6",
                "date": "8.9.2025",
                "time": "0:36:40"
            }
        },
        {
            "type": "Feature",
            "geometry": {
                "type": "Point",
                "coordinates": [
                    16.36138,
                    48.24161
                ]
            },
            "properties": {
                "id": "INFT-AJJUBP",
                "name": "Shell Austria",
                "S98": "0",
                "S95": "1.689",
                "N": "0",
                "D": "1.689",
                "G": "0",
                "zip": "1190",
                "land": "at",
                "bundesland": "Wien",
                "city2": "Döbling",
                "city": "WIEN",
                "strasse": "HEILIGENSTAEDTERSTR. 60",
                "date": "8.9.2025",
                "time": "0:38:32"
            }
        },
        {
            "type": "Feature",
            "geometry": {
                "type": "Point",
                "coordinates": [
                    13.903348,
                    48.310987
                ]
            },
            "properties": {
                "id": "INFT-AJJUB7",
                "name": "GENOL-LH EFERDING-OÖ. MITTE eGen",
                "S98": "0",
                "S95": "0",
                "N": "0",
                "D": "1.489",
                "G": "0",
                "zip": "4731",
                "land": "at",
                "bundesland": "Oberösterreich",
                "city2": "Eferding",
                "city": "PRAMBACHKIRCHEN",
                "strasse": "GRIESKIRCHNERSTRASSE 6",
                "date": "8.9.2025",
                "time": "0:37:29"
            }
        },
        {
            "type": "Feature",
            "geometry": {
                "type": "Point",
                "coordinates": [
                    15.268679,
                    48.742847
                ]
            },
            "properties": {
                "id": "INFT-AJJU7Y",
                "name": "Genol",
                "S98": "0",
                "S95": "1.559",
                "N": "0",
                "D": "0",
                "G": "0",
                "zip": "3900",
                "land": "at",
                "bundesland": "Niederösterreich",
                "city2": "Zwettl",
                "city": "Schwarzenau",
                "strasse": "Schwarzenau 51",
                "date": "8.9.2025",
                "time": "0:37:22"
            }
        },
        {
            "type": "Feature",
            "geometry": {
                "type": "Point",
                "coordinates": [
                    16.44498,
                    48.22704
                ]
            },
            "properties": {
                "id": "INFT-AJJUBZ",
                "name": "Shell Austria",
                "S98": "0",
                "S95": "1.499",
                "N": "0",
                "D": "0",
                "G": "0",
                "zip": "1220",
                "land": "at",
                "bundesland": "Wien",
                "city2": "Donaustadt",
                "city": "WIEN",
                "strasse": "DONAUSTADTSTRASSE 37C",
                "date": "8.9.2025",
                "time": "0:38:35"
            }
        },
        {
            "type": "Feature",
            "geometry": {
                "type": "Point",
                "coordinates": [
                    15.3997343,
                    48.7247357
                ]
            },
            "properties": {
                "id": "INFT-AJJU7X",
                "name": "Genol",
                "S98": "0",
                "S95": "1.559",
                "N": "0",
                "D": "0",
                "G": "0",
                "zip": "3900",
                "land": "at",
                "bundesland": "Niederösterreich",
                "city2": "Zwettl",
                "city": "Goepfritz",
                "strasse": "Hauptstraße 73",
                "date": "8.9.2025",
                "time": "0:37:22"
            }
        },
        {
            "type": "Feature",
            "geometry": {
                "type": "Point",
                "coordinates": [
                    13.05145,
                    48.26028
                ]
            },
            "properties": {
                "id": "INFT-AJJU5J",
                "name": "AVANTI - Braunau Laabstraße",
                "S98": "0",
                "S95": "1.444",
                "N": "0",
                "D": "1.474",
                "G": "0",
                "zip": "5280",
                "land": "at",
                "bundesland": "Oberösterreich",
                "city2": "Braunau",
                "city": "Braunau",
                "strasse": "Laabstrasse ",
                "date": "8.9.2025",
                "time": "0:37:28"
            }
        },
        {
            "type": "Feature",
            "geometry": {
                "type": "Point",
                "coordinates": [
                    16.4171484,
                    48.2165742
                ]
            },
            "properties": {
                "id": "INFT-AJJU5B",
                "name": "BP",
                "S98": "0",
                "S95": "1.539",
                "N": "0",
                "D": "1.579",
                "G": "0",
                "zip": "1020",
                "land": "at",
                "bundesland": "Wien",
                "city2": "Leopoldstadt",
                "city": "Wien",
                "strasse": "Handelskai 276-280 ",
                "date": "8.9.2025",
                "time": "0:38:24"
            }
        },
        {
            "type": "Feature",
            "geometry": {
                "type": "Point",
                "coordinates": [
                    14.39351,
                    46.97355
                ]
            },
            "properties": {
                "id": "INFT-AJJU65",
                "name": "AVANTI - Friesach Judendorf 9",
                "S98": "0",
                "S95": "1.499",
                "N": "0",
                "D": "1.519",
                "G": "0",
                "zip": "9360",
                "land": "at",
                "bundesland": "Kärnten",
                "city2": "St. Veit",
                "city": "Friesach",
                "strasse": "Judendorf 9",
                "date": "8.9.2025",
                "time": "0:36:50"
            }
        },
        {
            "type": "Feature",
            "geometry": {
                "type": "Point",
                "coordinates": [
                    13.077085,
                    48.255305
                ]
            },
            "properties": {
                "id": "INFT-AJJU5L",
                "name": "Wölfl",
                "S98": "0",
                "S95": "0",
                "N": "0",
                "D": "1.463",
                "G": "0",
                "zip": "4963",
                "land": "at",
                "bundesland": "Oberösterreich",
                "city2": "Braunau",
                "city": "St. Peter am Hart",
                "strasse": "Gewerbestraße 10",
                "date": "8.9.2025",
                "time": "0:37:27"
            }
        },
        {
            "type": "Feature",
            "geometry": {
                "type": "Point",
                "coordinates": [
                    13.4449326,
                    48.4584665
                ]
            },
            "properties": {
                "id": "INFT-AJJU85",
                "name": "Lagerhaus Genol",
                "S98": "0",
                "S95": "1.529",
                "N": "0",
                "D": "1.519",
                "G": "0",
                "zip": "4786",
                "land": "at",
                "bundesland": "Oberösterreich",
                "city2": "Schärding",
                "city": "Brunnenthal",
                "strasse": "Otterbacherstrasse 2",
                "date": "8.9.2025",
                "time": "0:37:42"
            }
        },
        {
            "type": "Feature",
            "geometry": {
                "type": "Point",
                "coordinates": [
                    10.3743,
                    47.1489
                ]
            },
            "properties": {
                "id": "INFT-AJJUCW",
                "name": "OMV - Pettneu am Arlberg Schnann-Gewerbezone 150",
                "S98": "0",
                "S95": "1.899",
                "N": "0",
                "D": "1.899",
                "G": "0",
                "zip": "6574",
                "land": "at",
                "bundesland": "Tirol",
                "city2": "Landeck",
                "city": "Pettneu am Arlberg",
                "strasse": "Schnann-Gewerbezone 150",
                "date": "8.9.2025",
                "time": "0:38:15"
            }
        },
        {
            "type": "Feature",
            "geometry": {
                "type": "Point",
                "coordinates": [
                    15.2382304,
                    46.8286937
                ]
            },
            "properties": {
                "id": "INFT-AJJU7G",
                "name": "Treibstoffparadies",
                "S98": "0",
                "S95": "1.44",
                "N": "0",
                "D": "1.448",
                "G": "0",
                "zip": "8530",
                "land": "at",
                "bundesland": "Steiermark",
                "city2": "Deutschlandsberg",
                "city": "Deutschlandsberg",
                "strasse": "Radlpassstraße 2",
                "date": "8.9.2025",
                "time": "0:37:55"
            }
        },
        {
            "type": "Feature",
            "geometry": {
                "type": "Point",
                "coordinates": [
                    14.11491,
                    48.288005
                ]
            },
            "properties": {
                "id": "INFT-AJJUB9",
                "name": "GENOL-LH EFERDING-OÖ. MITTE eGen",
                "S98": "0",
                "S95": "0",
                "N": "0",
                "D": "1.489",
                "G": "0",
                "zip": "4072",
                "land": "at",
                "bundesland": "Oberösterreich",
                "city2": "Eferding",
                "city": "ALKOVEN",
                "strasse": "SCHLOSSSTRASSE 51",
                "date": "8.9.2025",
                "time": "0:37:28"
            }
        },
        {
            "type": "Feature",
            "geometry": {
                "type": "Point",
                "coordinates": [
                    16.3517548,
                    48.1796472
                ]
            },
            "properties": {
                "id": "INFT-AJJUAN",
                "name": "BP",
                "S98": "0",
                "S95": "1.619",
                "N": "0",
                "D": "1.629",
                "G": "0",
                "zip": "1050",
                "land": "at",
                "bundesland": "Wien",
                "city2": "Margareten",
                "city": "Wien",
                "strasse": "Margaretenguertel 43-45 ",
                "date": "8.9.2025",
                "time": "0:38:25"
            }
        },
        {
            "type": "Feature",
            "geometry": {
                "type": "Point",
                "coordinates": [
                    9.680457,
                    47.363987
                ]
            },
            "properties": {
                "id": "INFT-AJJU4M",
                "name": "ESW Dieselkraftstoff",
                "S98": "0",
                "S95": "0",
                "N": "0",
                "D": "1.494",
                "G": "0",
                "zip": "6845",
                "land": "at",
                "bundesland": "Vorarlberg",
                "city2": "Dornbirn",
                "city": "Hohenems",
                "strasse": "Kaulbachstraße 6",
                "date": "8.9.2025",
                "time": "0:38:22"
            }
        },
        {
            "type": "Feature",
            "geometry": {
                "type": "Point",
                "coordinates": [
                    14.299279,
                    46.6086948
                ]
            },
            "properties": {
                "id": "INFT-AJJU64",
                "name": "Turmöl Quick",
                "S98": "0",
                "S95": "1.451",
                "N": "0",
                "D": "1.457",
                "G": "0",
                "zip": "9020",
                "land": "at",
                "bundesland": "Kärnten",
                "city2": "Klagenfurt Land",
                "city": "Klagenfurt",
                "strasse": "Rosentalerstraße 138",
                "date": "8.9.2025",
                "time": "0:36:45"
            }
        },
        {
            "type": "Feature",
            "geometry": {
                "type": "Point",
                "coordinates": [
                    13.916588,
                    48.416328
                ]
            },
            "properties": {
                "id": "INFT-AJJUB8",
                "name": "GENOL-LH EFERDING-OÖ. MITTE eGen",
                "S98": "0",
                "S95": "0",
                "N": "0",
                "D": "1.489",
                "G": "0",
                "zip": "4083",
                "land": "at",
                "bundesland": "Oberösterreich",
                "city2": "Eferding",
                "city": "HAIBACH OB DER DONAU",
                "strasse": "BERGERSTRASSE 1",
                "date": "8.9.2025",
                "time": "0:37:28"
            }
        },
        {
            "type": "Feature",
            "geometry": {
                "type": "Point",
                "coordinates": [
                    13.9935071,
                    48.5621814
                ]
            },
            "properties": {
                "id": "INFT-AJJU72",
                "name": "BP - Lagerhaus",
                "S98": "0",
                "S95": "1.519",
                "N": "0",
                "D": "0",
                "G": "0",
                "zip": "4150",
                "land": "at",
                "bundesland": "Oberösterreich",
                "city2": "Rohrbach",
                "city": "Rohrbach",
                "strasse": "Scheiblberg 44",
                "date": "8.9.2025",
                "time": "0:37:40"
            }
        },
        {
            "type": "Feature",
            "geometry": {
                "type": "Point",
                "coordinates": [
                    14.981425,
                    48.125481
                ]
            },
            "properties": {
                "id": "INFT-AJJU9F",
                "name": "Essmeister Diskont",
                "S98": "0",
                "S95": "0",
                "N": "0",
                "D": "1.449",
                "G": "0",
                "zip": "3372",
                "land": "at",
                "bundesland": "Niederösterreich",
                "city2": "Melk",
                "city": "Blindenmarkt",
                "strasse": "Bahnhofstrasse 5",
                "date": "8.9.2025",
                "time": "0:37:10"
            }
        },
        {
            "type": "Feature",
            "geometry": {
                "type": "Point",
                "coordinates": [
                    15.641141,
                    48.257599
                ]
            },
            "properties": {
                "id": "INFT-AJJU4A",
                "name": "Diskonttankstelle Gamsjäger",
                "S98": "0",
                "S95": "0",
                "N": "0",
                "D": "1.789",
                "G": "0",
                "zip": "3107",
                "land": "at",
                "bundesland": "Niederösterreich",
                "city2": "St. Pölten Land",
                "city": "St. Pölten",
                "strasse": "Betriebsgebiet Greiling",
                "date": "8.9.2025",
                "time": "0:36:56"
            }
        },
        {
            "type": "Feature",
            "geometry": {
                "type": "Point",
                "coordinates": [
                    13.8195141,
                    48.7363704
                ]
            },
            "properties": {
                "id": "INFT-AJJU73",
                "name": "BP - Lagerhaus",
                "S98": "0",
                "S95": "1.519",
                "N": "0",
                "D": "0",
                "G": "0",
                "zip": "4164",
                "land": "at",
                "bundesland": "Oberösterreich",
                "city2": "Rohrbach",
                "city": "Schwarzenberg",
                "strasse": "Schwarzenberg 168",
                "date": "8.9.2025",
                "time": "0:37:40"
            }
        },
        {
            "type": "Feature",
            "geometry": {
                "type": "Point",
                "coordinates": [
                    16.44691,
                    48.20715
                ]
            },
            "properties": {
                "id": "INFT-AJJUBU",
                "name": "Shell Austria",
                "S98": "0",
                "S95": "1.489",
                "N": "0",
                "D": "1.499",
                "G": "0",
                "zip": "1220",
                "land": "at",
                "bundesland": "Wien",
                "city2": "Donaustadt",
                "city": "WIEN",
                "strasse": "AM KAISERMUEHLENDAMM 140",
                "date": "8.9.2025",
                "time": "0:38:35"
            }
        },
        {
            "type": "Feature",
            "geometry": {
                "type": "Point",
                "coordinates": [
                    16.42036,
                    48.23367
                ]
            },
            "properties": {
                "id": "INFT-AJJUBT",
                "name": "Shell Austria",
                "S98": "0",
                "S95": "1.494",
                "N": "0",
                "D": "1.519",
                "G": "0",
                "zip": "1220",
                "land": "at",
                "bundesland": "Wien",
                "city2": "Donaustadt",
                "city": "WIEN",
                "strasse": "WAGRAMERSTRASSE 14",
                "date": "8.9.2025",
                "time": "0:38:35"
            }
        },
        {
            "type": "Feature",
            "geometry": {
                "type": "Point",
                "coordinates": [
                    15.1694019,
                    48.602304
                ]
            },
            "properties": {
                "id": "INFT-AJJU7Z",
                "name": "Shell",
                "S98": "0",
                "S95": "1.559",
                "N": "0",
                "D": "0",
                "G": "0",
                "zip": "3910",
                "land": "at",
                "bundesland": "Niederösterreich",
                "city2": "Zwettl",
                "city": "Zwettl",
                "strasse": "Syrnauerplatz  3",
                "date": "8.9.2025",
                "time": "0:37:23"
            }
        },
        {
            "type": "Feature",
            "geometry": {
                "type": "Point",
                "coordinates": [
                    13.73619,
                    47.95502
                ]
            },
            "properties": {
                "id": "INFT-AJJU6D",
                "name": "AVANTI - Rutzenmoos Autobahnzubringer Gmunden",
                "S98": "0",
                "S95": "1.448",
                "N": "0",
                "D": "1.476",
                "G": "0",
                "zip": "4845",
                "land": "at",
                "bundesland": "Oberösterreich",
                "city2": "Vöcklabruck",
                "city": "Rutzenmoos",
                "strasse": "Autobahnzubringer Gmunden ",
                "date": "8.9.2025",
                "time": "0:37:32"
            }
        },
        {
            "type": "Feature",
            "geometry": {
                "type": "Point",
                "coordinates": [
                    16.1264914,
                    47.6471798
                ]
            },
            "properties": {
                "id": "INFT-AJJU3Z",
                "name": "Tankstelle Holzgethan",
                "S98": "0",
                "S95": "0",
                "N": "0",
                "D": "1.528",
                "G": "0",
                "zip": "2831",
                "land": "at",
                "bundesland": "Niederösterreich",
                "city2": "Neunkirchen",
                "city": "Warth",
                "strasse": "Marktstraße 39",
                "date": "8.9.2025",
                "time": "0:37:14"
            }
        },
        {
            "type": "Feature",
            "geometry": {
                "type": "Point",
                "coordinates": [
                    13.9935071,
                    48.5621814
                ]
            },
            "properties": {
                "id": "INFT-AJJU75",
                "name": "Genol - Lagerhaus",
                "S98": "0",
                "S95": "0",
                "N": "0",
                "D": "1.489",
                "G": "0",
                "zip": "4150",
                "land": "at",
                "bundesland": "Oberösterreich",
                "city2": "Rohrbach",
                "city": "Rohrbach",
                "strasse": "Scheiblberg 44",
                "date": "8.9.2025",
                "time": "0:37:40"
            }
        },
        {
            "type": "Feature",
            "geometry": {
                "type": "Point",
                "coordinates": [
                    15.519458003456242,
                    47.043302810014616
                ]
            },
            "properties": {
                "id": "INFT-AJJUBJ",
                "name": "F. LEITNER",
                "S98": "0",
                "S95": "1.458",
                "N": "0",
                "D": "0",
                "G": "0",
                "zip": "8075",
                "land": "at",
                "bundesland": "Steiermark",
                "city2": "Graz Umgebung",
                "city": "Hart bei Graz",
                "strasse": "Harter Süd Straße 6",
                "date": "8.9.2025",
                "time": "0:37:57"
            }
        },
        {
            "type": "Feature",
            "geometry": {
                "type": "Point",
                "coordinates": [
                    15.12039,
                    48.86169
                ]
            },
            "properties": {
                "id": "INFT-AJJUCR",
                "name": "AVANTI - Heidenreichstein Schremser Straße 52",
                "S98": "0",
                "S95": "1.549",
                "N": "0",
                "D": "1.559",
                "G": "0",
                "zip": "3860",
                "land": "at",
                "bundesland": "Niederösterreich",
                "city2": "Gmünd",
                "city": "Heidenreichstein",
                "strasse": "Schremser Strasse 52",
                "date": "8.9.2025",
                "time": "0:37:3"
            }
        },
        {
            "type": "Feature",
            "geometry": {
                "type": "Point",
                "coordinates": [
                    12.9978364,
                    47.834666
                ]
            },
            "properties": {
                "id": "INFT-AJJU9T",
                "name": "IQ Tankstelle",
                "S98": "0",
                "S95": "1.451",
                "N": "0",
                "D": "1.459",
                "G": "0",
                "zip": "5020",
                "land": "at",
                "bundesland": "Salzburg",
                "city2": "Salzburg Umgebung",
                "city": "Salzburg",
                "strasse": "Franz Sauer-Strasse 46 ",
                "date": "8.9.2025",
                "time": "0:37:46"
            }
        },
        {
            "type": "Feature",
            "geometry": {
                "type": "Point",
                "coordinates": [
                    16.31328,
                    48.20786
                ]
            },
            "properties": {
                "id": "INFT-AJJUBK",
                "name": "Shell Austria",
                "S98": "0",
                "S95": "1.519",
                "N": "0",
                "D": "1.549",
                "G": "0",
                "zip": "1160",
                "land": "at",
                "bundesland": "Wien",
                "city2": "Ottakring",
                "city": "WIEN",
                "strasse": "PFENNINGGELDG 2/ECKE HERBSTSTRASSE",
                "date": "8.9.2025",
                "time": "0:38:31"
            }
        },
        {
            "type": "Feature",
            "geometry": {
                "type": "Point",
                "coordinates": [
                    11.88519,
                    47.43729
                ]
            },
            "properties": {
                "id": "INFT-AJJU97",
                "name": "Disk TANKAUTOMAT",
                "S98": "0",
                "S95": "1.429",
                "N": "0",
                "D": "1.479",
                "G": "0",
                "zip": "6230",
                "land": "at",
                "bundesland": "Tirol",
                "city2": "Kufstein",
                "city": "Brixlegg",
                "strasse": "Innsbrucker Straße 20",
                "date": "8.9.2025",
                "time": "0:38:13"
            }
        },
        {
            "type": "Feature",
            "geometry": {
                "type": "Point",
                "coordinates": [
                    16.31767,
                    48.20186
                ]
            },
            "properties": {
                "id": "INFT-AJJU7P",
                "name": "Shell Austria",
                "S98": "0",
                "S95": "1.499",
                "N": "0",
                "D": "1.549",
                "G": "0",
                "zip": "1150",
                "land": "at",
                "bundesland": "Wien",
                "city2": "Rudolfsheim",
                "city": "WIEN",
                "strasse": "OEVERSEESTRASSE 2B",
                "date": "8.9.2025",
                "time": "0:38:31"
            }
        },
        {
            "type": "Feature",
            "geometry": {
                "type": "Point",
                "coordinates": [
                    14.049067,
                    46.551601
                ]
            },
            "properties": {
                "id": "INFT-AJJUA9",
                "name": "Lagerhaus Tankstelle ",
                "S98": "0",
                "S95": "1.571",
                "N": "0",
                "D": "1.541",
                "G": "0",
                "zip": "9184",
                "land": "at",
                "bundesland": "Kärnten",
                "city2": "Villach Land",
                "city": "Sankt Jakob",
                "strasse": "Sankt Jakob 70",
                "date": "8.9.2025",
                "time": "0:36:52"
            }
        },
        {
            "type": "Feature",
            "geometry": {
                "type": "Point",
                "coordinates": [
                    14.0553602,
                    48.5733215
                ]
            },
            "properties": {
                "id": "INFT-AJJU76",
                "name": "Genol - Lagerhaus",
                "S98": "0",
                "S95": "0",
                "N": "0",
                "D": "1.489",
                "G": "0",
                "zip": "4170",
                "land": "at",
                "bundesland": "Oberösterreich",
                "city2": "Rohrbach",
                "city": "Haslach",
                "strasse": "Sternwaldstrasse 56",
                "date": "8.9.2025",
                "time": "0:37:39"
            }
        },
        {
            "type": "Feature",
            "geometry": {
                "type": "Point",
                "coordinates": [
                    16.294513,
                    48.190443
                ]
            },
            "properties": {
                "id": "INFT-AJJU7K",
                "name": "Shell Austria",
                "S98": "0",
                "S95": "1.469",
                "N": "0",
                "D": "1.494",
                "G": "0",
                "zip": "1140",
                "land": "at",
                "bundesland": "Wien",
                "city2": "Penzing",
                "city": "WIEN",
                "strasse": "HADIKGASSE 128-134",
                "date": "8.9.2025",
                "time": "0:38:30"
            }
        },
        {
            "type": "Feature",
            "geometry": {
                "type": "Point",
                "coordinates": [
                    16.2146802,
                    48.0646577
                ]
            },
            "properties": {
                "id": "INFT-AJJU7T",
                "name": "Turmöl Quick",
                "S98": "0",
                "S95": "1.431",
                "N": "0",
                "D": "1.452",
                "G": "0",
                "zip": "2531",
                "land": "at",
                "bundesland": "Niederösterreich",
                "city2": "Mödling",
                "city": "Gaaden",
                "strasse": "Hauptstraße 101",
                "date": "8.9.2025",
                "time": "0:37:13"
            }
        },
        {
            "type": "Feature",
            "geometry": {
                "type": "Point",
                "coordinates": [
                    16.39464,
                    48.21777
                ]
            },
            "properties": {
                "id": "INFT-AJJU5A",
                "name": "Shell Austria",
                "S98": "0",
                "S95": "1.558",
                "N": "0",
                "D": "1.568",
                "G": "0",
                "zip": "1020",
                "land": "at",
                "bundesland": "Wien",
                "city2": "Leopoldstadt",
                "city": "WIEN",
                "strasse": "AUSSTELLUNGSSTRASSE 4",
                "date": "8.9.2025",
                "time": "0:38:25"
            }
        },
        {
            "type": "Feature",
            "geometry": {
                "type": "Point",
                "coordinates": [
                    9.8192284,
                    47.1478021
                ]
            },
            "properties": {
                "id": "INFT-AJJU5Q",
                "name": "TK Tankstellen GmbH",
                "S98": "0",
                "S95": "1.479",
                "N": "0",
                "D": "1.499",
                "G": "0",
                "zip": "6706",
                "land": "at",
                "bundesland": "Vorarlberg",
                "city2": "Bludenz",
                "city": "Bürs",
                "strasse": "Bremschlstrasse 37",
                "date": "8.9.2025",
                "time": "0:38:20"
            }
        },
        {
            "type": "Feature",
            "geometry": {
                "type": "Point",
                "coordinates": [
                    10.7479088,
                    47.226803
                ]
            },
            "properties": {
                "id": "INFT-AJJU4B",
                "name": "Gutmann Eni Tankstelle ",
                "S98": "0",
                "S95": "1.599",
                "N": "0",
                "D": "1.599",
                "G": "0",
                "zip": "6460",
                "land": "at",
                "bundesland": "Tirol",
                "city2": "Imst",
                "city": "Imst",
                "strasse": "Langgasse 95",
                "date": "8.9.2025",
                "time": "0:38:10"
            }
        },
        {
            "type": "Feature",
            "geometry": {
                "type": "Point",
                "coordinates": [
                    15.092447,
                    48.154907
                ]
            },
            "properties": {
                "id": "INFT-AJJU9G",
                "name": "Essmeister Diskont",
                "S98": "0",
                "S95": "0",
                "N": "0",
                "D": "1.449",
                "G": "0",
                "zip": "3373",
                "land": "at",
                "bundesland": "Niederösterreich",
                "city2": "Melk",
                "city": "Kemmelbach",
                "strasse": "Hauptstrasse 5",
                "date": "8.9.2025",
                "time": "0:37:10"
            }
        },
        {
            "type": "Feature",
            "geometry": {
                "type": "Point",
                "coordinates": [
                    15.0509102,
                    47.021201
                ]
            },
            "properties": {
                "id": "INFT-AJJU53",
                "name": "LAGERHAUS Genol Edelschrott ",
                "S98": "0",
                "S95": "0",
                "N": "0",
                "D": "1.459",
                "G": "0",
                "zip": "8583",
                "land": "at",
                "bundesland": "Steiermark",
                "city2": "Voitsberg",
                "city": "Edelschrott",
                "strasse": "Packerstraße 14",
                "date": "8.9.2025",
                "time": "0:38:3"
            }
        },
        {
            "type": "Feature",
            "geometry": {
                "type": "Point",
                "coordinates": [
                    12.544411,
                    46.9898422
                ]
            },
            "properties": {
                "id": "INFT-AJJU8F",
                "name": "Disk TANKAUTOMAT",
                "S98": "0",
                "S95": "1.489",
                "N": "0",
                "D": "1.489",
                "G": "0",
                "zip": "9971",
                "land": "at",
                "bundesland": "Tirol",
                "city2": "Lienz",
                "city": "Matrei in Osttirol",
                "strasse": "Seblas 33",
                "date": "8.9.2025",
                "time": "0:38:16"
            }
        },
        {
            "type": "Feature",
            "geometry": {
                "type": "Point",
                "coordinates": [
                    13.10054,
                    47.69183
                ]
            },
            "properties": {
                "id": "INFT-AJJUCC",
                "name": "Shell Austria",
                "S98": "0",
                "S95": "1.489",
                "N": "0",
                "D": "1.499",
                "G": "0",
                "zip": "5411",
                "land": "at",
                "bundesland": "Salzburg",
                "city2": "Hallein",
                "city": "OBERALM",
                "strasse": "HALLEINER LANDESSTRASSE 12",
                "date": "8.9.2025",
                "time": "0:37:47"
            }
        },
        {
            "type": "Feature",
            "geometry": {
                "type": "Point",
                "coordinates": [
                    16.3620933,
                    47.8067759
                ]
            },
            "properties": {
                "id": "INFT-AJJU9W",
                "name": "Turmöl Quick",
                "S98": "0",
                "S95": "1.445",
                "N": "0",
                "D": "1.475",
                "G": "0",
                "zip": "7033",
                "land": "at",
                "bundesland": "Burgenland",
                "city2": "Mattersburg",
                "city": "Pöttsching",
                "strasse": "Wienerneustädter Straße 65",
                "date": "8.9.2025",
                "time": "0:36:40"
            }
        },
        {
            "type": "Feature",
            "geometry": {
                "type": "Point",
                "coordinates": [
                    16.373405,
                    48.183485
                ]
            },
            "properties": {
                "id": "INFT-AJJU8L",
                "name": "BP",
                "S98": "0",
                "S95": "1.579",
                "N": "0",
                "D": "1.589",
                "G": "0",
                "zip": "1100",
                "land": "at",
                "bundesland": "Wien",
                "city2": "Favoriten",
                "city": "Wien",
                "strasse": "Laxenburgerstrasse 2a ",
                "date": "8.9.2025",
                "time": "0:38:26"
            }
        },
        {
            "type": "Feature",
            "geometry": {
                "type": "Point",
                "coordinates": [
                    15.2187091,
                    47.0530953
                ]
            },
            "properties": {
                "id": "INFT-AJJU54",
                "name": "LAGERHAUS Genol Stallhofen",
                "S98": "0",
                "S95": "0",
                "N": "0",
                "D": "1.459",
                "G": "0",
                "zip": "8152",
                "land": "at",
                "bundesland": "Steiermark",
                "city2": "Voitsberg",
                "city": "Stallhofen",
                "strasse": "Aichegg 110",
                "date": "8.9.2025",
                "time": "0:38:3"
            }
        },
        {
            "type": "Feature",
            "geometry": {
                "type": "Point",
                "coordinates": [
                    16.4855,
                    48.1397
                ]
            },
            "properties": {
                "id": "INFT-AJJU3W",
                "name": "AVANTI - Schwechat Bruck-Hainburger Straße 24a",
                "S98": "0",
                "S95": "1.437",
                "N": "0",
                "D": "1.464",
                "G": "0",
                "zip": "2320",
                "land": "at",
                "bundesland": "Niederösterreich",
                "city2": "Wien Umgebung",
                "city": "Schwechat",
                "strasse": "Bruck-Hainburger Strasse 24a",
                "date": "8.9.2025",
                "time": "0:37:0"
            }
        },
        {
            "type": "Feature",
            "geometry": {
                "type": "Point",
                "coordinates": [
                    13.755291,
                    48.503373
                ]
            },
            "properties": {
                "id": "INFT-AJJU74",
                "name": "IQ Tankstelle",
                "S98": "0",
                "S95": "1.519",
                "N": "0",
                "D": "0",
                "G": "0",
                "zip": "4143",
                "land": "at",
                "bundesland": "Oberösterreich",
                "city2": "Rohrbach",
                "city": "Neustift",
                "strasse": "Rannariedlerstrasse 10",
                "date": "8.9.2025",
                "time": "0:37:41"
            }
        },
        {
            "type": "Feature",
            "geometry": {
                "type": "Point",
                "coordinates": [
                    16.2826219,
                    47.8011008
                ]
            },
            "properties": {
                "id": "INFT-AJJU9V",
                "name": "Turmöl Quick",
                "S98": "0",
                "S95": "1.432",
                "N": "0",
                "D": "1.462",
                "G": "0",
                "zip": "7201",
                "land": "at",
                "bundesland": "Burgenland",
                "city2": "Mattersburg",
                "city": "Neudörfl",
                "strasse": "Haupstraße 140",
                "date": "8.9.2025",
                "time": "0:36:39"
            }
        },
        {
            "type": "Feature",
            "geometry": {
                "type": "Point",
                "coordinates": [
                    16.240665,
                    47.3629773
                ]
            },
            "properties": {
                "id": "INFT-AJJU6R",
                "name": "Turmöl Quick",
                "S98": "0",
                "S95": "1.477",
                "N": "0",
                "D": "1.487",
                "G": "0",
                "zip": "7433",
                "land": "at",
                "bundesland": "Burgenland",
                "city2": "Oberwart",
                "city": "Mariasdorf",
                "strasse": "Mariasdorf 54",
                "date": "8.9.2025",
                "time": "0:36:44"
            }
        },
        {
            "type": "Feature",
            "geometry": {
                "type": "Point",
                "coordinates": [
                    16.362988,
                    47.880376
                ]
            },
            "properties": {
                "id": "INFT-AJJU5E",
                "name": "LAGERHAUS Genol mit Tankkartensystem",
                "S98": "0",
                "S95": "0",
                "N": "0",
                "D": "1.498",
                "G": "0",
                "zip": "2490",
                "land": "at",
                "bundesland": "Niederösterreich",
                "city2": "Wiener Neustadt Land",
                "city": "Ebenfurth",
                "strasse": "Ing.Gerhard Fildan Strasse",
                "date": "8.9.2025",
                "time": "0:37:20"
            }
        },
        {
            "type": "Feature",
            "geometry": {
                "type": "Point",
                "coordinates": [
                    16.252985,
                    47.755007
                ]
            },
            "properties": {
                "id": "INFT-AJJU5C",
                "name": "BP",
                "S98": "0",
                "S95": "1.479",
                "N": "0",
                "D": "0",
                "G": "0",
                "zip": "2821",
                "land": "at",
                "bundesland": "Niederösterreich",
                "city2": "Wiener Neustadt Land",
                "city": "Frohsdorf",
                "strasse": "Wr.Neustaedt.Str.120",
                "date": "8.9.2025",
                "time": "0:37:21"
            }
        },
        {
            "type": "Feature",
            "geometry": {
                "type": "Point",
                "coordinates": [
                    10.6671344,
                    47.0914553
                ]
            },
            "properties": {
                "id": "INFT-AJJUCU",
                "name": "Gutmann ENI Tankstelle",
                "S98": "0",
                "S95": "1.609",
                "N": "0",
                "D": "1.609",
                "G": "0",
                "zip": "6522",
                "land": "at",
                "bundesland": "Tirol",
                "city2": "Landeck",
                "city": "Prutz",
                "strasse": "Gewerbestraße 2",
                "date": "8.9.2025",
                "time": "0:38:15"
            }
        },
        {
            "type": "Feature",
            "geometry": {
                "type": "Point",
                "coordinates": [
                    12.4178891,
                    47.5196295
                ]
            },
            "properties": {
                "id": "INFT-AJJU99",
                "name": "Disk TANKAUTOMAT",
                "S98": "0",
                "S95": "1.509",
                "N": "0",
                "D": "1.489",
                "G": "0",
                "zip": "6380",
                "land": "at",
                "bundesland": "Tirol",
                "city2": "Kitzbühel",
                "city": "St. Johann",
                "strasse": "Paß Thurn Straße 7",
                "date": "8.9.2025",
                "time": "0:38:12"
            }
        },
        {
            "type": "Feature",
            "geometry": {
                "type": "Point",
                "coordinates": [
                    15.49421958255084,
                    47.03007469884339
                ]
            },
            "properties": {
                "id": "INFT-AJJUBH",
                "name": "F.LEITNER - Autohaus Fleck",
                "S98": "0",
                "S95": "1.458",
                "N": "0",
                "D": "0",
                "G": "0",
                "zip": "8074",
                "land": "at",
                "bundesland": "Steiermark",
                "city2": "Graz Umgebung",
                "city": "Raaba",
                "strasse": "Bahnhofstraße 1",
                "date": "8.9.2025",
                "time": "0:37:57"
            }
        },
        {
            "type": "Feature",
            "geometry": {
                "type": "Point",
                "coordinates": [
                    16.2776905,
                    48.1927168
                ]
            },
            "properties": {
                "id": "INFT-AJJU7M",
                "name": "BP",
                "S98": "0",
                "S95": "1.499",
                "N": "0",
                "D": "1.519",
                "G": "0",
                "zip": "1140",
                "land": "at",
                "bundesland": "Wien",
                "city2": "Penzing",
                "city": "Wien",
                "strasse": "Hadikgasse/Kefergasse ",
                "date": "8.9.2025",
                "time": "0:38:30"
            }
        },
        {
            "type": "Feature",
            "geometry": {
                "type": "Point",
                "coordinates": [
                    13.42524,
                    48.31724
                ]
            },
            "properties": {
                "id": "INFT-AJJU9R",
                "name": "AVANTI - Ort im Innkreis Kammer 19",
                "S98": "0",
                "S95": "0",
                "N": "0",
                "D": "1.478",
                "G": "0",
                "zip": "4974",
                "land": "at",
                "bundesland": "Oberösterreich",
                "city2": "Ried",
                "city": "Ort im Innkreis",
                "strasse": "Kammer 19",
                "date": "8.9.2025",
                "time": "0:37:37"
            }
        },
        {
            "type": "Feature",
            "geometry": {
                "type": "Point",
                "coordinates": [
                    16.579503,
                    47.5907015
                ]
            },
            "properties": {
                "id": "INFT-AJJU7F",
                "name": "Diskont Pöltl",
                "S98": "0",
                "S95": "1.485",
                "N": "0",
                "D": "0",
                "G": "0",
                "zip": "7312",
                "land": "at",
                "bundesland": "Burgenland",
                "city2": "Oberpullendorf",
                "city": "Unterpetersdorf",
                "strasse": "Hofstatt 21",
                "date": "8.9.2025",
                "time": "0:36:43"
            }
        },
        {
            "type": "Feature",
            "geometry": {
                "type": "Point",
                "coordinates": [
                    13.3481402,
                    48.2392811
                ]
            },
            "properties": {
                "id": "INFT-AJJU9P",
                "name": "Turmöl Quick",
                "S98": "0",
                "S95": "1.482",
                "N": "0",
                "D": "1.492",
                "G": "0",
                "zip": "4942",
                "land": "at",
                "bundesland": "Oberösterreich",
                "city2": "Ried",
                "city": "Gurten",
                "strasse": "Rieder Straße 8",
                "date": "8.9.2025",
                "time": "0:37:38"
            }
        },
        {
            "type": "Feature",
            "geometry": {
                "type": "Point",
                "coordinates": [
                    15.602338879077399,
                    46.73890659116481
                ]
            },
            "properties": {
                "id": "INFT-AJJU4U",
                "name": "F. LEITNER",
                "S98": "0",
                "S95": "1.448",
                "N": "0",
                "D": "1.458",
                "G": "0",
                "zip": "8472",
                "land": "at",
                "bundesland": "Steiermark",
                "city2": "Leibnitz",
                "city": "Vogau",
                "strasse": "Rebenland Center Straße 2",
                "date": "8.9.2025",
                "time": "0:37:58"
            }
        },
        {
            "type": "Feature",
            "geometry": {
                "type": "Point",
                "coordinates": [
                    13.2183000160912,
                    47.4132863025724
                ]
            },
            "properties": {
                "id": "INFT-AJJU5M",
                "name": "fillup 24 h - 5500",
                "S98": "0",
                "S95": "1.462",
                "N": "0",
                "D": "1.485",
                "G": "0",
                "zip": "5500",
                "land": "at",
                "bundesland": "Salzburg",
                "city2": "St. Johann",
                "city": "Bischofshofen",
                "strasse": "Molkereistraße 10",
                "date": "8.9.2025",
                "time": "0:37:50"
            }
        },
        {
            "type": "Feature",
            "geometry": {
                "type": "Point",
                "coordinates": [
                    10.6575315,
                    47.5502075
                ]
            },
            "properties": {
                "id": "INFT-AJJU79",
                "name": "Autohof Huter GmbH",
                "S98": "0",
                "S95": "1.589",
                "N": "0",
                "D": "1.599",
                "G": "0",
                "zip": "6682",
                "land": "at",
                "bundesland": "Tirol",
                "city2": "Reutte",
                "city": "Vils",
                "strasse": "Stegen 7",
                "date": "8.9.2025",
                "time": "0:38:17"
            }
        },
        {
            "type": "Feature",
            "geometry": {
                "type": "Point",
                "coordinates": [
                    9.60984,
                    47.2468
                ]
            },
            "properties": {
                "id": "INFT-AJJU7C",
                "name": "Shell Austria",
                "S98": "0",
                "S95": "1.469",
                "N": "0",
                "D": "1.489",
                "G": "0",
                "zip": "6800",
                "land": "at",
                "bundesland": "Vorarlberg",
                "city2": "Feldkirch",
                "city": "FELDKIRCH-LEVIS",
                "strasse": "REICHSSTRASSE 137",
                "date": "8.9.2025",
                "time": "0:38:24"
            }
        },
        {
            "type": "Feature",
            "geometry": {
                "type": "Point",
                "coordinates": [
                    16.617422,
                    48.519049
                ]
            },
            "properties": {
                "id": "INFT-AJJUAT",
                "name": "BP Schrick",
                "S98": "0",
                "S95": "1.481",
                "N": "0",
                "D": "0",
                "G": "0",
                "zip": "2191",
                "land": "at",
                "bundesland": "Niederösterreich",
                "city2": "Mistelbach",
                "city": "Schrick",
                "strasse": "Antensee 3",
                "date": "8.9.2025",
                "time": "0:37:12"
            }
        },
        {
            "type": "Feature",
            "geometry": {
                "type": "Point",
                "coordinates": [
                    12.38639,
                    47.45609
                ]
            },
            "properties": {
                "id": "INFT-AJJU9B",
                "name": "OMV - Kitzbühel St.Johanner Straße 15a",
                "S98": "0",
                "S95": "1.539",
                "N": "0",
                "D": "1.519",
                "G": "0",
                "zip": "6370",
                "land": "at",
                "bundesland": "Tirol",
                "city2": "Kitzbühel",
                "city": "Kitzbuehel",
                "strasse": "St.Johanner Strasse 15a",
                "date": "8.9.2025",
                "time": "0:38:13"
            }
        },
        {
            "type": "Feature",
            "geometry": {
                "type": "Point",
                "coordinates": [
                    14.780412,
                    48.433248
                ]
            },
            "properties": {
                "id": "INFT-AJK39U",
                "name": "Genol  Lagerhaus Pregarten-Gallneukirchen",
                "S98": "0",
                "S95": "1.525",
                "N": "0",
                "D": "1.514",
                "G": "0",
                "zip": "4273",
                "land": "at",
                "bundesland": "Oberösterreich",
                "city2": "Freistadt",
                "city": "Unterweißenbach",
                "strasse": "Markt Unterweißenbach 204",
                "date": "8.9.2025",
                "time": "0:37:30"
            }
        },
        {
            "type": "Feature",
            "geometry": {
                "type": "Point",
                "coordinates": [
                    16.3544422,
                    48.1319793
                ]
            },
            "properties": {
                "id": "INFT-AJK3AS",
                "name": "masterDIESEL",
                "S98": "0",
                "S95": "0",
                "N": "0",
                "D": "1.689",
                "G": "0",
                "zip": "1230",
                "land": "at",
                "bundesland": "Wien",
                "city2": "Liesing",
                "city": "Wien",
                "strasse": "Vorarlberger Allee 3",
                "date": "8.9.2025",
                "time": "0:38:36"
            }
        },
        {
            "type": "Feature",
            "geometry": {
                "type": "Point",
                "coordinates": [
                    13.50239,
                    47.929355
                ]
            },
            "properties": {
                "id": "INFT-AJK3AC",
                "name": "IQ Tankstelle",
                "S98": "0",
                "S95": "1.429",
                "N": "0",
                "D": "1.445",
                "G": "0",
                "zip": "4880",
                "land": "at",
                "bundesland": "Oberösterreich",
                "city2": "Vöcklabruck",
                "city": "St.Georgen/Attergau",
                "strasse": "Am Seering 6",
                "date": "8.9.2025",
                "time": "0:37:45"
            }
        },
        {
            "type": "Feature",
            "geometry": {
                "type": "Point",
                "coordinates": [
                    13.425225,
                    48.308489
                ]
            },
            "properties": {
                "id": "INFT-AJK3AH",
                "name": "Wölfl",
                "S98": "0",
                "S95": "0",
                "N": "0",
                "D": "1.463",
                "G": "0",
                "zip": "4974",
                "land": "at",
                "bundesland": "Oberösterreich",
                "city2": "Ried",
                "city": "Reichersberg",
                "strasse": "Kammer 38 - Gewerbegebiet",
                "date": "8.9.2025",
                "time": "0:37:37"
            }
        },
        {
            "type": "Feature",
            "geometry": {
                "type": "Point",
                "coordinates": [
                    14.478564,
                    48.359101
                ]
            },
            "properties": {
                "id": "INFT-AJK39T",
                "name": "BP Unterweitersdorf",
                "S98": "0",
                "S95": "1.479",
                "N": "0",
                "D": "1.494",
                "G": "0",
                "zip": "4210",
                "land": "at",
                "bundesland": "Oberösterreich",
                "city2": "Urfahr Umgebung",
                "city": "Unterweitersdorf",
                "strasse": "Radingdorf 9",
                "date": "8.9.2025",
                "time": "0:37:30"
            }
        },
        {
            "type": "Feature",
            "geometry": {
                "type": "Point",
                "coordinates": [
                    10.8198,
                    47.3272
                ]
            },
            "properties": {
                "id": "INFT-AJK39F",
                "name": "OMV - Nassereith Fernpaß Bundesstraße 1",
                "S98": "0",
                "S95": "1.599",
                "N": "0",
                "D": "1.589",
                "G": "0",
                "zip": "6465",
                "land": "at",
                "bundesland": "Tirol",
                "city2": "Imst",
                "city": "Nassereith",
                "strasse": "Fernpass Bundesstrasse 1",
                "date": "8.9.2025",
                "time": "0:38:10"
            }
        },
        {
            "type": "Feature",
            "geometry": {
                "type": "Point",
                "coordinates": [
                    9.6042398,
                    47.2690136
                ]
            },
            "properties": {
                "id": "INFT-AJK39X",
                "name": "TK Tankstellen GmbH",
                "S98": "0",
                "S95": "1.479",
                "N": "0",
                "D": "1.499",
                "G": "0",
                "zip": "6800",
                "land": "at",
                "bundesland": "Vorarlberg",
                "city2": "Feldkirch",
                "city": "Feldkirch",
                "strasse": "Studa 3a",
                "date": "8.9.2025",
                "time": "0:38:24"
            }
        },
        {
            "type": "Feature",
            "geometry": {
                "type": "Point",
                "coordinates": [
                    9.7377447,
                    47.534922
                ]
            },
            "properties": {
                "id": "INFT-AJK39H",
                "name": "Deuring",
                "S98": "0",
                "S95": "1.539",
                "N": "0",
                "D": "1.529",
                "G": "0",
                "zip": "6912",
                "land": "at",
                "bundesland": "Vorarlberg",
                "city2": "Bregenz",
                "city": "Hörbranz",
                "strasse": "Seestrasse 10",
                "date": "8.9.2025",
                "time": "0:38:21"
            }
        },
        {
            "type": "Feature",
            "geometry": {
                "type": "Point",
                "coordinates": [
                    16.5695697,
                    48.3535047
                ]
            },
            "properties": {
                "id": "INFT-AJK3B2",
                "name": "GENOL",
                "S98": "0",
                "S95": "0",
                "N": "0",
                "D": "1.489",
                "G": "0",
                "zip": "2212",
                "land": "at",
                "bundesland": "Niederösterreich",
                "city2": "Mistelbach",
                "city": "Grossengersdorf",
                "strasse": "Bahngasse 35",
                "date": "8.9.2025",
                "time": "0:37:11"
            }
        },
        {
            "type": "Feature",
            "geometry": {
                "type": "Point",
                "coordinates": [
                    16.241891,
                    47.822656
                ]
            },
            "properties": {
                "id": "INFT-AJK3B4",
                "name": "eni",
                "S98": "0",
                "S95": "1.449",
                "N": "0",
                "D": "1.479",
                "G": "0",
                "zip": "2700",
                "land": "at",
                "bundesland": "Niederösterreich",
                "city2": "Wiener Neustadt Land",
                "city": "Wr. Neustadt",
                "strasse": "Fischauergasse 34",
                "date": "8.9.2025",
                "time": "0:36:58"
            }
        },
        {
            "type": "Feature",
            "geometry": {
                "type": "Point",
                "coordinates": [
                    16.33836,
                    48.14891
                ]
            },
            "properties": {
                "id": "INFT-AJK3AR",
                "name": "OMV - Wien Sterngasse 13",
                "S98": "0",
                "S95": "1.489",
                "N": "0",
                "D": "1.529",
                "G": "0",
                "zip": "1230",
                "land": "at",
                "bundesland": "Wien",
                "city2": "Liesing",
                "city": "Wien",
                "strasse": "Sterngasse 13",
                "date": "8.9.2025",
                "time": "0:38:36"
            }
        },
        {
            "type": "Feature",
            "geometry": {
                "type": "Point",
                "coordinates": [
                    13.61824,
                    48.23172
                ]
            },
            "properties": {
                "id": "INFT-AJK3BC",
                "name": "GENOL-LH EFERDING-OÖ. MITTE eGen",
                "S98": "0",
                "S95": "0",
                "N": "0",
                "D": "1.488",
                "G": "0",
                "zip": "4742",
                "land": "at",
                "bundesland": "Oberösterreich",
                "city2": "Grieskirchen",
                "city": "PRAM",
                "strasse": "STEINBRUCK 16",
                "date": "8.9.2025",
                "time": "0:37:32"
            }
        },
        {
            "type": "Feature",
            "geometry": {
                "type": "Point",
                "coordinates": [
                    9.900355,
                    47.472489
                ]
            },
            "properties": {
                "id": "INFT-AJK39G",
                "name": "Wälderhaus",
                "S98": "0",
                "S95": "1.56",
                "N": "0",
                "D": "0",
                "G": "0",
                "zip": "6941",
                "land": "at",
                "bundesland": "Vorarlberg",
                "city2": "Bregenz",
                "city": "Langenegg",
                "strasse": "Gfäll 134",
                "date": "8.9.2025",
                "time": "0:38:21"
            }
        },
        {
            "type": "Feature",
            "geometry": {
                "type": "Point",
                "coordinates": [
                    9.7393838,
                    47.5333189
                ]
            },
            "properties": {
                "id": "INFT-AJK6RE",
                "name": "Schindele, Hörbranz",
                "S98": "0",
                "S95": "1.539",
                "N": "0",
                "D": "1.529",
                "G": "0",
                "zip": "6912",
                "land": "at",
                "bundesland": "Vorarlberg",
                "city2": "Bregenz",
                "city": "Hörbranz",
                "strasse": "Seestr. 14a",
                "date": "8.9.2025",
                "time": "0:38:21"
            }
        },
        {
            "type": "Feature",
            "geometry": {
                "type": "Point",
                "coordinates": [
                    14.122109,
                    47.903796
                ]
            },
            "properties": {
                "id": "INFT-AJKA8C",
                "name": "SOCAR Kirchdorf a. d. Krems",
                "S98": "0",
                "S95": "1.443",
                "N": "0",
                "D": "1.463",
                "G": "0",
                "zip": "4560",
                "land": "at",
                "bundesland": "Oberösterreich",
                "city2": "Kirchdorf",
                "city": "Kirchdorf a. d. Krems",
                "strasse": "Bambergstraße 44",
                "date": "8.9.2025",
                "time": "0:37:34"
            }
        },
        {
            "type": "Feature",
            "geometry": {
                "type": "Point",
                "coordinates": [
                    15.672147,
                    48.04296
                ]
            },
            "properties": {
                "id": "INFT-AJKBDJ",
                "name": "eni24",
                "S98": "0",
                "S95": "0",
                "N": "0",
                "D": "1.489",
                "G": "0",
                "zip": "3161",
                "land": "at",
                "bundesland": "Niederösterreich",
                "city2": "Lilienfeld",
                "city": "St. Veit a. d. Gölsen",
                "strasse": "Hauptstrasse 21",
                "date": "8.9.2025",
                "time": "0:37:9"
            }
        },
        {
            "type": "Feature",
            "geometry": {
                "type": "Point",
                "coordinates": [
                    13.846774,
                    48.226524
                ]
            },
            "properties": {
                "id": "INFT-AJKBE3",
                "name": "Turmöl Quick",
                "S98": "0",
                "S95": "1.459",
                "N": "0",
                "D": "1.474",
                "G": "0",
                "zip": "4710",
                "land": "at",
                "bundesland": "Oberösterreich",
                "city2": "Grieskirchen",
                "city": "Grieskirchen",
                "strasse": "Industriegelände 5",
                "date": "8.9.2025",
                "time": "0:37:33"
            }
        },
        {
            "type": "Feature",
            "geometry": {
                "type": "Point",
                "coordinates": [
                    15.74609,
                    47.04704
                ]
            },
            "properties": {
                "id": "INFT-AJKCS8",
                "name": "AVANTI - Sankt Margarethen an der Raab 190",
                "S98": "0",
                "S95": "1.479",
                "N": "0",
                "D": "1.479",
                "G": "0",
                "zip": "8321",
                "land": "at",
                "bundesland": "Steiermark",
                "city2": "Weiz",
                "city": "Sankt Margarethen an der Raab",
                "strasse": "Sankt Margarethen an der Raab 190",
                "date": "8.9.2025",
                "time": "0:38:5"
            }
        },
        {
            "type": "Feature",
            "geometry": {
                "type": "Point",
                "coordinates": [
                    13.9148443,
                    48.2226367
                ]
            },
            "properties": {
                "id": "INFT-AJKCSC",
                "name": "AVIA Xpress (Automaten-Tankstelle)",
                "S98": "0",
                "S95": "1.459",
                "N": "0",
                "D": "1.474",
                "G": "0",
                "zip": "4701",
                "land": "at",
                "bundesland": "Oberösterreich",
                "city2": "Grieskirchen",
                "city": "Bad Schallerbach",
                "strasse": "Am Müllerberg 23",
                "date": "8.9.2025",
                "time": "0:37:33"
            }
        },
        {
            "type": "Feature",
            "geometry": {
                "type": "Point",
                "coordinates": [
                    12.7995335,
                    47.3594885
                ]
            },
            "properties": {
                "id": "INFT-AJKEZQ",
                "name": "LMEnergy Express",
                "S98": "0",
                "S95": "1.525",
                "N": "0",
                "D": "0",
                "G": "0",
                "zip": "5751",
                "land": "at",
                "bundesland": "Salzburg",
                "city2": "Zell am See",
                "city": "Maishofen",
                "strasse": "Zellerstraße 1",
                "date": "8.9.2025",
                "time": "0:37:52"
            }
        },
        {
            "type": "Feature",
            "geometry": {
                "type": "Point",
                "coordinates": [
                    12.75363,
                    46.83172
                ]
            },
            "properties": {
                "id": "INFT-AJKF26",
                "name": "OMV Fast Lane - Lienz Iseltaler Straße 30",
                "S98": "0",
                "S95": "1.48",
                "N": "0",
                "D": "1.485",
                "G": "0",
                "zip": "9900",
                "land": "at",
                "bundesland": "Tirol",
                "city2": "Lienz",
                "city": "Lienz",
                "strasse": "Iseltaler Strasse 30",
                "date": "8.9.2025",
                "time": "0:38:16"
            }
        },
        {
            "type": "Feature",
            "geometry": {
                "type": "Point",
                "coordinates": [
                    16.6461741,
                    48.4018614
                ]
            },
            "properties": {
                "id": "INFT-AJKHRK",
                "name": "Rickl Mühle",
                "S98": "0",
                "S95": "0",
                "N": "0",
                "D": "1.458",
                "G": "0",
                "zip": "2221",
                "land": "at",
                "bundesland": "Niederösterreich",
                "city2": "Gänserndorf",
                "city": "Groß Schweinbarth",
                "strasse": "Raggendorfer Straße 1",
                "date": "8.9.2025",
                "time": "0:37:1"
            }
        },
        {
            "type": "Feature",
            "geometry": {
                "type": "Point",
                "coordinates": [
                    16.232125,
                    48.387907
                ]
            },
            "properties": {
                "id": "INFT-AJKHQR",
                "name": "Diesel-Benzin-Diskont Groiss ",
                "S98": "0",
                "S95": "1.392",
                "N": "0",
                "D": "1.392",
                "G": "0",
                "zip": "2000",
                "land": "at",
                "bundesland": "Niederösterreich",
                "city2": "Korneuburg",
                "city": "Stockerau",
                "strasse": "Josef-Jessernigg-Straße 3",
                "date": "8.9.2025",
                "time": "0:37:7"
            }
        },
        {
            "type": "Feature",
            "geometry": {
                "type": "Point",
                "coordinates": [
                    16.192861,
                    48.205435
                ]
            },
            "properties": {
                "id": "INFT-AJKHPS",
                "name": "eni24",
                "S98": "0",
                "S95": "1.437",
                "N": "0",
                "D": "1.464",
                "G": "0",
                "zip": "3002",
                "land": "at",
                "bundesland": "Niederösterreich",
                "city2": "Wien Umgebung",
                "city": "Purkersdorf",
                "strasse": "Wiener Strasse 48",
                "date": "8.9.2025",
                "time": "0:37:15"
            }
        },
        {
            "type": "Feature",
            "geometry": {
                "type": "Point",
                "coordinates": [
                    16.501615,
                    48.756557
                ]
            },
            "properties": {
                "id": "INFT-AJKHSP",
                "name": "tom´s Tankautomat",
                "S98": "0",
                "S95": "1.483",
                "N": "0",
                "D": "0",
                "G": "0",
                "zip": "2164",
                "land": "at",
                "bundesland": "Niederösterreich",
                "city2": "Mistelbach",
                "city": "Wildendürnbach",
                "strasse": "Wildendürnbach 114",
                "date": "8.9.2025",
                "time": "0:37:12"
            }
        },
        {
            "type": "Feature",
            "geometry": {
                "type": "Point",
                "coordinates": [
                    15.9296682,
                    48.2814015
                ]
            },
            "properties": {
                "id": "INFT-AJKHQW",
                "name": "SOCAR Michelhausen",
                "S98": "0",
                "S95": "0",
                "N": "0",
                "D": "1.464",
                "G": "0",
                "zip": "3451",
                "land": "at",
                "bundesland": "Niederösterreich",
                "city2": "Tulln",
                "city": "Michelhausen",
                "strasse": "Bergstraße 1",
                "date": "8.9.2025",
                "time": "0:37:17"
            }
        },
        {
            "type": "Feature",
            "geometry": {
                "type": "Point",
                "coordinates": [
                    15.001466,
                    47.419478
                ]
            },
            "properties": {
                "id": "INFT-AJKHQ2",
                "name": "Dieselkraftstoff",
                "S98": "0",
                "S95": "0",
                "N": "0",
                "D": "1.455",
                "G": "0",
                "zip": "8793",
                "land": "at",
                "bundesland": "Steiermark",
                "city2": "Leoben",
                "city": "Trofaiach",
                "strasse": "Kehrgasse 71",
                "date": "8.9.2025",
                "time": "0:37:59"
            }
        },
        {
            "type": "Feature",
            "geometry": {
                "type": "Point",
                "coordinates": [
                    15.4851752,
                    48.5176115
                ]
            },
            "properties": {
                "id": "INFT-AJKHRE",
                "name": "Shell",
                "S98": "0",
                "S95": "1.489",
                "N": "0",
                "D": "0",
                "G": "0",
                "zip": "3542",
                "land": "at",
                "bundesland": "Niederösterreich",
                "city2": "Krems Land",
                "city": "Gföhl",
                "strasse": "Zwettlerstraße  16",
                "date": "8.9.2025",
                "time": "0:37:8"
            }
        },
        {
            "type": "Feature",
            "geometry": {
                "type": "Point",
                "coordinates": [
                    16.2038779,
                    48.1381917
                ]
            },
            "properties": {
                "id": "INFT-AJKHRM",
                "name": "Vivod GmbH",
                "S98": "0",
                "S95": "1.442",
                "N": "0",
                "D": "1.459",
                "G": "0",
                "zip": "2384",
                "land": "at",
                "bundesland": "Niederösterreich",
                "city2": "Mödling",
                "city": "Breitenfurt",
                "strasse": "Laaberstrasse 1",
                "date": "8.9.2025",
                "time": "0:37:13"
            }
        },
        {
            "type": "Feature",
            "geometry": {
                "type": "Point",
                "coordinates": [
                    15.8132125,
                    47.1208582
                ]
            },
            "properties": {
                "id": "INFT-AJKHSH",
                "name": "Deine Tankstelle",
                "S98": "0",
                "S95": "1.477",
                "N": "0",
                "D": "1.467",
                "G": "0",
                "zip": "8261",
                "land": "at",
                "bundesland": "Steiermark",
                "city2": "Weiz",
                "city": "Sinabelkirchen",
                "strasse": "Égelsdorf 14",
                "date": "8.9.2025",
                "time": "0:38:5"
            }
        },
        {
            "type": "Feature",
            "geometry": {
                "type": "Point",
                "coordinates": [
                    13.20651,
                    47.34862
                ]
            },
            "properties": {
                "id": "INFT-AJKHQ9",
                "name": "OMV Fast Lane - Sankt Johann im Pongau Wagrainer Straße 11",
                "S98": "0",
                "S95": "1.479",
                "N": "0",
                "D": "0",
                "G": "0",
                "zip": "5600",
                "land": "at",
                "bundesland": "Salzburg",
                "city2": "St. Johann",
                "city": "Sankt Johann im Pongau",
                "strasse": "Wagrainer Strasse 11",
                "date": "8.9.2025",
                "time": "0:37:50"
            }
        },
        {
            "type": "Feature",
            "geometry": {
                "type": "Point",
                "coordinates": [
                    11.42309,
                    47.261905
                ]
            },
            "properties": {
                "id": "INFT-AJKHT3",
                "name": "Gutmann Shell Tankstelle",
                "S98": "0",
                "S95": "0",
                "N": "0",
                "D": "1.599",
                "G": "0",
                "zip": "6020",
                "land": "at",
                "bundesland": "Tirol",
                "city2": "Innsbruck",
                "city": "Innsbruck",
                "strasse": "Amraser See Straße 29",
                "date": "8.9.2025",
                "time": "0:38:7"
            }
        },
        {
            "type": "Feature",
            "geometry": {
                "type": "Point",
                "coordinates": [
                    14.36934,
                    48.28415
                ]
            },
            "properties": {
                "id": "INFT-AJKHRF",
                "name": "speed-DISKONT-automatic Steyregg/Ort",
                "S98": "0",
                "S95": "1.445",
                "N": "0",
                "D": "1.47",
                "G": "0",
                "zip": "4221",
                "land": "at",
                "bundesland": "Oberösterreich",
                "city2": "Urfahr Umgebung",
                "city": "Steyregg",
                "strasse": "Linzerstraße 5",
                "date": "8.9.2025",
                "time": "0:37:43"
            }
        },
        {
            "type": "Feature",
            "geometry": {
                "type": "Point",
                "coordinates": [
                    14.4489482,
                    46.6218093
                ]
            },
            "properties": {
                "id": "INFT-AJKHQJ",
                "name": "Lagerhaus",
                "S98": "0",
                "S95": "1.571",
                "N": "0",
                "D": "1.541",
                "G": "0",
                "zip": "9131",
                "land": "at",
                "bundesland": "Kärnten",
                "city2": "Klagenfurt Land",
                "city": "Grafenstein",
                "strasse": "10. Oktoberstrasse 9",
                "date": "8.9.2025",
                "time": "0:36:49"
            }
        },
        {
            "type": "Feature",
            "geometry": {
                "type": "Point",
                "coordinates": [
                    15.0161079,
                    48.557693
                ]
            },
            "properties": {
                "id": "INFT-AJL3AP",
                "name": "AVIA XPress (unser Service: Luft und Wasser)",
                "S98": "0",
                "S95": "1.559",
                "N": "0",
                "D": "0",
                "G": "0",
                "zip": "3920",
                "land": "at",
                "bundesland": "Niederösterreich",
                "city2": "Zwettl",
                "city": "Groß Gerungs",
                "strasse": "Groß Meinharts 10",
                "date": "8.9.2025",
                "time": "0:37:23"
            }
        },
        {
            "type": "Feature",
            "geometry": {
                "type": "Point",
                "coordinates": [
                    13.00609,
                    47.79796
                ]
            },
            "properties": {
                "id": "INFT-AJL3AT",
                "name": "OMV - Salzburg Innsbrucker Bundesstraße 142",
                "S98": "0",
                "S95": "1.458",
                "N": "0",
                "D": "0",
                "G": "0",
                "zip": "5020",
                "land": "at",
                "bundesland": "Salzburg",
                "city2": "Salzburg Umgebung",
                "city": "Salzburg",
                "strasse": "Innsbrucker Bundesstrasse 142",
                "date": "8.9.2025",
                "time": "0:37:46"
            }
        },
        {
            "type": "Feature",
            "geometry": {
                "type": "Point",
                "coordinates": [
                    15.0672604,
                    48.667217
                ]
            },
            "properties": {
                "id": "INFT-AJL3AN",
                "name": "Shell",
                "S98": "0",
                "S95": "1.559",
                "N": "0",
                "D": "0",
                "G": "0",
                "zip": "3931",
                "land": "at",
                "bundesland": "Niederösterreich",
                "city2": "Zwettl",
                "city": "Schweiggers",
                "strasse": "Sportplatzstraße  2",
                "date": "8.9.2025",
                "time": "0:37:23"
            }
        },
        {
            "type": "Feature",
            "geometry": {
                "type": "Point",
                "coordinates": [
                    13.4939519,
                    48.2174061
                ]
            },
            "properties": {
                "id": "INFT-AJLA22",
                "name": "SOCAR Ried im Innkreis",
                "S98": "0",
                "S95": "1.482",
                "N": "0",
                "D": "1.492",
                "G": "0",
                "zip": "4910",
                "land": "at",
                "bundesland": "Oberösterreich",
                "city2": "Ried",
                "city": "Ried im Innkreis",
                "strasse": "Riedauer Straße 35",
                "date": "8.9.2025",
                "time": "0:37:38"
            }
        },
        {
            "type": "Feature",
            "geometry": {
                "type": "Point",
                "coordinates": [
                    14.8870475,
                    48.573888
                ]
            },
            "properties": {
                "id": "INFT-AJLGD7",
                "name": "AVIA XPress",
                "S98": "0",
                "S95": "1.559",
                "N": "0",
                "D": "0",
                "G": "0",
                "zip": "3921",
                "land": "at",
                "bundesland": "Niederösterreich",
                "city2": "Zwettl",
                "city": "Langschlag",
                "strasse": "Franz Diebl-Str. 44",
                "date": "8.9.2025",
                "time": "0:37:23"
            }
        },
        {
            "type": "Feature",
            "geometry": {
                "type": "Point",
                "coordinates": [
                    12.70056,
                    47.57544
                ]
            },
            "properties": {
                "id": "INFT-AJLGCH",
                "name": "Lagerhaus-Tankstelle 24h",
                "S98": "0",
                "S95": "1.519",
                "N": "0",
                "D": "1.534",
                "G": "0",
                "zip": "5092",
                "land": "at",
                "bundesland": "Salzburg",
                "city2": "Zell am See",
                "city": "St. Martin/Lofer",
                "strasse": "St. Martin 179",
                "date": "8.9.2025",
                "time": "0:37:52"
            }
        },
        {
            "type": "Feature",
            "geometry": {
                "type": "Point",
                "coordinates": [
                    14.9673527,
                    48.4628625
                ]
            },
            "properties": {
                "id": "INFT-AJLGD6",
                "name": "IQ Diskont",
                "S98": "0",
                "S95": "1.559",
                "N": "0",
                "D": "0",
                "G": "0",
                "zip": "3925",
                "land": "at",
                "bundesland": "Niederösterreich",
                "city2": "Zwettl",
                "city": "Altmelon",
                "strasse": "Altmelon 63",
                "date": "8.9.2025",
                "time": "0:37:23"
            }
        },
        {
            "type": "Feature",
            "geometry": {
                "type": "Point",
                "coordinates": [
                    14.9520745,
                    48.4936271
                ]
            },
            "properties": {
                "id": "INFT-AJLGD9",
                "name": "AVIA XPress (unser Service: Luft und Wasser)",
                "S98": "0",
                "S95": "1.559",
                "N": "0",
                "D": "0",
                "G": "0",
                "zip": "3925",
                "land": "at",
                "bundesland": "Niederösterreich",
                "city2": "Zwettl",
                "city": "Arbesbach ",
                "strasse": "Nr. 44",
                "date": "8.9.2025",
                "time": "0:37:23"
            }
        },
        {
            "type": "Feature",
            "geometry": {
                "type": "Point",
                "coordinates": [
                    15.421137487628185,
                    47.060542316479136
                ]
            },
            "properties": {
                "id": "INFT-AJM2XG",
                "name": "Sprint - Kärntner Straße 30",
                "S98": "0",
                "S95": "1.442",
                "N": "0",
                "D": "1.447",
                "G": "0",
                "zip": "8020",
                "land": "at",
                "bundesland": "Steiermark",
                "city2": "Graz",
                "city": "Graz",
                "strasse": "Kärntner Straße 30",
                "date": "8.9.2025",
                "time": "0:37:54"
            }
        },
        {
            "type": "Feature",
            "geometry": {
                "type": "Point",
                "coordinates": [
                    13.9257925,
                    48.2275333
                ]
            },
            "properties": {
                "id": "INFT-AJM2XZ",
                "name": "PINK - so pink, so clever",
                "S98": "0",
                "S95": "1.459",
                "N": "0",
                "D": "1.474",
                "G": "0",
                "zip": "4701",
                "land": "at",
                "bundesland": "Oberösterreich",
                "city2": "Grieskirchen",
                "city": "Bad Schallerbach",
                "strasse": "Welserstraße 5",
                "date": "8.9.2025",
                "time": "0:37:33"
            }
        },
        {
            "type": "Feature",
            "geometry": {
                "type": "Point",
                "coordinates": [
                    15.40058,
                    47.02883
                ]
            },
            "properties": {
                "id": "INFT-AJM2XX",
                "name": "AVANTI - Graz Weblinger Straße 41",
                "S98": "0",
                "S95": "1.443",
                "N": "0",
                "D": "1.448",
                "G": "0",
                "zip": "8054",
                "land": "at",
                "bundesland": "Steiermark",
                "city2": "Graz",
                "city": "Graz",
                "strasse": "Weblinger Strasse 41",
                "date": "8.9.2025",
                "time": "0:37:57"
            }
        },
        {
            "type": "Feature",
            "geometry": {
                "type": "Point",
                "coordinates": [
                    12.998107,
                    47.833221
                ]
            },
            "properties": {
                "id": "INFT-AJM2XU",
                "name": "BP Liefering",
                "S98": "0",
                "S95": "1.471",
                "N": "0",
                "D": "1.479",
                "G": "0",
                "zip": "5020",
                "land": "at",
                "bundesland": "Salzburg",
                "city2": "Salzburg Umgebung",
                "city": "Salzburg",
                "strasse": "Münchner Bundesstraße 137",
                "date": "8.9.2025",
                "time": "0:37:46"
            }
        },
        {
            "type": "Feature",
            "geometry": {
                "type": "Point",
                "coordinates": [
                    15.423171549885915,
                    47.062528766908926
                ]
            },
            "properties": {
                "id": "INFT-AJM2XJ",
                "name": "F. LEITNER",
                "S98": "0",
                "S95": "1.442",
                "N": "0",
                "D": "1.447",
                "G": "0",
                "zip": "8020",
                "land": "at",
                "bundesland": "Steiermark",
                "city2": "Graz",
                "city": "Graz",
                "strasse": "Kärntner Straße 4",
                "date": "8.9.2025",
                "time": "0:37:54"
            }
        },
        {
            "type": "Feature",
            "geometry": {
                "type": "Point",
                "coordinates": [
                    14.3126125,
                    46.6359198
                ]
            },
            "properties": {
                "id": "INFT-AJMGD8",
                "name": "SOCAR Klagenfurt-St.Veiter-Straße",
                "S98": "0",
                "S95": "0",
                "N": "0",
                "D": "1.464",
                "G": "0",
                "zip": "9020",
                "land": "at",
                "bundesland": "Kärnten",
                "city2": "Klagenfurt Land",
                "city": "Klagenfurt",
                "strasse": "St. Veiter Straße 94",
                "date": "8.9.2025",
                "time": "0:36:45"
            }
        },
        {
            "type": "Feature",
            "geometry": {
                "type": "Point",
                "coordinates": [
                    16.0955848,
                    47.7304251
                ]
            },
            "properties": {
                "id": "INFT-AJMGCW",
                "name": "Shell Fellner",
                "S98": "0",
                "S95": "1.527",
                "N": "0",
                "D": "0",
                "G": "0",
                "zip": "2620",
                "land": "at",
                "bundesland": "Niederösterreich",
                "city2": "Neunkirchen",
                "city": "Neunkirchen",
                "strasse": "Wiener Straße 123",
                "date": "8.9.2025",
                "time": "0:37:14"
            }
        },
        {
            "type": "Feature",
            "geometry": {
                "type": "Point",
                "coordinates": [
                    11.595071,
                    47.291649
                ]
            },
            "properties": {
                "id": "INFT-AJMTS8",
                "name": "Disk TANKAUTOMAT",
                "S98": "0",
                "S95": "1.589",
                "N": "0",
                "D": "1.589",
                "G": "0",
                "zip": "6112",
                "land": "at",
                "bundesland": "Tirol",
                "city2": "Innsbruck Land",
                "city": "Wattens",
                "strasse": "Salzburgerstraße 8",
                "date": "8.9.2025",
                "time": "0:38:11"
            }
        },
        {
            "type": "Feature",
            "geometry": {
                "type": "Point",
                "coordinates": [
                    16.0095376,
                    48.2887321
                ]
            },
            "properties": {
                "id": "INFT-AJMTS3",
                "name": "Lagerhaus - Genol",
                "S98": "0",
                "S95": "0",
                "N": "0",
                "D": "1.468",
                "G": "0",
                "zip": "3441",
                "land": "at",
                "bundesland": "Niederösterreich",
                "city2": "Tulln",
                "city": "Judenau",
                "strasse": "Bahnhofstraße 17",
                "date": "8.9.2025",
                "time": "0:37:17"
            }
        },
        {
            "type": "Feature",
            "geometry": {
                "type": "Point",
                "coordinates": [
                    15.8619983,
                    48.2517536
                ]
            },
            "properties": {
                "id": "INFT-AJMTRZ",
                "name": "Lagerhaus - Genol",
                "S98": "0",
                "S95": "0",
                "N": "0",
                "D": "1.468",
                "G": "0",
                "zip": "3042",
                "land": "at",
                "bundesland": "Niederösterreich",
                "city2": "Tulln",
                "city": "Wuermla",
                "strasse": "Hauptstrasse 39",
                "date": "8.9.2025",
                "time": "0:37:17"
            }
        },
        {
            "type": "Feature",
            "geometry": {
                "type": "Point",
                "coordinates": [
                    11.574433,
                    47.291801
                ]
            },
            "properties": {
                "id": "INFT-AJMTS7",
                "name": "Waschpark Volders",
                "S98": "0",
                "S95": "1.579",
                "N": "0",
                "D": "1.579",
                "G": "0",
                "zip": "6111",
                "land": "at",
                "bundesland": "Tirol",
                "city2": "Innsbruck Land",
                "city": "Volders",
                "strasse": "Alpenstrasse 1",
                "date": "8.9.2025",
                "time": "0:38:11"
            }
        },
        {
            "type": "Feature",
            "geometry": {
                "type": "Point",
                "coordinates": [
                    9.71573,
                    47.41172
                ]
            },
            "properties": {
                "id": "INFT-AJN39J",
                "name": "Shell Austria",
                "S98": "0",
                "S95": "1.529",
                "N": "0",
                "D": "0",
                "G": "0",
                "zip": "6850",
                "land": "at",
                "bundesland": "Vorarlberg",
                "city2": "Dornbirn",
                "city": "DORNBIRN",
                "strasse": "LUSTENAUERSTRASSE 86",
                "date": "8.9.2025",
                "time": "0:38:22"
            }
        },
        {
            "type": "Feature",
            "geometry": {
                "type": "Point",
                "coordinates": [
                    12.150235,
                    47.565769
                ]
            },
            "properties": {
                "id": "INFT-AJN39T",
                "name": "INNTALER Logistik Park GmbH",
                "S98": "0",
                "S95": "0",
                "N": "0",
                "D": "1.488",
                "G": "0",
                "zip": "6330",
                "land": "at",
                "bundesland": "Tirol",
                "city2": "Kufstein",
                "city": "Kufstein",
                "strasse": "Endach 34",
                "date": "8.9.2025",
                "time": "0:38:13"
            }
        },
        {
            "type": "Feature",
            "geometry": {
                "type": "Point",
                "coordinates": [
                    10.5108575,
                    46.9531126
                ]
            },
            "properties": {
                "id": "INFT-AJNJJP",
                "name": "Disk",
                "S98": "0",
                "S95": "1.607",
                "N": "0",
                "D": "1.607",
                "G": "0",
                "zip": "6542",
                "land": "at",
                "bundesland": "Tirol",
                "city2": "Landeck",
                "city": "Pfunds",
                "strasse": "Reschenstraße 644",
                "date": "8.9.2025",
                "time": "0:38:15"
            }
        },
        {
            "type": "Feature",
            "geometry": {
                "type": "Point",
                "coordinates": [
                    16.466253,
                    48.247683
                ]
            },
            "properties": {
                "id": "INFT-AJNTT9",
                "name": "BP",
                "S98": "0",
                "S95": "1.499",
                "N": "0",
                "D": "1.519",
                "G": "0",
                "zip": "1220",
                "land": "at",
                "bundesland": "Wien",
                "city2": "Donaustadt",
                "city": "Wien",
                "strasse": "Gewerbeparkstr.On1 Gew.Park Stadlau ",
                "date": "8.9.2025",
                "time": "0:38:35"
            }
        },
        {
            "type": "Feature",
            "geometry": {
                "type": "Point",
                "coordinates": [
                    15.8987035,
                    48.2011233
                ]
            },
            "properties": {
                "id": "INFT-AJNTT2",
                "name": "Lagerhaus - Genol",
                "S98": "0",
                "S95": "0",
                "N": "0",
                "D": "1.468",
                "G": "0",
                "zip": "3040",
                "land": "at",
                "bundesland": "Niederösterreich",
                "city2": "St. Pölten Land",
                "city": "Neulengbach",
                "strasse": "Umseerstrasse 1",
                "date": "8.9.2025",
                "time": "0:37:15"
            }
        },
        {
            "type": "Feature",
            "geometry": {
                "type": "Point",
                "coordinates": [
                    15.89206,
                    48.202649
                ]
            },
            "properties": {
                "id": "INFT-AJNTSZ",
                "name": "Lagerhaus - Genol",
                "S98": "0",
                "S95": "0",
                "N": "0",
                "D": "1.468",
                "G": "0",
                "zip": "3040",
                "land": "at",
                "bundesland": "Niederösterreich",
                "city2": "St. Pölten Land",
                "city": "Neulengbach",
                "strasse": "Umseerstrasse 29",
                "date": "8.9.2025",
                "time": "0:37:15"
            }
        },
        {
            "type": "Feature",
            "geometry": {
                "type": "Point",
                "coordinates": [
                    11.3942247,
                    47.2533315
                ]
            },
            "properties": {
                "id": "INFT-AJNTTA",
                "name": "Unser Lagerhaus",
                "S98": "0",
                "S95": "0",
                "N": "0",
                "D": "1.595",
                "G": "0",
                "zip": "6020",
                "land": "at",
                "bundesland": "Tirol",
                "city2": "Innsbruck",
                "city": "Innsbruck",
                "strasse": "Duilestr. 20",
                "date": "8.9.2025",
                "time": "0:38:7"
            }
        },
        {
            "type": "Feature",
            "geometry": {
                "type": "Point",
                "coordinates": [
                    11.42971,
                    47.26338
                ]
            },
            "properties": {
                "id": "INFT-AJQ3EY",
                "name": "Shell Austria",
                "S98": "0",
                "S95": "1.589",
                "N": "0",
                "D": "1.599",
                "G": "0",
                "zip": "6020",
                "land": "at",
                "bundesland": "Tirol",
                "city2": "Innsbruck",
                "city": "INNSBRUCK",
                "strasse": "AMRASERSEE-STRASSE 56",
                "date": "8.9.2025",
                "time": "0:38:8"
            }
        },
        {
            "type": "Feature",
            "geometry": {
                "type": "Point",
                "coordinates": [
                    11.8808568,
                    47.2233433
                ]
            },
            "properties": {
                "id": "INFT-AJPTQT",
                "name": "Disk Tankstelle + TANKAUTOMAT",
                "S98": "0",
                "S95": "1.584",
                "N": "0",
                "D": "1.574",
                "G": "0",
                "zip": "6284",
                "land": "at",
                "bundesland": "Tirol",
                "city2": "Schwaz",
                "city": "Ramsau",
                "strasse": "Talstrasse 25",
                "date": "8.9.2025",
                "time": "0:38:19"
            }
        },
        {
            "type": "Feature",
            "geometry": {
                "type": "Point",
                "coordinates": [
                    16.073544,
                    48.560798
                ]
            },
            "properties": {
                "id": "INFT-AJRCGY",
                "name": "Disk TANKAUTOMAT",
                "S98": "0",
                "S95": "1.489",
                "N": "0",
                "D": "1.509",
                "G": "0",
                "zip": "2020",
                "land": "at",
                "bundesland": "Niederösterreich",
                "city2": "Hollabrunn",
                "city": "Hollabrunn",
                "strasse": "Anton Ehrenfried Straße 1",
                "date": "8.9.2025",
                "time": "0:37:5"
            }
        },
        {
            "type": "Feature",
            "geometry": {
                "type": "Point",
                "coordinates": [
                    13.6118551,
                    47.7190382
                ]
            },
            "properties": {
                "id": "INFT-AJS3BM",
                "name": "Turmöl Quick",
                "S98": "0",
                "S95": "0",
                "N": "0",
                "D": "1.473",
                "G": "0",
                "zip": "4820",
                "land": "at",
                "bundesland": "Oberösterreich",
                "city2": "Gmunden",
                "city": "Bad Ischl",
                "strasse": "Salzburgerstrasse 103",
                "date": "8.9.2025",
                "time": "0:37:31"
            }
        },
        {
            "type": "Feature",
            "geometry": {
                "type": "Point",
                "coordinates": [
                    14.505802,
                    46.8799972
                ]
            },
            "properties": {
                "id": "INFT-AJS7ES",
                "name": "Kuss Autodienst",
                "S98": "0",
                "S95": "1.529",
                "N": "0",
                "D": "1.539",
                "G": "0",
                "zip": "9334",
                "land": "at",
                "bundesland": "Kärnten",
                "city2": "St. Veit",
                "city": "Guttaring",
                "strasse": "Christophorusweg 1",
                "date": "8.9.2025",
                "time": "0:36:50"
            }
        },
        {
            "type": "Feature",
            "geometry": {
                "type": "Point",
                "coordinates": [
                    15.0844437,
                    47.0628136
                ]
            },
            "properties": {
                "id": "INFT-AJT2YY",
                "name": "LAGERHAUS Genol Köflach ",
                "S98": "0",
                "S95": "0",
                "N": "0",
                "D": "1.459",
                "G": "0",
                "zip": "8580",
                "land": "at",
                "bundesland": "Steiermark",
                "city2": "Voitsberg",
                "city": "Köflach",
                "strasse": "Bahnweg 6",
                "date": "8.9.2025",
                "time": "0:38:3"
            }
        },
        {
            "type": "Feature",
            "geometry": {
                "type": "Point",
                "coordinates": [
                    11.47347,
                    47.27348
                ]
            },
            "properties": {
                "id": "INFT-AJTTYA",
                "name": "OMV - Hall in Tirol Schlöglstraße 77",
                "S98": "0",
                "S95": "1.589",
                "N": "0",
                "D": "0",
                "G": "0",
                "zip": "6060",
                "land": "at",
                "bundesland": "Tirol",
                "city2": "Innsbruck Land",
                "city": "Hall in Tirol",
                "strasse": "Schlöglstrasse 77",
                "date": "8.9.2025",
                "time": "0:38:11"
            }
        },
        {
            "type": "Feature",
            "geometry": {
                "type": "Point",
                "coordinates": [
                    15.2443556,
                    48.524638
                ]
            },
            "properties": {
                "id": "INFT-AJU354",
                "name": "Shell",
                "S98": "0",
                "S95": "1.559",
                "N": "0",
                "D": "0",
                "G": "0",
                "zip": "3914",
                "land": "at",
                "bundesland": "Niederösterreich",
                "city2": "Zwettl",
                "city": "Waldhausen",
                "strasse": "Waldhausen   79",
                "date": "8.9.2025",
                "time": "0:37:22"
            }
        },
        {
            "type": "Feature",
            "geometry": {
                "type": "Point",
                "coordinates": [
                    15.181062,
                    48.4916278
                ]
            },
            "properties": {
                "id": "INFT-AJU353",
                "name": "Shell",
                "S98": "0",
                "S95": "1.559",
                "N": "0",
                "D": "0",
                "G": "0",
                "zip": "3912",
                "land": "at",
                "bundesland": "Niederösterreich",
                "city2": "Zwettl",
                "city": "Grafenschlag",
                "strasse": "Grafenschlag  89",
                "date": "8.9.2025",
                "time": "0:37:23"
            }
        },
        {
            "type": "Feature",
            "geometry": {
                "type": "Point",
                "coordinates": [
                    16.3580035648,
                    48.1790148559
                ]
            },
            "properties": {
                "id": "INFT-AJX3A2",
                "name": "Shell Austria",
                "S98": "0",
                "S95": "1.579",
                "N": "0",
                "D": "1.589",
                "G": "0",
                "zip": "1100",
                "land": "at",
                "bundesland": "Wien",
                "city2": "Favoriten",
                "city": "WIEN",
                "strasse": "TRIESTERSTRASSE 6A-8",
                "date": "8.9.2025",
                "time": "0:38:26"
            }
        },
        {
            "type": "Feature",
            "geometry": {
                "type": "Point",
                "coordinates": [
                    16.3184664,
                    48.1609065
                ]
            },
            "properties": {
                "id": "INFT-AJXUG5",
                "name": "BP",
                "S98": "0",
                "S95": "1.529",
                "N": "0",
                "D": "1.549",
                "G": "0",
                "zip": "1120",
                "land": "at",
                "bundesland": "Wien",
                "city2": "Meidling",
                "city": "Wien",
                "strasse": "Altmannsdorferstr.117 ",
                "date": "8.9.2025",
                "time": "0:38:29"
            }
        },
        {
            "type": "Feature",
            "geometry": {
                "type": "Point",
                "coordinates": [
                    16.3172305,
                    48.1623607
                ]
            },
            "properties": {
                "id": "INFT-AJXUG6",
                "name": "BP",
                "S98": "0",
                "S95": "1.529",
                "N": "0",
                "D": "1.549",
                "G": "0",
                "zip": "1120",
                "land": "at",
                "bundesland": "Wien",
                "city2": "Meidling",
                "city": "Wien",
                "strasse": "Altmannsdorferstr.94 ",
                "date": "8.9.2025",
                "time": "0:38:29"
            }
        },
        {
            "type": "Feature",
            "geometry": {
                "type": "Point",
                "coordinates": [
                    12.16222,
                    47.58636
                ]
            },
            "properties": {
                "id": "INFT-AK2TYF",
                "name": "AVANTI - Kufstein Schubertstraße 20",
                "S98": "0",
                "S95": "1.484",
                "N": "0",
                "D": "1.484",
                "G": "0",
                "zip": "6330",
                "land": "at",
                "bundesland": "Tirol",
                "city2": "Kufstein",
                "city": "Kufstein",
                "strasse": "Schubertstrasse 20",
                "date": "8.9.2025",
                "time": "0:38:14"
            }
        },
        {
            "type": "Feature",
            "geometry": {
                "type": "Point",
                "coordinates": [
                    12.98,
                    47.817794
                ]
            },
            "properties": {
                "id": "INFT-AK4H6H",
                "name": "Wölfl",
                "S98": "0",
                "S95": "0",
                "N": "0",
                "D": "1.463",
                "G": "0",
                "zip": "5071",
                "land": "at",
                "bundesland": "Salzburg",
                "city2": "Salzburg Umgebung",
                "city": "Wals-Siezenheim",
                "strasse": "Bayernstrasse 24",
                "date": "8.9.2025",
                "time": "0:37:48"
            }
        },
        {
            "type": "Feature",
            "geometry": {
                "type": "Point",
                "coordinates": [
                    16.50778,
                    47.8449265
                ]
            },
            "properties": {
                "id": "INFT-AK4H6G",
                "name": "CP - so günstig wie möglich",
                "S98": "0",
                "S95": "1.463",
                "N": "0",
                "D": "1.464",
                "G": "0",
                "zip": "7000",
                "land": "at",
                "bundesland": "Burgenland",
                "city2": "Eisenstadt",
                "city": "Eisenstadt",
                "strasse": "Wiener Straße 36-38",
                "date": "8.9.2025",
                "time": "0:36:37"
            }
        },
        {
            "type": "Feature",
            "geometry": {
                "type": "Point",
                "coordinates": [
                    15.3460912,
                    47.1994774
                ]
            },
            "properties": {
                "id": "INFT-AK4UQA",
                "name": "Jogrei",
                "S98": "0",
                "S95": "0",
                "N": "0",
                "D": "1.449",
                "G": "0",
                "zip": "8120",
                "land": "at",
                "bundesland": "Steiermark",
                "city2": "Graz Umgebung",
                "city": "Peggau",
                "strasse": "Grazer Straße  23",
                "date": "8.9.2025",
                "time": "0:37:56"
            }
        },
        {
            "type": "Feature",
            "geometry": {
                "type": "Point",
                "coordinates": [
                    14.7928574,
                    47.948442
                ]
            },
            "properties": {
                "id": "INFT-AK52FA",
                "name": "Lagerhaus-Genol",
                "S98": "0",
                "S95": "1.509",
                "N": "0",
                "D": "1.527",
                "G": "0",
                "zip": "3340",
                "land": "at",
                "bundesland": "Niederösterreich",
                "city2": "Scheibbs",
                "city": "Waidhofen/Ybbs",
                "strasse": "Ybbsitzerstraße 130",
                "date": "8.9.2025",
                "time": "0:36:56"
            }
        },
        {
            "type": "Feature",
            "geometry": {
                "type": "Point",
                "coordinates": [
                    15.3059831,
                    48.4175608
                ]
            },
            "properties": {
                "id": "INFT-AKBFBJ",
                "name": "Genol",
                "S98": "0",
                "S95": "0",
                "N": "0",
                "D": "1.529",
                "G": "0",
                "zip": "3623",
                "land": "at",
                "bundesland": "Niederösterreich",
                "city2": "Zwettl",
                "city": "Kottes",
                "strasse": "Kottes  75",
                "date": "8.9.2025",
                "time": "0:37:22"
            }
        },
        {
            "type": "Feature",
            "geometry": {
                "type": "Point",
                "coordinates": [
                    13.880056,
                    48.284471
                ]
            },
            "properties": {
                "id": "INFT-AKGGA6",
                "name": "GENOL-LH EFERDING-OÖ. MITTE eGen",
                "S98": "0",
                "S95": "1.469",
                "N": "0",
                "D": "0",
                "G": "0",
                "zip": "4732",
                "land": "at",
                "bundesland": "Oberösterreich",
                "city2": "Grieskirchen",
                "city": "ST. THOMAS BEI WAIZENKIRCHEN",
                "strasse": "ST. THOMAS 34",
                "date": "8.9.2025",
                "time": "0:37:33"
            }
        },
        {
            "type": "Feature",
            "geometry": {
                "type": "Point",
                "coordinates": [
                    15.0436211,
                    48.9432285
                ]
            },
            "properties": {
                "id": "INFT-AKGGA5",
                "name": "AVIA XPress (unser Service: Luft und Wasser)",
                "S98": "0",
                "S95": "1.549",
                "N": "0",
                "D": "1.559",
                "G": "0",
                "zip": "3874",
                "land": "at",
                "bundesland": "Niederösterreich",
                "city2": "Gmünd",
                "city": "Litschau",
                "strasse": "Bahnhofstraße 4",
                "date": "8.9.2025",
                "time": "0:37:3"
            }
        },
        {
            "type": "Feature",
            "geometry": {
                "type": "Point",
                "coordinates": [
                    15.2552517,
                    47.070226
                ]
            },
            "properties": {
                "id": "INFT-AKH3HP",
                "name": "LAGERHAUS Genol St. Bartholomä",
                "S98": "0",
                "S95": "0",
                "N": "0",
                "D": "1.459",
                "G": "0",
                "zip": "8113",
                "land": "at",
                "bundesland": "Steiermark",
                "city2": "Graz Umgebung",
                "city": "St. Bartholomä",
                "strasse": "St. Bartholomä 59",
                "date": "8.9.2025",
                "time": "0:37:56"
            }
        },
        {
            "type": "Feature",
            "geometry": {
                "type": "Point",
                "coordinates": [
                    12.1517289,
                    47.4526716
                ]
            },
            "properties": {
                "id": "INFT-AKHMD3",
                "name": "LAGERHAUS   Hopfgarten - Wörgl und Umgebung reg.Gen.m.b.H.",
                "S98": "0",
                "S95": "1.537",
                "N": "0",
                "D": "1.529",
                "G": "0",
                "zip": "6361",
                "land": "at",
                "bundesland": "Tirol",
                "city2": "Kitzbühel",
                "city": "Hopfgarten",
                "strasse": "Bahnhofstr. 7",
                "date": "8.9.2025",
                "time": "0:38:12"
            }
        },
        {
            "type": "Feature",
            "geometry": {
                "type": "Point",
                "coordinates": [
                    15.42748404724715,
                    47.06724476911472
                ]
            },
            "properties": {
                "id": "INFT-AKHUNW",
                "name": "F. LEITNER - SPRINT",
                "S98": "0",
                "S95": "1.442",
                "N": "0",
                "D": "1.447",
                "G": "0",
                "zip": "8020",
                "land": "at",
                "bundesland": "Steiermark",
                "city2": "Graz",
                "city": "Graz",
                "strasse": "Elisabethinergasse 39",
                "date": "8.9.2025",
                "time": "0:37:54"
            }
        },
        {
            "type": "Feature",
            "geometry": {
                "type": "Point",
                "coordinates": [
                    15.410008,
                    46.912819
                ]
            },
            "properties": {
                "id": "INFT-AKHUPE",
                "name": "F. LEITNER - Trost",
                "S98": "0",
                "S95": "1.457",
                "N": "0",
                "D": "0",
                "G": "0",
                "zip": "8142",
                "land": "at",
                "bundesland": "Steiermark",
                "city2": "Graz Umgebung",
                "city": "Zwaring",
                "strasse": "Zwaring 33",
                "date": "8.9.2025",
                "time": "0:37:57"
            }
        },
        {
            "type": "Feature",
            "geometry": {
                "type": "Point",
                "coordinates": [
                    15.804691,
                    47.172211
                ]
            },
            "properties": {
                "id": "INFT-AKRMER",
                "name": "Durlacher Peter Freie Tankstelle",
                "S98": "0",
                "S95": "0",
                "N": "0",
                "D": "1.449",
                "G": "0",
                "zip": "8212",
                "land": "at",
                "bundesland": "Steiermark",
                "city2": "Weiz",
                "city": "Pischelsdorf",
                "strasse": "Pischelsdorf 55",
                "date": "8.9.2025",
                "time": "0:38:4"
            }
        },
        {
            "type": "Feature",
            "geometry": {
                "type": "Point",
                "coordinates": [
                    15.1370813,
                    48.0719143
                ]
            },
            "properties": {
                "id": "INFT-AKS3RL",
                "name": "Disk Eisinger",
                "S98": "0",
                "S95": "1.477",
                "N": "0",
                "D": "1.487",
                "G": "0",
                "zip": "3251",
                "land": "at",
                "bundesland": "Niederösterreich",
                "city2": "Scheibbs",
                "city": "Purgstall an der Erlauf",
                "strasse": "Erlauftalstraße 86",
                "date": "8.9.2025",
                "time": "0:37:16"
            }
        },
        {
            "type": "Feature",
            "geometry": {
                "type": "Point",
                "coordinates": [
                    16.5085973,
                    48.3769919
                ]
            },
            "properties": {
                "id": "INFT-AKYJ43",
                "name": "GENOL",
                "S98": "0",
                "S95": "0",
                "N": "0",
                "D": "1.489",
                "G": "0",
                "zip": "2120",
                "land": "at",
                "bundesland": "Niederösterreich",
                "city2": "Mistelbach",
                "city": "Wolkersdorf",
                "strasse": "Winzerstraße 3",
                "date": "8.9.2025",
                "time": "0:37:11"
            }
        },
        {
            "type": "Feature",
            "geometry": {
                "type": "Point",
                "coordinates": [
                    16.4888098,
                    48.4263346
                ]
            },
            "properties": {
                "id": "INFT-AKYJ44",
                "name": "GENOL",
                "S98": "0",
                "S95": "0",
                "N": "0",
                "D": "1.489",
                "G": "0",
                "zip": "2123",
                "land": "at",
                "bundesland": "Niederösterreich",
                "city2": "Mistelbach",
                "city": "Schleinbach",
                "strasse": "Landstraße 360",
                "date": "8.9.2025",
                "time": "0:37:11"
            }
        },
        {
            "type": "Feature",
            "geometry": {
                "type": "Point",
                "coordinates": [
                    13.659578,
                    48.4431738
                ]
            },
            "properties": {
                "id": "INFT-AL6FYK",
                "name": "Lagerhaus Genol",
                "S98": "0",
                "S95": "1.529",
                "N": "0",
                "D": "1.519",
                "G": "0",
                "zip": "4794",
                "land": "at",
                "bundesland": "Oberösterreich",
                "city2": "Schärding",
                "city": "Kopfing",
                "strasse": "Sportplatzstrasse 121",
                "date": "8.9.2025",
                "time": "0:37:42"
            }
        },
        {
            "type": "Feature",
            "geometry": {
                "type": "Point",
                "coordinates": [
                    13.5658676,
                    48.3664201
                ]
            },
            "properties": {
                "id": "INFT-AL6FYH",
                "name": "Lagerhaus Genol",
                "S98": "0",
                "S95": "1.529",
                "N": "0",
                "D": "1.519",
                "G": "0",
                "zip": "4770",
                "land": "at",
                "bundesland": "Oberösterreich",
                "city2": "Schärding",
                "city": "Andorf",
                "strasse": "Hauptstrasse 75",
                "date": "8.9.2025",
                "time": "0:37:42"
            }
        },
        {
            "type": "Feature",
            "geometry": {
                "type": "Point",
                "coordinates": [
                    13.7377153,
                    48.4781749
                ]
            },
            "properties": {
                "id": "INFT-AL6FYM",
                "name": "Lagerhaus Genol",
                "S98": "0",
                "S95": "1.529",
                "N": "0",
                "D": "1.519",
                "G": "0",
                "zip": "4725",
                "land": "at",
                "bundesland": "Oberösterreich",
                "city2": "Schärding",
                "city": "St. Aegidi",
                "strasse": "St. Aegidi 29",
                "date": "8.9.2025",
                "time": "0:37:42"
            }
        },
        {
            "type": "Feature",
            "geometry": {
                "type": "Point",
                "coordinates": [
                    14.315913,
                    48.307117
                ]
            },
            "properties": {
                "id": "INFT-ALDL4Y",
                "name": "eni AUTOMATIC-Tankstelle 0-24h bei Washplex Linz/Industriezeile",
                "S98": "0",
                "S95": "1.447",
                "N": "0",
                "D": "0",
                "G": "0",
                "zip": "4020",
                "land": "at",
                "bundesland": "Oberösterreich",
                "city2": "Linz Land",
                "city": "Linz",
                "strasse": "Industriezeile 58",
                "date": "8.9.2025",
                "time": "0:37:25"
            }
        },
        {
            "type": "Feature",
            "geometry": {
                "type": "Point",
                "coordinates": [
                    15.406222343444824,
                    46.96950587864724
                ]
            },
            "properties": {
                "id": "INFT-ALZFC8",
                "name": "ERHART SB-Center Premstätten",
                "S98": "0",
                "S95": "1.458",
                "N": "0",
                "D": "0",
                "G": "0",
                "zip": "8141",
                "land": "at",
                "bundesland": "Steiermark",
                "city2": "Graz Umgebung",
                "city": "Premstätten",
                "strasse": "Thalerhofstraße 7",
                "date": "8.9.2025",
                "time": "0:37:57"
            }
        },
        {
            "type": "Feature",
            "geometry": {
                "type": "Point",
                "coordinates": [
                    16.4047107,
                    47.7366435
                ]
            },
            "properties": {
                "id": "INFT-AM4CLG",
                "name": "Turmöl Quick",
                "S98": "0",
                "S95": "1.445",
                "N": "0",
                "D": "1.475",
                "G": "0",
                "zip": "7210",
                "land": "at",
                "bundesland": "Burgenland",
                "city2": "Mattersburg",
                "city": "Mattersburg",
                "strasse": "Bahnstraße 30",
                "date": "8.9.2025",
                "time": "0:36:40"
            }
        },
        {
            "type": "Feature",
            "geometry": {
                "type": "Point",
                "coordinates": [
                    15.3225261,
                    47.1315019
                ]
            },
            "properties": {
                "id": "INFT-AM6A63",
                "name": "LAGERHAUS Genol Gratwein ",
                "S98": "0",
                "S95": "0",
                "N": "0",
                "D": "1.459",
                "G": "0",
                "zip": "8112",
                "land": "at",
                "bundesland": "Steiermark",
                "city2": "Graz Umgebung",
                "city": "Gratwein",
                "strasse": "Bahnhofstraße 38",
                "date": "8.9.2025",
                "time": "0:37:56"
            }
        },
        {
            "type": "Feature",
            "geometry": {
                "type": "Point",
                "coordinates": [
                    15.2274847,
                    46.8187066
                ]
            },
            "properties": {
                "id": "INFT-AMBF5Y",
                "name": "Turmöl Quick",
                "S98": "0",
                "S95": "1.44",
                "N": "0",
                "D": "1.449",
                "G": "0",
                "zip": "8530",
                "land": "at",
                "bundesland": "Steiermark",
                "city2": "Deutschlandsberg",
                "city": "Deutschlandsberg",
                "strasse": "Frauentaler Straße 76",
                "date": "8.9.2025",
                "time": "0:37:55"
            }
        },
        {
            "type": "Feature",
            "geometry": {
                "type": "Point",
                "coordinates": [
                    15.5973356,
                    48.4708909
                ]
            },
            "properties": {
                "id": "INFT-AN3EPU",
                "name": "Lagerhaus - Genol",
                "S98": "0",
                "S95": "0",
                "N": "0",
                "D": "1.494",
                "G": "0",
                "zip": "3552",
                "land": "at",
                "bundesland": "Niederösterreich",
                "city2": "Krems Land",
                "city": "Lengenfeld",
                "strasse": "Kirchengasse 3",
                "date": "8.9.2025",
                "time": "0:37:8"
            }
        },
        {
            "type": "Feature",
            "geometry": {
                "type": "Point",
                "coordinates": [
                    15.6903453,
                    48.4325584
                ]
            },
            "properties": {
                "id": "INFT-AN3EPW",
                "name": "Lagerhaus - Genol",
                "S98": "0",
                "S95": "0",
                "N": "0",
                "D": "1.494",
                "G": "0",
                "zip": "3494",
                "land": "at",
                "bundesland": "Niederösterreich",
                "city2": "Krems Land",
                "city": "Gedersdorf",
                "strasse": "Linke Bahnzeile 2",
                "date": "8.9.2025",
                "time": "0:37:8"
            }
        },
        {
            "type": "Feature",
            "geometry": {
                "type": "Point",
                "coordinates": [
                    15.6912918,
                    48.4711342
                ]
            },
            "properties": {
                "id": "INFT-AN3EPV",
                "name": "Lagerhaus - Genol",
                "S98": "0",
                "S95": "0",
                "N": "0",
                "D": "1.494",
                "G": "0",
                "zip": "3550",
                "land": "at",
                "bundesland": "Niederösterreich",
                "city2": "Krems Land",
                "city": "Langenlois",
                "strasse": "Gewerbestrasse 8-12",
                "date": "8.9.2025",
                "time": "0:37:8"
            }
        },
        {
            "type": "Feature",
            "geometry": {
                "type": "Point",
                "coordinates": [
                    16.2689481,
                    47.9927141
                ]
            },
            "properties": {
                "id": "INFT-AP2G5U",
                "name": "Turmöl Quick",
                "S98": "0",
                "S95": "1.423",
                "N": "0",
                "D": "1.439",
                "G": "0",
                "zip": "2512",
                "land": "at",
                "bundesland": "Niederösterreich",
                "city2": "Baden",
                "city": "Tribuswinkel",
                "strasse": "Zubringerstraße 51",
                "date": "8.9.2025",
                "time": "0:36:59"
            }
        },
        {
            "type": "Feature",
            "geometry": {
                "type": "Point",
                "coordinates": [
                    14.4509,
                    46.6396
                ]
            },
            "properties": {
                "id": "INFT-AP8FKB",
                "name": "OMV - Grafenstein Dolina 36",
                "S98": "0",
                "S95": "1.519",
                "N": "0",
                "D": "1.519",
                "G": "0",
                "zip": "9131",
                "land": "at",
                "bundesland": "Kärnten",
                "city2": "Klagenfurt Land",
                "city": "Grafenstein",
                "strasse": "Dolina 36",
                "date": "8.9.2025",
                "time": "0:36:49"
            }
        },
        {
            "type": "Feature",
            "geometry": {
                "type": "Point",
                "coordinates": [
                    15.105829,
                    48.160787
                ]
            },
            "properties": {
                "id": "INFT-APESSQ",
                "name": "Genol",
                "S98": "0",
                "S95": "1.458",
                "N": "0",
                "D": "1.458",
                "G": "0",
                "zip": "3254",
                "land": "at",
                "bundesland": "Niederösterreich",
                "city2": "Melk",
                "city": "Bergland",
                "strasse": "Berglandcenter 15",
                "date": "8.9.2025",
                "time": "0:37:11"
            }
        },
        {
            "type": "Feature",
            "geometry": {
                "type": "Point",
                "coordinates": [
                    13.8794874,
                    48.5044768
                ]
            },
            "properties": {
                "id": "INFT-AQ3CNN",
                "name": "BP - Lagerhaus ",
                "S98": "0",
                "S95": "1.519",
                "N": "0",
                "D": "0",
                "G": "0",
                "zip": "4134",
                "land": "at",
                "bundesland": "Oberösterreich",
                "city2": "Rohrbach",
                "city": "Putzleinsdorf ",
                "strasse": "Glotzing 20",
                "date": "8.9.2025",
                "time": "0:37:41"
            }
        },
        {
            "type": "Feature",
            "geometry": {
                "type": "Point",
                "coordinates": [
                    10.289706,
                    47.139757
                ]
            },
            "properties": {
                "id": "INFT-AQYFVV",
                "name": "Gutmann ENI Tankstelle ",
                "S98": "0",
                "S95": "1.649",
                "N": "0",
                "D": "1.649",
                "G": "0",
                "zip": "6580",
                "land": "at",
                "bundesland": "Tirol",
                "city2": "Landeck",
                "city": "Sankt Anton ",
                "strasse": "Gewerbegebiet 16",
                "date": "8.9.2025",
                "time": "0:38:15"
            }
        },
        {
            "type": "Feature",
            "geometry": {
                "type": "Point",
                "coordinates": [
                    15.3307498,
                    48.6979044
                ]
            },
            "properties": {
                "id": "INFT-AR7EHK",
                "name": "AVIA XPress (unser Service: Luft und Wasser)",
                "S98": "0",
                "S95": "1.554",
                "N": "0",
                "D": "1.564",
                "G": "0",
                "zip": "3804",
                "land": "at",
                "bundesland": "Niederösterreich",
                "city2": "Zwettl",
                "city": "Allentsteig",
                "strasse": "Spitalstraße 3",
                "date": "8.9.2025",
                "time": "0:37:22"
            }
        },
        {
            "type": "Feature",
            "geometry": {
                "type": "Point",
                "coordinates": [
                    13.7570008,
                    47.9375214
                ]
            },
            "properties": {
                "id": "INFT-AR9CLA",
                "name": "Turmöl Quick",
                "S98": "0",
                "S95": "1.447",
                "N": "0",
                "D": "1.476",
                "G": "0",
                "zip": "4812",
                "land": "at",
                "bundesland": "Oberösterreich",
                "city2": "Gmunden",
                "city": "Pinsdorf",
                "strasse": "Windbüchelgasse 2",
                "date": "8.9.2025",
                "time": "0:37:32"
            }
        },
        {
            "type": "Feature",
            "geometry": {
                "type": "Point",
                "coordinates": [
                    15.661951500031934,
                    47.16207428098524
                ]
            },
            "properties": {
                "id": "INFT-ARDBUA",
                "name": "F. LEITNER",
                "S98": "0",
                "S95": "1.478",
                "N": "0",
                "D": "1.481",
                "G": "0",
                "zip": "8181",
                "land": "at",
                "bundesland": "Steiermark",
                "city2": "Weiz",
                "city": "St.Ruprecht",
                "strasse": "Obere Haupstraße 384",
                "date": "8.9.2025",
                "time": "0:38:5"
            }
        },
        {
            "type": "Feature",
            "geometry": {
                "type": "Point",
                "coordinates": [
                    16.47269,
                    48.17277
                ]
            },
            "properties": {
                "id": "INFT-ARNEBZ",
                "name": "GENOL - Lagerhaus",
                "S98": "0",
                "S95": "1.449",
                "N": "0",
                "D": "1.489",
                "G": "0",
                "zip": "1110",
                "land": "at",
                "bundesland": "Wien",
                "city2": "Simmering",
                "city": "Wien",
                "strasse": "Alberner Hafenzufahrtsstraße 17",
                "date": "8.9.2025",
                "time": "0:38:28"
            }
        },
        {
            "type": "Feature",
            "geometry": {
                "type": "Point",
                "coordinates": [
                    13.7884062,
                    47.9253052
                ]
            },
            "properties": {
                "id": "INFT-AS4KZX",
                "name": "Turmöl Quick",
                "S98": "0",
                "S95": "1.447",
                "N": "0",
                "D": "1.476",
                "G": "0",
                "zip": "4810",
                "land": "at",
                "bundesland": "Oberösterreich",
                "city2": "Gmunden",
                "city": "Gmunden",
                "strasse": "Druckereistraße 5",
                "date": "8.9.2025",
                "time": "0:37:32"
            }
        },
        {
            "type": "Feature",
            "geometry": {
                "type": "Point",
                "coordinates": [
                    14.7363227,
                    47.161529
                ]
            },
            "properties": {
                "id": "INFT-AS7CEU",
                "name": "Freie Tankstelle",
                "S98": "0",
                "S95": "0",
                "N": "0",
                "D": "1.449",
                "G": "0",
                "zip": "8741",
                "land": "at",
                "bundesland": "Steiermark",
                "city2": "Judenburg",
                "city": "Weißkirchen",
                "strasse": "Fisching 45",
                "date": "8.9.2025",
                "time": "0:38:6"
            }
        },
        {
            "type": "Feature",
            "geometry": {
                "type": "Point",
                "coordinates": [
                    16.0491348,
                    47.9843422
                ]
            },
            "properties": {
                "id": "INFT-AS7EPK",
                "name": "Turmöl Quick",
                "S98": "0",
                "S95": "1.423",
                "N": "0",
                "D": "1.439",
                "G": "0",
                "zip": "2564",
                "land": "at",
                "bundesland": "Niederösterreich",
                "city2": "Baden",
                "city": "Weissenbach",
                "strasse": "Hainfelderstraße 1",
                "date": "8.9.2025",
                "time": "0:36:59"
            }
        },
        {
            "type": "Feature",
            "geometry": {
                "type": "Point",
                "coordinates": [
                    16.15609,
                    47.27573
                ]
            },
            "properties": {
                "id": "INFT-AS8HYD",
                "name": "AVANTI - Kemeten Steinbrückl 12a",
                "S98": "0",
                "S95": "1.477",
                "N": "0",
                "D": "1.487",
                "G": "0",
                "zip": "7531",
                "land": "at",
                "bundesland": "Burgenland",
                "city2": "Oberwart",
                "city": "Kemeten",
                "strasse": "Steinbrueckl 12a",
                "date": "8.9.2025",
                "time": "0:36:44"
            }
        },
        {
            "type": "Feature",
            "geometry": {
                "type": "Point",
                "coordinates": [
                    13.68,
                    46.69
                ]
            },
            "properties": {
                "id": "INFT-ASP3S7",
                "name": "ENI",
                "S98": "0",
                "S95": "1.497",
                "N": "0",
                "D": "1.497",
                "G": "0",
                "zip": "9710",
                "land": "at",
                "bundesland": "Kärnten",
                "city2": "Villach Land",
                "city": "Neu-Feffernitz",
                "strasse": "Drautalstrasse 14",
                "date": "8.9.2025",
                "time": "0:36:52"
            }
        },
        {
            "type": "Feature",
            "geometry": {
                "type": "Point",
                "coordinates": [
                    16.059186,
                    48.33217
                ]
            },
            "properties": {
                "id": "INFT-AT4JY7",
                "name": "Direct",
                "S98": "0",
                "S95": "0",
                "N": "0",
                "D": "1.468",
                "G": "0",
                "zip": "3430",
                "land": "at",
                "bundesland": "Niederösterreich",
                "city2": "Tulln",
                "city": "Tulln",
                "strasse": "Mauthausgasse 2",
                "date": "8.9.2025",
                "time": "0:37:17"
            }
        },
        {
            "type": "Feature",
            "geometry": {
                "type": "Point",
                "coordinates": [
                    13.482978,
                    48.205796
                ]
            },
            "properties": {
                "id": "INFT-ATKJ9K",
                "name": "AVIA Xpress (Automaten-Tankstelle)",
                "S98": "0",
                "S95": "1.482",
                "N": "0",
                "D": "1.492",
                "G": "0",
                "zip": "4910",
                "land": "at",
                "bundesland": "Oberösterreich",
                "city2": "Ried",
                "city": "Ried im Innkreis",
                "strasse": "Braunauer Straße 3a",
                "date": "8.9.2025",
                "time": "0:37:39"
            }
        },
        {
            "type": "Feature",
            "geometry": {
                "type": "Point",
                "coordinates": [
                    15.4265899,
                    47.0591358
                ]
            },
            "properties": {
                "id": "INFT-ATLCKW",
                "name": "Turmöl Quick",
                "S98": "0",
                "S95": "1.44",
                "N": "0",
                "D": "1.445",
                "G": "0",
                "zip": "8020",
                "land": "at",
                "bundesland": "Steiermark",
                "city2": "Graz",
                "city": "Graz",
                "strasse": "Fabrikgasse 29",
                "date": "8.9.2025",
                "time": "0:37:54"
            }
        },
        {
            "type": "Feature",
            "geometry": {
                "type": "Point",
                "coordinates": [
                    14.1769673,
                    46.6589993
                ]
            },
            "properties": {
                "id": "INFT-ATLKD5",
                "name": "Turmöl Quick",
                "S98": "0",
                "S95": "1.459",
                "N": "0",
                "D": "1.469",
                "G": "0",
                "zip": "9062",
                "land": "at",
                "bundesland": "Kärnten",
                "city2": "Feldkirchen",
                "city": "Moosburg",
                "strasse": "Klagenfurterstraße 21",
                "date": "8.9.2025",
                "time": "0:36:49"
            }
        },
        {
            "type": "Feature",
            "geometry": {
                "type": "Point",
                "coordinates": [
                    13.6076839,
                    46.5800719
                ]
            },
            "properties": {
                "id": "INFT-ATLMUG",
                "name": "Turmöl Quick",
                "S98": "0",
                "S95": "1.479",
                "N": "0",
                "D": "1.479",
                "G": "0",
                "zip": "9613",
                "land": "at",
                "bundesland": "Kärnten",
                "city2": "Villach Land",
                "city": "Feistritz/Gail",
                "strasse": "Gail 159",
                "date": "8.9.2025",
                "time": "0:36:52"
            }
        },
        {
            "type": "Feature",
            "geometry": {
                "type": "Point",
                "coordinates": [
                    14.258505,
                    47.560379
                ]
            },
            "properties": {
                "id": "INFT-ATSHXE",
                "name": "JET TANKSTELLE",
                "S98": "0",
                "S95": "1.444",
                "N": "0",
                "D": "0",
                "G": "0",
                "zip": "8940",
                "land": "at",
                "bundesland": "Steiermark",
                "city2": "Liezen",
                "city": "LIEZEN",
                "strasse": "GESÄUSESTRASSE 33",
                "date": "8.9.2025",
                "time": "0:38:1"
            }
        },
        {
            "type": "Feature",
            "geometry": {
                "type": "Point",
                "coordinates": [
                    16.3708,
                    48.22588
                ]
            },
            "properties": {
                "id": "INFT-ATSHWS",
                "name": "AVANTI - Wien Gaussplatz 1",
                "S98": "0",
                "S95": "1.544",
                "N": "0",
                "D": "1.554",
                "G": "0",
                "zip": "1020",
                "land": "at",
                "bundesland": "Wien",
                "city2": "Leopoldstadt",
                "city": "Wien",
                "strasse": "Gaussplatz 1",
                "date": "8.9.2025",
                "time": "0:38:24"
            }
        },
        {
            "type": "Feature",
            "geometry": {
                "type": "Point",
                "coordinates": [
                    16.38404,
                    48.28664
                ]
            },
            "properties": {
                "id": "INFT-ATSHX8",
                "name": "AVANTI - Wien Prager Straße 270-272",
                "S98": "0",
                "S95": "1.441",
                "N": "0",
                "D": "1.465",
                "G": "0",
                "zip": "1210",
                "land": "at",
                "bundesland": "Wien",
                "city2": "Floridsdorf",
                "city": "Wien",
                "strasse": "Prager Strasse 270-272",
                "date": "8.9.2025",
                "time": "0:38:33"
            }
        },
        {
            "type": "Feature",
            "geometry": {
                "type": "Point",
                "coordinates": [
                    16.34549,
                    48.28511
                ]
            },
            "properties": {
                "id": "INFT-ATSHYX",
                "name": "AVANTI - Wien Heiligenstädter Straße 196",
                "S98": "0",
                "S95": "1.649",
                "N": "0",
                "D": "1.649",
                "G": "0",
                "zip": "1190",
                "land": "at",
                "bundesland": "Wien",
                "city2": "Döbling",
                "city": "Wien",
                "strasse": "Heiligenstädter Strasse 196",
                "date": "8.9.2025",
                "time": "0:38:32"
            }
        },
        {
            "type": "Feature",
            "geometry": {
                "type": "Point",
                "coordinates": [
                    10.56352,
                    47.14163
                ]
            },
            "properties": {
                "id": "INFT-ATSHZ8",
                "name": "AVANTI - Landeck Innstrasse 38",
                "S98": "0",
                "S95": "1.564",
                "N": "0",
                "D": "1.564",
                "G": "0",
                "zip": "6500",
                "land": "at",
                "bundesland": "Tirol",
                "city2": "Landeck",
                "city": "Landeck",
                "strasse": "Innstrasse 38",
                "date": "8.9.2025",
                "time": "0:38:15"
            }
        },
        {
            "type": "Feature",
            "geometry": {
                "type": "Point",
                "coordinates": [
                    16.31949,
                    48.1724
                ]
            },
            "properties": {
                "id": "INFT-ATSHYH",
                "name": "AVANTI - Wien Edelsinnstraße 16",
                "S98": "0",
                "S95": "1.529",
                "N": "0",
                "D": "1.549",
                "G": "0",
                "zip": "1120",
                "land": "at",
                "bundesland": "Wien",
                "city2": "Meidling",
                "city": "Wien",
                "strasse": "Edelsinnstrasse 66",
                "date": "8.9.2025",
                "time": "0:38:29"
            }
        },
        {
            "type": "Feature",
            "geometry": {
                "type": "Point",
                "coordinates": [
                    15.06908,
                    48.79281
                ]
            },
            "properties": {
                "id": "INFT-ATSHZ5",
                "name": "AVANTI - Schrems Josef Widy-Straße 2",
                "S98": "0",
                "S95": "1.549",
                "N": "0",
                "D": "1.559",
                "G": "0",
                "zip": "3943",
                "land": "at",
                "bundesland": "Niederösterreich",
                "city2": "Gmünd",
                "city": "Schrems",
                "strasse": "Josef Widy-Strasse 2",
                "date": "8.9.2025",
                "time": "0:37:3"
            }
        },
        {
            "type": "Feature",
            "geometry": {
                "type": "Point",
                "coordinates": [
                    17.02105,
                    48.13064
                ]
            },
            "properties": {
                "id": "INFT-ATSHY3",
                "name": "AVANTI - Wolfsthal Hauptstraße (Wolfsthal) 63",
                "S98": "0",
                "S95": "1.441",
                "N": "0",
                "D": "1.461",
                "G": "0",
                "zip": "2412",
                "land": "at",
                "bundesland": "Niederösterreich",
                "city2": "Bruck/Leitha",
                "city": "Wolfsthal",
                "strasse": "Hauptstrasse (Wolfsthal) 63",
                "date": "8.9.2025",
                "time": "0:37:0"
            }
        },
        {
            "type": "Feature",
            "geometry": {
                "type": "Point",
                "coordinates": [
                    13.103615,
                    47.684607
                ]
            },
            "properties": {
                "id": "INFT-ATSHZ3",
                "name": "JET TANKSTELLE",
                "S98": "0",
                "S95": "1.439",
                "N": "0",
                "D": "1.469",
                "G": "0",
                "zip": "5400",
                "land": "at",
                "bundesland": "Salzburg",
                "city2": "Hallein",
                "city": "HALLEIN",
                "strasse": "EUROPASTRASSE 8",
                "date": "8.9.2025",
                "time": "0:37:47"
            }
        },
        {
            "type": "Feature",
            "geometry": {
                "type": "Point",
                "coordinates": [
                    11.85149,
                    47.35141
                ]
            },
            "properties": {
                "id": "INFT-ATSHY6",
                "name": "AVANTI - Fügen im Zillertal Zillertalstraße 14",
                "S98": "0",
                "S95": "1.554",
                "N": "0",
                "D": "1.544",
                "G": "0",
                "zip": "6263",
                "land": "at",
                "bundesland": "Tirol",
                "city2": "Schwaz",
                "city": "Fuegen im Zillertal",
                "strasse": "Zillertalstrasse 14",
                "date": "8.9.2025",
                "time": "0:38:18"
            }
        },
        {
            "type": "Feature",
            "geometry": {
                "type": "Point",
                "coordinates": [
                    16.34598,
                    48.17824
                ]
            },
            "properties": {
                "id": "INFT-ATSHYG",
                "name": "AVANTI - Wien Eichenstraße 3a",
                "S98": "0",
                "S95": "1.529",
                "N": "0",
                "D": "1.549",
                "G": "0",
                "zip": "1120",
                "land": "at",
                "bundesland": "Wien",
                "city2": "Meidling",
                "city": "Wien",
                "strasse": "Eichenstrasse 3a",
                "date": "8.9.2025",
                "time": "0:38:29"
            }
        },
        {
            "type": "Feature",
            "geometry": {
                "type": "Point",
                "coordinates": [
                    16.28135,
                    48.1953
                ]
            },
            "properties": {
                "id": "INFT-ATSHXR",
                "name": "AVANTI - Wien Guldengasse 13",
                "S98": "0",
                "S95": "1.457",
                "N": "0",
                "D": "1.482",
                "G": "0",
                "zip": "1140",
                "land": "at",
                "bundesland": "Wien",
                "city2": "Penzing",
                "city": "Wien",
                "strasse": "Guldengasse 13",
                "date": "8.9.2025",
                "time": "0:38:30"
            }
        },
        {
            "type": "Feature",
            "geometry": {
                "type": "Point",
                "coordinates": [
                    15.60983,
                    48.04857
                ]
            },
            "properties": {
                "id": "INFT-ATSHY5",
                "name": "AVANTI - Traisen Mariazeller Straße 38a",
                "S98": "0",
                "S95": "1.444",
                "N": "0",
                "D": "1.469",
                "G": "0",
                "zip": "3160",
                "land": "at",
                "bundesland": "Niederösterreich",
                "city2": "Lilienfeld",
                "city": "Traisen",
                "strasse": "Mariazeller Strasse 38a",
                "date": "8.9.2025",
                "time": "0:37:9"
            }
        },
        {
            "type": "Feature",
            "geometry": {
                "type": "Point",
                "coordinates": [
                    15.65477,
                    48.66188
                ]
            },
            "properties": {
                "id": "INFT-ATSMQH",
                "name": "AVANTI - Horn Riedenburgstraße 2",
                "S98": "0",
                "S95": "1.53",
                "N": "0",
                "D": "1.531",
                "G": "0",
                "zip": "3580",
                "land": "at",
                "bundesland": "Niederösterreich",
                "city2": "Horn",
                "city": "Horn",
                "strasse": "Riedenburgstrasse 2",
                "date": "8.9.2025",
                "time": "0:37:6"
            }
        },
        {
            "type": "Feature",
            "geometry": {
                "type": "Point",
                "coordinates": [
                    11.42537,
                    47.26533
                ]
            },
            "properties": {
                "id": "INFT-ATSMR7",
                "name": "AVANTI - Innsbruck Andechsstraße West 86",
                "S98": "0",
                "S95": "1.579",
                "N": "0",
                "D": "1.589",
                "G": "0",
                "zip": "6020",
                "land": "at",
                "bundesland": "Tirol",
                "city2": "Innsbruck",
                "city": "Innsbruck",
                "strasse": "Andechsstrasse West 86",
                "date": "8.9.2025",
                "time": "0:38:8"
            }
        },
        {
            "type": "Feature",
            "geometry": {
                "type": "Point",
                "coordinates": [
                    16.01891,
                    48.25451
                ]
            },
            "properties": {
                "id": "INFT-ATSMQE",
                "name": "AVANTI - Sieghartskirchen Wiener Straße 26",
                "S98": "0",
                "S95": "0",
                "N": "0",
                "D": "1.463",
                "G": "0",
                "zip": "3443",
                "land": "at",
                "bundesland": "Niederösterreich",
                "city2": "Wien Umgebung",
                "city": "Sieghartskirchen",
                "strasse": "Wiener Strasse 26",
                "date": "8.9.2025",
                "time": "0:37:17"
            }
        },
        {
            "type": "Feature",
            "geometry": {
                "type": "Point",
                "coordinates": [
                    16.20603,
                    47.8065
                ]
            },
            "properties": {
                "id": "INFT-ATSMR2",
                "name": "AVANTI - Wiener Neustadt Puchberger Straße 44",
                "S98": "0",
                "S95": "1.434",
                "N": "0",
                "D": "1.464",
                "G": "0",
                "zip": "2700",
                "land": "at",
                "bundesland": "Niederösterreich",
                "city2": "Wiener Neustadt Land",
                "city": "Wiener Neustadt",
                "strasse": "Puchberger Strasse 44",
                "date": "8.9.2025",
                "time": "0:36:58"
            }
        },
        {
            "type": "Feature",
            "geometry": {
                "type": "Point",
                "coordinates": [
                    16.16551,
                    48.21888
                ]
            },
            "properties": {
                "id": "INFT-ATSMPW",
                "name": "AVANTI - Gablitz Linzer Straße 1a",
                "S98": "0",
                "S95": "1.436",
                "N": "0",
                "D": "1.464",
                "G": "0",
                "zip": "3003",
                "land": "at",
                "bundesland": "Niederösterreich",
                "city2": "Wien Umgebung",
                "city": "Gablitz",
                "strasse": "Linzer Strasse 1a",
                "date": "8.9.2025",
                "time": "0:37:15"
            }
        },
        {
            "type": "Feature",
            "geometry": {
                "type": "Point",
                "coordinates": [
                    11.68864,
                    47.55139
                ]
            },
            "properties": {
                "id": "INFT-ATSMQS",
                "name": "AVANTI - Achenkirch 588",
                "S98": "0",
                "S95": "1.574",
                "N": "0",
                "D": "1.564",
                "G": "0",
                "zip": "6215",
                "land": "at",
                "bundesland": "Tirol",
                "city2": "Schwaz",
                "city": "Achenkirch",
                "strasse": "Achenkirch 588",
                "date": "8.9.2025",
                "time": "0:38:19"
            }
        },
        {
            "type": "Feature",
            "geometry": {
                "type": "Point",
                "coordinates": [
                    16.51461,
                    48.2145
                ]
            },
            "properties": {
                "id": "INFT-ATSMR5",
                "name": "AVANTI - Wien Esslinger Hauptstraße 32",
                "S98": "0",
                "S95": "1.447",
                "N": "0",
                "D": "1.474",
                "G": "0",
                "zip": "1220",
                "land": "at",
                "bundesland": "Wien",
                "city2": "Donaustadt",
                "city": "Wien",
                "strasse": "Esslinger Hauptstrasse 32",
                "date": "8.9.2025",
                "time": "0:38:34"
            }
        },
        {
            "type": "Feature",
            "geometry": {
                "type": "Point",
                "coordinates": [
                    15.13914,
                    48.06215
                ]
            },
            "properties": {
                "id": "INFT-ATSMQT",
                "name": "AVANTI - Purgstall Erlauftalstraße 34",
                "S98": "0",
                "S95": "1.474",
                "N": "0",
                "D": "1.484",
                "G": "0",
                "zip": "3251",
                "land": "at",
                "bundesland": "Niederösterreich",
                "city2": "Scheibbs",
                "city": "Purgstall",
                "strasse": "Erlauftalstrasse 34",
                "date": "8.9.2025",
                "time": "0:37:16"
            }
        },
        {
            "type": "Feature",
            "geometry": {
                "type": "Point",
                "coordinates": [
                    16.46228,
                    48.14844
                ]
            },
            "properties": {
                "id": "INFT-ATSMQR",
                "name": "AVANTI - Wien Simmeringer Hauptstraße 489",
                "S98": "0",
                "S95": "1.437",
                "N": "0",
                "D": "1.457",
                "G": "0",
                "zip": "1110",
                "land": "at",
                "bundesland": "Wien",
                "city2": "Simmering",
                "city": "Wien",
                "strasse": "Simmeringer Hauptstrasse 489",
                "date": "8.9.2025",
                "time": "0:38:27"
            }
        },
        {
            "type": "Feature",
            "geometry": {
                "type": "Point",
                "coordinates": [
                    16.29563,
                    48.08762
                ]
            },
            "properties": {
                "id": "INFT-ATSMQQ",
                "name": "AVANTI - Mödling Gabrieler Straße 11-13",
                "S98": "0",
                "S95": "1.434",
                "N": "0",
                "D": "1.454",
                "G": "0",
                "zip": "2340",
                "land": "at",
                "bundesland": "Niederösterreich",
                "city2": "Mödling",
                "city": "Moedling",
                "strasse": "Gabrieler Strasse 11-13",
                "date": "8.9.2025",
                "time": "0:37:13"
            }
        },
        {
            "type": "Feature",
            "geometry": {
                "type": "Point",
                "coordinates": [
                    16.56957,
                    48.30043
                ]
            },
            "properties": {
                "id": "INFT-ATSMQP",
                "name": "AVANTI - Deutsch-Wagram Gänserndorfer Straße 40",
                "S98": "0",
                "S95": "1.447",
                "N": "0",
                "D": "1.474",
                "G": "0",
                "zip": "2232",
                "land": "at",
                "bundesland": "Niederösterreich",
                "city2": "Gänserndorf",
                "city": "Deutsch-Wagram",
                "strasse": "Gänserndorfer Strasse 40",
                "date": "8.9.2025",
                "time": "0:37:2"
            }
        },
        {
            "type": "Feature",
            "geometry": {
                "type": "Point",
                "coordinates": [
                    9.86944,
                    47.09864
                ]
            },
            "properties": {
                "id": "INFT-ATSMQ9",
                "name": "AVANTI - Sankt Anton Außerböden 1",
                "S98": "0",
                "S95": "1.489",
                "N": "0",
                "D": "1.509",
                "G": "0",
                "zip": "6780",
                "land": "at",
                "bundesland": "Vorarlberg",
                "city2": "Bludenz",
                "city": "Sankt Anton",
                "strasse": "Ausserböden 1",
                "date": "8.9.2025",
                "time": "0:38:20"
            }
        },
        {
            "type": "Feature",
            "geometry": {
                "type": "Point",
                "coordinates": [
                    15.69817,
                    48.47614
                ]
            },
            "properties": {
                "id": "INFT-ATSMQJ",
                "name": "AVANTI - Langenlois Wiener Straße 53",
                "S98": "0",
                "S95": "1.444",
                "N": "0",
                "D": "1.464",
                "G": "0",
                "zip": "3550",
                "land": "at",
                "bundesland": "Niederösterreich",
                "city2": "Krems Land",
                "city": "Langenlois",
                "strasse": "Wiener Strasse 53",
                "date": "8.9.2025",
                "time": "0:37:8"
            }
        },
        {
            "type": "Feature",
            "geometry": {
                "type": "Point",
                "coordinates": [
                    16.29849,
                    48.13342
                ]
            },
            "properties": {
                "id": "INFT-ATT36C",
                "name": "OMV - Wien Brunner Straße 77-79",
                "S98": "0",
                "S95": "1.469",
                "N": "0",
                "D": "1.489",
                "G": "0",
                "zip": "1230",
                "land": "at",
                "bundesland": "Wien",
                "city2": "Liesing",
                "city": "Wien",
                "strasse": "Brunner Strasse 77-79",
                "date": "8.9.2025",
                "time": "0:38:36"
            }
        },
        {
            "type": "Feature",
            "geometry": {
                "type": "Point",
                "coordinates": [
                    16.24631,
                    47.84322
                ]
            },
            "properties": {
                "id": "INFT-ATT36E",
                "name": "OMV - Wiener Neustadt Wiener Straße 126",
                "S98": "0",
                "S95": "1.469",
                "N": "0",
                "D": "1.499",
                "G": "0",
                "zip": "2700",
                "land": "at",
                "bundesland": "Niederösterreich",
                "city2": "Wiener Neustadt Land",
                "city": "Wiener Neustadt",
                "strasse": "Wiener Strasse 126",
                "date": "8.9.2025",
                "time": "0:36:58"
            }
        },
        {
            "type": "Feature",
            "geometry": {
                "type": "Point",
                "coordinates": [
                    16.33873,
                    48.33832
                ]
            },
            "properties": {
                "id": "INFT-ATT35Z",
                "name": "AVANTI - Korneuburg Wiener Straße 44",
                "S98": "0",
                "S95": "1.449",
                "N": "0",
                "D": "1.477",
                "G": "0",
                "zip": "2100",
                "land": "at",
                "bundesland": "Niederösterreich",
                "city2": "Korneuburg",
                "city": "Korneuburg",
                "strasse": "Wiener Strasse 44",
                "date": "8.9.2025",
                "time": "0:37:7"
            }
        },
        {
            "type": "Feature",
            "geometry": {
                "type": "Point",
                "coordinates": [
                    9.73324,
                    47.48778
                ]
            },
            "properties": {
                "id": "INFT-ATT35T",
                "name": "OMV - Bregenz Arlbergstraße 135",
                "S98": "0",
                "S95": "1.549",
                "N": "0",
                "D": "0",
                "G": "0",
                "zip": "6900",
                "land": "at",
                "bundesland": "Vorarlberg",
                "city2": "Bregenz",
                "city": "Bregenz",
                "strasse": "Arlbergstrasse 135",
                "date": "8.9.2025",
                "time": "0:38:21"
            }
        },
        {
            "type": "Feature",
            "geometry": {
                "type": "Point",
                "coordinates": [
                    16.21304,
                    47.96902
                ]
            },
            "properties": {
                "id": "INFT-ATT36J",
                "name": "AVANTI - Bad Vöslau Badner Straße 11",
                "S98": "0",
                "S95": "0",
                "N": "0",
                "D": "1.433",
                "G": "0",
                "zip": "2540",
                "land": "at",
                "bundesland": "Niederösterreich",
                "city2": "Baden",
                "city": "Bad Voeslau",
                "strasse": "Badner Strasse 11",
                "date": "8.9.2025",
                "time": "0:36:58"
            }
        },
        {
            "type": "Feature",
            "geometry": {
                "type": "Point",
                "coordinates": [
                    13.045175,
                    48.243053
                ]
            },
            "properties": {
                "id": "INFT-ATT35W",
                "name": "JET TANKSTELLE",
                "S98": "0",
                "S95": "1.449",
                "N": "0",
                "D": "1.479",
                "G": "0",
                "zip": "5280",
                "land": "at",
                "bundesland": "Oberösterreich",
                "city2": "Braunau",
                "city": "BRAUNAU",
                "strasse": "BRAUNAUERSTRASSE 1",
                "date": "8.9.2025",
                "time": "0:37:28"
            }
        },
        {
            "type": "Feature",
            "geometry": {
                "type": "Point",
                "coordinates": [
                    15.77878,
                    48.03366
                ]
            },
            "properties": {
                "id": "INFT-ATT368",
                "name": "AVANTI - Hainfeld Wiener Straße 24",
                "S98": "0",
                "S95": "1.479",
                "N": "0",
                "D": "0",
                "G": "0",
                "zip": "3170",
                "land": "at",
                "bundesland": "Niederösterreich",
                "city2": "Lilienfeld",
                "city": "Hainfeld",
                "strasse": "Wiener Strasse 24",
                "date": "8.9.2025",
                "time": "0:37:10"
            }
        },
        {
            "type": "Feature",
            "geometry": {
                "type": "Point",
                "coordinates": [
                    9.73995,
                    47.42804
                ]
            },
            "properties": {
                "id": "INFT-ATT35V",
                "name": "OMV - Dornbirn Schwefel 53",
                "S98": "0",
                "S95": "1.499",
                "N": "0",
                "D": "1.499",
                "G": "0",
                "zip": "6850",
                "land": "at",
                "bundesland": "Vorarlberg",
                "city2": "Dornbirn",
                "city": "Dornbirn",
                "strasse": "Schwefel 53",
                "date": "8.9.2025",
                "time": "0:38:22"
            }
        },
        {
            "type": "Feature",
            "geometry": {
                "type": "Point",
                "coordinates": [
                    16.26798,
                    47.8047
                ]
            },
            "properties": {
                "id": "INFT-ATT36F",
                "name": "OMV - Wiener Neustadt Neudörfler Straße 70",
                "S98": "0",
                "S95": "1.469",
                "N": "0",
                "D": "1.499",
                "G": "0",
                "zip": "2700",
                "land": "at",
                "bundesland": "Niederösterreich",
                "city2": "Wiener Neustadt Land",
                "city": "Wiener Neustadt",
                "strasse": "Neudörfler Strasse 70",
                "date": "8.9.2025",
                "time": "0:36:58"
            }
        },
        {
            "type": "Feature",
            "geometry": {
                "type": "Point",
                "coordinates": [
                    13.194386,
                    47.350359
                ]
            },
            "properties": {
                "id": "INFT-ATT35X",
                "name": "JET TANKSTELLE",
                "S98": "0",
                "S95": "1.464",
                "N": "0",
                "D": "1.484",
                "G": "0",
                "zip": "5600",
                "land": "at",
                "bundesland": "Salzburg",
                "city2": "St. Johann",
                "city": "ST JOHANN IM PONGAU",
                "strasse": "BUNDESSTRASSE 18",
                "date": "8.9.2025",
                "time": "0:37:50"
            }
        },
        {
            "type": "Feature",
            "geometry": {
                "type": "Point",
                "coordinates": [
                    12.0728,
                    47.49011
                ]
            },
            "properties": {
                "id": "INFT-ATT369",
                "name": "AVANTI - Wörgl Salzburger Straße 48",
                "S98": "0",
                "S95": "1.487",
                "N": "0",
                "D": "0",
                "G": "0",
                "zip": "6300",
                "land": "at",
                "bundesland": "Tirol",
                "city2": "Kufstein",
                "city": "Woergl",
                "strasse": "Salzburger Strasse 48",
                "date": "8.9.2025",
                "time": "0:38:14"
            }
        },
        {
            "type": "Feature",
            "geometry": {
                "type": "Point",
                "coordinates": [
                    10.64229,
                    47.44138
                ]
            },
            "properties": {
                "id": "INFT-ATT363",
                "name": "AVANTI - Weißenbach am Lech 46",
                "S98": "0",
                "S95": "1.564",
                "N": "0",
                "D": "1.564",
                "G": "0",
                "zip": "6671",
                "land": "at",
                "bundesland": "Tirol",
                "city2": "Reutte",
                "city": "Weissenbach am Lech",
                "strasse": " 46",
                "date": "8.9.2025",
                "time": "0:38:17"
            }
        },
        {
            "type": "Feature",
            "geometry": {
                "type": "Point",
                "coordinates": [
                    16.356244,
                    48.135681
                ]
            },
            "properties": {
                "id": "INFT-ATT36B",
                "name": "JET TANKSTELLE",
                "S98": "0",
                "S95": "1.449",
                "N": "0",
                "D": "1.474",
                "G": "0",
                "zip": "1230",
                "land": "at",
                "bundesland": "Wien",
                "city2": "Liesing",
                "city": "WIEN",
                "strasse": "LAXENBURGER STRASSE 248",
                "date": "8.9.2025",
                "time": "0:38:36"
            }
        },
        {
            "type": "Feature",
            "geometry": {
                "type": "Point",
                "coordinates": [
                    11.38869,
                    47.25633
                ]
            },
            "properties": {
                "id": "INFT-ATT36L",
                "name": "OMV - Innsbruck Egger-Lienz-Straße 3d",
                "S98": "0",
                "S95": "1.589",
                "N": "0",
                "D": "1.599",
                "G": "0",
                "zip": "6020",
                "land": "at",
                "bundesland": "Tirol",
                "city2": "Innsbruck",
                "city": "Innsbruck",
                "strasse": "Egger-Lienz-Strasse 3d",
                "date": "8.9.2025",
                "time": "0:38:9"
            }
        },
        {
            "type": "Feature",
            "geometry": {
                "type": "Point",
                "coordinates": [
                    16.36578,
                    48.24531
                ]
            },
            "properties": {
                "id": "INFT-ATT36G",
                "name": "OMV - Wien Gunoldstraße 7 / Muthgasse 1",
                "S98": "0",
                "S95": "1.694",
                "N": "0",
                "D": "1.699",
                "G": "0",
                "zip": "1190",
                "land": "at",
                "bundesland": "Wien",
                "city2": "Döbling",
                "city": "Wien",
                "strasse": "Gunoldstrasse 7 / Muthgasse 1 ",
                "date": "8.9.2025",
                "time": "0:38:32"
            }
        },
        {
            "type": "Feature",
            "geometry": {
                "type": "Point",
                "coordinates": [
                    16.35653,
                    48.1774
                ]
            },
            "properties": {
                "id": "INFT-ATT365",
                "name": "OMV - Wien Triester Straße 38",
                "S98": "0",
                "S95": "1.579",
                "N": "0",
                "D": "1.579",
                "G": "0",
                "zip": "1100",
                "land": "at",
                "bundesland": "Wien",
                "city2": "Favoriten",
                "city": "Wien",
                "strasse": "Triester Strasse 38",
                "date": "8.9.2025",
                "time": "0:38:26"
            }
        },
        {
            "type": "Feature",
            "geometry": {
                "type": "Point",
                "coordinates": [
                    16.47211,
                    48.25141
                ]
            },
            "properties": {
                "id": "INFT-ATT36H",
                "name": "OMV - Wien Breitenleer Straße Ost B302 112",
                "S98": "0",
                "S95": "1.479",
                "N": "0",
                "D": "1.499",
                "G": "0",
                "zip": "1220",
                "land": "at",
                "bundesland": "Wien",
                "city2": "Donaustadt",
                "city": "Wien",
                "strasse": "Breitenleer Strasse Ost B302 112",
                "date": "8.9.2025",
                "time": "0:38:35"
            }
        },
        {
            "type": "Feature",
            "geometry": {
                "type": "Point",
                "coordinates": [
                    11.28586,
                    47.23079
                ]
            },
            "properties": {
                "id": "INFT-ATT36D",
                "name": "AVANTI - Axams Innsbrucker Straße 37",
                "S98": "0",
                "S95": "1.589",
                "N": "0",
                "D": "1.589",
                "G": "0",
                "zip": "6094",
                "land": "at",
                "bundesland": "Tirol",
                "city2": "Innsbruck Land",
                "city": "Axams",
                "strasse": "Innsbrucker Strasse 37",
                "date": "8.9.2025",
                "time": "0:38:11"
            }
        },
        {
            "type": "Feature",
            "geometry": {
                "type": "Point",
                "coordinates": [
                    16.40953,
                    48.17
                ]
            },
            "properties": {
                "id": "INFT-ATT366",
                "name": "OMV - Wien Leberstraße 112-114",
                "S98": "0",
                "S95": "0",
                "N": "0",
                "D": "1.489",
                "G": "0",
                "zip": "1110",
                "land": "at",
                "bundesland": "Wien",
                "city2": "Simmering",
                "city": "Wien",
                "strasse": "Leberstrasse 112-114",
                "date": "8.9.2025",
                "time": "0:38:27"
            }
        },
        {
            "type": "Feature",
            "geometry": {
                "type": "Point",
                "coordinates": [
                    15.61753,
                    48.18769
                ]
            },
            "properties": {
                "id": "INFT-ATV74C",
                "name": "AVANTI - Sankt Pölten Mariazeller Straße 95",
                "S98": "0",
                "S95": "1.433",
                "N": "0",
                "D": "1.466",
                "G": "0",
                "zip": "3100",
                "land": "at",
                "bundesland": "Niederösterreich",
                "city2": "St. Pölten",
                "city": "Sankt Poelten",
                "strasse": "Mariazeller Strasse 95",
                "date": "8.9.2025",
                "time": "0:36:56"
            }
        },
        {
            "type": "Feature",
            "geometry": {
                "type": "Point",
                "coordinates": [
                    9.65664,
                    47.43888
                ]
            },
            "properties": {
                "id": "INFT-ATXC8G",
                "name": "AVANTI - Lustenau Bahnhofstraße 8",
                "S98": "0",
                "S95": "1.514",
                "N": "0",
                "D": "1.514",
                "G": "0",
                "zip": "6890",
                "land": "at",
                "bundesland": "Vorarlberg",
                "city2": "Dornbirn",
                "city": "Lustenau",
                "strasse": "Bahnhofstrasse 8",
                "date": "8.9.2025",
                "time": "0:38:22"
            }
        },
        {
            "type": "Feature",
            "geometry": {
                "type": "Point",
                "coordinates": [
                    16.09516,
                    47.95514
                ]
            },
            "properties": {
                "id": "INFT-ATXL4N",
                "name": "AVANTI - Pottenstein Bundesstraße 12",
                "S98": "0",
                "S95": "0",
                "N": "0",
                "D": "1.434",
                "G": "0",
                "zip": "2563",
                "land": "at",
                "bundesland": "Niederösterreich",
                "city2": "Baden",
                "city": "Pottenstein",
                "strasse": "Bundesstrasse 12",
                "date": "8.9.2025",
                "time": "0:36:58"
            }
        },
        {
            "type": "Feature",
            "geometry": {
                "type": "Point",
                "coordinates": [
                    15.08587,
                    48.17039
                ]
            },
            "properties": {
                "id": "INFT-AU4233",
                "name": "AVANTI - Ybbs Bahnhofstraße 13",
                "S98": "0",
                "S95": "1.449",
                "N": "0",
                "D": "1.453",
                "G": "0",
                "zip": "3370",
                "land": "at",
                "bundesland": "Niederösterreich",
                "city2": "Melk",
                "city": "Ybbs",
                "strasse": "Bahnhofstrasse 13",
                "date": "8.9.2025",
                "time": "0:37:10"
            }
        },
        {
            "type": "Feature",
            "geometry": {
                "type": "Point",
                "coordinates": [
                    13.1004595,
                    47.6822599
                ]
            },
            "properties": {
                "id": "INFT-AU4B3N",
                "name": "Turmöl Quick",
                "S98": "0",
                "S95": "1.429",
                "N": "0",
                "D": "1.449",
                "G": "0",
                "zip": "5400",
                "land": "at",
                "bundesland": "Salzburg",
                "city2": "Hallein",
                "city": "Hallein",
                "strasse": "Salzachtalstraße 16",
                "date": "8.9.2025",
                "time": "0:37:47"
            }
        },
        {
            "type": "Feature",
            "geometry": {
                "type": "Point",
                "coordinates": [
                    13.565932,
                    48.266416
                ]
            },
            "properties": {
                "id": "INFT-AU83Q2",
                "name": "AVIA Xpress (Automaten-Tankstelle)",
                "S98": "0",
                "S95": "0",
                "N": "0",
                "D": "1.484",
                "G": "0",
                "zip": "4753",
                "land": "at",
                "bundesland": "Oberösterreich",
                "city2": "Ried",
                "city": "Taiskirchen im Innkreis",
                "strasse": "Lindet 2",
                "date": "8.9.2025",
                "time": "0:37:37"
            }
        },
        {
            "type": "Feature",
            "geometry": {
                "type": "Point",
                "coordinates": [
                    16.529877,
                    48.284271
                ]
            },
            "properties": {
                "id": "INFT-AU9GP6",
                "name": "Treibstoffparadies",
                "S98": "0",
                "S95": "0",
                "N": "0",
                "D": "1.474",
                "G": "0",
                "zip": "2232",
                "land": "at",
                "bundesland": "Niederösterreich",
                "city2": "Gänserndorf",
                "city": "Aderklaa",
                "strasse": "Wienerstrasse 12",
                "date": "8.9.2025",
                "time": "0:37:1"
            }
        },
        {
            "type": "Feature",
            "geometry": {
                "type": "Point",
                "coordinates": [
                    16.23616,
                    48.20186
                ]
            },
            "properties": {
                "id": "INFT-AVR3C4",
                "name": "OMV - Wien Wientalstraße/Auhofbrücke 40",
                "S98": "0",
                "S95": "1.509",
                "N": "0",
                "D": "1.529",
                "G": "0",
                "zip": "1140",
                "land": "at",
                "bundesland": "Wien",
                "city2": "Penzing",
                "city": "Wien",
                "strasse": "Wientalstrasse/Auhofbrücke 40",
                "date": "8.9.2025",
                "time": "0:38:30"
            }
        },
        {
            "type": "Feature",
            "geometry": {
                "type": "Point",
                "coordinates": [
                    13.5834969,
                    48.542477
                ]
            },
            "properties": {
                "id": "INFT-AXNSP2",
                "name": "Turmöl Quick",
                "S98": "0",
                "S95": "1.519",
                "N": "0",
                "D": "0",
                "G": "0",
                "zip": "4092",
                "land": "at",
                "bundesland": "Oberösterreich",
                "city2": "Schärding",
                "city": "Esternberg",
                "strasse": "Hauptstraße 86",
                "date": "8.9.2025",
                "time": "0:37:42"
            }
        },
        {
            "type": "Feature",
            "geometry": {
                "type": "Point",
                "coordinates": [
                    16.475544,
                    47.05784
                ]
            },
            "properties": {
                "id": "INFT-AXRTTZ",
                "name": "Genol RLH-Süd-Bgld",
                "S98": "0",
                "S95": "0",
                "N": "0",
                "D": "1.531",
                "G": "0",
                "zip": "7540",
                "land": "at",
                "bundesland": "Burgenland",
                "city2": "Güssing",
                "city": "Moschendorf",
                "strasse": "RLH Süd   Moschendorf",
                "date": "8.9.2025",
                "time": "0:36:38"
            }
        },
        {
            "type": "Feature",
            "geometry": {
                "type": "Point",
                "coordinates": [
                    16.466467,
                    47.130637
                ]
            },
            "properties": {
                "id": "INFT-AXRTU2",
                "name": "Genol RLH-Süd-Bgld",
                "S98": "0",
                "S95": "0",
                "N": "0",
                "D": "1.531",
                "G": "0",
                "zip": "7521",
                "land": "at",
                "bundesland": "Burgenland",
                "city2": "Güssing",
                "city": "Bildein",
                "strasse": "RLH Süd   Bildein",
                "date": "8.9.2025",
                "time": "0:36:38"
            }
        },
        {
            "type": "Feature",
            "geometry": {
                "type": "Point",
                "coordinates": [
                    14.409831,
                    47.153053
                ]
            },
            "properties": {
                "id": "INFT-AXVE42",
                "name": "Landforst Scheifling",
                "S98": "0",
                "S95": "1.456",
                "N": "0",
                "D": "1.464",
                "G": "0",
                "zip": "8811",
                "land": "at",
                "bundesland": "Steiermark",
                "city2": "Murau",
                "city": "Scheifling",
                "strasse": "Murauerstrasse 7",
                "date": "8.9.2025",
                "time": "0:38:2"
            }
        },
        {
            "type": "Feature",
            "geometry": {
                "type": "Point",
                "coordinates": [
                    16.20678,
                    47.292944
                ]
            },
            "properties": {
                "id": "INFT-AYLJUK",
                "name": "Turmöl Quick",
                "S98": "0",
                "S95": "1.477",
                "N": "0",
                "D": "1.487",
                "G": "0",
                "zip": "7400",
                "land": "at",
                "bundesland": "Burgenland",
                "city2": "Oberwart",
                "city": "Oberwart",
                "strasse": "Wienerstraße 52",
                "date": "8.9.2025",
                "time": "0:36:44"
            }
        },
        {
            "type": "Feature",
            "geometry": {
                "type": "Point",
                "coordinates": [
                    11.5923631,
                    47.3012592
                ]
            },
            "properties": {
                "id": "INFT-AYSFP8",
                "name": "Plose A Oil",
                "S98": "0",
                "S95": "0",
                "N": "0",
                "D": "1.579",
                "G": "0",
                "zip": "6122",
                "land": "at",
                "bundesland": "Tirol",
                "city2": "Innsbruck Land",
                "city": "Fritzens",
                "strasse": "Innstrasse 13",
                "date": "8.9.2025",
                "time": "0:38:10"
            }
        },
        {
            "type": "Feature",
            "geometry": {
                "type": "Point",
                "coordinates": [
                    13.2542347,
                    46.6273845
                ]
            },
            "properties": {
                "id": "INFT-AZ8HFU",
                "name": "BP Tankstelle Brandner KG",
                "S98": "0",
                "S95": "1.579",
                "N": "0",
                "D": "1.599",
                "G": "0",
                "zip": "9631",
                "land": "at",
                "bundesland": "Kärnten",
                "city2": "Hermagor",
                "city": "Jenig",
                "strasse": "Tröpolach 177",
                "date": "8.9.2025",
                "time": "0:36:48"
            }
        },
        {
            "type": "Feature",
            "geometry": {
                "type": "Point",
                "coordinates": [
                    9.644945,
                    47.459666
                ]
            },
            "properties": {
                "id": "INFT-B23J4A",
                "name": "ESW Dieselkraftstoff",
                "S98": "0",
                "S95": "0",
                "N": "0",
                "D": "1.494",
                "G": "0",
                "zip": "6973",
                "land": "at",
                "bundesland": "Vorarlberg",
                "city2": "Bregenz",
                "city": "Höchst",
                "strasse": "Hauptstraße 38",
                "date": "8.9.2025",
                "time": "0:38:20"
            }
        },
        {
            "type": "Feature",
            "geometry": {
                "type": "Point",
                "coordinates": [
                    16.5123905,
                    47.4991041
                ]
            },
            "properties": {
                "id": "INFT-B24JD8",
                "name": "Genol-Lagerhaustankstelle - Oberpullendorf",
                "S98": "0",
                "S95": "0",
                "N": "0",
                "D": "1.475",
                "G": "0",
                "zip": "7350",
                "land": "at",
                "bundesland": "Burgenland",
                "city2": "Oberpullendorf",
                "city": "OBERPULLENDORF",
                "strasse": "Eisenstädter Strasse 24",
                "date": "8.9.2025",
                "time": "0:36:42"
            }
        },
        {
            "type": "Feature",
            "geometry": {
                "type": "Point",
                "coordinates": [
                    14.80875,
                    47.21001
                ]
            },
            "properties": {
                "id": "INFT-B2BLM8",
                "name": "AVANTI - Knittelfeld Kärntner Straße 75",
                "S98": "0",
                "S95": "1.455",
                "N": "0",
                "D": "1.463",
                "G": "0",
                "zip": "8720",
                "land": "at",
                "bundesland": "Steiermark",
                "city2": "Knittelfeld",
                "city": "Knittelfeld",
                "strasse": "Kärntner Strasse 75",
                "date": "8.9.2025",
                "time": "0:38:7"
            }
        },
        {
            "type": "Feature",
            "geometry": {
                "type": "Point",
                "coordinates": [
                    17.07018,
                    47.9386394
                ]
            },
            "properties": {
                "id": "INFT-B2ELFU",
                "name": "Pamer GmbH",
                "S98": "0",
                "S95": "0",
                "N": "0",
                "D": "1.489",
                "G": "0",
                "zip": "2425",
                "land": "at",
                "bundesland": "Burgenland",
                "city2": "Neusiedl am See",
                "city": " Nickelsdorf",
                "strasse": "Scheunengasse 2",
                "date": "8.9.2025",
                "time": "0:36:40"
            }
        },
        {
            "type": "Feature",
            "geometry": {
                "type": "Point",
                "coordinates": [
                    17.0059708,
                    47.9805003
                ]
            },
            "properties": {
                "id": "INFT-B2ELFT",
                "name": "Pamer GmbH",
                "S98": "0",
                "S95": "0",
                "N": "0",
                "D": "1.489",
                "G": "0",
                "zip": "2424",
                "land": "at",
                "bundesland": "Burgenland",
                "city2": "Neusiedl am See",
                "city": "Zurndorf",
                "strasse": "Fabrikweg 26",
                "date": "8.9.2025",
                "time": "0:36:40"
            }
        },
        {
            "type": "Feature",
            "geometry": {
                "type": "Point",
                "coordinates": [
                    13.8601095,
                    46.8176748
                ]
            },
            "properties": {
                "id": "INFT-B33FQH",
                "name": "Turmöl Quick",
                "S98": "0",
                "S95": "1.466",
                "N": "0",
                "D": "1.47",
                "G": "0",
                "zip": "9564",
                "land": "at",
                "bundesland": "Kärnten",
                "city2": "Feldkirchen",
                "city": "Patergassen",
                "strasse": "Wiedweg 29",
                "date": "8.9.2025",
                "time": "0:36:55"
            }
        },
        {
            "type": "Feature",
            "geometry": {
                "type": "Point",
                "coordinates": [
                    14.3245113,
                    48.3070145
                ]
            },
            "properties": {
                "id": "INFT-B3AF77",
                "name": "PINK - so pink, so clever",
                "S98": "0",
                "S95": "1.445",
                "N": "0",
                "D": "1.46",
                "G": "0",
                "zip": "4020",
                "land": "at",
                "bundesland": "Oberösterreich",
                "city2": "Linz Land",
                "city": "Linz",
                "strasse": "Pummererstraße 22",
                "date": "8.9.2025",
                "time": "0:37:24"
            }
        },
        {
            "type": "Feature",
            "geometry": {
                "type": "Point",
                "coordinates": [
                    15.1490977,
                    48.1253328
                ]
            },
            "properties": {
                "id": "INFT-B4GSSL",
                "name": "24 tanken + shop",
                "S98": "0",
                "S95": "1.488",
                "N": "0",
                "D": "1.488",
                "G": "0",
                "zip": "3250",
                "land": "at",
                "bundesland": "Niederösterreich",
                "city2": "Scheibbs",
                "city": "Wieselburg",
                "strasse": "Teichweg 3",
                "date": "8.9.2025",
                "time": "0:37:16"
            }
        },
        {
            "type": "Feature",
            "geometry": {
                "type": "Point",
                "coordinates": [
                    13.872853,
                    48.513842
                ]
            },
            "properties": {
                "id": "INFT-B536E8",
                "name": "Shell Tankstelle",
                "S98": "0",
                "S95": "1.519",
                "N": "0",
                "D": "0",
                "G": "0",
                "zip": "4134",
                "land": "at",
                "bundesland": "Oberösterreich",
                "city2": "Rohrbach",
                "city": "Putzleinsdorf",
                "strasse": "Hanriederstraße 9",
                "date": "8.9.2025",
                "time": "0:37:40"
            }
        },
        {
            "type": "Feature",
            "geometry": {
                "type": "Point",
                "coordinates": [
                    13.623264,
                    47.690502
                ]
            },
            "properties": {
                "id": "INFT-B5NK9K",
                "name": "Turmöl Quick",
                "S98": "0",
                "S95": "0",
                "N": "0",
                "D": "1.473",
                "G": "0",
                "zip": "4820",
                "land": "at",
                "bundesland": "Oberösterreich",
                "city2": "Gmunden",
                "city": "Bad Ischl",
                "strasse": "Sulzbacherstraße 41",
                "date": "8.9.2025",
                "time": "0:37:31"
            }
        },
        {
            "type": "Feature",
            "geometry": {
                "type": "Point",
                "coordinates": [
                    14.917971,
                    48.73747
                ]
            },
            "properties": {
                "id": "INFT-B5SHAJ",
                "name": "Turmöl Quick",
                "S98": "0",
                "S95": "1.549",
                "N": "0",
                "D": "1.559",
                "G": "0",
                "zip": "3950",
                "land": "at",
                "bundesland": "Niederösterreich",
                "city2": "Gmünd",
                "city": "Gmünd",
                "strasse": "Eichberg 121",
                "date": "8.9.2025",
                "time": "0:37:3"
            }
        },
        {
            "type": "Feature",
            "geometry": {
                "type": "Point",
                "coordinates": [
                    14.5357719,
                    48.3533902
                ]
            },
            "properties": {
                "id": "INFT-B5ZH84",
                "name": "BP",
                "S98": "0",
                "S95": "0",
                "N": "0",
                "D": "1.519",
                "G": "0",
                "zip": "4230",
                "land": "at",
                "bundesland": "Oberösterreich",
                "city2": "Freistadt",
                "city": "Pregarten",
                "strasse": "Tragweinerstr. 31 ",
                "date": "8.9.2025",
                "time": "0:37:30"
            }
        },
        {
            "type": "Feature",
            "geometry": {
                "type": "Point",
                "coordinates": [
                    14.4533989,
                    48.2675844
                ]
            },
            "properties": {
                "id": "INFT-B68GDW",
                "name": "boesch energy,  turmöl Quick",
                "S98": "0",
                "S95": "1.474",
                "N": "0",
                "D": "0",
                "G": "0",
                "zip": "4222",
                "land": "at",
                "bundesland": "Oberösterreich",
                "city2": "Perg",
                "city": "St.Georgen an der Gusen",
                "strasse": "Mauthausenerstrasse 48",
                "date": "8.9.2025",
                "time": "0:37:37"
            }
        },
        {
            "type": "Feature",
            "geometry": {
                "type": "Point",
                "coordinates": [
                    14.4214433,
                    48.0546353
                ]
            },
            "properties": {
                "id": "INFT-B7A3NK",
                "name": "BP",
                "S98": "0",
                "S95": "1.509",
                "N": "0",
                "D": "1.529",
                "G": "0",
                "zip": "4400",
                "land": "at",
                "bundesland": "Oberösterreich",
                "city2": "Steyr Land",
                "city": "Steyr",
                "strasse": "Ennser Strasse 10 A ",
                "date": "8.9.2025",
                "time": "0:37:25"
            }
        },
        {
            "type": "Feature",
            "geometry": {
                "type": "Point",
                "coordinates": [
                    15.430359,
                    47.060424
                ]
            },
            "properties": {
                "id": "INFT-B8QUSB",
                "name": "M3 Energy",
                "S98": "0",
                "S95": "1.44",
                "N": "0",
                "D": "1.445",
                "G": "0",
                "zip": "8020",
                "land": "at",
                "bundesland": "Steiermark",
                "city2": "Graz",
                "city": "Graz",
                "strasse": "Karlauerstraße 42",
                "date": "8.9.2025",
                "time": "0:37:54"
            }
        },
        {
            "type": "Feature",
            "geometry": {
                "type": "Point",
                "coordinates": [
                    12.526809,
                    47.286688
                ]
            },
            "properties": {
                "id": "INFT-B9DBJL",
                "name": "LMEnergy Express",
                "S98": "0",
                "S95": "1.525",
                "N": "0",
                "D": "0",
                "G": "0",
                "zip": "5724",
                "land": "at",
                "bundesland": "Salzburg",
                "city2": "Zell am See",
                "city": "Stuhlfelden",
                "strasse": "Mittersillerstraße 198",
                "date": "8.9.2025",
                "time": "0:37:53"
            }
        },
        {
            "type": "Feature",
            "geometry": {
                "type": "Point",
                "coordinates": [
                    15.085068,
                    47.372167
                ]
            },
            "properties": {
                "id": "INFT-B9EBDZ",
                "name": "M3 Energy",
                "S98": "0",
                "S95": "1.442",
                "N": "0",
                "D": "1.447",
                "G": "0",
                "zip": "8700",
                "land": "at",
                "bundesland": "Steiermark",
                "city2": "Leoben",
                "city": "Leoben",
                "strasse": "Einödmayergasse 1",
                "date": "8.9.2025",
                "time": "0:37:59"
            }
        },
        {
            "type": "Feature",
            "geometry": {
                "type": "Point",
                "coordinates": [
                    16.4383071,
                    48.131813
                ]
            },
            "properties": {
                "id": "INFT-B9KGKP",
                "name": "Champion",
                "S98": "0",
                "S95": "0",
                "N": "0",
                "D": "1.466",
                "G": "0",
                "zip": "2320",
                "land": "at",
                "bundesland": "Niederösterreich",
                "city2": "Wien Umgebung",
                "city": "Kledering",
                "strasse": "Klederinger Straße 41",
                "date": "8.9.2025",
                "time": "0:37:0"
            }
        },
        {
            "type": "Feature",
            "geometry": {
                "type": "Point",
                "coordinates": [
                    16.272085,
                    47.136327
                ]
            },
            "properties": {
                "id": "INFT-BBLBV9",
                "name": "Welog - Landespartner des Burgenlands",
                "S98": "0",
                "S95": "1.479",
                "N": "0",
                "D": "1.489",
                "G": "0",
                "zip": "7535",
                "land": "at",
                "bundesland": "Burgenland",
                "city2": "Güssing",
                "city": "St. Michael im Burgenland",
                "strasse": "Obere Hauptstraße 230",
                "date": "8.9.2025",
                "time": "0:36:39"
            }
        },
        {
            "type": "Feature",
            "geometry": {
                "type": "Point",
                "coordinates": [
                    13.771828,
                    48.23407
                ]
            },
            "properties": {
                "id": "INFT-BD8J2L",
                "name": "PINK - so pink, so clever",
                "S98": "0",
                "S95": "1.459",
                "N": "0",
                "D": "1.474",
                "G": "0",
                "zip": "4710",
                "land": "at",
                "bundesland": "Oberösterreich",
                "city2": "Grieskirchen",
                "city": "Grieskirchen",
                "strasse": "Industriepark Stritzing 18",
                "date": "8.9.2025",
                "time": "0:37:33"
            }
        },
        {
            "type": "Feature",
            "geometry": {
                "type": "Point",
                "coordinates": [
                    13.807821,
                    47.415633
                ]
            },
            "properties": {
                "id": "INFT-BDSARA",
                "name": "Turmöl Quick",
                "S98": "0",
                "S95": "1.434",
                "N": "0",
                "D": "1.453",
                "G": "0",
                "zip": "8967",
                "land": "at",
                "bundesland": "Steiermark",
                "city2": "Liezen",
                "city": "Haus im Ennstal",
                "strasse": "Höhenfeld 89",
                "date": "8.9.2025",
                "time": "0:38:1"
            }
        },
        {
            "type": "Feature",
            "geometry": {
                "type": "Point",
                "coordinates": [
                    15.085178406009105,
                    47.35530810546076
                ]
            },
            "properties": {
                "id": "INFT-BEYDJ5",
                "name": "F. LEITNER",
                "S98": "0",
                "S95": "1.458",
                "N": "0",
                "D": "0",
                "G": "0",
                "zip": "8700",
                "land": "at",
                "bundesland": "Steiermark",
                "city2": "Leoben",
                "city": "Leoben",
                "strasse": "Prettachstraße 2",
                "date": "8.9.2025",
                "time": "0:38:0"
            }
        },
        {
            "type": "Feature",
            "geometry": {
                "type": "Point",
                "coordinates": [
                    16.025357,
                    48.322172
                ]
            },
            "properties": {
                "id": "INFT-BF3RNM",
                "name": "Direct",
                "S98": "0",
                "S95": "1.458",
                "N": "0",
                "D": "1.468",
                "G": "0",
                "zip": "3442",
                "land": "at",
                "bundesland": "Niederösterreich",
                "city2": "Tulln",
                "city": "Asparn",
                "strasse": "Tullner Straße 15a",
                "date": "8.9.2025",
                "time": "0:37:18"
            }
        },
        {
            "type": "Feature",
            "geometry": {
                "type": "Point",
                "coordinates": [
                    16.752631699999938,
                    48.2540687
                ]
            },
            "properties": {
                "id": "INFT-BHLG7C",
                "name": "Tankstelle Wiesmahr",
                "S98": "0",
                "S95": "0",
                "N": "0",
                "D": "1.472",
                "G": "0",
                "zip": "2284",
                "land": "at",
                "bundesland": "Niederösterreich",
                "city2": "Gänserndorf",
                "city": "Untersiebenbrunn",
                "strasse": "Schönfelderstraße 31",
                "date": "8.9.2025",
                "time": "0:37:1"
            }
        },
        {
            "type": "Feature",
            "geometry": {
                "type": "Point",
                "coordinates": [
                    13.524077,
                    47.886334
                ]
            },
            "properties": {
                "id": "INFT-BHXGPF",
                "name": "Turmöl Quick",
                "S98": "0",
                "S95": "1.428",
                "N": "0",
                "D": "1.44",
                "G": "0",
                "zip": "4865",
                "land": "at",
                "bundesland": "Oberösterreich",
                "city2": "Vöcklabruck",
                "city": "Nußdorf am Attersee",
                "strasse": "Dorfstraße 16",
                "date": "8.9.2025",
                "time": "0:37:44"
            }
        },
        {
            "type": "Feature",
            "geometry": {
                "type": "Point",
                "coordinates": [
                    16.45797,
                    48.17054
                ]
            },
            "properties": {
                "id": "INFT-BJYJ2G",
                "name": "AVANTI - Wien Jedletzbergerstraße 7",
                "S98": "0",
                "S95": "1.437",
                "N": "0",
                "D": "1.464",
                "G": "0",
                "zip": "1110",
                "land": "at",
                "bundesland": "Wien",
                "city2": "Simmering",
                "city": "Wien",
                "strasse": "Jedletzbergerstrasse 7",
                "date": "8.9.2025",
                "time": "0:38:27"
            }
        },
        {
            "type": "Feature",
            "geometry": {
                "type": "Point",
                "coordinates": [
                    9.72747,
                    47.46296
                ]
            },
            "properties": {
                "id": "INFT-BL4JVV",
                "name": "BayWa Tankstelle",
                "S98": "0",
                "S95": "1.478",
                "N": "0",
                "D": "1.478",
                "G": "0",
                "zip": "6923",
                "land": "at",
                "bundesland": "Vorarlberg",
                "city2": "Bregenz",
                "city": "Lauterach",
                "strasse": "Scheibenstraße 2",
                "date": "8.9.2025",
                "time": "0:38:21"
            }
        },
        {
            "type": "Feature",
            "geometry": {
                "type": "Point",
                "coordinates": [
                    16.266455,
                    47.123815
                ]
            },
            "properties": {
                "id": "INFT-BLFGA9",
                "name": "Genol RLH-Süd-Bgld",
                "S98": "0",
                "S95": "0",
                "N": "0",
                "D": "1.531",
                "G": "0",
                "zip": "7535",
                "land": "at",
                "bundesland": "Burgenland",
                "city2": "Güssing",
                "city": "St.Michael",
                "strasse": "RLH Süd  Oberwarter Straße 244",
                "date": "8.9.2025",
                "time": "0:36:38"
            }
        },
        {
            "type": "Feature",
            "geometry": {
                "type": "Point",
                "coordinates": [
                    16.216153,
                    47.081352
                ]
            },
            "properties": {
                "id": "INFT-BLFGA8",
                "name": "Genol RLH-Süd-Bgld",
                "S98": "0",
                "S95": "0",
                "N": "0",
                "D": "1.531",
                "G": "0",
                "zip": "7543",
                "land": "at",
                "bundesland": "Burgenland",
                "city2": "Güssing",
                "city": "Kukmirn",
                "strasse": "RLH Süd  Kukmirn",
                "date": "8.9.2025",
                "time": "0:36:38"
            }
        },
        {
            "type": "Feature",
            "geometry": {
                "type": "Point",
                "coordinates": [
                    16.305749,
                    47.088866
                ]
            },
            "properties": {
                "id": "INFT-BLFGAA",
                "name": "Genol RLH-Süd-Bgld",
                "S98": "0",
                "S95": "0",
                "N": "0",
                "D": "1.531",
                "G": "0",
                "zip": "7540",
                "land": "at",
                "bundesland": "Burgenland",
                "city2": "Güssing",
                "city": "Tobaj",
                "strasse": "RLH Süd   Tobaj",
                "date": "8.9.2025",
                "time": "0:36:38"
            }
        },
        {
            "type": "Feature",
            "geometry": {
                "type": "Point",
                "coordinates": [
                    16.414958,
                    47.096546
                ]
            },
            "properties": {
                "id": "INFT-BLFGA7",
                "name": "Genol RLH-Süd-Bgld",
                "S98": "0",
                "S95": "0",
                "N": "0",
                "D": "1.531",
                "G": "0",
                "zip": "7522",
                "land": "at",
                "bundesland": "Burgenland",
                "city2": "Güssing",
                "city": "D-Ehrensdorf",
                "strasse": "RLH Süd   D-Ehrensdorf",
                "date": "8.9.2025",
                "time": "0:36:38"
            }
        },
        {
            "type": "Feature",
            "geometry": {
                "type": "Point",
                "coordinates": [
                    14.449924,
                    48.056054
                ]
            },
            "properties": {
                "id": "INFT-BLJNBZ",
                "name": "IQ Tankautomat Steyr",
                "S98": "0",
                "S95": "1.435",
                "N": "0",
                "D": "1.465",
                "G": "0",
                "zip": "4400",
                "land": "at",
                "bundesland": "Oberösterreich",
                "city2": "Steyr Land",
                "city": "Steyr",
                "strasse": "Haager Straße 44b",
                "date": "8.9.2025",
                "time": "0:37:25"
            }
        },
        {
            "type": "Feature",
            "geometry": {
                "type": "Point",
                "coordinates": [
                    16.194080999999983,
                    48.1356658
                ]
            },
            "properties": {
                "id": "INFT-BLZFEJ",
                "name": "AVIA XPress (SB-Carwash, SB-Sauger, Wasser gratis) ",
                "S98": "0",
                "S95": "1.44",
                "N": "0",
                "D": "1.462",
                "G": "0",
                "zip": "2384",
                "land": "at",
                "bundesland": "Niederösterreich",
                "city2": "Mödling",
                "city": "Breitenfurt",
                "strasse": "Hauptstraße 74",
                "date": "8.9.2025",
                "time": "0:37:13"
            }
        },
        {
            "type": "Feature",
            "geometry": {
                "type": "Point",
                "coordinates": [
                    13.509007,
                    46.949817
                ]
            },
            "properties": {
                "id": "INFT-BNAEYE",
                "name": "KFZ PRUGGER e.U. - PRUGGER Maltatal Diskont",
                "S98": "0",
                "S95": "1.515",
                "N": "0",
                "D": "1.495",
                "G": "0",
                "zip": "9854",
                "land": "at",
                "bundesland": "Kärnten",
                "city2": "Spittal",
                "city": "Malta",
                "strasse": "Malta 175",
                "date": "8.9.2025",
                "time": "0:36:51"
            }
        },
        {
            "type": "Feature",
            "geometry": {
                "type": "Point",
                "coordinates": [
                    14.898026,
                    48.703029
                ]
            },
            "properties": {
                "id": "INFT-BPMBAB",
                "name": "Turmöl Quick",
                "S98": "0",
                "S95": "1.549",
                "N": "0",
                "D": "1.559",
                "G": "0",
                "zip": "3970",
                "land": "at",
                "bundesland": "Niederösterreich",
                "city2": "Gmünd",
                "city": "Weitra",
                "strasse": "Gmündner Straße 198",
                "date": "8.9.2025",
                "time": "0:37:4"
            }
        },
        {
            "type": "Feature",
            "geometry": {
                "type": "Point",
                "coordinates": [
                    16.850562,
                    47.943084
                ]
            },
            "properties": {
                "id": "INFT-BPNKUD",
                "name": "Turmöl Quick",
                "S98": "0",
                "S95": "1.462",
                "N": "0",
                "D": "1.489",
                "G": "0",
                "zip": "7100",
                "land": "at",
                "bundesland": "Burgenland",
                "city2": "Neusiedl am See",
                "city": "Neusiedl am See",
                "strasse": "Untere Hauptstraße 87",
                "date": "8.9.2025",
                "time": "0:36:41"
            }
        },
        {
            "type": "Feature",
            "geometry": {
                "type": "Point",
                "coordinates": [
                    15.614191,
                    48.179642
                ]
            },
            "properties": {
                "id": "INFT-BQ7SXH",
                "name": "Eni Oberscheider St. Pölten",
                "S98": "0",
                "S95": "1.471",
                "N": "0",
                "D": "0",
                "G": "0",
                "zip": "3100",
                "land": "at",
                "bundesland": "Niederösterreich",
                "city2": "St. Pölten",
                "city": "St. Pölten",
                "strasse": "Schulze Delitzsch-Straße 2",
                "date": "8.9.2025",
                "time": "0:36:56"
            }
        },
        {
            "type": "Feature",
            "geometry": {
                "type": "Point",
                "coordinates": [
                    15.365130362256647,
                    46.75415366273557
                ]
            },
            "properties": {
                "id": "INFT-BTJMQC",
                "name": "F. LEITNER",
                "S98": "0",
                "S95": "1.458",
                "N": "0",
                "D": "1.462",
                "G": "0",
                "zip": "8443",
                "land": "at",
                "bundesland": "Steiermark",
                "city2": "Leibnitz",
                "city": "Gleinstätten",
                "strasse": "Gleinstätten 86",
                "date": "8.9.2025",
                "time": "0:37:58"
            }
        },
        {
            "type": "Feature",
            "geometry": {
                "type": "Point",
                "coordinates": [
                    16.014680121853992,
                    48.31138203436592
                ]
            },
            "properties": {
                "id": "INFT-BUBEXR",
                "name": "GG Tankstelle Langenrohr",
                "S98": "0",
                "S95": "1.455",
                "N": "0",
                "D": "1.459",
                "G": "0",
                "zip": "3442",
                "land": "at",
                "bundesland": "Niederösterreich",
                "city2": "Tulln",
                "city": "Langenrohr",
                "strasse": "Tullner Straße 6 ",
                "date": "8.9.2025",
                "time": "0:37:18"
            }
        },
        {
            "type": "Feature",
            "geometry": {
                "type": "Point",
                "coordinates": [
                    15.131794,
                    47.052799
                ]
            },
            "properties": {
                "id": "INFT-BUFM52",
                "name": "LAGERHAUS Genol Voitsberg",
                "S98": "0",
                "S95": "1.454",
                "N": "0",
                "D": "1.459",
                "G": "0",
                "zip": "8570",
                "land": "at",
                "bundesland": "Steiermark",
                "city2": "Voitsberg",
                "city": "Voitsberg",
                "strasse": "Am Vorum 2",
                "date": "8.9.2025",
                "time": "0:38:4"
            }
        },
        {
            "type": "Feature",
            "geometry": {
                "type": "Point",
                "coordinates": [
                    15.40998,
                    46.85349
                ]
            },
            "properties": {
                "id": "INFT-BUUAKZ",
                "name": "Treibstoffparadies",
                "S98": "0",
                "S95": "1.459",
                "N": "0",
                "D": "1.459",
                "G": "0",
                "zip": "8504",
                "land": "at",
                "bundesland": "Steiermark",
                "city2": "Deutschlandsberg",
                "city": "Preding",
                "strasse": "Gewerbepark Ost 1",
                "date": "8.9.2025",
                "time": "0:37:56"
            }
        },
        {
            "type": "Feature",
            "geometry": {
                "type": "Point",
                "coordinates": [
                    13.724478,
                    48.015832
                ]
            },
            "properties": {
                "id": "INFT-BV3GDU",
                "name": "SOCAR Attnang - Puchheim",
                "S98": "0",
                "S95": "1.456",
                "N": "0",
                "D": "1.476",
                "G": "0",
                "zip": "4800",
                "land": "at",
                "bundesland": "Oberösterreich",
                "city2": "Vöcklabruck",
                "city": "Attnang - Puchheim",
                "strasse": "Bahnhofstraße 25",
                "date": "8.9.2025",
                "time": "0:37:45"
            }
        },
        {
            "type": "Feature",
            "geometry": {
                "type": "Point",
                "coordinates": [
                    16.1824,
                    48.20595
                ]
            },
            "properties": {
                "id": "INFT-BW3E86",
                "name": "Turmöl Quick",
                "S98": "0",
                "S95": "1.436",
                "N": "0",
                "D": "1.463",
                "G": "0",
                "zip": "3002",
                "land": "at",
                "bundesland": "Niederösterreich",
                "city2": "Wien Umgebung",
                "city": "Purkersdorf",
                "strasse": "Wiener Straße 30",
                "date": "8.9.2025",
                "time": "0:37:15"
            }
        },
        {
            "type": "Feature",
            "geometry": {
                "type": "Point",
                "coordinates": [
                    16.242,
                    47.80411
                ]
            },
            "properties": {
                "id": "INFT-BW7DVF",
                "name": "Turmöl Quick",
                "S98": "0",
                "S95": "1.432",
                "N": "0",
                "D": "1.462",
                "G": "0",
                "zip": "2700",
                "land": "at",
                "bundesland": "Niederösterreich",
                "city2": "Wiener Neustadt Land",
                "city": "Wr. Neustadt",
                "strasse": "Günser Straße 28",
                "date": "8.9.2025",
                "time": "0:36:57"
            }
        },
        {
            "type": "Feature",
            "geometry": {
                "type": "Point",
                "coordinates": [
                    14.210508,
                    47.569864
                ]
            },
            "properties": {
                "id": "INFT-BWHP2X",
                "name": "Rumpold",
                "S98": "0",
                "S95": "0",
                "N": "0",
                "D": "1.462",
                "G": "0",
                "zip": "8940",
                "land": "at",
                "bundesland": "Steiermark",
                "city2": "Liezen",
                "city": "Weissenbach",
                "strasse": "Hauptstraße 213",
                "date": "8.9.2025",
                "time": "0:38:0"
            }
        },
        {
            "type": "Feature",
            "geometry": {
                "type": "Point",
                "coordinates": [
                    16.52446,
                    47.8359
                ]
            },
            "properties": {
                "id": "INFT-BWL9SP",
                "name": "Direct",
                "S98": "0",
                "S95": "1.468",
                "N": "0",
                "D": "1.478",
                "G": "0",
                "zip": "7000",
                "land": "at",
                "bundesland": "Burgenland",
                "city2": "Eisenstadt",
                "city": "Eisenstadt",
                "strasse": "Mattersburger Straße 5",
                "date": "8.9.2025",
                "time": "0:36:37"
            }
        },
        {
            "type": "Feature",
            "geometry": {
                "type": "Point",
                "coordinates": [
                    15.33051,
                    47.18578
                ]
            },
            "properties": {
                "id": "INFT-C2WFMB",
                "name": "Rumpold",
                "S98": "0",
                "S95": "0",
                "N": "0",
                "D": "1.459",
                "G": "0",
                "zip": "8121",
                "land": "at",
                "bundesland": "Steiermark",
                "city2": "Graz Umgebung",
                "city": "Deutschfeistritz",
                "strasse": "Gewerbepark Süd 6",
                "date": "8.9.2025",
                "time": "0:37:56"
            }
        },
        {
            "type": "Feature",
            "geometry": {
                "type": "Point",
                "coordinates": [
                    12.80849,
                    46.82868
                ]
            },
            "properties": {
                "id": "INFT-C5HCNH",
                "name": "Turmöl Quick",
                "S98": "0",
                "S95": "1.47",
                "N": "0",
                "D": "1.475",
                "G": "0",
                "zip": "9990",
                "land": "at",
                "bundesland": "Tirol",
                "city2": "Lienz",
                "city": "Lienz",
                "strasse": "Drautal Bundesstraße 4",
                "date": "8.9.2025",
                "time": "0:38:16"
            }
        },
        {
            "type": "Feature",
            "geometry": {
                "type": "Point",
                "coordinates": [
                    12.27856,
                    47.25181
                ]
            },
            "properties": {
                "id": "INFT-C5MH8T",
                "name": "Turmöl Quick",
                "S98": "0",
                "S95": "1.525",
                "N": "0",
                "D": "0",
                "G": "0",
                "zip": "5741",
                "land": "at",
                "bundesland": "Salzburg",
                "city2": "Zell am See",
                "city": "Neukirchen am Großvenediger",
                "strasse": "Gerloser Bundesstraße 262",
                "date": "8.9.2025",
                "time": "0:37:53"
            }
        },
        {
            "type": "Feature",
            "geometry": {
                "type": "Point",
                "coordinates": [
                    13.99039,
                    48.57763
                ]
            },
            "properties": {
                "id": "INFT-C628SC",
                "name": "Turmöl Quick",
                "S98": "0",
                "S95": "1.446",
                "N": "0",
                "D": "1.461",
                "G": "0",
                "zip": "4150",
                "land": "at",
                "bundesland": "Oberösterreich",
                "city2": "Rohrbach",
                "city": "Rohrbach",
                "strasse": "Bahnhofstraße 26",
                "date": "8.9.2025",
                "time": "0:37:40"
            }
        },
        {
            "type": "Feature",
            "geometry": {
                "type": "Point",
                "coordinates": [
                    17.05908,
                    48.0927
                ]
            },
            "properties": {
                "id": "INFT-C63KC7",
                "name": "Turmöl Quick",
                "S98": "0",
                "S95": "1.437",
                "N": "0",
                "D": "1.457",
                "G": "0",
                "zip": "2421",
                "land": "at",
                "bundesland": "Burgenland",
                "city2": "Neusiedl am See",
                "city": "Kittsee",
                "strasse": "Eisenstädter Straße 3",
                "date": "8.9.2025",
                "time": "0:36:41"
            }
        },
        {
            "type": "Feature",
            "geometry": {
                "type": "Point",
                "coordinates": [
                    16.31264,
                    47.24247
                ]
            },
            "properties": {
                "id": "INFT-C6C5DG",
                "name": "Turmöl Quick",
                "S98": "0",
                "S95": "1.477",
                "N": "0",
                "D": "1.487",
                "G": "0",
                "zip": "7503",
                "land": "at",
                "bundesland": "Burgenland",
                "city2": "Oberwart",
                "city": "Großpetersdorf",
                "strasse": "Schlaininger Straße 1",
                "date": "8.9.2025",
                "time": "0:36:44"
            }
        },
        {
            "type": "Feature",
            "geometry": {
                "type": "Point",
                "coordinates": [
                    13.662895,
                    47.420707
                ]
            },
            "properties": {
                "id": "INFT-C7RCQB",
                "name": "Turmöl Quick",
                "S98": "0",
                "S95": "1.434",
                "N": "0",
                "D": "1.453",
                "G": "0",
                "zip": "8972",
                "land": "at",
                "bundesland": "Steiermark",
                "city2": "Liezen",
                "city": "Ramsau am Dachstein",
                "strasse": "Ramsau 197",
                "date": "8.9.2025",
                "time": "0:38:1"
            }
        },
        {
            "type": "Feature",
            "geometry": {
                "type": "Point",
                "coordinates": [
                    13.0487,
                    48.2447
                ]
            },
            "properties": {
                "id": "INFT-C87HQ9",
                "name": "Diskont Tankstelle",
                "S98": "0",
                "S95": "1.444",
                "N": "0",
                "D": "1.474",
                "G": "0",
                "zip": "5280",
                "land": "at",
                "bundesland": "Oberösterreich",
                "city2": "Braunau",
                "city": "Braunau",
                "strasse": "Hofer Strasse 1 (am HOFER Parkplatz)",
                "date": "8.9.2025",
                "time": "0:37:28"
            }
        },
        {
            "type": "Feature",
            "geometry": {
                "type": "Point",
                "coordinates": [
                    16.3007,
                    48.1511
                ]
            },
            "properties": {
                "id": "INFT-C87HQQ",
                "name": "Diskont Tankstelle",
                "S98": "0",
                "S95": "1.431",
                "N": "0",
                "D": "1.452",
                "G": "0",
                "zip": "1230",
                "land": "at",
                "bundesland": "Wien",
                "city2": "Liesing",
                "city": "Wien",
                "strasse": "Breitenfurter Strasse 261 (am HOFER Parkplatz)",
                "date": "8.9.2025",
                "time": "0:38:36"
            }
        },
        {
            "type": "Feature",
            "geometry": {
                "type": "Point",
                "coordinates": [
                    11.42069,
                    47.27889
                ]
            },
            "properties": {
                "id": "INFT-C8FE5J",
                "name": "Diskont Tankstelle",
                "S98": "0",
                "S95": "1.549",
                "N": "0",
                "D": "1.569",
                "G": "0",
                "zip": "6020",
                "land": "at",
                "bundesland": "Tirol",
                "city2": "Innsbruck",
                "city": "Innsbruck",
                "strasse": "Hallerstrasse 93 (am HOFER Parkplatz)",
                "date": "8.9.2025",
                "time": "0:38:8"
            }
        },
        {
            "type": "Feature",
            "geometry": {
                "type": "Point",
                "coordinates": [
                    14.2974598,
                    48.300474
                ]
            },
            "properties": {
                "id": "INFT-C9BG5R",
                "name": "Turmöl",
                "S98": "0",
                "S95": "1.446",
                "N": "0",
                "D": "1.461",
                "G": "0",
                "zip": "4020",
                "land": "at",
                "bundesland": "Oberösterreich",
                "city2": "Linz Land",
                "city": "Linz",
                "strasse": "Dinghoferstraße 35-37",
                "date": "8.9.2025",
                "time": "0:37:24"
            }
        },
        {
            "type": "Feature",
            "geometry": {
                "type": "Point",
                "coordinates": [
                    13.1379,
                    47.6379
                ]
            },
            "properties": {
                "id": "INFT-C9BG5S",
                "name": "Diskont Tankstelle",
                "S98": "0",
                "S95": "1.429",
                "N": "0",
                "D": "1.449",
                "G": "0",
                "zip": "5431",
                "land": "at",
                "bundesland": "Salzburg",
                "city2": "Hallein",
                "city": "Kuchl",
                "strasse": "Garnei 208 (am HOFER Parkplatz)",
                "date": "8.9.2025",
                "time": "0:37:47"
            }
        },
        {
            "type": "Feature",
            "geometry": {
                "type": "Point",
                "coordinates": [
                    13.0506,
                    47.7388
                ]
            },
            "properties": {
                "id": "INFT-C9FKD5",
                "name": "Diskont Tankstelle",
                "S98": "0",
                "S95": "1.423",
                "N": "0",
                "D": "1.447",
                "G": "0",
                "zip": "5081",
                "land": "at",
                "bundesland": "Salzburg",
                "city2": "Salzburg Umgebung",
                "city": "Anif",
                "strasse": "Alpenstrasse 102 (am HOFER Parkplatz)",
                "date": "8.9.2025",
                "time": "0:37:48"
            }
        },
        {
            "type": "Feature",
            "geometry": {
                "type": "Point",
                "coordinates": [
                    16.294,
                    48.12211
                ]
            },
            "properties": {
                "id": "INFT-C9GMP7",
                "name": "Turmöl",
                "S98": "0",
                "S95": "1.436",
                "N": "0",
                "D": "1.457",
                "G": "0",
                "zip": "2345",
                "land": "at",
                "bundesland": "Niederösterreich",
                "city2": "Mödling",
                "city": "Brunn am Gebirge",
                "strasse": "Brunnerstraße B12 A",
                "date": "8.9.2025",
                "time": "0:37:13"
            }
        },
        {
            "type": "Feature",
            "geometry": {
                "type": "Point",
                "coordinates": [
                    14.158698,
                    47.83948
                ]
            },
            "properties": {
                "id": "INFT-C9H2XX",
                "name": "Turmöl",
                "S98": "0",
                "S95": "1.468",
                "N": "0",
                "D": "0",
                "G": "0",
                "zip": "4564",
                "land": "at",
                "bundesland": "Oberösterreich",
                "city2": "Kirchdorf",
                "city": "Klaus an der Pyhrnbahn ",
                "strasse": "Klaus 147",
                "date": "8.9.2025",
                "time": "0:37:34"
            }
        },
        {
            "type": "Feature",
            "geometry": {
                "type": "Point",
                "coordinates": [
                    16.92062,
                    48.14037
                ]
            },
            "properties": {
                "id": "INFT-C9J36X",
                "name": "Diskont Tankstelle",
                "S98": "0",
                "S95": "1.437",
                "N": "0",
                "D": "1.457",
                "G": "0",
                "zip": "2410",
                "land": "at",
                "bundesland": "Niederösterreich",
                "city2": "Bruck/Leitha",
                "city": "Hainburg",
                "strasse": "Landstrasse 118 (am HOFER Parkplatz)",
                "date": "8.9.2025",
                "time": "0:37:0"
            }
        },
        {
            "type": "Feature",
            "geometry": {
                "type": "Point",
                "coordinates": [
                    13.96843,
                    46.67948
                ]
            },
            "properties": {
                "id": "INFT-C9MSHP",
                "name": "Turmöl Quick",
                "S98": "0",
                "S95": "1.468",
                "N": "0",
                "D": "1.467",
                "G": "0",
                "zip": "9551",
                "land": "at",
                "bundesland": "Kärnten",
                "city2": "Feldkirchen",
                "city": "Bodensdorf",
                "strasse": "Bundesstraße 65",
                "date": "8.9.2025",
                "time": "0:36:55"
            }
        },
        {
            "type": "Feature",
            "geometry": {
                "type": "Point",
                "coordinates": [
                    13.0822,
                    47.83
                ]
            },
            "properties": {
                "id": "INFT-C9PG7U",
                "name": "Diskont Tankstelle",
                "S98": "0",
                "S95": "1.452",
                "N": "0",
                "D": "1.474",
                "G": "0",
                "zip": "5300",
                "land": "at",
                "bundesland": "Salzburg",
                "city2": "Salzburg Umgebung",
                "city": "Hallwang",
                "strasse": "Wiener Bundesstrasse 3 (am HOFER Parkplatz)",
                "date": "8.9.2025",
                "time": "0:37:49"
            }
        },
        {
            "type": "Feature",
            "geometry": {
                "type": "Point",
                "coordinates": [
                    15.5965,
                    48.01419
                ]
            },
            "properties": {
                "id": "INFT-C9W7R6",
                "name": "Direct",
                "S98": "0",
                "S95": "1.458",
                "N": "0",
                "D": "1.478",
                "G": "0",
                "zip": "3180",
                "land": "at",
                "bundesland": "Niederösterreich",
                "city2": "Lilienfeld",
                "city": "Lilienfeld",
                "strasse": "Liese Prokop-Straße 2",
                "date": "8.9.2025",
                "time": "0:37:10"
            }
        },
        {
            "type": "Feature",
            "geometry": {
                "type": "Point",
                "coordinates": [
                    10.767215,
                    47.435845
                ]
            },
            "properties": {
                "id": "INFT-C9Y9EA",
                "name": "BP",
                "S98": "0",
                "S95": "1.589",
                "N": "0",
                "D": "1.579",
                "G": "0",
                "zip": "6611",
                "land": "at",
                "bundesland": "Tirol",
                "city2": "Reutte",
                "city": "Heiterwang",
                "strasse": "Gewerbegebiet 1",
                "date": "8.9.2025",
                "time": "0:38:18"
            }
        },
        {
            "type": "Feature",
            "geometry": {
                "type": "Point",
                "coordinates": [
                    14.59632,
                    47.18404
                ]
            },
            "properties": {
                "id": "INFT-C9YKVY",
                "name": "Turmöl Quick",
                "S98": "0",
                "S95": "1.454",
                "N": "0",
                "D": "1.463",
                "G": "0",
                "zip": "8755",
                "land": "at",
                "bundesland": "Steiermark",
                "city2": "Judenburg",
                "city": "St. Peter ob Judenburg",
                "strasse": "Furth 24",
                "date": "8.9.2025",
                "time": "0:38:7"
            }
        },
        {
            "type": "Feature",
            "geometry": {
                "type": "Point",
                "coordinates": [
                    14.61781,
                    48.25192
                ]
            },
            "properties": {
                "id": "INFT-CA6NZR",
                "name": "boesch energy,  turmöl Quick",
                "S98": "0",
                "S95": "0",
                "N": "0",
                "D": "1.497",
                "G": "0",
                "zip": "4320",
                "land": "at",
                "bundesland": "Oberösterreich",
                "city2": "Perg",
                "city": "Perg",
                "strasse": "Zeitling 36",
                "date": "8.9.2025",
                "time": "0:37:36"
            }
        },
        {
            "type": "Feature",
            "geometry": {
                "type": "Point",
                "coordinates": [
                    16.379636,
                    48.162894
                ]
            },
            "properties": {
                "id": "INFT-CAMDWQ",
                "name": "Turmöl",
                "S98": "0",
                "S95": "1.441",
                "N": "0",
                "D": "1.449",
                "G": "0",
                "zip": "1100",
                "land": "at",
                "bundesland": "Wien",
                "city2": "Favoriten",
                "city": "Wien",
                "strasse": "Grenzackerstraße 2-4",
                "date": "8.9.2025",
                "time": "0:38:26"
            }
        },
        {
            "type": "Feature",
            "geometry": {
                "type": "Point",
                "coordinates": [
                    14.7369342,
                    46.6958255
                ]
            },
            "properties": {
                "id": "INFT-CAMTUQ",
                "name": "Turmöl",
                "S98": "0",
                "S95": "1.468",
                "N": "0",
                "D": "1.479",
                "G": "0",
                "zip": "9112",
                "land": "at",
                "bundesland": "Kärnten",
                "city2": "Völkermarkt",
                "city": "Griffen",
                "strasse": "Gewerbestraße 8",
                "date": "8.9.2025",
                "time": "0:36:53"
            }
        },
        {
            "type": "Feature",
            "geometry": {
                "type": "Point",
                "coordinates": [
                    13.36409,
                    47.76441
                ]
            },
            "properties": {
                "id": "INFT-CAN35P",
                "name": "Turmöl Quick",
                "S98": "0",
                "S95": "1.449",
                "N": "0",
                "D": "1.479",
                "G": "0",
                "zip": "5340",
                "land": "at",
                "bundesland": "Salzburg",
                "city2": "Salzburg Umgebung",
                "city": "St. Gilgen",
                "strasse": "Konrad Lesiak Platz 6",
                "date": "8.9.2025",
                "time": "0:37:49"
            }
        },
        {
            "type": "Feature",
            "geometry": {
                "type": "Point",
                "coordinates": [
                    16.5611,
                    48.5612
                ]
            },
            "properties": {
                "id": "INFT-CATHZQ",
                "name": "Diskont Tankstelle",
                "S98": "0",
                "S95": "1.451",
                "N": "0",
                "D": "1.471",
                "G": "0",
                "zip": "2130",
                "land": "at",
                "bundesland": "Niederösterreich",
                "city2": "Mistelbach",
                "city": "Mistelbach",
                "strasse": "Ernstbrunnerstrasse 2 (am HOFER Parklpatz)",
                "date": "8.9.2025",
                "time": "0:37:11"
            }
        },
        {
            "type": "Feature",
            "geometry": {
                "type": "Point",
                "coordinates": [
                    16.0823,
                    48.3194
                ]
            },
            "properties": {
                "id": "INFT-CAZDTV",
                "name": "Diskont Tankstelle",
                "S98": "0",
                "S95": "1.463",
                "N": "0",
                "D": "1.468",
                "G": "0",
                "zip": "3430",
                "land": "at",
                "bundesland": "Niederösterreich",
                "city2": "Tulln",
                "city": "Tulln",
                "strasse": "Königstetter Strasse 148 (am HOFER Parkplatz)",
                "date": "8.9.2025",
                "time": "0:37:18"
            }
        },
        {
            "type": "Feature",
            "geometry": {
                "type": "Point",
                "coordinates": [
                    16.311,
                    48.3603
                ]
            },
            "properties": {
                "id": "INFT-CBSSQ2",
                "name": "Diskont Tankstelle",
                "S98": "0",
                "S95": "1.447",
                "N": "0",
                "D": "1.474",
                "G": "0",
                "zip": "2100",
                "land": "at",
                "bundesland": "Niederösterreich",
                "city2": "Korneuburg",
                "city": "Leobendorf",
                "strasse": "Hammerschmiedstrasse 1 (am HOFER Parkplatz)",
                "date": "8.9.2025",
                "time": "0:37:7"
            }
        },
        {
            "type": "Feature",
            "geometry": {
                "type": "Point",
                "coordinates": [
                    9.67055,
                    47.3666
                ]
            },
            "properties": {
                "id": "INFT-CBWGFU",
                "name": "Diskont Tankstelle",
                "S98": "0",
                "S95": "1.464",
                "N": "0",
                "D": "1.464",
                "G": "0",
                "zip": "6845",
                "land": "at",
                "bundesland": "Vorarlberg",
                "city2": "Dornbirn",
                "city": "Hohenems",
                "strasse": "Barnabas-Fink-Strasse 1 (am HOFER Parkplatz)",
                "date": "8.9.2025",
                "time": "0:38:22"
            }
        },
        {
            "type": "Feature",
            "geometry": {
                "type": "Point",
                "coordinates": [
                    13.6989,
                    47.9824
                ]
            },
            "properties": {
                "id": "INFT-CC6DD6",
                "name": "Diskont Tankstelle",
                "S98": "0",
                "S95": "1.456",
                "N": "0",
                "D": "1.476",
                "G": "0",
                "zip": "4844",
                "land": "at",
                "bundesland": "Oberösterreich",
                "city2": "Vöcklabruck",
                "city": "Regau",
                "strasse": "Schörflinger Strasse 20 (am HOFER Parkplatz)",
                "date": "8.9.2025",
                "time": "0:37:45"
            }
        },
        {
            "type": "Feature",
            "geometry": {
                "type": "Point",
                "coordinates": [
                    16.0738,
                    48.5645
                ]
            },
            "properties": {
                "id": "INFT-CCAD5K",
                "name": "Diskont Tankstelle",
                "S98": "0",
                "S95": "1.458",
                "N": "0",
                "D": "1.47",
                "G": "0",
                "zip": "2020",
                "land": "at",
                "bundesland": "Niederösterreich",
                "city2": "Hollabrunn",
                "city": "Hollabrunn",
                "strasse": "Gschmeidlerstrasse 16 (am HOFER Parkplatz)",
                "date": "8.9.2025",
                "time": "0:37:4"
            }
        },
        {
            "type": "Feature",
            "geometry": {
                "type": "Point",
                "coordinates": [
                    13.5083,
                    46.7919
                ]
            },
            "properties": {
                "id": "INFT-CCAJSH",
                "name": "eni24",
                "S98": "0",
                "S95": "1.448",
                "N": "0",
                "D": "1.453",
                "G": "0",
                "zip": "9800",
                "land": "at",
                "bundesland": "Kärnten",
                "city2": "Spittal",
                "city": "Spittal/Drau",
                "strasse": "Villacherstrasse 44",
                "date": "8.9.2025",
                "time": "0:36:51"
            }
        },
        {
            "type": "Feature",
            "geometry": {
                "type": "Point",
                "coordinates": [
                    13.684,
                    47.1295
                ]
            },
            "properties": {
                "id": "INFT-CCAJSY",
                "name": "eni24",
                "S98": "0",
                "S95": "1.664",
                "N": "0",
                "D": "1.494",
                "G": "0",
                "zip": "5570",
                "land": "at",
                "bundesland": "Salzburg",
                "city2": "Tamsweg",
                "city": "Mauterndorf",
                "strasse": "Katschberg Bundesstrasse",
                "date": "8.9.2025",
                "time": "0:37:51"
            }
        },
        {
            "type": "Feature",
            "geometry": {
                "type": "Point",
                "coordinates": [
                    16.377225,
                    48.163473
                ]
            },
            "properties": {
                "id": "INFT-CCAJT9",
                "name": "eni",
                "S98": "0",
                "S95": "1.449",
                "N": "0",
                "D": "1.459",
                "G": "0",
                "zip": "1100",
                "land": "at",
                "bundesland": "Wien",
                "city2": "Favoriten",
                "city": "Wien",
                "strasse": "Grenzackerstrasse 6-8",
                "date": "8.9.2025",
                "time": "0:38:26"
            }
        },
        {
            "type": "Feature",
            "geometry": {
                "type": "Point",
                "coordinates": [
                    16.3551,
                    48.1676
                ]
            },
            "properties": {
                "id": "INFT-CCAJTA",
                "name": "eni",
                "S98": "0",
                "S95": "1.449",
                "N": "0",
                "D": "1.489",
                "G": "0",
                "zip": "1100",
                "land": "at",
                "bundesland": "Wien",
                "city2": "Favoriten",
                "city": "Wien",
                "strasse": "Raxstrasse 44 / Windtenstrasse 2A",
                "date": "8.9.2025",
                "time": "0:38:26"
            }
        },
        {
            "type": "Feature",
            "geometry": {
                "type": "Point",
                "coordinates": [
                    13.086187,
                    47.732187
                ]
            },
            "properties": {
                "id": "INFT-CCAKTZ",
                "name": "eni",
                "S98": "0",
                "S95": "1.449",
                "N": "0",
                "D": "1.529",
                "G": "0",
                "zip": "5412",
                "land": "at",
                "bundesland": "Salzburg",
                "city2": "Hallein",
                "city": "Puch bei Hallein",
                "strasse": "Urstein Nord 15",
                "date": "8.9.2025",
                "time": "0:37:47"
            }
        },
        {
            "type": "Feature",
            "geometry": {
                "type": "Point",
                "coordinates": [
                    12.78306752,
                    46.83117595
                ]
            },
            "properties": {
                "id": "INFT-CCAKU7",
                "name": "eni",
                "S98": "0",
                "S95": "1.489",
                "N": "0",
                "D": "1.489",
                "G": "0",
                "zip": "9900",
                "land": "at",
                "bundesland": "Tirol",
                "city2": "Lienz",
                "city": "Lienz",
                "strasse": "Kärntnerstrasse 84",
                "date": "8.9.2025",
                "time": "0:38:17"
            }
        },
        {
            "type": "Feature",
            "geometry": {
                "type": "Point",
                "coordinates": [
                    10.370189,
                    47.260476
                ]
            },
            "properties": {
                "id": "INFT-CCAKU9",
                "name": "eni24",
                "S98": "0",
                "S95": "1.579",
                "N": "0",
                "D": "1.579",
                "G": "0",
                "zip": "6653",
                "land": "at",
                "bundesland": "Tirol",
                "city2": "Reutte",
                "city": "Bach Im Lechtal",
                "strasse": "Stockach 29a",
                "date": "8.9.2025",
                "time": "0:38:17"
            }
        },
        {
            "type": "Feature",
            "geometry": {
                "type": "Point",
                "coordinates": [
                    11.43327,
                    47.26347
                ]
            },
            "properties": {
                "id": "INFT-CCASM3",
                "name": "eni",
                "S98": "0",
                "S95": "1.589",
                "N": "0",
                "D": "1.599",
                "G": "0",
                "zip": "6020",
                "land": "at",
                "bundesland": "Tirol",
                "city2": "Innsbruck",
                "city": "Innsbruck-Amras",
                "strasse": "Amraser Seestrasse 64",
                "date": "8.9.2025",
                "time": "0:38:9"
            }
        },
        {
            "type": "Feature",
            "geometry": {
                "type": "Point",
                "coordinates": [
                    14.91269847,
                    46.95825664
                ]
            },
            "properties": {
                "id": "INFT-CCB38Q",
                "name": "eni",
                "S98": "0",
                "S95": "1.999",
                "N": "0",
                "D": "0",
                "G": "0",
                "zip": "9451",
                "land": "at",
                "bundesland": "Kärnten",
                "city2": "Wolfsberg",
                "city": "Preitenegg",
                "strasse": "A2 Süd Pack Km 235",
                "date": "8.9.2025",
                "time": "0:36:55"
            }
        },
        {
            "type": "Feature",
            "geometry": {
                "type": "Point",
                "coordinates": [
                    13.54817,
                    47.131458
                ]
            },
            "properties": {
                "id": "INFT-CCB393",
                "name": "eni A 10 Tauernautobahn",
                "S98": "0",
                "S95": "1.999",
                "N": "0",
                "D": "1.999",
                "G": "0",
                "zip": "5584",
                "land": "at",
                "bundesland": "Salzburg",
                "city2": "Tamsweg",
                "city": "Zederhaus/Krottendf.",
                "strasse": "Lamm 113",
                "date": "8.9.2025",
                "time": "0:37:51"
            }
        },
        {
            "type": "Feature",
            "geometry": {
                "type": "Point",
                "coordinates": [
                    9.660987,
                    47.419113
                ]
            },
            "properties": {
                "id": "INFT-CCB399",
                "name": "eni",
                "S98": "0",
                "S95": "1.529",
                "N": "0",
                "D": "0",
                "G": "0",
                "zip": "6890",
                "land": "at",
                "bundesland": "Vorarlberg",
                "city2": "Dornbirn",
                "city": "Lustenau",
                "strasse": "Hohenemser Strasse 1",
                "date": "8.9.2025",
                "time": "0:38:23"
            }
        },
        {
            "type": "Feature",
            "geometry": {
                "type": "Point",
                "coordinates": [
                    16.44443,
                    48.222678
                ]
            },
            "properties": {
                "id": "INFT-CCB39C",
                "name": "eni",
                "S98": "0",
                "S95": "1.499",
                "N": "0",
                "D": "0",
                "G": "0",
                "zip": "1220",
                "land": "at",
                "bundesland": "Wien",
                "city2": "Donaustadt",
                "city": "Wien",
                "strasse": "Donaustadtstrasse 43",
                "date": "8.9.2025",
                "time": "0:38:35"
            }
        },
        {
            "type": "Feature",
            "geometry": {
                "type": "Point",
                "coordinates": [
                    13.83863,
                    46.59716
                ]
            },
            "properties": {
                "id": "INFT-CCBDXT",
                "name": "Diskont Tankstelle",
                "S98": "0",
                "S95": "1.463",
                "N": "0",
                "D": "1.462",
                "G": "0",
                "zip": "9500",
                "land": "at",
                "bundesland": "Kärnten",
                "city2": "Villach",
                "city": "Villach",
                "strasse": "Kärntner Strasse 27 (am HOFER Parkplatz)",
                "date": "8.9.2025",
                "time": "0:36:46"
            }
        },
        {
            "type": "Feature",
            "geometry": {
                "type": "Point",
                "coordinates": [
                    15.6174,
                    48.1737
                ]
            },
            "properties": {
                "id": "INFT-CCBDXW",
                "name": "Diskont Tankstelle",
                "S98": "0",
                "S95": "1.433",
                "N": "0",
                "D": "1.466",
                "G": "0",
                "zip": "3100",
                "land": "at",
                "bundesland": "Niederösterreich",
                "city2": "St. Pölten",
                "city": "St. Poelten",
                "strasse": "Porschestrasse 35 (am HOFER Parkplatz)",
                "date": "8.9.2025",
                "time": "0:36:56"
            }
        },
        {
            "type": "Feature",
            "geometry": {
                "type": "Point",
                "coordinates": [
                    15.1899,
                    48.6001
                ]
            },
            "properties": {
                "id": "INFT-CCBDY4",
                "name": "Diskont Tankstelle",
                "S98": "0",
                "S95": "1.491",
                "N": "0",
                "D": "1.502",
                "G": "0",
                "zip": "3910",
                "land": "at",
                "bundesland": "Niederösterreich",
                "city2": "Zwettl",
                "city": "Zwettl",
                "strasse": "Industriestrasse 19 (am HOFER Parkplatz)",
                "date": "8.9.2025",
                "time": "0:37:22"
            }
        },
        {
            "type": "Feature",
            "geometry": {
                "type": "Point",
                "coordinates": [
                    16.2443,
                    47.8465
                ]
            },
            "properties": {
                "id": "INFT-CCC3E5",
                "name": "Diskont Tankstelle",
                "S98": "0",
                "S95": "1.432",
                "N": "0",
                "D": "1.462",
                "G": "0",
                "zip": "2604",
                "land": "at",
                "bundesland": "Niederösterreich",
                "city2": "Wiener Neustadt Land",
                "city": "Theresienfeld",
                "strasse": "Grazerstrasse 68 (am HOFER Parkplatz)",
                "date": "8.9.2025",
                "time": "0:37:21"
            }
        },
        {
            "type": "Feature",
            "geometry": {
                "type": "Point",
                "coordinates": [
                    16.40904,
                    48.27123
                ]
            },
            "properties": {
                "id": "INFT-CCC3EP",
                "name": "Diskont Tankstelle",
                "S98": "0",
                "S95": "1.442",
                "N": "0",
                "D": "1.464",
                "G": "0",
                "zip": "1210",
                "land": "at",
                "bundesland": "Wien",
                "city2": "Floridsdorf",
                "city": "Wien",
                "strasse": "Shuttleworthstrasse 11 (am HOFER Parkplatz)",
                "date": "8.9.2025",
                "time": "0:38:33"
            }
        },
        {
            "type": "Feature",
            "geometry": {
                "type": "Point",
                "coordinates": [
                    14.4779,
                    48.3585
                ]
            },
            "properties": {
                "id": "INFT-CCCGF2",
                "name": "Diskont Tankstelle",
                "S98": "0",
                "S95": "1.469",
                "N": "0",
                "D": "1.484",
                "G": "0",
                "zip": "4210",
                "land": "at",
                "bundesland": "Oberösterreich",
                "city2": "Urfahr Umgebung",
                "city": "Unterweitersdorf",
                "strasse": "Betriebsstrasse 14 (am HOFER Parkplatz)",
                "date": "8.9.2025",
                "time": "0:37:30"
            }
        },
        {
            "type": "Feature",
            "geometry": {
                "type": "Point",
                "coordinates": [
                    13.65741,
                    47.39045
                ]
            },
            "properties": {
                "id": "INFT-CCDP33",
                "name": "Diskont Tankstelle",
                "S98": "0",
                "S95": "1.434",
                "N": "0",
                "D": "1.453",
                "G": "0",
                "zip": "8970",
                "land": "at",
                "bundesland": "Steiermark",
                "city2": "Liezen",
                "city": "Schladming",
                "strasse": "Salzburger Siedlung 259 (am HOFER Parkplatz)",
                "date": "8.9.2025",
                "time": "0:38:1"
            }
        },
        {
            "type": "Feature",
            "geometry": {
                "type": "Point",
                "coordinates": [
                    14.3937,
                    48.2274
                ]
            },
            "properties": {
                "id": "INFT-CCJG86",
                "name": "Diskont Tankstelle",
                "S98": "0",
                "S95": "1.423",
                "N": "0",
                "D": "1.443",
                "G": "0",
                "zip": "4490",
                "land": "at",
                "bundesland": "Oberösterreich",
                "city2": "Linz Land",
                "city": "St. Florian",
                "strasse": "Im Astenfeld 2 (am HOFER Parkplatz)",
                "date": "8.9.2025",
                "time": "0:37:35"
            }
        },
        {
            "type": "Feature",
            "geometry": {
                "type": "Point",
                "coordinates": [
                    14.755,
                    47.9759
                ]
            },
            "properties": {
                "id": "INFT-CCKM2T",
                "name": "Diskont Tankstelle",
                "S98": "0",
                "S95": "1.514",
                "N": "0",
                "D": "1.519",
                "G": "0",
                "zip": "3340",
                "land": "at",
                "bundesland": "Niederösterreich",
                "city2": "Scheibbs",
                "city": "Waidhofen",
                "strasse": "Wiener Strasse 54 (am HOFER Parkplatz)",
                "date": "8.9.2025",
                "time": "0:36:56"
            }
        },
        {
            "type": "Feature",
            "geometry": {
                "type": "Point",
                "coordinates": [
                    16.2807,
                    47.9747
                ]
            },
            "properties": {
                "id": "INFT-CCKM2U",
                "name": "Diskont Tankstelle",
                "S98": "0",
                "S95": "1.423",
                "N": "0",
                "D": "1.439",
                "G": "0",
                "zip": "2500",
                "land": "at",
                "bundesland": "Niederösterreich",
                "city2": "Baden",
                "city": "Baden",
                "strasse": "Haidhofstrasse 147 (am HOFER Parkplatz)",
                "date": "8.9.2025",
                "time": "0:36:59"
            }
        },
        {
            "type": "Feature",
            "geometry": {
                "type": "Point",
                "coordinates": [
                    16.45753,
                    48.07173
                ]
            },
            "properties": {
                "id": "INFT-CCKM2V",
                "name": "Diskont Tankstelle",
                "S98": "0",
                "S95": "1.442",
                "N": "0",
                "D": "0",
                "G": "0",
                "zip": "2325",
                "land": "at",
                "bundesland": "Niederösterreich",
                "city2": "Wien Umgebung",
                "city": "Himberg",
                "strasse": "Hofer Strasse 2 (am HOFER Parkplatz)",
                "date": "8.9.2025",
                "time": "0:37:1"
            }
        },
        {
            "type": "Feature",
            "geometry": {
                "type": "Point",
                "coordinates": [
                    15.61151,
                    48.04992
                ]
            },
            "properties": {
                "id": "INFT-CCKM2W",
                "name": "Diskont Tankstelle",
                "S98": "0",
                "S95": "1.444",
                "N": "0",
                "D": "1.469",
                "G": "0",
                "zip": "3160",
                "land": "at",
                "bundesland": "Niederösterreich",
                "city2": "Lilienfeld",
                "city": "Traisen",
                "strasse": "Gewerbestrasse 2 (am HOFER Parkplatz)",
                "date": "8.9.2025",
                "time": "0:37:9"
            }
        },
        {
            "type": "Feature",
            "geometry": {
                "type": "Point",
                "coordinates": [
                    14.5312,
                    48.2401
                ]
            },
            "properties": {
                "id": "INFT-CCKM33",
                "name": "Diskont Tankstelle",
                "S98": "0",
                "S95": "1.423",
                "N": "0",
                "D": "1.443",
                "G": "0",
                "zip": "4310",
                "land": "at",
                "bundesland": "Oberösterreich",
                "city2": "Perg",
                "city": "Mauthausen",
                "strasse": "Wienerbergstrasse 1 (am HOFER Parkplatz)",
                "date": "8.9.2025",
                "time": "0:37:36"
            }
        },
        {
            "type": "Feature",
            "geometry": {
                "type": "Point",
                "coordinates": [
                    16.5319,
                    47.825
                ]
            },
            "properties": {
                "id": "INFT-CCLFZX",
                "name": "Diskont Tankstelle",
                "S98": "0",
                "S95": "1.464",
                "N": "0",
                "D": "1.474",
                "G": "0",
                "zip": "7000",
                "land": "at",
                "bundesland": "Burgenland",
                "city2": "Eisenstadt",
                "city": "Eisenstadt",
                "strasse": "Haidäckerstrasse 4 (am HOFER Parkplatz)",
                "date": "8.9.2025",
                "time": "0:36:37"
            }
        },
        {
            "type": "Feature",
            "geometry": {
                "type": "Point",
                "coordinates": [
                    16.4127,
                    47.73
                ]
            },
            "properties": {
                "id": "INFT-CCLFZY",
                "name": "Diskont Tankstelle",
                "S98": "0",
                "S95": "1.445",
                "N": "0",
                "D": "1.475",
                "G": "0",
                "zip": "7210",
                "land": "at",
                "bundesland": "Burgenland",
                "city2": "Mattersburg",
                "city": "Mattersburg",
                "strasse": "Fachmarktzentrum 2 (am HOFER Parkplatz)",
                "date": "8.9.2025",
                "time": "0:36:40"
            }
        },
        {
            "type": "Feature",
            "geometry": {
                "type": "Point",
                "coordinates": [
                    16.8541,
                    47.9806
                ]
            },
            "properties": {
                "id": "INFT-CCLFZZ",
                "name": "Diskont Tankstelle",
                "S98": "0",
                "S95": "1.462",
                "N": "0",
                "D": "1.489",
                "G": "0",
                "zip": "7111",
                "land": "at",
                "bundesland": "Burgenland",
                "city2": "Neusiedl am See",
                "city": "Parndorf",
                "strasse": "Gewerbestrasse 1 (am HOFER Parkplatz)",
                "date": "8.9.2025",
                "time": "0:36:41"
            }
        },
        {
            "type": "Feature",
            "geometry": {
                "type": "Point",
                "coordinates": [
                    16.48747,
                    47.51454
                ]
            },
            "properties": {
                "id": "INFT-CCLG22",
                "name": "Diskont Tankstelle",
                "S98": "0",
                "S95": "1.475",
                "N": "0",
                "D": "1.475",
                "G": "0",
                "zip": "7344",
                "land": "at",
                "bundesland": "Burgenland",
                "city2": "Oberpullendorf",
                "city": "Stoob",
                "strasse": "Bgld. Schnellstr./Zubr. Stoob (am HOFER Parkplatz)",
                "date": "8.9.2025",
                "time": "0:36:42"
            }
        },
        {
            "type": "Feature",
            "geometry": {
                "type": "Point",
                "coordinates": [
                    14.28436,
                    46.64932
                ]
            },
            "properties": {
                "id": "INFT-CCLG23",
                "name": "Diskont Tankstelle",
                "S98": "0",
                "S95": "1.454",
                "N": "0",
                "D": "1.464",
                "G": "0",
                "zip": "9020",
                "land": "at",
                "bundesland": "Kärnten",
                "city2": "Klagenfurt Land",
                "city": "Klagenfurt",
                "strasse": "Feldkirchner Strasse 221 (am HOFER Parkplatz)",
                "date": "8.9.2025",
                "time": "0:36:46"
            }
        },
        {
            "type": "Feature",
            "geometry": {
                "type": "Point",
                "coordinates": [
                    16.2566,
                    48.0128
                ]
            },
            "properties": {
                "id": "INFT-CCLHWW",
                "name": "Diskont Tankstelle",
                "S98": "0",
                "S95": "1.423",
                "N": "0",
                "D": "1.439",
                "G": "0",
                "zip": "2500",
                "land": "at",
                "bundesland": "Niederösterreich",
                "city2": "Baden",
                "city": "Baden",
                "strasse": "Wiener Strasse 72 (am HOFER Parkplatz)",
                "date": "8.9.2025",
                "time": "0:36:59"
            }
        },
        {
            "type": "Feature",
            "geometry": {
                "type": "Point",
                "coordinates": [
                    14.025008,
                    48.183554
                ]
            },
            "properties": {
                "id": "INFT-CCLHX7",
                "name": "Diskont Tankstelle",
                "S98": "0",
                "S95": "1.451",
                "N": "0",
                "D": "1.467",
                "G": "0",
                "zip": "4600",
                "land": "at",
                "bundesland": "Oberösterreich",
                "city2": "Wels",
                "city": "Wels",
                "strasse": "Dalistrasse 2 (am HOFER Parkplatz)",
                "date": "8.9.2025",
                "time": "0:37:26"
            }
        },
        {
            "type": "Feature",
            "geometry": {
                "type": "Point",
                "coordinates": [
                    13.9715,
                    48.1437
                ]
            },
            "properties": {
                "id": "INFT-CCLHX8",
                "name": "Diskont Tankstelle",
                "S98": "0",
                "S95": "1.451",
                "N": "0",
                "D": "1.467",
                "G": "0",
                "zip": "4600",
                "land": "at",
                "bundesland": "Oberösterreich",
                "city2": "Wels",
                "city": "Wels",
                "strasse": "Malvenstrasse 3 (am HOFER Parkplatz)",
                "date": "8.9.2025",
                "time": "0:37:26"
            }
        },
        {
            "type": "Feature",
            "geometry": {
                "type": "Point",
                "coordinates": [
                    13.4957,
                    48.217
                ]
            },
            "properties": {
                "id": "INFT-CCLHXA",
                "name": "Diskont Tankstelle",
                "S98": "0",
                "S95": "1.482",
                "N": "0",
                "D": "1.492",
                "G": "0",
                "zip": "4910",
                "land": "at",
                "bundesland": "Oberösterreich",
                "city2": "Ried",
                "city": "Tumeltsham",
                "strasse": "Hannesgrub Nord 1 (am HOFER Parkplatz)",
                "date": "8.9.2025",
                "time": "0:37:39"
            }
        },
        {
            "type": "Feature",
            "geometry": {
                "type": "Point",
                "coordinates": [
                    13.1514,
                    48.1141
                ]
            },
            "properties": {
                "id": "INFT-CCLK9X",
                "name": "Diskont Tankstelle",
                "S98": "0",
                "S95": "1.454",
                "N": "0",
                "D": "1.479",
                "G": "0",
                "zip": "5230",
                "land": "at",
                "bundesland": "Oberösterreich",
                "city2": "Braunau",
                "city": "Mattighofen",
                "strasse": "Braunauer Strasse 27 (am HOFER Parkplatz)",
                "date": "8.9.2025",
                "time": "0:37:28"
            }
        },
        {
            "type": "Feature",
            "geometry": {
                "type": "Point",
                "coordinates": [
                    14.1281,
                    47.8895
                ]
            },
            "properties": {
                "id": "INFT-CCLK9Z",
                "name": "Diskont Tankstelle",
                "S98": "0",
                "S95": "1.443",
                "N": "0",
                "D": "1.463",
                "G": "0",
                "zip": "4563",
                "land": "at",
                "bundesland": "Oberösterreich",
                "city2": "Kirchdorf",
                "city": "Micheldorf",
                "strasse": "Kollingerfeld 5 (am HOFER Parkplatz)",
                "date": "8.9.2025",
                "time": "0:37:34"
            }
        },
        {
            "type": "Feature",
            "geometry": {
                "type": "Point",
                "coordinates": [
                    14.2359,
                    48.2352
                ]
            },
            "properties": {
                "id": "INFT-CCLKA2",
                "name": "Diskont Tankstelle",
                "S98": "0",
                "S95": "0",
                "N": "0",
                "D": "1.464",
                "G": "0",
                "zip": "4050",
                "land": "at",
                "bundesland": "Oberösterreich",
                "city2": "Linz Land",
                "city": "Traun",
                "strasse": "Wiener Bundesstrasse 117 (am HOFER Parkplatz)",
                "date": "8.9.2025",
                "time": "0:37:35"
            }
        },
        {
            "type": "Feature",
            "geometry": {
                "type": "Point",
                "coordinates": [
                    14.2681,
                    48.2717
                ]
            },
            "properties": {
                "id": "INFT-CCLKA4",
                "name": "Diskont Tankstelle",
                "S98": "0",
                "S95": "1.444",
                "N": "0",
                "D": "1.464",
                "G": "0",
                "zip": "4060",
                "land": "at",
                "bundesland": "Oberösterreich",
                "city2": "Linz Land",
                "city": "Leonding",
                "strasse": "Richterstrasse 5 (am HOFER Parkplatz)",
                "date": "8.9.2025",
                "time": "0:37:36"
            }
        },
        {
            "type": "Feature",
            "geometry": {
                "type": "Point",
                "coordinates": [
                    14.458,
                    48.2162
                ]
            },
            "properties": {
                "id": "INFT-CCLKA5",
                "name": "Diskont Tankstelle",
                "S98": "0",
                "S95": "1.423",
                "N": "0",
                "D": "1.443",
                "G": "0",
                "zip": "4470",
                "land": "at",
                "bundesland": "Oberösterreich",
                "city2": "Linz Land",
                "city": "Enns",
                "strasse": "Doktor-Karl-Renner-Strasse 60 (am HOFER Parkplatz)",
                "date": "8.9.2025",
                "time": "0:37:35"
            }
        },
        {
            "type": "Feature",
            "geometry": {
                "type": "Point",
                "coordinates": [
                    13.4651,
                    48.2072
                ]
            },
            "properties": {
                "id": "INFT-CCLKA6",
                "name": "Diskont Tankstelle",
                "S98": "0",
                "S95": "1.482",
                "N": "0",
                "D": "1.492",
                "G": "0",
                "zip": "4910",
                "land": "at",
                "bundesland": "Oberösterreich",
                "city2": "Ried",
                "city": "Ried im Innkreis",
                "strasse": "Aubachweg 2 (am HOFER Parkplatz)",
                "date": "8.9.2025",
                "time": "0:37:39"
            }
        },
        {
            "type": "Feature",
            "geometry": {
                "type": "Point",
                "coordinates": [
                    13.75945,
                    48.04685
                ]
            },
            "properties": {
                "id": "INFT-CCLKA7",
                "name": "Diskont Tankstelle",
                "S98": "0",
                "S95": "0",
                "N": "0",
                "D": "1.473",
                "G": "0",
                "zip": "4846",
                "land": "at",
                "bundesland": "Oberösterreich",
                "city2": "Vöcklabruck",
                "city": "Redlham",
                "strasse": "Gewerbepark Ost 27 (am HOFER Parkplatz)",
                "date": "8.9.2025",
                "time": "0:37:44"
            }
        },
        {
            "type": "Feature",
            "geometry": {
                "type": "Point",
                "coordinates": [
                    13.6211,
                    47.9978
                ]
            },
            "properties": {
                "id": "INFT-CCLKA8",
                "name": "Diskont Tankstelle",
                "S98": "0",
                "S95": "1.456",
                "N": "0",
                "D": "1.476",
                "G": "0",
                "zip": "4850",
                "land": "at",
                "bundesland": "Oberösterreich",
                "city2": "Vöcklabruck",
                "city": "Timelkam",
                "strasse": "Atterseestrasse 95 (am HOFER Parkplatz)",
                "date": "8.9.2025",
                "time": "0:37:45"
            }
        },
        {
            "type": "Feature",
            "geometry": {
                "type": "Point",
                "coordinates": [
                    13.96922,
                    48.4971
                ]
            },
            "properties": {
                "id": "INFT-CCLLCL",
                "name": "Diskont Tankstelle",
                "S98": "0",
                "S95": "1.519",
                "N": "0",
                "D": "0",
                "G": "0",
                "zip": "4121",
                "land": "at",
                "bundesland": "Oberösterreich",
                "city2": "Rohrbach",
                "city": "Altenfelden i. Mkr.",
                "strasse": "Haselbach 30 (am HOFER Parkplatz)",
                "date": "8.9.2025",
                "time": "0:37:41"
            }
        },
        {
            "type": "Feature",
            "geometry": {
                "type": "Point",
                "coordinates": [
                    13.3247,
                    47.869
                ]
            },
            "properties": {
                "id": "INFT-CCM3CR",
                "name": "Diskont Tankstelle",
                "S98": "0",
                "S95": "1.454",
                "N": "0",
                "D": "0",
                "G": "0",
                "zip": "5310",
                "land": "at",
                "bundesland": "Oberösterreich",
                "city2": "Vöcklabruck",
                "city": "Mondsee",
                "strasse": "Moostrasse 11 (am HOFER Parkplatz)",
                "date": "8.9.2025",
                "time": "0:37:45"
            }
        },
        {
            "type": "Feature",
            "geometry": {
                "type": "Point",
                "coordinates": [
                    12.9844,
                    47.7934
                ]
            },
            "properties": {
                "id": "INFT-CCM3CS",
                "name": "Diskont Tankstelle",
                "S98": "0",
                "S95": "1.439",
                "N": "0",
                "D": "1.462",
                "G": "0",
                "zip": "5071",
                "land": "at",
                "bundesland": "Salzburg",
                "city2": "Salzburg Umgebung",
                "city": "Wals",
                "strasse": "Franz-Brötzner-Strasse 3 (am HOFER Parkplatz)",
                "date": "8.9.2025",
                "time": "0:37:48"
            }
        },
        {
            "type": "Feature",
            "geometry": {
                "type": "Point",
                "coordinates": [
                    15.0865,
                    48.1685
                ]
            },
            "properties": {
                "id": "INFT-CCNA8V",
                "name": "Diskont Tankstelle",
                "S98": "0",
                "S95": "1.449",
                "N": "0",
                "D": "1.453",
                "G": "0",
                "zip": "3370",
                "land": "at",
                "bundesland": "Niederösterreich",
                "city2": "Melk",
                "city": "Ybbs",
                "strasse": "Bahnhofstrasse 26 (am HOFER Parkplatz)",
                "date": "8.9.2025",
                "time": "0:37:11"
            }
        },
        {
            "type": "Feature",
            "geometry": {
                "type": "Point",
                "coordinates": [
                    13.9195,
                    48.0083
                ]
            },
            "properties": {
                "id": "INFT-CCNDQ2",
                "name": "Diskont Tankstelle",
                "S98": "0",
                "S95": "0",
                "N": "0",
                "D": "1.449",
                "G": "0",
                "zip": "4655",
                "land": "at",
                "bundesland": "Oberösterreich",
                "city2": "Gmunden",
                "city": "Vorchdorf",
                "strasse": "Neue Landstrasse 74 (am HOFER Parkplatz)",
                "date": "8.9.2025",
                "time": "0:37:30"
            }
        },
        {
            "type": "Feature",
            "geometry": {
                "type": "Point",
                "coordinates": [
                    15.77068,
                    48.41446
                ]
            },
            "properties": {
                "id": "INFT-CCQAWE",
                "name": "Diskont Tankstelle",
                "S98": "0",
                "S95": "1.464",
                "N": "0",
                "D": "0",
                "G": "0",
                "zip": "3484",
                "land": "at",
                "bundesland": "Niederösterreich",
                "city2": "Tulln",
                "city": "Grafenwoerth",
                "strasse": "Gewerbering 2 (am HOFER Parkplatz)",
                "date": "8.9.2025",
                "time": "0:37:18"
            }
        },
        {
            "type": "Feature",
            "geometry": {
                "type": "Point",
                "coordinates": [
                    15.1063,
                    47.38282
                ]
            },
            "properties": {
                "id": "INFT-CCQKMW",
                "name": "Diskont Tankstelle",
                "S98": "0",
                "S95": "1.454",
                "N": "0",
                "D": "0",
                "G": "0",
                "zip": "8700",
                "land": "at",
                "bundesland": "Steiermark",
                "city2": "Leoben",
                "city": "Leoben",
                "strasse": "Kärntner Strasse 92 (am HOFER Parkplatz)",
                "date": "8.9.2025",
                "time": "0:38:0"
            }
        },
        {
            "type": "Feature",
            "geometry": {
                "type": "Point",
                "coordinates": [
                    12.8158,
                    46.8274
                ]
            },
            "properties": {
                "id": "INFT-CCQKMZ",
                "name": "Diskont Tankstelle",
                "S98": "0",
                "S95": "1.473",
                "N": "0",
                "D": "1.478",
                "G": "0",
                "zip": "9990",
                "land": "at",
                "bundesland": "Tirol",
                "city2": "Lienz",
                "city": "Nussdorf",
                "strasse": "Hermann-Gmeiner-Strasse 14 (am HOFER Parkplatz)",
                "date": "8.9.2025",
                "time": "0:38:16"
            }
        },
        {
            "type": "Feature",
            "geometry": {
                "type": "Point",
                "coordinates": [
                    9.81419,
                    47.15298
                ]
            },
            "properties": {
                "id": "INFT-CCQKN2",
                "name": "Diskont Tankstelle",
                "S98": "0",
                "S95": "1.454",
                "N": "0",
                "D": "1.474",
                "G": "0",
                "zip": "6706",
                "land": "at",
                "bundesland": "Vorarlberg",
                "city2": "Bludenz",
                "city": "Buers",
                "strasse": "Herrenau 2 (am HOFER Parkplatz)",
                "date": "8.9.2025",
                "time": "0:38:19"
            }
        },
        {
            "type": "Feature",
            "geometry": {
                "type": "Point",
                "coordinates": [
                    9.62964,
                    47.32574
                ]
            },
            "properties": {
                "id": "INFT-CCQKN3",
                "name": "Diskont Tankstelle",
                "S98": "0",
                "S95": "1.464",
                "N": "0",
                "D": "1.464",
                "G": "0",
                "zip": "6842",
                "land": "at",
                "bundesland": "Vorarlberg",
                "city2": "Feldkirch",
                "city": "Koblach",
                "strasse": "Bundesstrasse 6 (am HOFER Parkplatz)",
                "date": "8.9.2025",
                "time": "0:38:23"
            }
        },
        {
            "type": "Feature",
            "geometry": {
                "type": "Point",
                "coordinates": [
                    9.60797,
                    47.2724
                ]
            },
            "properties": {
                "id": "INFT-CCQKN4",
                "name": "Diskont Tankstelle",
                "S98": "0",
                "S95": "1.457",
                "N": "0",
                "D": "1.477",
                "G": "0",
                "zip": "6830",
                "land": "at",
                "bundesland": "Vorarlberg",
                "city2": "Feldkirch",
                "city": "Rankweil",
                "strasse": "St. Anna Weg 23 (am HOFER Parkplatz)",
                "date": "8.9.2025",
                "time": "0:38:23"
            }
        },
        {
            "type": "Feature",
            "geometry": {
                "type": "Point",
                "coordinates": [
                    16.42698,
                    48.25258
                ]
            },
            "properties": {
                "id": "INFT-CCQKN5",
                "name": "Diskont Tankstelle",
                "S98": "0",
                "S95": "1.442",
                "N": "0",
                "D": "1.464",
                "G": "0",
                "zip": "1210",
                "land": "at",
                "bundesland": "Wien",
                "city2": "Floridsdorf",
                "city": "Wien",
                "strasse": "Donaufelderstrasse 137 (am HOFER Parkplatz)",
                "date": "8.9.2025",
                "time": "0:38:34"
            }
        },
        {
            "type": "Feature",
            "geometry": {
                "type": "Point",
                "coordinates": [
                    14.24845,
                    47.56162
                ]
            },
            "properties": {
                "id": "INFT-CCQTME",
                "name": "Diskont Tankstelle",
                "S98": "0",
                "S95": "1.439",
                "N": "0",
                "D": "1.462",
                "G": "0",
                "zip": "8940",
                "land": "at",
                "bundesland": "Steiermark",
                "city2": "Liezen",
                "city": "Liezen",
                "strasse": "Gesäusestrasse 3a (am HOFER Parkplatz)",
                "date": "8.9.2025",
                "time": "0:38:1"
            }
        },
        {
            "type": "Feature",
            "geometry": {
                "type": "Point",
                "coordinates": [
                    14.3301,
                    46.6081
                ]
            },
            "properties": {
                "id": "INFT-CCRE4F",
                "name": "Diskont Tankstelle",
                "S98": "0",
                "S95": "1.451",
                "N": "0",
                "D": "1.457",
                "G": "0",
                "zip": "9020",
                "land": "at",
                "bundesland": "Kärnten",
                "city2": "Klagenfurt Land",
                "city": "Klagenfurt",
                "strasse": "Stadlweg 51 (am HOFER Parkplatz)",
                "date": "8.9.2025",
                "time": "0:36:45"
            }
        },
        {
            "type": "Feature",
            "geometry": {
                "type": "Point",
                "coordinates": [
                    13.82642,
                    46.63162
                ]
            },
            "properties": {
                "id": "INFT-CCRE4G",
                "name": "Diskont Tankstelle",
                "S98": "0",
                "S95": "1.463",
                "N": "0",
                "D": "1.462",
                "G": "0",
                "zip": "9500",
                "land": "at",
                "bundesland": "Kärnten",
                "city2": "Villach",
                "city": "Villach",
                "strasse": "Badstubenweg 80 (am HOFER Parkplatz)",
                "date": "8.9.2025",
                "time": "0:36:46"
            }
        },
        {
            "type": "Feature",
            "geometry": {
                "type": "Point",
                "coordinates": [
                    13.51782,
                    46.78724
                ]
            },
            "properties": {
                "id": "INFT-CCRE4H",
                "name": "Diskont Tankstelle",
                "S98": "0",
                "S95": "1.446",
                "N": "0",
                "D": "1.45",
                "G": "0",
                "zip": "9800",
                "land": "at",
                "bundesland": "Kärnten",
                "city2": "Spittal",
                "city": "Spittal an der Drau",
                "strasse": "Lastenstrasse 1 (am HOFER Parkplatz)",
                "date": "8.9.2025",
                "time": "0:36:51"
            }
        },
        {
            "type": "Feature",
            "geometry": {
                "type": "Point",
                "coordinates": [
                    13.87442,
                    46.65143
                ]
            },
            "properties": {
                "id": "INFT-CCRE4J",
                "name": "Diskont Tankstelle",
                "S98": "0",
                "S95": "1.463",
                "N": "0",
                "D": "1.462",
                "G": "0",
                "zip": "9521",
                "land": "at",
                "bundesland": "Kärnten",
                "city2": "Villach Land",
                "city": "Treffen",
                "strasse": "Ossiacher See Strasse (am HOFER Parkplatz)",
                "date": "8.9.2025",
                "time": "0:36:52"
            }
        },
        {
            "type": "Feature",
            "geometry": {
                "type": "Point",
                "coordinates": [
                    15.42804,
                    47.05646
                ]
            },
            "properties": {
                "id": "INFT-CCRE4V",
                "name": "Diskont Tankstelle",
                "S98": "0",
                "S95": "1.441",
                "N": "0",
                "D": "1.445",
                "G": "0",
                "zip": "8020",
                "land": "at",
                "bundesland": "Steiermark",
                "city2": "Graz",
                "city": "Graz Karlau",
                "strasse": "Karlauerguertel 4 (am HOFER Parkplatz)",
                "date": "8.9.2025",
                "time": "0:37:54"
            }
        },
        {
            "type": "Feature",
            "geometry": {
                "type": "Point",
                "coordinates": [
                    14.415,
                    47.1541
                ]
            },
            "properties": {
                "id": "INFT-CCRE4X",
                "name": "Diskont Tankstelle",
                "S98": "0",
                "S95": "1.456",
                "N": "0",
                "D": "1.464",
                "G": "0",
                "zip": "8811",
                "land": "at",
                "bundesland": "Steiermark",
                "city2": "Murau",
                "city": "Scheifling",
                "strasse": "Gewerbepark 2 (am HOFER Parkplatz)",
                "date": "8.9.2025",
                "time": "0:38:2"
            }
        },
        {
            "type": "Feature",
            "geometry": {
                "type": "Point",
                "coordinates": [
                    15.34793,
                    46.74871
                ]
            },
            "properties": {
                "id": "INFT-CDVEXK",
                "name": "F. LEITNER",
                "S98": "0",
                "S95": "1.458",
                "N": "0",
                "D": "1.462",
                "G": "0",
                "zip": "8443",
                "land": "at",
                "bundesland": "Steiermark",
                "city2": "Leibnitz",
                "city": "Haslach",
                "strasse": "Haslach 37a",
                "date": "8.9.2025",
                "time": "0:37:58"
            }
        },
        {
            "type": "Feature",
            "geometry": {
                "type": "Point",
                "coordinates": [
                    12.9961063,
                    47.7935477
                ]
            },
            "properties": {
                "id": "INFT-CDVJTE",
                "name": "Turmöl",
                "S98": "0",
                "S95": "1.443",
                "N": "0",
                "D": "1.467",
                "G": "0",
                "zip": "5020",
                "land": "at",
                "bundesland": "Salzburg",
                "city2": "Salzburg Umgebung",
                "city": "Salzburg-Flughafen",
                "strasse": "Innsbrucker Bundesstraße 97",
                "date": "8.9.2025",
                "time": "0:37:46"
            }
        },
        {
            "type": "Feature",
            "geometry": {
                "type": "Point",
                "coordinates": [
                    16.38071,
                    48.71651
                ]
            },
            "properties": {
                "id": "INFT-CERGL7",
                "name": "boesch energy,  turmöl Quick",
                "S98": "0",
                "S95": "1.482",
                "N": "0",
                "D": "0",
                "G": "0",
                "zip": "2136",
                "land": "at",
                "bundesland": "Niederösterreich",
                "city2": "Mistelbach",
                "city": "Laa an der Thaya",
                "strasse": "Nordbahnstr. 53",
                "date": "8.9.2025",
                "time": "0:37:12"
            }
        },
        {
            "type": "Feature",
            "geometry": {
                "type": "Point",
                "coordinates": [
                    16.75096,
                    47.95123
                ]
            },
            "properties": {
                "id": "INFT-CFBCKM",
                "name": "AVANTI - Winden am See, Eisenstädter Straße 9",
                "S98": "0",
                "S95": "1.462",
                "N": "0",
                "D": "1.489",
                "G": "0",
                "zip": "7092",
                "land": "at",
                "bundesland": "Burgenland",
                "city2": "Neusiedl am See",
                "city": "Winden am See",
                "strasse": "Eisenstädter Strasse 9",
                "date": "8.9.2025",
                "time": "0:36:41"
            }
        },
        {
            "type": "Feature",
            "geometry": {
                "type": "Point",
                "coordinates": [
                    15.461022,
                    48.525221
                ]
            },
            "properties": {
                "id": "INFT-CGFL58",
                "name": "AVIA XPress (unser Service: Luft und Wasser)",
                "S98": "0",
                "S95": "1.489",
                "N": "0",
                "D": "0",
                "G": "0",
                "zip": "3542",
                "land": "at",
                "bundesland": "Niederösterreich",
                "city2": "Krems Land",
                "city": "Jaidhof",
                "strasse": "Betriebsgebiet 107",
                "date": "8.9.2025",
                "time": "0:37:8"
            }
        },
        {
            "type": "Feature",
            "geometry": {
                "type": "Point",
                "coordinates": [
                    14.449627,
                    46.641242
                ]
            },
            "properties": {
                "id": "INFT-CGGDB9",
                "name": "TurboSprit®",
                "S98": "0",
                "S95": "1.468",
                "N": "0",
                "D": "1.468",
                "G": "0",
                "zip": "9130",
                "land": "at",
                "bundesland": "Kärnten",
                "city2": "Klagenfurt Land",
                "city": "Poggersdorf",
                "strasse": "Landesstrasse 2",
                "date": "8.9.2025",
                "time": "0:36:49"
            }
        },
        {
            "type": "Feature",
            "geometry": {
                "type": "Point",
                "coordinates": [
                    14.09422545,
                    46.63023943
                ]
            },
            "properties": {
                "id": "INFT-CGH26A",
                "name": "eni",
                "S98": "0",
                "S95": "1.999",
                "N": "0",
                "D": "1.999",
                "G": "0",
                "zip": "9212",
                "land": "at",
                "bundesland": "Kärnten",
                "city2": "Klagenfurt Land",
                "city": "Techelsberg am Wörthersee",
                "strasse": "Tibitsch 84",
                "date": "8.9.2025",
                "time": "0:36:49"
            }
        },
        {
            "type": "Feature",
            "geometry": {
                "type": "Point",
                "coordinates": [
                    15.60052,
                    48.10019
                ]
            },
            "properties": {
                "id": "INFT-CGY28R",
                "name": "Turmöl Quick",
                "S98": "0",
                "S95": "1.444",
                "N": "0",
                "D": "0",
                "G": "0",
                "zip": "3150",
                "land": "at",
                "bundesland": "Niederösterreich",
                "city2": "St. Pölten Land",
                "city": "Wilhelmsburg",
                "strasse": "Lilienfelderstraße 37",
                "date": "8.9.2025",
                "time": "0:37:15"
            }
        },
        {
            "type": "Feature",
            "geometry": {
                "type": "Point",
                "coordinates": [
                    9.77762,
                    47.19298
                ]
            },
            "properties": {
                "id": "INFT-CHDGD9",
                "name": "Disk",
                "S98": "0",
                "S95": "1.459",
                "N": "0",
                "D": "1.479",
                "G": "0",
                "zip": "6713",
                "land": "at",
                "bundesland": "Vorarlberg",
                "city2": "Bludenz",
                "city": "Ludesch",
                "strasse": "Walgaustraße 32",
                "date": "8.9.2025",
                "time": "0:38:20"
            }
        },
        {
            "type": "Feature",
            "geometry": {
                "type": "Point",
                "coordinates": [
                    15.157238,
                    48.01344
                ]
            },
            "properties": {
                "id": "INFT-CJYGAN",
                "name": "AVIA XPress (unser Service: Luft und Wasser)",
                "S98": "0",
                "S95": "1.487",
                "N": "0",
                "D": "0",
                "G": "0",
                "zip": "3270",
                "land": "at",
                "bundesland": "Niederösterreich",
                "city2": "Scheibbs",
                "city": "Scheibbs",
                "strasse": "Gewerbestraße 5",
                "date": "8.9.2025",
                "time": "0:37:16"
            }
        },
        {
            "type": "Feature",
            "geometry": {
                "type": "Point",
                "coordinates": [
                    11.399176862157587,
                    47.25418591941195
                ]
            },
            "properties": {
                "id": "INFT-CKMFD8",
                "name": "Gutmann ENI Tankstelle",
                "S98": "0",
                "S95": "0",
                "N": "0",
                "D": "1.599",
                "G": "0",
                "zip": "6020",
                "land": "at",
                "bundesland": "Tirol",
                "city2": "Innsbruck",
                "city": "Innsbruck",
                "strasse": "Leopoldstraße 67",
                "date": "8.9.2025",
                "time": "0:38:8"
            }
        },
        {
            "type": "Feature",
            "geometry": {
                "type": "Point",
                "coordinates": [
                    15.5121246,
                    46.8512074
                ]
            },
            "properties": {
                "id": "INFT-CKZJ32",
                "name": "Rumpold",
                "S98": "0",
                "S95": "1.459",
                "N": "0",
                "D": "0",
                "G": "0",
                "zip": "8403",
                "land": "at",
                "bundesland": "Steiermark",
                "city2": "Leibnitz",
                "city": "Lang",
                "strasse": "Stangersdorf-Gewerbegebiet 5",
                "date": "8.9.2025",
                "time": "0:37:58"
            }
        },
        {
            "type": "Feature",
            "geometry": {
                "type": "Point",
                "coordinates": [
                    15.37464,
                    46.75756
                ]
            },
            "properties": {
                "id": "INFT-CL3CTZ",
                "name": "Rumpold",
                "S98": "0",
                "S95": "1.459",
                "N": "0",
                "D": "1.459",
                "G": "0",
                "zip": "8443",
                "land": "at",
                "bundesland": "Steiermark",
                "city2": "Leibnitz",
                "city": "Gleinstätten",
                "strasse": "Pistorf 208",
                "date": "8.9.2025",
                "time": "0:37:59"
            }
        },
        {
            "type": "Feature",
            "geometry": {
                "type": "Point",
                "coordinates": [
                    13.08005,
                    47.30293
                ]
            },
            "properties": {
                "id": "INFT-CLHGBJ",
                "name": "Turmöl Quick Posauner",
                "S98": "0",
                "S95": "1.459",
                "N": "0",
                "D": "1.479",
                "G": "0",
                "zip": "5621",
                "land": "at",
                "bundesland": "Salzburg",
                "city2": "St. Johann",
                "city": "St. Veit im Pongau",
                "strasse": "Klamm 14a",
                "date": "8.9.2025",
                "time": "0:37:50"
            }
        },
        {
            "type": "Feature",
            "geometry": {
                "type": "Point",
                "coordinates": [
                    15.079417,
                    47.061629
                ]
            },
            "properties": {
                "id": "INFT-CLLEJK",
                "name": "Turmöl Quick",
                "S98": "0",
                "S95": "1.438",
                "N": "0",
                "D": "1.454",
                "G": "0",
                "zip": "8580",
                "land": "at",
                "bundesland": "Steiermark",
                "city2": "Voitsberg",
                "city": "Köflach",
                "strasse": "Kärntnerstrasse 20",
                "date": "8.9.2025",
                "time": "0:38:4"
            }
        },
        {
            "type": "Feature",
            "geometry": {
                "type": "Point",
                "coordinates": [
                    13.704837,
                    47.397077
                ]
            },
            "properties": {
                "id": "INFT-CLQE2Z",
                "name": "eni24",
                "S98": "0",
                "S95": "1.444",
                "N": "0",
                "D": "0",
                "G": "0",
                "zip": "8970",
                "land": "at",
                "bundesland": "Steiermark",
                "city2": "Liezen",
                "city": "Schladming",
                "strasse": "Lehen 20",
                "date": "8.9.2025",
                "time": "0:38:1"
            }
        },
        {
            "type": "Feature",
            "geometry": {
                "type": "Point",
                "coordinates": [
                    14.67847,
                    46.68129
                ]
            },
            "properties": {
                "id": "INFT-CMDSQA",
                "name": "OMV Fast Lane - St. Jakob - Packerstraße 3",
                "S98": "0",
                "S95": "1.463",
                "N": "0",
                "D": "1.489",
                "G": "0",
                "zip": "9111",
                "land": "at",
                "bundesland": "Kärnten",
                "city2": "Völkermarkt",
                "city": "St. Jakob",
                "strasse": "Packerstrasse 3",
                "date": "8.9.2025",
                "time": "0:36:53"
            }
        },
        {
            "type": "Feature",
            "geometry": {
                "type": "Point",
                "coordinates": [
                    13.001602886616373,
                    46.67329223509455
                ]
            },
            "properties": {
                "id": "INFT-CMWG64",
                "name": "One1 Tankstelle Kötschach",
                "S98": "0",
                "S95": "1.579",
                "N": "0",
                "D": "1.569",
                "G": "0",
                "zip": "9640",
                "land": "at",
                "bundesland": "Kärnten",
                "city2": "Hermagor",
                "city": "Kötschach",
                "strasse": "Kötschach 264",
                "date": "8.9.2025",
                "time": "0:36:48"
            }
        },
        {
            "type": "Feature",
            "geometry": {
                "type": "Point",
                "coordinates": [
                    13.17962,
                    46.64263
                ]
            },
            "properties": {
                "id": "INFT-CNGCNU",
                "name": "SOCAR Schwarz - Kirchbach im Gailtal",
                "S98": "0",
                "S95": "1.534",
                "N": "0",
                "D": "1.539",
                "G": "0",
                "zip": "9632",
                "land": "at",
                "bundesland": "Kärnten",
                "city2": "Hermagor",
                "city": "Kirchbach im Gailtal",
                "strasse": "Kirchbach 94",
                "date": "8.9.2025",
                "time": "0:36:47"
            }
        },
        {
            "type": "Feature",
            "geometry": {
                "type": "Point",
                "coordinates": [
                    13.88292064531762,
                    48.502476968764455
                ]
            },
            "properties": {
                "id": "INFT-CNGCP6",
                "name": "Genol - Lagerhaus",
                "S98": "0",
                "S95": "0",
                "N": "0",
                "D": "1.489",
                "G": "0",
                "zip": "4134",
                "land": "at",
                "bundesland": "Oberösterreich",
                "city2": "Rohrbach",
                "city": "Putzleinsdorf",
                "strasse": "Glotzing 20",
                "date": "8.9.2025",
                "time": "0:37:40"
            }
        },
        {
            "type": "Feature",
            "geometry": {
                "type": "Point",
                "coordinates": [
                    15.33126,
                    48.23011
                ]
            },
            "properties": {
                "id": "INFT-CNVHQA",
                "name": "Turmöl Quick",
                "S98": "0",
                "S95": "1.444",
                "N": "0",
                "D": "0",
                "G": "0",
                "zip": "3390",
                "land": "at",
                "bundesland": "Niederösterreich",
                "city2": "Melk",
                "city": "Melk",
                "strasse": "Räcking 3",
                "date": "8.9.2025",
                "time": "0:37:10"
            }
        },
        {
            "type": "Feature",
            "geometry": {
                "type": "Point",
                "coordinates": [
                    16.4036,
                    48.26578
                ]
            },
            "properties": {
                "id": "INFT-CP57X4",
                "name": "boesch energy,  turmöl",
                "S98": "0",
                "S95": "1.432",
                "N": "0",
                "D": "1.452",
                "G": "0",
                "zip": "1210",
                "land": "at",
                "bundesland": "Wien",
                "city2": "Floridsdorf",
                "city": "Wien",
                "strasse": "Brünnerstr. 64",
                "date": "8.9.2025",
                "time": "0:38:33"
            }
        },
        {
            "type": "Feature",
            "geometry": {
                "type": "Point",
                "coordinates": [
                    13.98018,
                    48.15888
                ]
            },
            "properties": {
                "id": "INFT-CRFR9W",
                "name": "Turmöl Quick",
                "S98": "0",
                "S95": "1.451",
                "N": "0",
                "D": "1.467",
                "G": "0",
                "zip": "4600",
                "land": "at",
                "bundesland": "Oberösterreich",
                "city2": "Wels",
                "city": "Wels",
                "strasse": "Prillingerstraße 8",
                "date": "8.9.2025",
                "time": "0:37:27"
            }
        },
        {
            "type": "Feature",
            "geometry": {
                "type": "Point",
                "coordinates": [
                    14.63286,
                    46.63452
                ]
            },
            "properties": {
                "id": "INFT-CRRCEM",
                "name": "unisprit®",
                "S98": "0",
                "S95": "1.468",
                "N": "0",
                "D": "1.478",
                "G": "0",
                "zip": "9125",
                "land": "at",
                "bundesland": "Kärnten",
                "city2": "Völkermarkt",
                "city": "Kohldorf",
                "strasse": "Kohldorf 66",
                "date": "8.9.2025",
                "time": "0:36:54"
            }
        },
        {
            "type": "Feature",
            "geometry": {
                "type": "Point",
                "coordinates": [
                    14.538732,
                    46.835404
                ]
            },
            "properties": {
                "id": "INFT-CS79SN",
                "name": "M3 Klein St. Paul",
                "S98": "0",
                "S95": "1.479",
                "N": "0",
                "D": "1.492",
                "G": "0",
                "zip": "9373",
                "land": "at",
                "bundesland": "Kärnten",
                "city2": "St. Veit",
                "city": "Klein St. Paul",
                "strasse": "Bundesstraße 16",
                "date": "8.9.2025",
                "time": "0:36:50"
            }
        },
        {
            "type": "Feature",
            "geometry": {
                "type": "Point",
                "coordinates": [
                    15.65549,
                    46.71972
                ]
            },
            "properties": {
                "id": "INFT-CVLK28",
                "name": "Treibstoffparadies",
                "S98": "0",
                "S95": "1.447",
                "N": "0",
                "D": "1.458",
                "G": "0",
                "zip": "8472",
                "land": "at",
                "bundesland": "Steiermark",
                "city2": "Leibnitz",
                "city": "Oberschwarza",
                "strasse": "Industriezentrum Strass 3",
                "date": "8.9.2025",
                "time": "0:37:58"
            }
        },
        {
            "type": "Feature",
            "geometry": {
                "type": "Point",
                "coordinates": [
                    13.036477300015548,
                    48.2546850983996
                ]
            },
            "properties": {
                "id": "INFT-CWFFBN",
                "name": "M3 Braunau",
                "S98": "0",
                "S95": "1.439",
                "N": "0",
                "D": "1.469",
                "G": "0",
                "zip": "5280",
                "land": "at",
                "bundesland": "Oberösterreich",
                "city2": "Braunau",
                "city": "Braunau am Inn",
                "strasse": "Salzburger Str. 11",
                "date": "8.9.2025",
                "time": "0:37:27"
            }
        },
        {
            "type": "Feature",
            "geometry": {
                "type": "Point",
                "coordinates": [
                    15.41597,
                    47.05026
                ]
            },
            "properties": {
                "id": "INFT-CWJM9U",
                "name": "Turmöl Quick",
                "S98": "0",
                "S95": "1.44",
                "N": "0",
                "D": "1.445",
                "G": "0",
                "zip": "8053",
                "land": "at",
                "bundesland": "Steiermark",
                "city2": "Graz",
                "city": "Graz",
                "strasse": "Kärntner Straße 137",
                "date": "8.9.2025",
                "time": "0:37:54"
            }
        },
        {
            "type": "Feature",
            "geometry": {
                "type": "Point",
                "coordinates": [
                    15.700095,
                    47.110072
                ]
            },
            "properties": {
                "id": "INFT-CXKMLH",
                "name": "Rumpold",
                "S98": "0",
                "S95": "1.479",
                "N": "0",
                "D": "1.479",
                "G": "0",
                "zip": "8200",
                "land": "at",
                "bundesland": "Steiermark",
                "city2": "Weiz",
                "city": "Gleisdorf",
                "strasse": "Industriestraße 29",
                "date": "8.9.2025",
                "time": "0:38:5"
            }
        },
        {
            "type": "Feature",
            "geometry": {
                "type": "Point",
                "coordinates": [
                    14.42506,
                    47.139626
                ]
            },
            "properties": {
                "id": "INFT-CXTKVV",
                "name": "Rumpold",
                "S98": "0",
                "S95": "0",
                "N": "0",
                "D": "1.469",
                "G": "0",
                "zip": "8811",
                "land": "at",
                "bundesland": "Steiermark",
                "city2": "Murau",
                "city": "Scheifling",
                "strasse": "Puchfeld 1",
                "date": "8.9.2025",
                "time": "0:38:2"
            }
        },
        {
            "type": "Feature",
            "geometry": {
                "type": "Point",
                "coordinates": [
                    15.0383,
                    47.39393
                ]
            },
            "properties": {
                "id": "INFT-CXUHTH",
                "name": "Rumpold",
                "S98": "0",
                "S95": "1.459",
                "N": "0",
                "D": "1.459",
                "G": "0",
                "zip": "8792",
                "land": "at",
                "bundesland": "Steiermark",
                "city2": "Leoben",
                "city": "St. Peter Freienstein",
                "strasse": "Gewerbepark",
                "date": "8.9.2025",
                "time": "0:38:0"
            }
        },
        {
            "type": "Feature",
            "geometry": {
                "type": "Point",
                "coordinates": [
                    13.795488,
                    47.133005
                ]
            },
            "properties": {
                "id": "INFT-CXUKWD",
                "name": "Rumpold",
                "S98": "0",
                "S95": "0",
                "N": "0",
                "D": "1.499",
                "G": "0",
                "zip": "5580",
                "land": "at",
                "bundesland": "Salzburg",
                "city2": "Tamsweg",
                "city": "Tamsweg",
                "strasse": "Gewerbepark",
                "date": "8.9.2025",
                "time": "0:37:50"
            }
        },
        {
            "type": "Feature",
            "geometry": {
                "type": "Point",
                "coordinates": [
                    15.12984,
                    47.38481
                ]
            },
            "properties": {
                "id": "INFT-CXUMG8",
                "name": "Rumpold",
                "S98": "0",
                "S95": "0",
                "N": "0",
                "D": "1.459",
                "G": "0",
                "zip": "8700",
                "land": "at",
                "bundesland": "Steiermark",
                "city2": "Leoben",
                "city": "Leoben",
                "strasse": "Waltenbachstraße 9",
                "date": "8.9.2025",
                "time": "0:37:59"
            }
        },
        {
            "type": "Feature",
            "geometry": {
                "type": "Point",
                "coordinates": [
                    14.71354,
                    47.19517
                ]
            },
            "properties": {
                "id": "INFT-CYPHF2",
                "name": "Turmöl Quick",
                "S98": "0",
                "S95": "1.454",
                "N": "0",
                "D": "1.463",
                "G": "0",
                "zip": "8753",
                "land": "at",
                "bundesland": "Steiermark",
                "city2": "Judenburg",
                "city": "Fohnsdorf",
                "strasse": "Bundesstraße 33",
                "date": "8.9.2025",
                "time": "0:38:7"
            }
        },
        {
            "type": "Feature",
            "geometry": {
                "type": "Point",
                "coordinates": [
                    14.098398188615368,
                    47.10442914674201
                ]
            },
            "properties": {
                "id": "INFT-CZ6SPV",
                "name": "M3 Kreischberg mit moderner SB Waschanlage",
                "S98": "0",
                "S95": "1.479",
                "N": "0",
                "D": "1.489",
                "G": "0",
                "zip": "8861",
                "land": "at",
                "bundesland": "Steiermark",
                "city2": "Murau",
                "city": "Bundeststrasse 1",
                "strasse": "St. Georgen am Kreischberg",
                "date": "8.9.2025",
                "time": "0:38:2"
            }
        },
        {
            "type": "Feature",
            "geometry": {
                "type": "Point",
                "coordinates": [
                    12.8910952,
                    46.8618151
                ]
            },
            "properties": {
                "id": "INFT-CZLGAZ",
                "name": "Unser Lagerhaus",
                "S98": "0",
                "S95": "1.499",
                "N": "0",
                "D": "1.499",
                "G": "0",
                "zip": "9841",
                "land": "at",
                "bundesland": "Kärnten",
                "city2": "Spittal",
                "city": "Winklern",
                "strasse": "Reintal 33",
                "date": "8.9.2025",
                "time": "0:36:51"
            }
        },
        {
            "type": "Feature",
            "geometry": {
                "type": "Point",
                "coordinates": [
                    15.60925,
                    48.04498
                ]
            },
            "properties": {
                "id": "INFT-D45GM8",
                "name": "Turmöl Quick",
                "S98": "0",
                "S95": "1.444",
                "N": "0",
                "D": "1.469",
                "G": "0",
                "zip": "3160",
                "land": "at",
                "bundesland": "Niederösterreich",
                "city2": "Lilienfeld",
                "city": "Traisen",
                "strasse": "Mariazellerstraße 33a",
                "date": "8.9.2025",
                "time": "0:37:9"
            }
        },
        {
            "type": "Feature",
            "geometry": {
                "type": "Point",
                "coordinates": [
                    16.80832,
                    48.016305
                ]
            },
            "properties": {
                "id": "INFT-D4ECEC",
                "name": "Rumpold",
                "S98": "0",
                "S95": "1.462",
                "N": "0",
                "D": "1.489",
                "G": "0",
                "zip": "2460",
                "land": "at",
                "bundesland": "Niederösterreich",
                "city2": "Bruck/Leitha",
                "city": "Bruckneudorf",
                "strasse": "Parndorfer Str. 173",
                "date": "8.9.2025",
                "time": "0:36:41"
            }
        },
        {
            "type": "Feature",
            "geometry": {
                "type": "Point",
                "coordinates": [
                    16.255484419,
                    47.91120325
                ]
            },
            "properties": {
                "id": "INFT-D6UCMQ",
                "name": "Rumpold",
                "S98": "0",
                "S95": "1.439",
                "N": "0",
                "D": "1.462",
                "G": "0",
                "zip": "2601",
                "land": "at",
                "bundesland": "Niederösterreich",
                "city2": "Wiener Neustadt Land",
                "city": "Sollenau",
                "strasse": "Industriestraße-Nord 1",
                "date": "8.9.2025",
                "time": "0:37:21"
            }
        },
        {
            "type": "Feature",
            "geometry": {
                "type": "Point",
                "coordinates": [
                    15.40896,
                    47.03413
                ]
            },
            "properties": {
                "id": "INFT-D7NESK",
                "name": "Turmöl Quick",
                "S98": "0",
                "S95": "1.44",
                "N": "0",
                "D": "1.445",
                "G": "0",
                "zip": "8054",
                "land": "at",
                "bundesland": "Steiermark",
                "city2": "Graz",
                "city": "Graz",
                "strasse": "Kärntnerstraße 291",
                "date": "8.9.2025",
                "time": "0:37:57"
            }
        },
        {
            "type": "Feature",
            "geometry": {
                "type": "Point",
                "coordinates": [
                    16.081523,
                    47.289223
                ]
            },
            "properties": {
                "id": "INFT-D7WPVH",
                "name": "Rumpold",
                "S98": "0",
                "S95": "1.463",
                "N": "0",
                "D": "1.473",
                "G": "0",
                "zip": "7411",
                "land": "at",
                "bundesland": "Burgenland",
                "city2": "Oberwart",
                "city": "Markt Allhau",
                "strasse": "Hauptstraße 5",
                "date": "8.9.2025",
                "time": "0:36:43"
            }
        },
        {
            "type": "Feature",
            "geometry": {
                "type": "Point",
                "coordinates": [
                    13.843557,
                    46.62369
                ]
            },
            "properties": {
                "id": "INFT-D8RJW9",
                "name": "Rumpold",
                "S98": "0",
                "S95": "1.463",
                "N": "0",
                "D": "1.462",
                "G": "0",
                "zip": "9500",
                "land": "at",
                "bundesland": "Kärnten",
                "city2": "Villach",
                "city": "Villach",
                "strasse": "Rennsteinerstraße 34",
                "date": "8.9.2025",
                "time": "0:36:47"
            }
        },
        {
            "type": "Feature",
            "geometry": {
                "type": "Point",
                "coordinates": [
                    13.849851,
                    46.597867
                ]
            },
            "properties": {
                "id": "INFT-D8SHCH",
                "name": "Rumpold",
                "S98": "0",
                "S95": "1.463",
                "N": "0",
                "D": "1.462",
                "G": "0",
                "zip": "9500",
                "land": "at",
                "bundesland": "Kärnten",
                "city2": "Villach",
                "city": "Villach",
                "strasse": "Karawankenweg 17",
                "date": "8.9.2025",
                "time": "0:36:47"
            }
        },
        {
            "type": "Feature",
            "geometry": {
                "type": "Point",
                "coordinates": [
                    13.173548978765615,
                    47.323801005828884
                ]
            },
            "properties": {
                "id": "INFT-D9PJ9M",
                "name": "M3 St. Veit im Pongau + Waschcenter",
                "S98": "0",
                "S95": "1.479",
                "N": "0",
                "D": "1.489",
                "G": "0",
                "zip": "5620",
                "land": "at",
                "bundesland": "Salzburg",
                "city2": "St. Johann",
                "city": "St. Veit im Pongau",
                "strasse": "Gewerbestraße 3",
                "date": "8.9.2025",
                "time": "0:37:50"
            }
        },
        {
            "type": "Feature",
            "geometry": {
                "type": "Point",
                "coordinates": [
                    16.28269,
                    47.84106
                ]
            },
            "properties": {
                "id": "INFT-D9VK4F",
                "name": "AVANTI - Eggendorf Pottendorferstraße 280",
                "S98": "0",
                "S95": "1.432",
                "N": "0",
                "D": "1.462",
                "G": "0",
                "zip": "2492",
                "land": "at",
                "bundesland": "Niederösterreich",
                "city2": "Wiener Neustadt Land",
                "city": "Eggendorf",
                "strasse": "Pottendorferstrasse 280",
                "date": "8.9.2025",
                "time": "0:37:21"
            }
        },
        {
            "type": "Feature",
            "geometry": {
                "type": "Point",
                "coordinates": [
                    16.294425,
                    48.373263
                ]
            },
            "properties": {
                "id": "INFT-DAB9U8",
                "name": "Disk TANKAUTOMAT",
                "S98": "0",
                "S95": "1.465",
                "N": "0",
                "D": "1.479",
                "G": "0",
                "zip": "2100",
                "land": "at",
                "bundesland": "Niederösterreich",
                "city2": "Korneuburg",
                "city": "Leobendorf",
                "strasse": "Schliebrückl 1",
                "date": "8.9.2025",
                "time": "0:37:7"
            }
        },
        {
            "type": "Feature",
            "geometry": {
                "type": "Point",
                "coordinates": [
                    14.819035,
                    46.943718
                ]
            },
            "properties": {
                "id": "INFT-DFLLC8",
                "name": "SOCAR Bad St. Leonhard",
                "S98": "0",
                "S95": "1.493",
                "N": "0",
                "D": "1.487",
                "G": "0",
                "zip": "9462",
                "land": "at",
                "bundesland": "Kärnten",
                "city2": "Wolfsberg",
                "city": "Bad St. Leonhard",
                "strasse": "Wiesenau 48",
                "date": "8.9.2025",
                "time": "0:36:54"
            }
        },
        {
            "type": "Feature",
            "geometry": {
                "type": "Point",
                "coordinates": [
                    14.57518,
                    46.61506
                ]
            },
            "properties": {
                "id": "INFT-DGFUAK",
                "name": "Turmöl Quick",
                "S98": "0",
                "S95": "1.463",
                "N": "0",
                "D": "1.489",
                "G": "0",
                "zip": "9122",
                "land": "at",
                "bundesland": "Kärnten",
                "city2": "Völkermarkt",
                "city": "St. Kanzian",
                "strasse": "Klopeiner Straße 6",
                "date": "8.9.2025",
                "time": "0:36:53"
            }
        },
        {
            "type": "Feature",
            "geometry": {
                "type": "Point",
                "coordinates": [
                    14.08657,
                    47.93028
                ]
            },
            "properties": {
                "id": "INFT-DHZLCH",
                "name": "AVIA Xpress (Automaten-Tankstelle)",
                "S98": "0",
                "S95": "1.443",
                "N": "0",
                "D": "1.463",
                "G": "0",
                "zip": "4565",
                "land": "at",
                "bundesland": "Keine Daten gefunden",
                "city2": "Keine Daten gefunden",
                "city": "Inzersdorf im Kremstal",
                "strasse": "Industriestraße 1a",
                "date": "8.9.2025",
                "time": "0:37:34"
            }
        },
        {
            "type": "Feature",
            "geometry": {
                "type": "Point",
                "coordinates": [
                    13.0032407,
                    46.6721177
                ]
            },
            "properties": {
                "id": "INFT-DHZV5G",
                "name": "Lagerhaus Tankstelle",
                "S98": "0",
                "S95": "1.54",
                "N": "0",
                "D": "1.54",
                "G": "0",
                "zip": "9640",
                "land": "at",
                "bundesland": "Kärnten",
                "city2": "Hermagor",
                "city": "Kötschach",
                "strasse": "Kötschach 153",
                "date": "8.9.2025",
                "time": "0:36:48"
            }
        },
        {
            "type": "Feature",
            "geometry": {
                "type": "Point",
                "coordinates": [
                    16.05383,
                    48.37025
                ]
            },
            "properties": {
                "id": "INFT-DKCEZU",
                "name": "Genol",
                "S98": "0",
                "S95": "1.529",
                "N": "0",
                "D": "0",
                "G": "0",
                "zip": "2041",
                "land": "at",
                "bundesland": "Niederösterreich",
                "city2": "Hollabrunn",
                "city": "Hetzmannsdorf",
                "strasse": "Grund 96",
                "date": "8.9.2025",
                "time": "0:37:5"
            }
        }
    ]
}
