{
    "type": "FeatureCollection",
    "features": [
        {
            "type": "Feature",
            "geometry": {
                "type": "Point",
                "coordinates": [
                    15.637407302856445,
                    48.66596776162919
                ]
            },
            "properties": {
                "id": "INFT-AJJKUN",
                "name": "Genol",
                "S98": "0",
                "S95": "1.549",
                "N": "0",
                "D": "0",
                "G": "0",
                "zip": "3580",
                "land": "at",
                "bundesland": "Niederösterreich",
                "city2": "Horn",
                "city": "Horn",
                "strasse": "Pragerstraße 50",
                "date": "3.9.2025",
                "time": "6:17:19"
            }
        },
        {
            "type": "Feature",
            "geometry": {
                "type": "Point",
                "coordinates": [
                    15.8190106,
                    48.634186
                ]
            },
            "properties": {
                "id": "INFT-AJJKUQ",
                "name": "Goldbergertank",
                "S98": "0",
                "S95": "1.549",
                "N": "0",
                "D": "1.549",
                "G": "0",
                "zip": "3730",
                "land": "at",
                "bundesland": "Niederösterreich",
                "city2": "Horn",
                "city": "Eggenburg",
                "strasse": "Wienerstrasse 13",
                "date": "3.9.2025",
                "time": "6:17:19"
            }
        },
        {
            "type": "Feature",
            "geometry": {
                "type": "Point",
                "coordinates": [
                    14.2412365,
                    48.312442
                ]
            },
            "properties": {
                "id": "INFT-AJJKVA",
                "name": "Turmöl Quick",
                "S98": "0",
                "S95": "1.483",
                "N": "0",
                "D": "1.489",
                "G": "0",
                "zip": "4048",
                "land": "at",
                "bundesland": "Oberösterreich",
                "city2": "Urfahr Umgebung",
                "city": "Puchenau",
                "strasse": "Hammerschmiede 3",
                "date": "3.9.2025",
                "time": "6:17:52"
            }
        },
        {
            "type": "Feature",
            "geometry": {
                "type": "Point",
                "coordinates": [
                    14.129979,
                    47.8940558
                ]
            },
            "properties": {
                "id": "INFT-AJJL7J",
                "name": "AVIA Xpress (Automaten-Tankstelle)",
                "S98": "0",
                "S95": "1.474",
                "N": "0",
                "D": "1.464",
                "G": "0",
                "zip": "4563",
                "land": "at",
                "bundesland": "Oberösterreich",
                "city2": "Kirchdorf",
                "city": "Micheldorf",
                "strasse": "Weinzierler Brücke 72",
                "date": "3.9.2025",
                "time": "6:17:45"
            }
        },
        {
            "type": "Feature",
            "geometry": {
                "type": "Point",
                "coordinates": [
                    15.9583799,
                    48.7536887
                ]
            },
            "properties": {
                "id": "INFT-AJJL8T",
                "name": "Pollak-Deine Tankstelle",
                "S98": "0",
                "S95": "0",
                "N": "0",
                "D": "1.47",
                "G": "0",
                "zip": "2070",
                "land": "at",
                "bundesland": "Niederösterreich",
                "city2": "Hollabrunn",
                "city": "Retz",
                "strasse": "Im Stadtfeld 2",
                "date": "3.9.2025",
                "time": "6:17:17"
            }
        },
        {
            "type": "Feature",
            "geometry": {
                "type": "Point",
                "coordinates": [
                    16.12554,
                    47.3744
                ]
            },
            "properties": {
                "id": "INFT-AJJKTZ",
                "name": "AVANTI - Pinkafeld Wiener Straße 8",
                "S98": "0",
                "S95": "1.478",
                "N": "0",
                "D": "0",
                "G": "0",
                "zip": "7423",
                "land": "at",
                "bundesland": "Burgenland",
                "city2": "Oberwart",
                "city": "Pinkafeld",
                "strasse": "Wiener Strasse 8",
                "date": "3.9.2025",
                "time": "6:16:58"
            }
        },
        {
            "type": "Feature",
            "geometry": {
                "type": "Point",
                "coordinates": [
                    11.8824867,
                    47.4347321
                ]
            },
            "properties": {
                "id": "INFT-AJJL24",
                "name": "Rissbacher Walter GmbH",
                "S98": "0",
                "S95": "1.479",
                "N": "0",
                "D": "1.489",
                "G": "0",
                "zip": "6230",
                "land": "at",
                "bundesland": "Tirol",
                "city2": "Kufstein",
                "city": "Brixlegg",
                "strasse": "Innsbrucker Str. 47",
                "date": "3.9.2025",
                "time": "6:18:22"
            }
        },
        {
            "type": "Feature",
            "geometry": {
                "type": "Point",
                "coordinates": [
                    15.5578698,
                    48.7399353
                ]
            },
            "properties": {
                "id": "INFT-AJJKUH",
                "name": "AVIA XPress (unser Service: Luft und Wasser)",
                "S98": "0",
                "S95": "1.549",
                "N": "0",
                "D": "0",
                "G": "0",
                "zip": "3754",
                "land": "at",
                "bundesland": "Niederösterreich",
                "city2": "Horn",
                "city": "Irnfritz 19",
                "strasse": "Irnfritz 19",
                "date": "3.9.2025",
                "time": "6:17:19"
            }
        },
        {
            "type": "Feature",
            "geometry": {
                "type": "Point",
                "coordinates": [
                    13.37877,
                    46.62964
                ]
            },
            "properties": {
                "id": "INFT-AJJKSA",
                "name": "OMV - Hermagor Gailtalstraße 12",
                "S98": "0",
                "S95": "1.559",
                "N": "0",
                "D": "1.549",
                "G": "0",
                "zip": "9620",
                "land": "at",
                "bundesland": "Kärnten",
                "city2": "Hermagor",
                "city": "Hermagor",
                "strasse": "Gailtalstrasse 12",
                "date": "3.9.2025",
                "time": "6:17:2"
            }
        },
        {
            "type": "Feature",
            "geometry": {
                "type": "Point",
                "coordinates": [
                    16.163935,
                    47.168488
                ]
            },
            "properties": {
                "id": "INFT-AJJLBH",
                "name": "Turmöl Quick",
                "S98": "0",
                "S95": "1.478",
                "N": "0",
                "D": "1.483",
                "G": "0",
                "zip": "7551",
                "land": "at",
                "bundesland": "Burgenland",
                "city2": "Güssing",
                "city": "Stegersbach",
                "strasse": "Wienerstraße 56",
                "date": "3.9.2025",
                "time": "6:16:53"
            }
        },
        {
            "type": "Feature",
            "geometry": {
                "type": "Point",
                "coordinates": [
                    16.8368875,
                    47.8565454
                ]
            },
            "properties": {
                "id": "INFT-AJJL9F",
                "name": "Lagerhaus-Genol",
                "S98": "0",
                "S95": "1.474",
                "N": "0",
                "D": "0",
                "G": "0",
                "zip": "7141",
                "land": "at",
                "bundesland": "Burgenland",
                "city2": "Neusiedl am See",
                "city": "Podersdorf",
                "strasse": "Weinberggasse 1",
                "date": "3.9.2025",
                "time": "6:16:56"
            }
        },
        {
            "type": "Feature",
            "geometry": {
                "type": "Point",
                "coordinates": [
                    14.42064,
                    48.05739
                ]
            },
            "properties": {
                "id": "INFT-AJJKUX",
                "name": "AVANTI - Steyr Ennser Straße 16",
                "S98": "0",
                "S95": "1.481",
                "N": "0",
                "D": "1.483",
                "G": "0",
                "zip": "4400",
                "land": "at",
                "bundesland": "Oberösterreich",
                "city2": "Steyr Land",
                "city": "Steyr",
                "strasse": "Ennser Strasse 16",
                "date": "3.9.2025",
                "time": "6:17:35"
            }
        },
        {
            "type": "Feature",
            "geometry": {
                "type": "Point",
                "coordinates": [
                    16.235807,
                    47.877686
                ]
            },
            "properties": {
                "id": "INFT-AJJKPJ",
                "name": "Speedytankstelle ",
                "S98": "0",
                "S95": "1.449",
                "N": "0",
                "D": "0",
                "G": "0",
                "zip": "2603",
                "land": "at",
                "bundesland": "Niederösterreich",
                "city2": "Wiener Neustadt Land",
                "city": "Felixdorf",
                "strasse": "Hauptstr. 75",
                "date": "3.9.2025",
                "time": "6:17:31"
            }
        },
        {
            "type": "Feature",
            "geometry": {
                "type": "Point",
                "coordinates": [
                    13.698211,
                    48.181118
                ]
            },
            "properties": {
                "id": "INFT-AJJKUR",
                "name": "AVIA Xpress (Automaten-Tankstelle)",
                "S98": "0",
                "S95": "1.454",
                "N": "0",
                "D": "1.464",
                "G": "0",
                "zip": "4675",
                "land": "at",
                "bundesland": "Oberösterreich",
                "city2": "Grieskirchen",
                "city": "Weibern",
                "strasse": "Hauptstraße 34",
                "date": "3.9.2025",
                "time": "6:17:43"
            }
        },
        {
            "type": "Feature",
            "geometry": {
                "type": "Point",
                "coordinates": [
                    15.272992,
                    47.002851
                ]
            },
            "properties": {
                "id": "INFT-AJJKNL",
                "name": "Diskonttankstelle Kaier",
                "S98": "0",
                "S95": "0",
                "N": "0",
                "D": "1.439",
                "G": "0",
                "zip": "8561",
                "land": "at",
                "bundesland": "Steiermark",
                "city2": "Graz Umgebung",
                "city": "Söding",
                "strasse": "Packerstraße 106",
                "date": "3.9.2025",
                "time": "6:18:12"
            }
        },
        {
            "type": "Feature",
            "geometry": {
                "type": "Point",
                "coordinates": [
                    14.1558516,
                    46.7337805
                ]
            },
            "properties": {
                "id": "INFT-AJJL7N",
                "name": "Turmöl Quick",
                "S98": "0",
                "S95": "1.454",
                "N": "0",
                "D": "1.444",
                "G": "0",
                "zip": "9560",
                "land": "at",
                "bundesland": "Kärnten",
                "city2": "Feldkirchen",
                "city": "Untere Glan",
                "strasse": "Bundesstraße 33",
                "date": "3.9.2025",
                "time": "6:17:8"
            }
        },
        {
            "type": "Feature",
            "geometry": {
                "type": "Point",
                "coordinates": [
                    16.33481,
                    48.24722
                ]
            },
            "properties": {
                "id": "INFT-AJJL88",
                "name": "Shell Austria",
                "S98": "0",
                "S95": "1.599",
                "N": "0",
                "D": "1.599",
                "G": "0",
                "zip": "1190",
                "land": "at",
                "bundesland": "Wien",
                "city2": "Döbling",
                "city": "WIEN",
                "strasse": "DARINGERGASSE 1A",
                "date": "3.9.2025",
                "time": "6:18:39"
            }
        },
        {
            "type": "Feature",
            "geometry": {
                "type": "Point",
                "coordinates": [
                    15.6239836,
                    48.2134658
                ]
            },
            "properties": {
                "id": "INFT-AJJKLP",
                "name": "SOCAR St. Pölten",
                "S98": "0",
                "S95": "1.462",
                "N": "0",
                "D": "1.472",
                "G": "0",
                "zip": "3100",
                "land": "at",
                "bundesland": "Niederösterreich",
                "city2": "St. Pölten",
                "city": "Sankt Pölten",
                "strasse": "Praterstraße 30",
                "date": "3.9.2025",
                "time": "6:17:10"
            }
        },
        {
            "type": "Feature",
            "geometry": {
                "type": "Point",
                "coordinates": [
                    16.9238938,
                    47.8438135
                ]
            },
            "properties": {
                "id": "INFT-AJJL9L",
                "name": "LSC Wenzl GmbH",
                "S98": "0",
                "S95": "0",
                "N": "0",
                "D": "1.49",
                "G": "0",
                "zip": "7132",
                "land": "at",
                "bundesland": "Burgenland",
                "city2": "Neusiedl am See",
                "city": "Frauenkirchen",
                "strasse": "Krautgartengasse 20",
                "date": "3.9.2025",
                "time": "6:16:55"
            }
        },
        {
            "type": "Feature",
            "geometry": {
                "type": "Point",
                "coordinates": [
                    14.28828,
                    48.28312
                ]
            },
            "properties": {
                "id": "INFT-AJJKLW",
                "name": "AVANTI - Linz Unionstraße 71a",
                "S98": "0",
                "S95": "1.484",
                "N": "0",
                "D": "1.493",
                "G": "0",
                "zip": "4020",
                "land": "at",
                "bundesland": "Oberösterreich",
                "city2": "Linz Land",
                "city": "Linz",
                "strasse": "Unionstrasse 71a",
                "date": "3.9.2025",
                "time": "6:17:34"
            }
        },
        {
            "type": "Feature",
            "geometry": {
                "type": "Point",
                "coordinates": [
                    16.3953544,
                    47.2923738
                ]
            },
            "properties": {
                "id": "INFT-AJJKU2",
                "name": "Tankstelle Kaiser",
                "S98": "0",
                "S95": "1.479",
                "N": "0",
                "D": "0",
                "G": "0",
                "zip": "7464",
                "land": "at",
                "bundesland": "Burgenland",
                "city2": "Oberwart",
                "city": "Markt Neuhodis",
                "strasse": "Markt Neuhodis 215",
                "date": "3.9.2025",
                "time": "6:16:58"
            }
        },
        {
            "type": "Feature",
            "geometry": {
                "type": "Point",
                "coordinates": [
                    15.5855281,
                    48.6764781
                ]
            },
            "properties": {
                "id": "INFT-AJJKUC",
                "name": "AVIA XPress (unser Service: Luft und Wasser)",
                "S98": "0",
                "S95": "1.546",
                "N": "0",
                "D": "1.556",
                "G": "0",
                "zip": "3580",
                "land": "at",
                "bundesland": "Niederösterreich",
                "city2": "Horn",
                "city": "Horn",
                "strasse": "Großburgstall 44",
                "date": "3.9.2025",
                "time": "6:17:19"
            }
        },
        {
            "type": "Feature",
            "geometry": {
                "type": "Point",
                "coordinates": [
                    13.1314513,
                    48.183217
                ]
            },
            "properties": {
                "id": "INFT-AJJKPP",
                "name": "Turmöl Quick",
                "S98": "0",
                "S95": "1.484",
                "N": "0",
                "D": "0",
                "G": "0",
                "zip": "5270",
                "land": "at",
                "bundesland": "Oberösterreich",
                "city2": "Braunau",
                "city": "Mauerkirchen",
                "strasse": "Unterbrunning 7",
                "date": "3.9.2025",
                "time": "6:17:38"
            }
        },
        {
            "type": "Feature",
            "geometry": {
                "type": "Point",
                "coordinates": [
                    16.3748223,
                    48.2408605
                ]
            },
            "properties": {
                "id": "INFT-AJJL62",
                "name": "BP",
                "S98": "0",
                "S95": "1.599",
                "N": "0",
                "D": "1.649",
                "G": "0",
                "zip": "1200",
                "land": "at",
                "bundesland": "Wien",
                "city2": "Brigittenau",
                "city": "Wien",
                "strasse": "Dresdnerstrasse 8 ",
                "date": "3.9.2025",
                "time": "6:18:39"
            }
        },
        {
            "type": "Feature",
            "geometry": {
                "type": "Point",
                "coordinates": [
                    13.48535,
                    48.21309
                ]
            },
            "properties": {
                "id": "INFT-AJJL3U",
                "name": "AVANTI - Ried im Innkreis Schärdinger Straße 16",
                "S98": "0",
                "S95": "1.483",
                "N": "0",
                "D": "1.513",
                "G": "0",
                "zip": "4910",
                "land": "at",
                "bundesland": "Oberösterreich",
                "city2": "Ried",
                "city": "Ried im Innkreis",
                "strasse": "Schärdinger Strasse 16",
                "date": "3.9.2025",
                "time": "6:17:48"
            }
        },
        {
            "type": "Feature",
            "geometry": {
                "type": "Point",
                "coordinates": [
                    14.38747,
                    48.04345
                ]
            },
            "properties": {
                "id": "INFT-AJJKUV",
                "name": "AVANTI - Steyr Sierninger Straße 178",
                "S98": "0",
                "S95": "1.481",
                "N": "0",
                "D": "1.483",
                "G": "0",
                "zip": "4400",
                "land": "at",
                "bundesland": "Oberösterreich",
                "city2": "Steyr Land",
                "city": "Steyr",
                "strasse": "Sierninger Strasse 178",
                "date": "3.9.2025",
                "time": "6:17:35"
            }
        },
        {
            "type": "Feature",
            "geometry": {
                "type": "Point",
                "coordinates": [
                    15.4072263,
                    48.8814316
                ]
            },
            "properties": {
                "id": "INFT-AJJKXK",
                "name": "AVIA XPress (unser Service: Luft und Wasser)",
                "S98": "0",
                "S95": "1.549",
                "N": "0",
                "D": "1.559",
                "G": "0",
                "zip": "3822",
                "land": "at",
                "bundesland": "Niederösterreich",
                "city2": "Waidhofen/Thaya",
                "city": "Karlstein",
                "strasse": "Raabserstraße 8",
                "date": "3.9.2025",
                "time": "6:17:30"
            }
        },
        {
            "type": "Feature",
            "geometry": {
                "type": "Point",
                "coordinates": [
                    15.7995454,
                    47.1711466
                ]
            },
            "properties": {
                "id": "INFT-AJJL4K",
                "name": "Gussmagg Dieseltankstelle",
                "S98": "0",
                "S95": "0",
                "N": "0",
                "D": "1.457",
                "G": "0",
                "zip": "8212",
                "land": "at",
                "bundesland": "Steiermark",
                "city2": "Weiz",
                "city": "Pischelsdorf",
                "strasse": "Pischelsdorf 122",
                "date": "3.9.2025",
                "time": "6:18:13"
            }
        },
        {
            "type": "Feature",
            "geometry": {
                "type": "Point",
                "coordinates": [
                    14.0861215,
                    46.8493966
                ]
            },
            "properties": {
                "id": "INFT-AJJKRT",
                "name": "Deutsch-Griffen",
                "S98": "0",
                "S95": "0",
                "N": "0",
                "D": "1.459",
                "G": "0",
                "zip": "9572",
                "land": "at",
                "bundesland": "Kärnten",
                "city2": "St. Veit",
                "city": "Deutsch-Griffen",
                "strasse": "Göschelsberg 17",
                "date": "3.9.2025",
                "time": "6:17:3"
            }
        },
        {
            "type": "Feature",
            "geometry": {
                "type": "Point",
                "coordinates": [
                    9.9248451,
                    47.4508201
                ]
            },
            "properties": {
                "id": "INFT-AJJKM8",
                "name": "KOBRAS  .... Mit Personal . Weitere INFO > ",
                "S98": "0",
                "S95": "1.528",
                "N": "0",
                "D": "0",
                "G": "0",
                "zip": "6951",
                "land": "at",
                "bundesland": "Vorarlberg",
                "city2": "Bregenz",
                "city": "Lingenau, ",
                "strasse": "Hof 270a",
                "date": "3.9.2025",
                "time": "6:18:29"
            }
        },
        {
            "type": "Feature",
            "geometry": {
                "type": "Point",
                "coordinates": [
                    16.19135,
                    47.78134
                ]
            },
            "properties": {
                "id": "INFT-AJJL6N",
                "name": "AVANTI - Wiener Neustadt Neunkirchner Straße 118",
                "S98": "0",
                "S95": "1.485",
                "N": "0",
                "D": "1.493",
                "G": "0",
                "zip": "2700",
                "land": "at",
                "bundesland": "Niederösterreich",
                "city2": "Wiener Neustadt Land",
                "city": "Wiener Neustadt",
                "strasse": "Neunkirchner Strasse 118",
                "date": "3.9.2025",
                "time": "6:17:12"
            }
        },
        {
            "type": "Feature",
            "geometry": {
                "type": "Point",
                "coordinates": [
                    13.1072403,
                    47.1571884
                ]
            },
            "properties": {
                "id": "INFT-AJJKPW",
                "name": "Turmöl Quick",
                "S98": "0",
                "S95": "1.489",
                "N": "0",
                "D": "1.489",
                "G": "0",
                "zip": "5630",
                "land": "at",
                "bundesland": "Salzburg",
                "city2": "St. Johann",
                "city": "Bad Hofgastein",
                "strasse": "Weitmoserstr. 1",
                "date": "3.9.2025",
                "time": "6:18:0"
            }
        },
        {
            "type": "Feature",
            "geometry": {
                "type": "Point",
                "coordinates": [
                    16.4421257,
                    48.0782678
                ]
            },
            "properties": {
                "id": "INFT-AJJKKF",
                "name": "Turmöl Quick",
                "S98": "0",
                "S95": "1.462",
                "N": "0",
                "D": "1.472",
                "G": "0",
                "zip": "2325",
                "land": "at",
                "bundesland": "Niederösterreich",
                "city2": "Wien Umgebung",
                "city": "Himberg",
                "strasse": "Gutenhoferstraße 16",
                "date": "3.9.2025",
                "time": "6:17:14"
            }
        },
        {
            "type": "Feature",
            "geometry": {
                "type": "Point",
                "coordinates": [
                    16.1891661,
                    47.1443074
                ]
            },
            "properties": {
                "id": "INFT-AJJLBM",
                "name": "SPRITKÖNIG",
                "S98": "0",
                "S95": "1.479",
                "N": "0",
                "D": "0",
                "G": "0",
                "zip": "7551",
                "land": "at",
                "bundesland": "Burgenland",
                "city2": "Güssing",
                "city": "Bocksdorf",
                "strasse": "Gewerbegebiet 1",
                "date": "3.9.2025",
                "time": "6:16:54"
            }
        },
        {
            "type": "Feature",
            "geometry": {
                "type": "Point",
                "coordinates": [
                    9.9046295,
                    47.4495768
                ]
            },
            "properties": {
                "id": "INFT-AJJKMF",
                "name": "Wema  GmbH",
                "S98": "0",
                "S95": "0",
                "N": "0",
                "D": "1.519",
                "G": "0",
                "zip": "6951",
                "land": "at",
                "bundesland": "Vorarlberg",
                "city2": "Bregenz",
                "city": "Lingenau",
                "strasse": "Zeihenbühl 435",
                "date": "3.9.2025",
                "time": "6:18:28"
            }
        },
        {
            "type": "Feature",
            "geometry": {
                "type": "Point",
                "coordinates": [
                    14.7462471,
                    48.2090333
                ]
            },
            "properties": {
                "id": "INFT-AJJL3E",
                "name": "KK Kaindl AVIA",
                "S98": "0",
                "S95": "1.447",
                "N": "0",
                "D": "0",
                "G": "0",
                "zip": "4342",
                "land": "at",
                "bundesland": "Oberösterreich",
                "city2": "Perg",
                "city": "Baumgartenberg",
                "strasse": "Baumgartenberg 40",
                "date": "3.9.2025",
                "time": "6:17:47"
            }
        },
        {
            "type": "Feature",
            "geometry": {
                "type": "Point",
                "coordinates": [
                    14.6779343,
                    47.2060639
                ]
            },
            "properties": {
                "id": "INFT-AJJKRB",
                "name": "Turmöl Quick",
                "S98": "0",
                "S95": "1.46",
                "N": "0",
                "D": "0",
                "G": "0",
                "zip": "8753",
                "land": "at",
                "bundesland": "Steiermark",
                "city2": "Judenburg",
                "city": "Fohnsdorf",
                "strasse": "Judenburger Straße 12",
                "date": "3.9.2025",
                "time": "6:18:15"
            }
        },
        {
            "type": "Feature",
            "geometry": {
                "type": "Point",
                "coordinates": [
                    14.734028263541672,
                    47.15922191686116
                ]
            },
            "properties": {
                "id": "INFT-AJJKR7",
                "name": "Sprint - Landforst Weißkirchen",
                "S98": "0",
                "S95": "0",
                "N": "0",
                "D": "1.454",
                "G": "0",
                "zip": "8741",
                "land": "at",
                "bundesland": "Steiermark",
                "city2": "Judenburg",
                "city": "Weißkirchen",
                "strasse": "Fisching 37",
                "date": "3.9.2025",
                "time": "6:18:15"
            }
        },
        {
            "type": "Feature",
            "geometry": {
                "type": "Point",
                "coordinates": [
                    16.16488,
                    47.16113
                ]
            },
            "properties": {
                "id": "INFT-AJJLBJ",
                "name": "AVANTI - Stegersbach Wiener Straße 3",
                "S98": "0",
                "S95": "1.478",
                "N": "0",
                "D": "1.483",
                "G": "0",
                "zip": "7551",
                "land": "at",
                "bundesland": "Burgenland",
                "city2": "Güssing",
                "city": "Stegersbach",
                "strasse": "Wiener Strasse 3",
                "date": "3.9.2025",
                "time": "6:16:53"
            }
        },
        {
            "type": "Feature",
            "geometry": {
                "type": "Point",
                "coordinates": [
                    15.057685,
                    48.071871
                ]
            },
            "properties": {
                "id": "INFT-AJJL2M",
                "name": "Genol",
                "S98": "0",
                "S95": "1.489",
                "N": "0",
                "D": "1.489",
                "G": "0",
                "zip": "3261",
                "land": "at",
                "bundesland": "Niederösterreich",
                "city2": "Scheibbs",
                "city": "Wolfpassing",
                "strasse": "Automeile 1",
                "date": "3.9.2025",
                "time": "6:17:28"
            }
        },
        {
            "type": "Feature",
            "geometry": {
                "type": "Point",
                "coordinates": [
                    15.1698067,
                    47.0354119
                ]
            },
            "properties": {
                "id": "INFT-AJJKNH",
                "name": "Turmöl Quick",
                "S98": "0",
                "S95": "1.423",
                "N": "0",
                "D": "1.439",
                "G": "0",
                "zip": "8570",
                "land": "at",
                "bundesland": "Steiermark",
                "city2": "Voitsberg",
                "city": "Voitsberg",
                "strasse": "Umfahrungsstraße 2",
                "date": "3.9.2025",
                "time": "6:18:13"
            }
        },
        {
            "type": "Feature",
            "geometry": {
                "type": "Point",
                "coordinates": [
                    9.822679,
                    47.505693
                ]
            },
            "properties": {
                "id": "INFT-AJJKM7",
                "name": "Böhler`s Tankstelle",
                "S98": "0",
                "S95": "1.529",
                "N": "0",
                "D": "0",
                "G": "0",
                "zip": "6932",
                "land": "at",
                "bundesland": "Vorarlberg",
                "city2": "Bregenz",
                "city": "Langen bei Bregenz",
                "strasse": "Reicharten 617",
                "date": "3.9.2025",
                "time": "6:18:29"
            }
        },
        {
            "type": "Feature",
            "geometry": {
                "type": "Point",
                "coordinates": [
                    13.633711338043213,
                    47.09614456951144
                ]
            },
            "properties": {
                "id": "INFT-AJJLAJ",
                "name": "BP",
                "S98": "0",
                "S95": "1.729",
                "N": "0",
                "D": "0",
                "G": "0",
                "zip": "5582",
                "land": "at",
                "bundesland": "Salzburg",
                "city2": "Tamsweg",
                "city": "St. Michael",
                "strasse": "Murtaler Straße 579",
                "date": "3.9.2025",
                "time": "6:18:1"
            }
        },
        {
            "type": "Feature",
            "geometry": {
                "type": "Point",
                "coordinates": [
                    13.95629,
                    46.61782
                ]
            },
            "properties": {
                "id": "INFT-AJJL4Z",
                "name": "AVANTI - Wernberg Bundesstraße 23",
                "S98": "0",
                "S95": "1.461",
                "N": "0",
                "D": "1.461",
                "G": "0",
                "zip": "9241",
                "land": "at",
                "bundesland": "Kärnten",
                "city2": "Villach Land",
                "city": "Wernberg",
                "strasse": "Bundesstrasse 23",
                "date": "3.9.2025",
                "time": "6:17:5"
            }
        },
        {
            "type": "Feature",
            "geometry": {
                "type": "Point",
                "coordinates": [
                    12.4319425,
                    47.5199377
                ]
            },
            "properties": {
                "id": "INFT-AJJL2G",
                "name": "Unser Lagerhaus St. Johann",
                "S98": "0",
                "S95": "0",
                "N": "0",
                "D": "1.489",
                "G": "0",
                "zip": "6380",
                "land": "at",
                "bundesland": "Tirol",
                "city2": "Kitzbühel",
                "city": "St. Johann/Tirol",
                "strasse": "Bahnhofstraße 28",
                "date": "3.9.2025",
                "time": "6:18:20"
            }
        },
        {
            "type": "Feature",
            "geometry": {
                "type": "Point",
                "coordinates": [
                    16.8709332,
                    47.9991587
                ]
            },
            "properties": {
                "id": "INFT-AJJL9N",
                "name": "LSC Wenzl GmbH",
                "S98": "0",
                "S95": "0",
                "N": "0",
                "D": "1.49",
                "G": "0",
                "zip": "7111",
                "land": "at",
                "bundesland": "Burgenland",
                "city2": "Neusiedl am See",
                "city": "Parndorf",
                "strasse": "Neudorferstrasse, Betriebsgebiet 2 (Strassenmeisterei Parndorf)",
                "date": "3.9.2025",
                "time": "6:16:55"
            }
        },
        {
            "type": "Feature",
            "geometry": {
                "type": "Point",
                "coordinates": [
                    11.7083395,
                    47.5160681
                ]
            },
            "properties": {
                "id": "INFT-AJJL23",
                "name": "Egger Wolfgang Internationale Transporte",
                "S98": "0",
                "S95": "0",
                "N": "0",
                "D": "1.525",
                "G": "0",
                "zip": "6215",
                "land": "at",
                "bundesland": "Tirol",
                "city2": "Schwaz",
                "city": "Achenkirch",
                "strasse": "Achenkirch 205",
                "date": "3.9.2025",
                "time": "6:18:26"
            }
        },
        {
            "type": "Feature",
            "geometry": {
                "type": "Point",
                "coordinates": [
                    15.0823166,
                    47.3746958
                ]
            },
            "properties": {
                "id": "INFT-AJJKNY",
                "name": "Stadtwerke Leoben",
                "S98": "0",
                "S95": "1.442",
                "N": "0",
                "D": "1.447",
                "G": "0",
                "zip": "8700",
                "land": "at",
                "bundesland": "Steiermark",
                "city2": "Leoben",
                "city": "Leoben",
                "strasse": "Kerpelystraße 34",
                "date": "3.9.2025",
                "time": "6:18:9"
            }
        },
        {
            "type": "Feature",
            "geometry": {
                "type": "Point",
                "coordinates": [
                    11.45756,
                    47.27753
                ]
            },
            "properties": {
                "id": "INFT-AJJL6H",
                "name": "AVANTI - Rum Siemensstraße 1",
                "S98": "0",
                "S95": "1.589",
                "N": "0",
                "D": "0",
                "G": "0",
                "zip": "6063",
                "land": "at",
                "bundesland": "Tirol",
                "city2": "Innsbruck Land",
                "city": "Rum",
                "strasse": "Siemensstrasse 1",
                "date": "3.9.2025",
                "time": "6:18:20"
            }
        },
        {
            "type": "Feature",
            "geometry": {
                "type": "Point",
                "coordinates": [
                    15.60524,
                    48.056097
                ]
            },
            "properties": {
                "id": "INFT-AJJKZF",
                "name": "SOCAR Traisen",
                "S98": "0",
                "S95": "1.454",
                "N": "0",
                "D": "1.464",
                "G": "0",
                "zip": "3160",
                "land": "at",
                "bundesland": "Niederösterreich",
                "city2": "Lilienfeld",
                "city": "Traisen",
                "strasse": "Mariazeller Straße 6",
                "date": "3.9.2025",
                "time": "6:17:22"
            }
        },
        {
            "type": "Feature",
            "geometry": {
                "type": "Point",
                "coordinates": [
                    13.80501,
                    47.132756
                ]
            },
            "properties": {
                "id": "INFT-AJJLAH",
                "name": "AVIA Xpress (Automaten-Tankstelle)",
                "S98": "0",
                "S95": "1.689",
                "N": "0",
                "D": "1.499",
                "G": "0",
                "zip": "5580",
                "land": "at",
                "bundesland": "Salzburg",
                "city2": "Tamsweg",
                "city": "Tamsweg",
                "strasse": "Zinsgasse 21",
                "date": "3.9.2025",
                "time": "6:18:1"
            }
        },
        {
            "type": "Feature",
            "geometry": {
                "type": "Point",
                "coordinates": [
                    15.1320992,
                    48.0654151
                ]
            },
            "properties": {
                "id": "INFT-AJJL2P",
                "name": "Genol",
                "S98": "0",
                "S95": "1.489",
                "N": "0",
                "D": "1.489",
                "G": "0",
                "zip": "3251",
                "land": "at",
                "bundesland": "Niederösterreich",
                "city2": "Scheibbs",
                "city": "Purgstall",
                "strasse": "Ellershofstraße 1",
                "date": "3.9.2025",
                "time": "6:17:28"
            }
        },
        {
            "type": "Feature",
            "geometry": {
                "type": "Point",
                "coordinates": [
                    15.320799,
                    48.913686
                ]
            },
            "properties": {
                "id": "INFT-AJJKXL",
                "name": "AVIA XPress (unser Service: Luft und Wasser)",
                "S98": "0",
                "S95": "1.549",
                "N": "0",
                "D": "1.559",
                "G": "0",
                "zip": "3843",
                "land": "at",
                "bundesland": "Niederösterreich",
                "city2": "Waidhofen/Thaya",
                "city": "Dobersberg",
                "strasse": "Waidhofener Straße 8",
                "date": "3.9.2025",
                "time": "6:17:30"
            }
        },
        {
            "type": "Feature",
            "geometry": {
                "type": "Point",
                "coordinates": [
                    9.85336304,
                    47.49052893
                ]
            },
            "properties": {
                "id": "INFT-AJJKME",
                "name": "www.voegel-trans.at",
                "S98": "0",
                "S95": "0",
                "N": "0",
                "D": "1.476",
                "G": "0",
                "zip": "6933",
                "land": "at",
                "bundesland": "Vorarlberg",
                "city2": "Bregenz",
                "city": "Doren",
                "strasse": "Säge 156",
                "date": "3.9.2025",
                "time": "6:18:28"
            }
        },
        {
            "type": "Feature",
            "geometry": {
                "type": "Point",
                "coordinates": [
                    15.358329,
                    48.531896
                ]
            },
            "properties": {
                "id": "INFT-AJJKV3",
                "name": "Rihs",
                "S98": "0",
                "S95": "1.476",
                "N": "0",
                "D": "0",
                "G": "0",
                "zip": "3532",
                "land": "at",
                "bundesland": "Niederösterreich",
                "city2": "Krems Land",
                "city": "Rastenfeld",
                "strasse": "Niedergrünbach 44",
                "date": "3.9.2025",
                "time": "6:17:21"
            }
        },
        {
            "type": "Feature",
            "geometry": {
                "type": "Point",
                "coordinates": [
                    14.1568711,
                    48.4675476
                ]
            },
            "properties": {
                "id": "INFT-AJJKVP",
                "name": "Genol - Lagerhaus",
                "S98": "0",
                "S95": "0",
                "N": "0",
                "D": "1.489",
                "G": "0",
                "zip": "4173",
                "land": "at",
                "bundesland": "Oberösterreich",
                "city2": "Rohrbach",
                "city": "St. Veit ",
                "strasse": "Hansbergstrasse 22",
                "date": "3.9.2025",
                "time": "6:17:49"
            }
        },
        {
            "type": "Feature",
            "geometry": {
                "type": "Point",
                "coordinates": [
                    14.53427,
                    48.24347
                ]
            },
            "properties": {
                "id": "INFT-AJJL3B",
                "name": "AVANTI - Mauthausen Machlandstraße 5",
                "S98": "0",
                "S95": "1.449",
                "N": "0",
                "D": "1.459",
                "G": "0",
                "zip": "4310",
                "land": "at",
                "bundesland": "Oberösterreich",
                "city2": "Perg",
                "city": "Mauthausen",
                "strasse": "Machlandstrasse 5",
                "date": "3.9.2025",
                "time": "6:17:47"
            }
        },
        {
            "type": "Feature",
            "geometry": {
                "type": "Point",
                "coordinates": [
                    13.8082987,
                    47.1346161
                ]
            },
            "properties": {
                "id": "INFT-AJJLAG",
                "name": "Lagerhaus-Tankstelle 24 h",
                "S98": "0",
                "S95": "1.689",
                "N": "0",
                "D": "1.509",
                "G": "0",
                "zip": "5580",
                "land": "at",
                "bundesland": "Salzburg",
                "city2": "Tamsweg",
                "city": "Tamsweg",
                "strasse": "Wöltingerstrasse 9a",
                "date": "3.9.2025",
                "time": "6:18:1"
            }
        },
        {
            "type": "Feature",
            "geometry": {
                "type": "Point",
                "coordinates": [
                    15.1781478,
                    48.6053521
                ]
            },
            "properties": {
                "id": "INFT-AJJKXC",
                "name": "Turmöl Quick",
                "S98": "0",
                "S95": "1.544",
                "N": "0",
                "D": "1.554",
                "G": "0",
                "zip": "3910",
                "land": "at",
                "bundesland": "Niederösterreich",
                "city2": "Zwettl",
                "city": "Zwettl",
                "strasse": "Kremserstraße 34",
                "date": "3.9.2025",
                "time": "6:17:33"
            }
        },
        {
            "type": "Feature",
            "geometry": {
                "type": "Point",
                "coordinates": [
                    12.4536911,
                    47.2778885
                ]
            },
            "properties": {
                "id": "INFT-AJJKQC",
                "name": "Koidl Discounttankstelle",
                "S98": "0",
                "S95": "0",
                "N": "0",
                "D": "1.52",
                "G": "0",
                "zip": "5730",
                "land": "at",
                "bundesland": "Salzburg",
                "city2": "Zell am See",
                "city": "Mittersill",
                "strasse": "Gewerbering West 5",
                "date": "3.9.2025",
                "time": "6:18:1"
            }
        },
        {
            "type": "Feature",
            "geometry": {
                "type": "Point",
                "coordinates": [
                    13.6314642,
                    47.0968149
                ]
            },
            "properties": {
                "id": "INFT-AJJLAL",
                "name": "Diesel Prommegger St. Michael",
                "S98": "0",
                "S95": "0",
                "N": "0",
                "D": "1.559",
                "G": "0",
                "zip": "5582",
                "land": "at",
                "bundesland": "Salzburg",
                "city2": "Tamsweg",
                "city": "St. Michael",
                "strasse": "Gewerbestraße 649",
                "date": "3.9.2025",
                "time": "6:18:0"
            }
        },
        {
            "type": "Feature",
            "geometry": {
                "type": "Point",
                "coordinates": [
                    16.5037784,
                    47.5086025
                ]
            },
            "properties": {
                "id": "INFT-AJJKW9",
                "name": "Tanke Blaguss",
                "S98": "0",
                "S95": "1.475",
                "N": "0",
                "D": "1.475",
                "G": "0",
                "zip": "7350",
                "land": "at",
                "bundesland": "Burgenland",
                "city2": "Oberpullendorf",
                "city": "Oberpullendorf",
                "strasse": "Wiener Straße 26",
                "date": "3.9.2025",
                "time": "6:16:57"
            }
        },
        {
            "type": "Feature",
            "geometry": {
                "type": "Point",
                "coordinates": [
                    11.4249757530303,
                    47.2655627212236
                ]
            },
            "properties": {
                "id": "INFT-AJJLAU",
                "name": "Disk TANKAUTOMAT",
                "S98": "0",
                "S95": "1.589",
                "N": "0",
                "D": "1.589",
                "G": "0",
                "zip": "6020",
                "land": "at",
                "bundesland": "Tirol",
                "city2": "Innsbruck",
                "city": "Innsbruck",
                "strasse": "Langer Weg 8",
                "date": "3.9.2025",
                "time": "6:18:16"
            }
        },
        {
            "type": "Feature",
            "geometry": {
                "type": "Point",
                "coordinates": [
                    16.4620288,
                    48.2660299
                ]
            },
            "properties": {
                "id": "INFT-AJJL8D",
                "name": "Diskonttankstelle Jandl",
                "S98": "0",
                "S95": "0",
                "N": "0",
                "D": "1.453",
                "G": "0",
                "zip": "1220",
                "land": "at",
                "bundesland": "Wien",
                "city2": "Donaustadt",
                "city": "Wien",
                "strasse": "Dassanowskyweg 12",
                "date": "3.9.2025",
                "time": "6:18:41"
            }
        },
        {
            "type": "Feature",
            "geometry": {
                "type": "Point",
                "coordinates": [
                    15.2768885,
                    48.8183833
                ]
            },
            "properties": {
                "id": "INFT-AJJKXN",
                "name": "AVIA",
                "S98": "0",
                "S95": "1.554",
                "N": "0",
                "D": "1.564",
                "G": "0",
                "zip": "3830",
                "land": "at",
                "bundesland": "Niederösterreich",
                "city2": "Waidhofen/Thaya",
                "city": "Waidhofen/Thaya",
                "strasse": "Heidenreichsteiner Straße 25",
                "date": "3.9.2025",
                "time": "6:17:31"
            }
        },
        {
            "type": "Feature",
            "geometry": {
                "type": "Point",
                "coordinates": [
                    13.8435871,
                    46.5939688
                ]
            },
            "properties": {
                "id": "INFT-AJJL58",
                "name": "Turmöl Quick",
                "S98": "0",
                "S95": "1.452",
                "N": "0",
                "D": "1.452",
                "G": "0",
                "zip": "9500",
                "land": "at",
                "bundesland": "Kärnten",
                "city2": "Villach",
                "city": "Villach",
                "strasse": "Triglavstraße 1",
                "date": "3.9.2025",
                "time": "6:17:0"
            }
        },
        {
            "type": "Feature",
            "geometry": {
                "type": "Point",
                "coordinates": [
                    10.0052375,
                    47.123429
                ]
            },
            "properties": {
                "id": "INFT-AJJKQN",
                "name": "Disk TANKAUTOMAT",
                "S98": "0",
                "S95": "1.514",
                "N": "0",
                "D": "1.524",
                "G": "0",
                "zip": "6752",
                "land": "at",
                "bundesland": "Vorarlberg",
                "city2": "Bludenz",
                "city": "Dalaas",
                "strasse": "Klostertalerstraße 100",
                "date": "3.9.2025",
                "time": "6:18:28"
            }
        },
        {
            "type": "Feature",
            "geometry": {
                "type": "Point",
                "coordinates": [
                    13.9188821,
                    48.0051382
                ]
            },
            "properties": {
                "id": "INFT-AJJKSZ",
                "name": "DICKINGER Agrarhandel GmbH",
                "S98": "0",
                "S95": "1.449",
                "N": "0",
                "D": "1.449",
                "G": "0",
                "zip": "4655",
                "land": "at",
                "bundesland": "Oberösterreich",
                "city2": "Gmunden",
                "city": "Vorchdorf",
                "strasse": "Stampfstraße 3",
                "date": "3.9.2025",
                "time": "6:17:42"
            }
        },
        {
            "type": "Feature",
            "geometry": {
                "type": "Point",
                "coordinates": [
                    15.2361085,
                    46.8271642
                ]
            },
            "properties": {
                "id": "INFT-AJJKWL",
                "name": "Diesel-Klösch",
                "S98": "0",
                "S95": "0",
                "N": "0",
                "D": "1.438",
                "G": "0",
                "zip": "8530",
                "land": "at",
                "bundesland": "Steiermark",
                "city2": "Deutschlandsberg",
                "city": "Deutschlandsberg",
                "strasse": "Mostbauerstrasse 3",
                "date": "3.9.2025",
                "time": "6:18:4"
            }
        },
        {
            "type": "Feature",
            "geometry": {
                "type": "Point",
                "coordinates": [
                    16.600584649999995,
                    48.3577548
                ]
            },
            "properties": {
                "id": "INFT-AJJL69",
                "name": "Brenner",
                "S98": "0",
                "S95": "1.469",
                "N": "0",
                "D": "1.469",
                "G": "0",
                "zip": "2213",
                "land": "at",
                "bundesland": "Niederösterreich",
                "city2": "Mistelbach",
                "city": "Bockfließ",
                "strasse": "Wagramer Straße 16",
                "date": "3.9.2025",
                "time": "6:17:24"
            }
        },
        {
            "type": "Feature",
            "geometry": {
                "type": "Point",
                "coordinates": [
                    16.25757,
                    48.20271
                ]
            },
            "properties": {
                "id": "INFT-AJJKWS",
                "name": "Shell Austria",
                "S98": "0",
                "S95": "1.469",
                "N": "0",
                "D": "1.489",
                "G": "0",
                "zip": "1140",
                "land": "at",
                "bundesland": "Wien",
                "city2": "Penzing",
                "city": "WIEN",
                "strasse": "HUETTELBERGSTRASSE 4",
                "date": "3.9.2025",
                "time": "6:18:36"
            }
        },
        {
            "type": "Feature",
            "geometry": {
                "type": "Point",
                "coordinates": [
                    14.61341,
                    46.65757
                ]
            },
            "properties": {
                "id": "INFT-AJJLC2",
                "name": "Rudolf GmbH",
                "S98": "0",
                "S95": "0",
                "N": "0",
                "D": "1.449",
                "G": "0",
                "zip": "9100",
                "land": "at",
                "bundesland": "Kärnten",
                "city2": "Völkermarkt",
                "city": "Voelkermarkt",
                "strasse": "Klagenfurter Strasse 46",
                "date": "3.9.2025",
                "time": "6:17:6"
            }
        },
        {
            "type": "Feature",
            "geometry": {
                "type": "Point",
                "coordinates": [
                    14.089773,
                    46.726235
                ]
            },
            "properties": {
                "id": "INFT-AJJL7P",
                "name": "SOCAR Feldkirchen",
                "S98": "0",
                "S95": "1.473",
                "N": "0",
                "D": "1.476",
                "G": "0",
                "zip": "9560",
                "land": "at",
                "bundesland": "Kärnten",
                "city2": "Feldkirchen",
                "city": "Feldkirchen",
                "strasse": "Doktor-Arthur-Lemisch-Straße 7",
                "date": "3.9.2025",
                "time": "6:17:9"
            }
        },
        {
            "type": "Feature",
            "geometry": {
                "type": "Point",
                "coordinates": [
                    15.0553276,
                    47.0239873
                ]
            },
            "properties": {
                "id": "INFT-AJJKNE",
                "name": "SB DISKONT plus",
                "S98": "0",
                "S95": "1.418",
                "N": "0",
                "D": "1.428",
                "G": "0",
                "zip": "8583",
                "land": "at",
                "bundesland": "Steiermark",
                "city2": "Voitsberg",
                "city": "Edelschrott",
                "strasse": "Packerstrasse 50",
                "date": "3.9.2025",
                "time": "6:18:13"
            }
        },
        {
            "type": "Feature",
            "geometry": {
                "type": "Point",
                "coordinates": [
                    16.6948144,
                    48.3976496
                ]
            },
            "properties": {
                "id": "INFT-AJJKX4",
                "name": "Turmöl Quick",
                "S98": "0",
                "S95": "1.454",
                "N": "0",
                "D": "1.464",
                "G": "0",
                "zip": "2243",
                "land": "at",
                "bundesland": "Niederösterreich",
                "city2": "Gänserndorf",
                "city": "Matzen",
                "strasse": "Reyerdorfer Straße 4a",
                "date": "3.9.2025",
                "time": "6:17:16"
            }
        },
        {
            "type": "Feature",
            "geometry": {
                "type": "Point",
                "coordinates": [
                    14.0346315,
                    48.1670468
                ]
            },
            "properties": {
                "id": "INFT-AJJL3N",
                "name": "AVIA Xpress",
                "S98": "0",
                "S95": "1.482",
                "N": "0",
                "D": "1.482",
                "G": "0",
                "zip": "4600",
                "land": "at",
                "bundesland": "Oberösterreich",
                "city2": "Wels",
                "city": "Wels",
                "strasse": "Reitschulgasse 9",
                "date": "3.9.2025",
                "time": "6:17:36"
            }
        },
        {
            "type": "Feature",
            "geometry": {
                "type": "Point",
                "coordinates": [
                    13.44392,
                    48.43865
                ]
            },
            "properties": {
                "id": "INFT-AJJKXX",
                "name": "AVANTI - Sankt Florian/Inn Bundesstraße 129",
                "S98": "0",
                "S95": "0",
                "N": "0",
                "D": "1.48",
                "G": "0",
                "zip": "4780",
                "land": "at",
                "bundesland": "Oberösterreich",
                "city2": "Schärding",
                "city": "Sankt Florian/Inn",
                "strasse": "Bundesstrasse 129",
                "date": "3.9.2025",
                "time": "6:17:50"
            }
        },
        {
            "type": "Feature",
            "geometry": {
                "type": "Point",
                "coordinates": [
                    14.37077,
                    46.63785
                ]
            },
            "properties": {
                "id": "INFT-AJJKRK",
                "name": "AVANTI - Klagenfurt Görtschitztal Straße 22",
                "S98": "0",
                "S95": "1.449",
                "N": "0",
                "D": "1.443",
                "G": "0",
                "zip": "9020",
                "land": "at",
                "bundesland": "Kärnten",
                "city2": "Klagenfurt Land",
                "city": "Klagenfurt",
                "strasse": "Görtschitztal Strasse 22",
                "date": "3.9.2025",
                "time": "6:17:0"
            }
        },
        {
            "type": "Feature",
            "geometry": {
                "type": "Point",
                "coordinates": [
                    14.009414,
                    48.36248
                ]
            },
            "properties": {
                "id": "INFT-AJJL7F",
                "name": "GENOL-LH EFERDING-OÖ. MITTE eGen",
                "S98": "0",
                "S95": "0",
                "N": "0",
                "D": "1.489",
                "G": "0",
                "zip": "4082",
                "land": "at",
                "bundesland": "Oberösterreich",
                "city2": "Eferding",
                "city": "ASCHACH AN DER DONAU",
                "strasse": "BAHNHOFSTRASSE 25",
                "date": "3.9.2025",
                "time": "6:17:39"
            }
        },
        {
            "type": "Feature",
            "geometry": {
                "type": "Point",
                "coordinates": [
                    15.9208267,
                    48.5293754
                ]
            },
            "properties": {
                "id": "INFT-AJJL8P",
                "name": "Lagerhaus - Genol",
                "S98": "0",
                "S95": "1.489",
                "N": "0",
                "D": "1.494",
                "G": "0",
                "zip": "3710",
                "land": "at",
                "bundesland": "Niederösterreich",
                "city2": "Hollabrunn",
                "city": "Ziersdorf",
                "strasse": "Hornerstrasse  43",
                "date": "3.9.2025",
                "time": "6:17:18"
            }
        },
        {
            "type": "Feature",
            "geometry": {
                "type": "Point",
                "coordinates": [
                    16.9296436,
                    47.7351682
                ]
            },
            "properties": {
                "id": "INFT-AJJL9K",
                "name": "Lagerhaus-Genol",
                "S98": "0",
                "S95": "1.474",
                "N": "0",
                "D": "0",
                "G": "0",
                "zip": "7151",
                "land": "at",
                "bundesland": "Burgenland",
                "city2": "Neusiedl am See",
                "city": "Wallern",
                "strasse": "Bahnstraße 115",
                "date": "3.9.2025",
                "time": "6:16:56"
            }
        },
        {
            "type": "Feature",
            "geometry": {
                "type": "Point",
                "coordinates": [
                    16.8486015,
                    48.466849
                ]
            },
            "properties": {
                "id": "INFT-AJJKX2",
                "name": "Turmöl Quick",
                "S98": "0",
                "S95": "1.454",
                "N": "0",
                "D": "1.464",
                "G": "0",
                "zip": "2263",
                "land": "at",
                "bundesland": "Niederösterreich",
                "city2": "Gänserndorf",
                "city": "Dürnkrut",
                "strasse": "Bernsteinstraße 48",
                "date": "3.9.2025",
                "time": "6:17:15"
            }
        },
        {
            "type": "Feature",
            "geometry": {
                "type": "Point",
                "coordinates": [
                    14.024823,
                    48.169214
                ]
            },
            "properties": {
                "id": "INFT-AJJL3M",
                "name": "Turmöl Quick",
                "S98": "0",
                "S95": "1.483",
                "N": "0",
                "D": "1.483",
                "G": "0",
                "zip": "4600",
                "land": "at",
                "bundesland": "Oberösterreich",
                "city2": "Wels",
                "city": "Wels",
                "strasse": "Grieskirchnerstraße 4",
                "date": "3.9.2025",
                "time": "6:17:36"
            }
        },
        {
            "type": "Feature",
            "geometry": {
                "type": "Point",
                "coordinates": [
                    15.0887587,
                    47.3789195
                ]
            },
            "properties": {
                "id": "INFT-AJJKNW",
                "name": "Turmöl Quick",
                "S98": "0",
                "S95": "1.442",
                "N": "0",
                "D": "1.447",
                "G": "0",
                "zip": "8700",
                "land": "at",
                "bundesland": "Steiermark",
                "city2": "Leoben",
                "city": "Leoben",
                "strasse": "Zeltenschlagstraße 2",
                "date": "3.9.2025",
                "time": "6:18:9"
            }
        },
        {
            "type": "Feature",
            "geometry": {
                "type": "Point",
                "coordinates": [
                    11.6386,
                    47.304
                ]
            },
            "properties": {
                "id": "INFT-AJJKZW",
                "name": "OIL! Tankstelle",
                "S98": "0",
                "S95": "1.589",
                "N": "0",
                "D": "1.589",
                "G": "0",
                "zip": "6114",
                "land": "at",
                "bundesland": "Tirol",
                "city2": "Innsbruck Land",
                "city": "Kolsass",
                "strasse": "Auweg 1",
                "date": "3.9.2025",
                "time": "6:18:20"
            }
        },
        {
            "type": "Feature",
            "geometry": {
                "type": "Point",
                "coordinates": [
                    14.052246,
                    48.4412627
                ]
            },
            "properties": {
                "id": "INFT-AJJKVN",
                "name": "Genol - Lagerhaus",
                "S98": "0",
                "S95": "0",
                "N": "0",
                "D": "1.489",
                "G": "0",
                "zip": "4174",
                "land": "at",
                "bundesland": "Oberösterreich",
                "city2": "Rohrbach",
                "city": "Niederwaldkirchen",
                "strasse": "Drautendorf 54",
                "date": "3.9.2025",
                "time": "6:17:49"
            }
        },
        {
            "type": "Feature",
            "geometry": {
                "type": "Point",
                "coordinates": [
                    14.043058,
                    48.165209
                ]
            },
            "properties": {
                "id": "INFT-AJJL3P",
                "name": "Turmöl Quick",
                "S98": "0",
                "S95": "1.483",
                "N": "0",
                "D": "1.483",
                "G": "0",
                "zip": "4600",
                "land": "at",
                "bundesland": "Oberösterreich",
                "city2": "Wels",
                "city": "Wels",
                "strasse": "Linzerstraße 92a",
                "date": "3.9.2025",
                "time": "6:17:37"
            }
        },
        {
            "type": "Feature",
            "geometry": {
                "type": "Point",
                "coordinates": [
                    13.189367,
                    47.3343734
                ]
            },
            "properties": {
                "id": "INFT-AJJKPX",
                "name": " LMEnergy Express",
                "S98": "0",
                "S95": "1.489",
                "N": "0",
                "D": "1.489",
                "G": "0",
                "zip": "5600",
                "land": "at",
                "bundesland": "Salzburg",
                "city2": "St. Johann",
                "city": "St. Johann",
                "strasse": "Bundesstraße 2",
                "date": "3.9.2025",
                "time": "6:17:59"
            }
        },
        {
            "type": "Feature",
            "geometry": {
                "type": "Point",
                "coordinates": [
                    13.60349,
                    48.001815
                ]
            },
            "properties": {
                "id": "INFT-AJJKZL",
                "name": "AVIA Xpress (Automaten-Tankstelle)",
                "S98": "0",
                "S95": "1.453",
                "N": "0",
                "D": "0",
                "G": "0",
                "zip": "4850",
                "land": "at",
                "bundesland": "Oberösterreich",
                "city2": "Vöcklabruck",
                "city": "Timelkam",
                "strasse": "Salzburgerstr. 26",
                "date": "3.9.2025",
                "time": "6:17:54"
            }
        },
        {
            "type": "Feature",
            "geometry": {
                "type": "Point",
                "coordinates": [
                    15.009137,
                    47.350148
                ]
            },
            "properties": {
                "id": "INFT-AJJKP2",
                "name": "Rumpold",
                "S98": "0",
                "S95": "0",
                "N": "0",
                "D": "1.449",
                "G": "0",
                "zip": "8770",
                "land": "at",
                "bundesland": "Steiermark",
                "city2": "Leoben",
                "city": "St. Michael",
                "strasse": "Bundesstraße 50",
                "date": "3.9.2025",
                "time": "6:18:8"
            }
        },
        {
            "type": "Feature",
            "geometry": {
                "type": "Point",
                "coordinates": [
                    16.32173,
                    48.19039
                ]
            },
            "properties": {
                "id": "INFT-AJJKWX",
                "name": "Shell Austria",
                "S98": "0",
                "S95": "1.469",
                "N": "0",
                "D": "1.489",
                "G": "0",
                "zip": "1150",
                "land": "at",
                "bundesland": "Wien",
                "city2": "Rudolfsheim",
                "city": "WIEN",
                "strasse": "LINZER STR 2A",
                "date": "3.9.2025",
                "time": "6:18:37"
            }
        },
        {
            "type": "Feature",
            "geometry": {
                "type": "Point",
                "coordinates": [
                    16.3201416,
                    47.0781445
                ]
            },
            "properties": {
                "id": "INFT-AJJLBQ",
                "name": "Landestankstelle Güssing Partner Luisser",
                "S98": "0",
                "S95": "0",
                "N": "0",
                "D": "1.469",
                "G": "0",
                "zip": "7540",
                "land": "at",
                "bundesland": "Burgenland",
                "city2": "Güssing",
                "city": "Güssing ",
                "strasse": "Wiener Straße 62",
                "date": "3.9.2025",
                "time": "6:16:53"
            }
        },
        {
            "type": "Feature",
            "geometry": {
                "type": "Point",
                "coordinates": [
                    13.739677,
                    48.187439
                ]
            },
            "properties": {
                "id": "INFT-AJJLB9",
                "name": "Kreupl, Freie Tankstelle",
                "S98": "0",
                "S95": "1.459",
                "N": "0",
                "D": "1.469",
                "G": "0",
                "zip": "4676",
                "land": "at",
                "bundesland": "Oberösterreich",
                "city2": "Grieskirchen",
                "city": "Aistersheim",
                "strasse": "Aistersheim 38",
                "date": "3.9.2025",
                "time": "6:17:43"
            }
        },
        {
            "type": "Feature",
            "geometry": {
                "type": "Point",
                "coordinates": [
                    15.7864336,
                    48.5171956
                ]
            },
            "properties": {
                "id": "INFT-AJJL96",
                "name": "Lagerhaus - Genol",
                "S98": "0",
                "S95": "0",
                "N": "0",
                "D": "1.494",
                "G": "0",
                "zip": "3473",
                "land": "at",
                "bundesland": "Niederösterreich",
                "city2": "Hollabrunn",
                "city": "Mühlbach am Manhartsberg",
                "strasse": "Mühlbach 93",
                "date": "3.9.2025",
                "time": "6:17:17"
            }
        },
        {
            "type": "Feature",
            "geometry": {
                "type": "Point",
                "coordinates": [
                    16.9235613,
                    47.9056277
                ]
            },
            "properties": {
                "id": "INFT-AJJL9M",
                "name": "LSC Wenzl GmbH",
                "S98": "0",
                "S95": "0",
                "N": "0",
                "D": "1.49",
                "G": "0",
                "zip": "7122",
                "land": "at",
                "bundesland": "Burgenland",
                "city2": "Neusiedl am See",
                "city": "Gols",
                "strasse": "Hochäcker 7",
                "date": "3.9.2025",
                "time": "6:16:55"
            }
        },
        {
            "type": "Feature",
            "geometry": {
                "type": "Point",
                "coordinates": [
                    13.6922177,
                    48.4039189
                ]
            },
            "properties": {
                "id": "INFT-AJJLB3",
                "name": "SB-Tankstelle Schmied im Wald",
                "S98": "0",
                "S95": "1.436",
                "N": "0",
                "D": "1.436",
                "G": "0",
                "zip": "4723",
                "land": "at",
                "bundesland": "Oberösterreich",
                "city2": "Grieskirchen",
                "city": "Natternbach",
                "strasse": "Gschaid 8",
                "date": "3.9.2025",
                "time": "6:17:43"
            }
        },
        {
            "type": "Feature",
            "geometry": {
                "type": "Point",
                "coordinates": [
                    16.29075,
                    47.98609
                ]
            },
            "properties": {
                "id": "INFT-AJJLA4",
                "name": "AVANTI - Oeynhausen Ebreichsdorfer Straße 28",
                "S98": "0",
                "S95": "0",
                "N": "0",
                "D": "1.453",
                "G": "0",
                "zip": "2512",
                "land": "at",
                "bundesland": "Niederösterreich",
                "city2": "Baden",
                "city": "Oeynhausen",
                "strasse": "Ebreichsdorfer Strasse 28",
                "date": "3.9.2025",
                "time": "6:17:13"
            }
        },
        {
            "type": "Feature",
            "geometry": {
                "type": "Point",
                "coordinates": [
                    15.9573163,
                    47.6727758
                ]
            },
            "properties": {
                "id": "INFT-AJJKKZ",
                "name": "Turmöl Quick",
                "S98": "0",
                "S95": "1.494",
                "N": "0",
                "D": "1.511",
                "G": "0",
                "zip": "2640",
                "land": "at",
                "bundesland": "Niederösterreich",
                "city2": "Neunkirchen",
                "city": "Gloggnitz",
                "strasse": "Wiener Straße 106",
                "date": "3.9.2025",
                "time": "6:17:26"
            }
        },
        {
            "type": "Feature",
            "geometry": {
                "type": "Point",
                "coordinates": [
                    16.711388,
                    48.3350589
                ]
            },
            "properties": {
                "id": "INFT-AJJKWZ",
                "name": "Turmöl Quick",
                "S98": "0",
                "S95": "1.454",
                "N": "0",
                "D": "1.464",
                "G": "0",
                "zip": "2230",
                "land": "at",
                "bundesland": "Niederösterreich",
                "city2": "Gänserndorf",
                "city": "Gänserndorf",
                "strasse": "Wienerstraße 14",
                "date": "3.9.2025",
                "time": "6:17:15"
            }
        },
        {
            "type": "Feature",
            "geometry": {
                "type": "Point",
                "coordinates": [
                    16.36399,
                    48.25463
                ]
            },
            "properties": {
                "id": "INFT-AJJL87",
                "name": "Shell Austria",
                "S98": "0",
                "S95": "1.599",
                "N": "0",
                "D": "1.599",
                "G": "0",
                "zip": "1190",
                "land": "at",
                "bundesland": "Wien",
                "city2": "Döbling",
                "city": "WIEN",
                "strasse": "GRINZINGERSTRASSE 137",
                "date": "3.9.2025",
                "time": "6:18:39"
            }
        },
        {
            "type": "Feature",
            "geometry": {
                "type": "Point",
                "coordinates": [
                    14.72846,
                    46.70256
                ]
            },
            "properties": {
                "id": "INFT-AJJLBS",
                "name": "AVANTI - Griffen",
                "S98": "0",
                "S95": "1.464",
                "N": "0",
                "D": "1.454",
                "G": "0",
                "zip": "9112",
                "land": "at",
                "bundesland": "Kärnten",
                "city2": "Völkermarkt",
                "city": "Griffen",
                "strasse": " ",
                "date": "3.9.2025",
                "time": "6:17:6"
            }
        },
        {
            "type": "Feature",
            "geometry": {
                "type": "Point",
                "coordinates": [
                    15.0628909,
                    48.7929004
                ]
            },
            "properties": {
                "id": "INFT-AJJLAW",
                "name": "Turmöl Quick",
                "S98": "0",
                "S95": "1.549",
                "N": "0",
                "D": "1.559",
                "G": "0",
                "zip": "3943",
                "land": "at",
                "bundesland": "Niederösterreich",
                "city2": "Gmünd",
                "city": "Schrems",
                "strasse": "Gmünderstraße 28 ",
                "date": "3.9.2025",
                "time": "6:17:17"
            }
        },
        {
            "type": "Feature",
            "geometry": {
                "type": "Point",
                "coordinates": [
                    14.015287,
                    48.3001235
                ]
            },
            "properties": {
                "id": "INFT-AJJL7B",
                "name": "PINK - so pink, so clever",
                "S98": "0",
                "S95": "1.489",
                "N": "0",
                "D": "1.489",
                "G": "0",
                "zip": "4070",
                "land": "at",
                "bundesland": "Oberösterreich",
                "city2": "Eferding",
                "city": "Eferding",
                "strasse": "Karl-Schachinger-Straße 17",
                "date": "3.9.2025",
                "time": "6:17:40"
            }
        },
        {
            "type": "Feature",
            "geometry": {
                "type": "Point",
                "coordinates": [
                    16.4324706,
                    47.5591137
                ]
            },
            "properties": {
                "id": "INFT-AJJKW8",
                "name": "Turmöl Quick",
                "S98": "0",
                "S95": "1.475",
                "N": "0",
                "D": "1.475",
                "G": "0",
                "zip": "7341",
                "land": "at",
                "bundesland": "Burgenland",
                "city2": "Oberpullendorf",
                "city": "Markt Sankt Martin",
                "strasse": "Hauptstraße 78",
                "date": "3.9.2025",
                "time": "6:16:57"
            }
        },
        {
            "type": "Feature",
            "geometry": {
                "type": "Point",
                "coordinates": [
                    16.33505,
                    48.18452
                ]
            },
            "properties": {
                "id": "INFT-AJJL5Q",
                "name": "boesch energy, turmöl",
                "S98": "0",
                "S95": "1.494",
                "N": "0",
                "D": "1.494",
                "G": "0",
                "zip": "1120",
                "land": "at",
                "bundesland": "Wien",
                "city2": "Meidling",
                "city": "Wien",
                "strasse": "Schoenbrunner Strasse 213",
                "date": "3.9.2025",
                "time": "6:18:35"
            }
        },
        {
            "type": "Feature",
            "geometry": {
                "type": "Point",
                "coordinates": [
                    14.9982722,
                    48.7693868
                ]
            },
            "properties": {
                "id": "INFT-AJJLAX",
                "name": "AVIA XPress (unser Service: Luft und Wasser)",
                "S98": "0",
                "S95": "1.549",
                "N": "0",
                "D": "1.559",
                "G": "0",
                "zip": "3950",
                "land": "at",
                "bundesland": "Niederösterreich",
                "city2": "Gmünd",
                "city": "Gmünd",
                "strasse": "Schremser Straße 50",
                "date": "3.9.2025",
                "time": "6:17:17"
            }
        },
        {
            "type": "Feature",
            "geometry": {
                "type": "Point",
                "coordinates": [
                    16.102583,
                    47.14749
                ]
            },
            "properties": {
                "id": "INFT-AJJLBK",
                "name": "SOCAR Burgau",
                "S98": "0",
                "S95": "1.482",
                "N": "0",
                "D": "1.483",
                "G": "0",
                "zip": "8291",
                "land": "at",
                "bundesland": "Steiermark",
                "city2": "Fürstenfeld",
                "city": "Burgau",
                "strasse": "Neudauerstraße 270",
                "date": "3.9.2025",
                "time": "6:16:54"
            }
        },
        {
            "type": "Feature",
            "geometry": {
                "type": "Point",
                "coordinates": [
                    13.347336,
                    48.172218
                ]
            },
            "properties": {
                "id": "INFT-AJJL3V",
                "name": "AVIA Xpress (Automaten-Tankstelle)",
                "S98": "0",
                "S95": "1.484",
                "N": "0",
                "D": "1.513",
                "G": "0",
                "zip": "4931",
                "land": "at",
                "bundesland": "Oberösterreich",
                "city2": "Ried",
                "city": "Mettmach",
                "strasse": "Rieder Straße 17",
                "date": "3.9.2025",
                "time": "6:17:49"
            }
        },
        {
            "type": "Feature",
            "geometry": {
                "type": "Point",
                "coordinates": [
                    13.0508818,
                    48.1787503
                ]
            },
            "properties": {
                "id": "INFT-AJJKPQ",
                "name": "Turmöl Quick",
                "S98": "0",
                "S95": "1.484",
                "N": "0",
                "D": "0",
                "G": "0",
                "zip": "5145",
                "land": "at",
                "bundesland": "Oberösterreich",
                "city2": "Braunau",
                "city": "Neukirchen/Enknach",
                "strasse": "Salzburgerstraße 14",
                "date": "3.9.2025",
                "time": "6:17:38"
            }
        },
        {
            "type": "Feature",
            "geometry": {
                "type": "Point",
                "coordinates": [
                    15.94180584,
                    48.33325905
                ]
            },
            "properties": {
                "id": "INFT-AJJKTH",
                "name": "Schildecker-DISKONT",
                "S98": "0",
                "S95": "1.429",
                "N": "0",
                "D": "1.439",
                "G": "0",
                "zip": "3435",
                "land": "at",
                "bundesland": "Niederösterreich",
                "city2": "Tulln",
                "city": "Pischelsdorf",
                "strasse": "Industriegelände Objekt 2",
                "date": "3.9.2025",
                "time": "6:17:29"
            }
        },
        {
            "type": "Feature",
            "geometry": {
                "type": "Point",
                "coordinates": [
                    10.3807965,
                    47.063014
                ]
            },
            "properties": {
                "id": "INFT-AJJLBD",
                "name": "Disk Tankautomat ",
                "S98": "0",
                "S95": "1.587",
                "N": "0",
                "D": "1.587",
                "G": "0",
                "zip": "6555",
                "land": "at",
                "bundesland": "Tirol",
                "city2": "Landeck",
                "city": "Kappl",
                "strasse": "Lochau 378",
                "date": "3.9.2025",
                "time": "6:18:24"
            }
        },
        {
            "type": "Feature",
            "geometry": {
                "type": "Point",
                "coordinates": [
                    11.8807031,
                    47.4370676
                ]
            },
            "properties": {
                "id": "INFT-AJJL25",
                "name": "AP Brixlegg",
                "S98": "0",
                "S95": "1.479",
                "N": "0",
                "D": "1.489",
                "G": "0",
                "zip": "6230",
                "land": "at",
                "bundesland": "Tirol",
                "city2": "Kufstein",
                "city": "Brixlegg",
                "strasse": "Niederfeldweg 9a",
                "date": "3.9.2025",
                "time": "6:18:22"
            }
        },
        {
            "type": "Feature",
            "geometry": {
                "type": "Point",
                "coordinates": [
                    14.314689,
                    48.27066
                ]
            },
            "properties": {
                "id": "INFT-AJJKLV",
                "name": "Turmöl Quick",
                "S98": "0",
                "S95": "1.484",
                "N": "0",
                "D": "1.493",
                "G": "0",
                "zip": "4020",
                "land": "at",
                "bundesland": "Oberösterreich",
                "city2": "Linz Land",
                "city": "Linz",
                "strasse": "Wienerstraße 238",
                "date": "3.9.2025",
                "time": "6:17:34"
            }
        },
        {
            "type": "Feature",
            "geometry": {
                "type": "Point",
                "coordinates": [
                    13.907774,
                    48.6786932
                ]
            },
            "properties": {
                "id": "INFT-AJJKVQ",
                "name": "LKW - Genol Lagerhaus",
                "S98": "0",
                "S95": "0",
                "N": "0",
                "D": "1.489",
                "G": "0",
                "zip": "4161",
                "land": "at",
                "bundesland": "Oberösterreich",
                "city2": "Rohrbach",
                "city": "Ulrichsberg",
                "strasse": "Dreisesselbergstrasse 19",
                "date": "3.9.2025",
                "time": "6:17:49"
            }
        },
        {
            "type": "Feature",
            "geometry": {
                "type": "Point",
                "coordinates": [
                    15.1854858,
                    48.6028473
                ]
            },
            "properties": {
                "id": "INFT-AJJKXD",
                "name": "AVIA",
                "S98": "0",
                "S95": "1.549",
                "N": "0",
                "D": "1.559",
                "G": "0",
                "zip": "3910",
                "land": "at",
                "bundesland": "Niederösterreich",
                "city2": "Zwettl",
                "city": "Zwettl",
                "strasse": "Franz Eigl-Str. 7",
                "date": "3.9.2025",
                "time": "6:17:33"
            }
        },
        {
            "type": "Feature",
            "geometry": {
                "type": "Point",
                "coordinates": [
                    15.9091111,
                    47.7887601
                ]
            },
            "properties": {
                "id": "INFT-AJJKL2",
                "name": "M3 Puchberg ",
                "S98": "0",
                "S95": "1.489",
                "N": "0",
                "D": "1.516",
                "G": "0",
                "zip": "2734",
                "land": "at",
                "bundesland": "Niederösterreich",
                "city2": "Neunkirchen",
                "city": "Puchberg am Schneeberg",
                "strasse": "Schneeberg 29",
                "date": "3.9.2025",
                "time": "6:17:26"
            }
        },
        {
            "type": "Feature",
            "geometry": {
                "type": "Point",
                "coordinates": [
                    16.9349372,
                    47.725795
                ]
            },
            "properties": {
                "id": "INFT-AJJL99",
                "name": "Turmöl Quick",
                "S98": "0",
                "S95": "1.47",
                "N": "0",
                "D": "0",
                "G": "0",
                "zip": "7151",
                "land": "at",
                "bundesland": "Burgenland",
                "city2": "Neusiedl am See",
                "city": "Wallern",
                "strasse": "Bahnstraße 15",
                "date": "3.9.2025",
                "time": "6:16:56"
            }
        },
        {
            "type": "Feature",
            "geometry": {
                "type": "Point",
                "coordinates": [
                    14.752343555960577,
                    47.00204351681318
                ]
            },
            "properties": {
                "id": "INFT-AJJKP4",
                "name": "F. LEITNER",
                "S98": "0",
                "S95": "1.462",
                "N": "0",
                "D": "0",
                "G": "0",
                "zip": "9463",
                "land": "at",
                "bundesland": "Steiermark",
                "city2": "Judenburg",
                "city": "Reichenfels",
                "strasse": "Industriestraße 1",
                "date": "3.9.2025",
                "time": "6:17:7"
            }
        },
        {
            "type": "Feature",
            "geometry": {
                "type": "Point",
                "coordinates": [
                    13.8195391,
                    48.7363868
                ]
            },
            "properties": {
                "id": "INFT-AJJKVR",
                "name": "LKW - Tankstelle",
                "S98": "0",
                "S95": "0",
                "N": "0",
                "D": "1.489",
                "G": "0",
                "zip": "4164",
                "land": "at",
                "bundesland": "Oberösterreich",
                "city2": "Rohrbach",
                "city": "Schwarzenberg",
                "strasse": "Schwarzenberg 168",
                "date": "3.9.2025",
                "time": "6:17:50"
            }
        },
        {
            "type": "Feature",
            "geometry": {
                "type": "Point",
                "coordinates": [
                    16.334813,
                    48.20462
                ]
            },
            "properties": {
                "id": "INFT-AJJL7Y",
                "name": "NNB BRUNNENTANKSTELLE",
                "S98": "0",
                "S95": "1.498",
                "N": "0",
                "D": "1.499",
                "G": "0",
                "zip": "1160",
                "land": "at",
                "bundesland": "Wien",
                "city2": "Ottakring",
                "city": "WIEN",
                "strasse": "Brunnengasse 4",
                "date": "3.9.2025",
                "time": "6:18:37"
            }
        },
        {
            "type": "Feature",
            "geometry": {
                "type": "Point",
                "coordinates": [
                    10.9373833,
                    47.2687587
                ]
            },
            "properties": {
                "id": "INFT-AJJKM4",
                "name": "Disk TANKAUTOMAT",
                "S98": "0",
                "S95": "1.589",
                "N": "0",
                "D": "1.589",
                "G": "0",
                "zip": "6424",
                "land": "at",
                "bundesland": "Tirol",
                "city2": "Innsbruck Land",
                "city": "Silz",
                "strasse": "Tirolerstraße 14",
                "date": "3.9.2025",
                "time": "6:18:18"
            }
        },
        {
            "type": "Feature",
            "geometry": {
                "type": "Point",
                "coordinates": [
                    12.4911117,
                    47.2851698
                ]
            },
            "properties": {
                "id": "INFT-AJJKQ7",
                "name": "Turmöl Quick",
                "S98": "0",
                "S95": "1.539",
                "N": "0",
                "D": "1.544",
                "G": "0",
                "zip": "5730",
                "land": "at",
                "bundesland": "Salzburg",
                "city2": "Zell am See",
                "city": "Mittersill",
                "strasse": "Zellerstraße 26",
                "date": "3.9.2025",
                "time": "6:18:2"
            }
        },
        {
            "type": "Feature",
            "geometry": {
                "type": "Point",
                "coordinates": [
                    13.9628069,
                    47.0839155
                ]
            },
            "properties": {
                "id": "INFT-AJJKYG",
                "name": "SOCAR Stadl an der Mur",
                "S98": "0",
                "S95": "1.494",
                "N": "0",
                "D": "0",
                "G": "0",
                "zip": "8862",
                "land": "at",
                "bundesland": "Steiermark",
                "city2": "Murau",
                "city": "Stadl an der Mur",
                "strasse": "Murauer Straße 118",
                "date": "3.9.2025",
                "time": "6:18:11"
            }
        },
        {
            "type": "Feature",
            "geometry": {
                "type": "Point",
                "coordinates": [
                    15.253208,
                    46.928711
                ]
            },
            "properties": {
                "id": "INFT-AJJKWE",
                "name": "E. Tschuchnigg ",
                "S98": "0",
                "S95": "1.439",
                "N": "0",
                "D": "1.439",
                "G": "0",
                "zip": "8511",
                "land": "at",
                "bundesland": "Steiermark",
                "city2": "Deutschlandsberg",
                "city": "St. Stefan",
                "strasse": "Nr. 140",
                "date": "3.9.2025",
                "time": "6:18:4"
            }
        },
        {
            "type": "Feature",
            "geometry": {
                "type": "Point",
                "coordinates": [
                    14.05164,
                    48.57546
                ]
            },
            "properties": {
                "id": "INFT-AJJKVM",
                "name": "OMV Fast Lane - Haslach an der Mühl Sternwaldstraße 45",
                "S98": "0",
                "S95": "1.518",
                "N": "0",
                "D": "0",
                "G": "0",
                "zip": "4170",
                "land": "at",
                "bundesland": "Oberösterreich",
                "city2": "Rohrbach",
                "city": "Haslach an der Muehl",
                "strasse": "Sternwaldstrasse 45",
                "date": "3.9.2025",
                "time": "6:17:50"
            }
        },
        {
            "type": "Feature",
            "geometry": {
                "type": "Point",
                "coordinates": [
                    16.092691,
                    47.373778
                ]
            },
            "properties": {
                "id": "INFT-AJJKTW",
                "name": "Rekord-Tankstelle",
                "S98": "0",
                "S95": "1.478",
                "N": "0",
                "D": "1.478",
                "G": "0",
                "zip": "7423",
                "land": "at",
                "bundesland": "Burgenland",
                "city2": "Oberwart",
                "city": "Pinkafeld",
                "strasse": "Wirtschaftspark-West 9",
                "date": "3.9.2025",
                "time": "6:16:58"
            }
        },
        {
            "type": "Feature",
            "geometry": {
                "type": "Point",
                "coordinates": [
                    17.0054015,
                    47.9839221
                ]
            },
            "properties": {
                "id": "INFT-AJJL9R",
                "name": "Pamer GmbH",
                "S98": "0",
                "S95": "0",
                "N": "0",
                "D": "1.489",
                "G": "0",
                "zip": "2424",
                "land": "at",
                "bundesland": "Burgenland",
                "city2": "Neusiedl am See",
                "city": "Zurndorf",
                "strasse": "Wirtschaftsweg 2",
                "date": "3.9.2025",
                "time": "6:16:55"
            }
        },
        {
            "type": "Feature",
            "geometry": {
                "type": "Point",
                "coordinates": [
                    14.07613,
                    48.28792
                ]
            },
            "properties": {
                "id": "INFT-AJJL77",
                "name": "AVANTI - Alkoven Strass 16",
                "S98": "0",
                "S95": "1.484",
                "N": "0",
                "D": "1.484",
                "G": "0",
                "zip": "4072",
                "land": "at",
                "bundesland": "Oberösterreich",
                "city2": "Eferding",
                "city": "Alkoven",
                "strasse": "Strass 16",
                "date": "3.9.2025",
                "time": "6:17:39"
            }
        },
        {
            "type": "Feature",
            "geometry": {
                "type": "Point",
                "coordinates": [
                    14.1836354,
                    48.3354792
                ]
            },
            "properties": {
                "id": "INFT-AJJKVE",
                "name": "PINK - so pink, so clever",
                "S98": "0",
                "S95": "1.488",
                "N": "0",
                "D": "0",
                "G": "0",
                "zip": "4100",
                "land": "at",
                "bundesland": "Oberösterreich",
                "city2": "Urfahr Umgebung",
                "city": "Ottensheim",
                "strasse": "Linzer-Straße 60",
                "date": "3.9.2025",
                "time": "6:17:52"
            }
        },
        {
            "type": "Feature",
            "geometry": {
                "type": "Point",
                "coordinates": [
                    12.4044,
                    47.6481
                ]
            },
            "properties": {
                "id": "INFT-AJJL2D",
                "name": "BELLINGER, freie Tankstelle",
                "S98": "0",
                "S95": "1.539",
                "N": "0",
                "D": "0",
                "G": "0",
                "zip": "6385",
                "land": "at",
                "bundesland": "Tirol",
                "city2": "Kitzbühel",
                "city": "Schwendt bei Kössen",
                "strasse": "Unterschwendt 46",
                "date": "3.9.2025",
                "time": "6:18:21"
            }
        },
        {
            "type": "Feature",
            "geometry": {
                "type": "Point",
                "coordinates": [
                    15.8960945,
                    47.7917642
                ]
            },
            "properties": {
                "id": "INFT-AJJKL3",
                "name": "Paulischin",
                "S98": "0",
                "S95": "1.489",
                "N": "0",
                "D": "1.519",
                "G": "0",
                "zip": "2734",
                "land": "at",
                "bundesland": "Niederösterreich",
                "city2": "Neunkirchen",
                "city": "Puchberg",
                "strasse": " Unternbergweg 1",
                "date": "3.9.2025",
                "time": "6:17:26"
            }
        },
        {
            "type": "Feature",
            "geometry": {
                "type": "Point",
                "coordinates": [
                    10.9185006,
                    47.4322164
                ]
            },
            "properties": {
                "id": "INFT-AJJKVT",
                "name": "Gutmann ENI Tankstelle",
                "S98": "0",
                "S95": "1.569",
                "N": "0",
                "D": "1.569",
                "G": "0",
                "zip": "6632",
                "land": "at",
                "bundesland": "Tirol",
                "city2": "Reutte",
                "city": "Ehrwald",
                "strasse": "Schanz 1a",
                "date": "3.9.2025",
                "time": "6:18:26"
            }
        },
        {
            "type": "Feature",
            "geometry": {
                "type": "Point",
                "coordinates": [
                    14.0143393,
                    48.3021109
                ]
            },
            "properties": {
                "id": "INFT-AJJL7A",
                "name": "GENOL-LH EFERDING-OÖ. MITTE eGen",
                "S98": "0",
                "S95": "1.469",
                "N": "0",
                "D": "1.489",
                "G": "0",
                "zip": "4070",
                "land": "at",
                "bundesland": "Oberösterreich",
                "city2": "Eferding",
                "city": "EFERDING",
                "strasse": "BAHNHOFSTRASSE 51-55",
                "date": "3.9.2025",
                "time": "6:17:39"
            }
        },
        {
            "type": "Feature",
            "geometry": {
                "type": "Point",
                "coordinates": [
                    16.3843336,
                    48.2430922
                ]
            },
            "properties": {
                "id": "INFT-AJJL5X",
                "name": "BP",
                "S98": "0",
                "S95": "1.549",
                "N": "0",
                "D": "1.569",
                "G": "0",
                "zip": "1200",
                "land": "at",
                "bundesland": "Wien",
                "city2": "Brigittenau",
                "city": "Wien",
                "strasse": "Handelskai 90",
                "date": "3.9.2025",
                "time": "6:18:39"
            }
        },
        {
            "type": "Feature",
            "geometry": {
                "type": "Point",
                "coordinates": [
                    10.55756,
                    47.49479
                ]
            },
            "properties": {
                "id": "INFT-AJJKVS",
                "name": "AVANTI - Haldensee Seestraße 5",
                "S98": "0",
                "S95": "1.554",
                "N": "0",
                "D": "1.554",
                "G": "0",
                "zip": "6673",
                "land": "at",
                "bundesland": "Tirol",
                "city2": "Reutte",
                "city": "Haldensee",
                "strasse": "Seestrasse 5",
                "date": "3.9.2025",
                "time": "6:18:26"
            }
        },
        {
            "type": "Feature",
            "geometry": {
                "type": "Point",
                "coordinates": [
                    16.874917,
                    47.9276196
                ]
            },
            "properties": {
                "id": "INFT-AJJL9A",
                "name": "Lagerhaus-Genol",
                "S98": "0",
                "S95": "1.474",
                "N": "0",
                "D": "0",
                "G": "0",
                "zip": "7121",
                "land": "at",
                "bundesland": "Burgenland",
                "city2": "Neusiedl am See",
                "city": "Weiden",
                "strasse": "Triftstraße 24",
                "date": "3.9.2025",
                "time": "6:16:56"
            }
        },
        {
            "type": "Feature",
            "geometry": {
                "type": "Point",
                "coordinates": [
                    14.8530872,
                    46.8580653
                ]
            },
            "properties": {
                "id": "INFT-AJJKP5",
                "name": "Treibstoffparadies ",
                "S98": "0",
                "S95": "1.476",
                "N": "0",
                "D": "1.465",
                "G": "0",
                "zip": "9413",
                "land": "at",
                "bundesland": "Kärnten",
                "city2": "Wolfsberg",
                "city": "St. Gertraud",
                "strasse": "Zellach 6b",
                "date": "3.9.2025",
                "time": "6:17:7"
            }
        },
        {
            "type": "Feature",
            "geometry": {
                "type": "Point",
                "coordinates": [
                    16.5336044,
                    47.8328353
                ]
            },
            "properties": {
                "id": "INFT-AJJKKU",
                "name": "Tanke Blaguss",
                "S98": "0",
                "S95": "0",
                "N": "0",
                "D": "1.465",
                "G": "0",
                "zip": "7000",
                "land": "at",
                "bundesland": "Burgenland",
                "city2": "Eisenstadt",
                "city": "Eisenstadt",
                "strasse": "Industriestraße",
                "date": "3.9.2025",
                "time": "6:16:52"
            }
        },
        {
            "type": "Feature",
            "geometry": {
                "type": "Point",
                "coordinates": [
                    15.1369005,
                    47.0547254
                ]
            },
            "properties": {
                "id": "INFT-AJJKNF",
                "name": "SB DISKONT plus",
                "S98": "0",
                "S95": "1.418",
                "N": "0",
                "D": "1.428",
                "G": "0",
                "zip": "8570",
                "land": "at",
                "bundesland": "Steiermark",
                "city2": "Voitsberg",
                "city": "Bärnbach",
                "strasse": "Packerstrasse 4",
                "date": "3.9.2025",
                "time": "6:18:13"
            }
        },
        {
            "type": "Feature",
            "geometry": {
                "type": "Point",
                "coordinates": [
                    13.0641858,
                    47.7313262
                ]
            },
            "properties": {
                "id": "INFT-AJJKLE",
                "name": "LMEnergy Express",
                "S98": "0",
                "S95": "1.461",
                "N": "0",
                "D": "1.477",
                "G": "0",
                "zip": "5081",
                "land": "at",
                "bundesland": "Salzburg",
                "city2": "Salzburg Umgebung",
                "city": "Anif",
                "strasse": "Salzachtalbundesstraße 111",
                "date": "3.9.2025",
                "time": "6:17:58"
            }
        },
        {
            "type": "Feature",
            "geometry": {
                "type": "Point",
                "coordinates": [
                    16.9760281,
                    47.8702538
                ]
            },
            "properties": {
                "id": "INFT-AJJL9B",
                "name": "Lagerhaus-Genol",
                "S98": "0",
                "S95": "1.474",
                "N": "0",
                "D": "0",
                "G": "0",
                "zip": "7131",
                "land": "at",
                "bundesland": "Burgenland",
                "city2": "Neusiedl am See",
                "city": "Halbturn",
                "strasse": "Andauerstraße 1",
                "date": "3.9.2025",
                "time": "6:16:56"
            }
        },
        {
            "type": "Feature",
            "geometry": {
                "type": "Point",
                "coordinates": [
                    14.0209109,
                    48.3081944
                ]
            },
            "properties": {
                "id": "INFT-AJJL7C",
                "name": "PINK - so pink, so clever",
                "S98": "0",
                "S95": "1.489",
                "N": "0",
                "D": "1.489",
                "G": "0",
                "zip": "4070",
                "land": "at",
                "bundesland": "Oberösterreich",
                "city2": "Eferding",
                "city": "Eferding",
                "strasse": "Schmiedstraße 29",
                "date": "3.9.2025",
                "time": "6:17:40"
            }
        },
        {
            "type": "Feature",
            "geometry": {
                "type": "Point",
                "coordinates": [
                    12.3882226,
                    47.4964984
                ]
            },
            "properties": {
                "id": "INFT-AJJL2C",
                "name": "Gutmann ENI Tankstelle + TANKAUTOMAT",
                "S98": "0",
                "S95": "1.568",
                "N": "0",
                "D": "1.548",
                "G": "0",
                "zip": "6372",
                "land": "at",
                "bundesland": "Tirol",
                "city2": "Kitzbühel",
                "city": "Oberndorf",
                "strasse": "Bahnhofstraße 11",
                "date": "3.9.2025",
                "time": "6:18:21"
            }
        },
        {
            "type": "Feature",
            "geometry": {
                "type": "Point",
                "coordinates": [
                    16.219604,
                    47.887392
                ]
            },
            "properties": {
                "id": "INFT-AJJKPH",
                "name": "Turmöl Quick",
                "S98": "0",
                "S95": "1.464",
                "N": "0",
                "D": "1.463",
                "G": "0",
                "zip": "2751",
                "land": "at",
                "bundesland": "Niederösterreich",
                "city2": "Wiener Neustadt Land",
                "city": "Matzendorf-Hölles",
                "strasse": "Badenerstraße 51",
                "date": "3.9.2025",
                "time": "6:17:31"
            }
        },
        {
            "type": "Feature",
            "geometry": {
                "type": "Point",
                "coordinates": [
                    12.7911009,
                    46.8304105
                ]
            },
            "properties": {
                "id": "INFT-AJJKYN",
                "name": "Lagerhaus Tankstelle Lienz",
                "S98": "0",
                "S95": "1.519",
                "N": "0",
                "D": "1.519",
                "G": "0",
                "zip": "9900",
                "land": "at",
                "bundesland": "Tirol",
                "city2": "Lienz",
                "city": "Lienz",
                "strasse": "Kärntnerstraße 110",
                "date": "3.9.2025",
                "time": "6:18:25"
            }
        },
        {
            "type": "Feature",
            "geometry": {
                "type": "Point",
                "coordinates": [
                    16.245024,
                    48.585692
                ]
            },
            "properties": {
                "id": "INFT-AJJL8H",
                "name": "Tankstelle OBERHOFER",
                "S98": "0",
                "S95": "1.479",
                "N": "0",
                "D": "1.479",
                "G": "0",
                "zip": "2032",
                "land": "at",
                "bundesland": "Niederösterreich",
                "city2": "Hollabrunn",
                "city": "Enzersdorf im Thale",
                "strasse": "Enzersdorf im Thale",
                "date": "3.9.2025",
                "time": "6:17:18"
            }
        },
        {
            "type": "Feature",
            "geometry": {
                "type": "Point",
                "coordinates": [
                    13.0497956,
                    47.8157985
                ]
            },
            "properties": {
                "id": "INFT-AJJL47",
                "name": "Wildenhofer Diesel Tankstelle",
                "S98": "0",
                "S95": "0",
                "N": "0",
                "D": "1.437",
                "G": "0",
                "zip": "5020",
                "land": "at",
                "bundesland": "Salzburg",
                "city2": "Salzburg Umgebung",
                "city": "Salzburg",
                "strasse": "Gniglerstraße 5-7",
                "date": "3.9.2025",
                "time": "6:17:55"
            }
        },
        {
            "type": "Feature",
            "geometry": {
                "type": "Point",
                "coordinates": [
                    13.642724,
                    48.189051
                ]
            },
            "properties": {
                "id": "INFT-AJJLB6",
                "name": "DISKONT Grausgruber",
                "S98": "0",
                "S95": "1.459",
                "N": "0",
                "D": "1.469",
                "G": "0",
                "zip": "4680",
                "land": "at",
                "bundesland": "Oberösterreich",
                "city2": "Grieskirchen",
                "city": "Haag/Hausruck",
                "strasse": "Starhemberg 15",
                "date": "3.9.2025",
                "time": "6:17:43"
            }
        },
        {
            "type": "Feature",
            "geometry": {
                "type": "Point",
                "coordinates": [
                    15.1623475,
                    48.6110263
                ]
            },
            "properties": {
                "id": "INFT-AJJKXB",
                "name": "AVIA XPress (unser Service: Luft und Wasser)",
                "S98": "0",
                "S95": "1.549",
                "N": "0",
                "D": "1.559",
                "G": "0",
                "zip": "3910",
                "land": "at",
                "bundesland": "Niederösterreich",
                "city2": "Zwettl",
                "city": "Zwettl",
                "strasse": "Weitraer Straße 20",
                "date": "3.9.2025",
                "time": "6:17:33"
            }
        },
        {
            "type": "Feature",
            "geometry": {
                "type": "Point",
                "coordinates": [
                    14.6279426,
                    48.2504125
                ]
            },
            "properties": {
                "id": "INFT-AJJL3D",
                "name": "SOCAR Perg",
                "S98": "0",
                "S95": "1.449",
                "N": "0",
                "D": "1.464",
                "G": "0",
                "zip": "4320",
                "land": "at",
                "bundesland": "Oberösterreich",
                "city2": "Perg",
                "city": "Perg",
                "strasse": "Linzer Straße 38",
                "date": "3.9.2025",
                "time": "6:17:47"
            }
        },
        {
            "type": "Feature",
            "geometry": {
                "type": "Point",
                "coordinates": [
                    11.4950006,
                    47.2783007
                ]
            },
            "properties": {
                "id": "INFT-AJJL6K",
                "name": "Disk",
                "S98": "0",
                "S95": "1.599",
                "N": "0",
                "D": "0",
                "G": "0",
                "zip": "6060",
                "land": "at",
                "bundesland": "Tirol",
                "city2": "Innsbruck Land",
                "city": "Hall",
                "strasse": "Innsbrucker Straße 28",
                "date": "3.9.2025",
                "time": "6:18:20"
            }
        },
        {
            "type": "Feature",
            "geometry": {
                "type": "Point",
                "coordinates": [
                    16.316303,
                    48.112274
                ]
            },
            "properties": {
                "id": "INFT-AJJKX7",
                "name": "SPRITKÖNIG SCS",
                "S98": "0",
                "S95": "1.439",
                "N": "0",
                "D": "1.449",
                "G": "0",
                "zip": "2334",
                "land": "at",
                "bundesland": "Niederösterreich",
                "city2": "Mödling",
                "city": "Vösendorf",
                "strasse": "Westring Area 1",
                "date": "3.9.2025",
                "time": "6:17:25"
            }
        },
        {
            "type": "Feature",
            "geometry": {
                "type": "Point",
                "coordinates": [
                    14.06226,
                    46.54654
                ]
            },
            "properties": {
                "id": "INFT-AJJL4X",
                "name": "AVANTI - Sankt Jakob im Rosental 141",
                "S98": "0",
                "S95": "1.462",
                "N": "0",
                "D": "1.464",
                "G": "0",
                "zip": "9184",
                "land": "at",
                "bundesland": "Kärnten",
                "city2": "Villach Land",
                "city": "Sankt Jakob im Rosental",
                "strasse": " 141",
                "date": "3.9.2025",
                "time": "6:17:6"
            }
        },
        {
            "type": "Feature",
            "geometry": {
                "type": "Point",
                "coordinates": [
                    13.6962295,
                    46.7983963
                ]
            },
            "properties": {
                "id": "INFT-AJJKS2",
                "name": "Turmöl Quick",
                "S98": "0",
                "S95": "1.463",
                "N": "0",
                "D": "1.463",
                "G": "0",
                "zip": "9545",
                "land": "at",
                "bundesland": "Kärnten",
                "city2": "Spittal",
                "city": "Radenthein",
                "strasse": "Millstätterstraße 42a",
                "date": "3.9.2025",
                "time": "6:17:4"
            }
        },
        {
            "type": "Feature",
            "geometry": {
                "type": "Point",
                "coordinates": [
                    10.7499389,
                    47.0365443
                ]
            },
            "properties": {
                "id": "INFT-AJJLBE",
                "name": "Disk TANKAUTOMAT",
                "S98": "0",
                "S95": "1.617",
                "N": "0",
                "D": "1.617",
                "G": "0",
                "zip": "6524",
                "land": "at",
                "bundesland": "Tirol",
                "city2": "Landeck",
                "city": "Kaunertal",
                "strasse": "Kaunertal 101",
                "date": "3.9.2025",
                "time": "6:18:24"
            }
        },
        {
            "type": "Feature",
            "geometry": {
                "type": "Point",
                "coordinates": [
                    10.75935,
                    47.21094
                ]
            },
            "properties": {
                "id": "INFT-AJJKM2",
                "name": "AVANTI - Arzl im Pitztal Dorfstraße 16",
                "S98": "0",
                "S95": "1.594",
                "N": "0",
                "D": "1.594",
                "G": "0",
                "zip": "6471",
                "land": "at",
                "bundesland": "Tirol",
                "city2": "Imst",
                "city": "Arzl im Pitztal",
                "strasse": "Dorfstrasse 16",
                "date": "3.9.2025",
                "time": "6:18:18"
            }
        },
        {
            "type": "Feature",
            "geometry": {
                "type": "Point",
                "coordinates": [
                    16.314299,
                    48.1893108
                ]
            },
            "properties": {
                "id": "INFT-AJJKWN",
                "name": "Turmöl Quick",
                "S98": "0",
                "S95": "1.453",
                "N": "0",
                "D": "1.463",
                "G": "0",
                "zip": "1140",
                "land": "at",
                "bundesland": "Wien",
                "city2": "Penzing",
                "city": "Wien",
                "strasse": "Schlossallee 2",
                "date": "3.9.2025",
                "time": "6:18:36"
            }
        },
        {
            "type": "Feature",
            "geometry": {
                "type": "Point",
                "coordinates": [
                    14.2543489,
                    47.9586823
                ]
            },
            "properties": {
                "id": "INFT-AJJL7G",
                "name": " Diskonttankstelle Brüllmeir",
                "S98": "0",
                "S95": "1.466",
                "N": "0",
                "D": "0",
                "G": "0",
                "zip": "4593",
                "land": "at",
                "bundesland": "Oberösterreich",
                "city2": "Kirchdorf",
                "city": "Obergrünburg",
                "strasse": "Steyrtalstraße 18",
                "date": "3.9.2025",
                "time": "6:17:44"
            }
        },
        {
            "type": "Feature",
            "geometry": {
                "type": "Point",
                "coordinates": [
                    14.7383998,
                    47.1314124
                ]
            },
            "properties": {
                "id": "INFT-AJJKR8",
                "name": "Land lebt auf !",
                "S98": "0",
                "S95": "1.45",
                "N": "0",
                "D": "1.44",
                "G": "0",
                "zip": "8741",
                "land": "at",
                "bundesland": "Steiermark",
                "city2": "Judenburg",
                "city": "Eppenstein",
                "strasse": "Eppenstein 1",
                "date": "3.9.2025",
                "time": "6:18:15"
            }
        },
        {
            "type": "Feature",
            "geometry": {
                "type": "Point",
                "coordinates": [
                    15.194403,
                    48.75864
                ]
            },
            "properties": {
                "id": "INFT-AJJKXF",
                "name": "AVIA XPress (unser Service: Luft und Wasser)",
                "S98": "0",
                "S95": "1.549",
                "N": "0",
                "D": "1.559",
                "G": "0",
                "zip": "3902",
                "land": "at",
                "bundesland": "Niederösterreich",
                "city2": "Waidhofen/Thaya",
                "city": "Vitis",
                "strasse": "Europastraße",
                "date": "3.9.2025",
                "time": "6:17:30"
            }
        },
        {
            "type": "Feature",
            "geometry": {
                "type": "Point",
                "coordinates": [
                    13.6623954,
                    48.0033238
                ]
            },
            "properties": {
                "id": "INFT-AJJKZN",
                "name": "Turmöl Quick",
                "S98": "0",
                "S95": "1.453",
                "N": "0",
                "D": "0",
                "G": "0",
                "zip": "4840",
                "land": "at",
                "bundesland": "Oberösterreich",
                "city2": "Vöcklabruck",
                "city": "Vöcklabruck",
                "strasse": "Linzerstraße 37",
                "date": "3.9.2025",
                "time": "6:17:54"
            }
        },
        {
            "type": "Feature",
            "geometry": {
                "type": "Point",
                "coordinates": [
                    16.410579,
                    48.164827
                ]
            },
            "properties": {
                "id": "INFT-AJJKYX",
                "name": "IQ Tankstelle",
                "S98": "0",
                "S95": "1.44",
                "N": "0",
                "D": "1.45",
                "G": "0",
                "zip": "1110",
                "land": "at",
                "bundesland": "Wien",
                "city2": "Simmering",
                "city": "Wien",
                "strasse": "Gadnergasse 12",
                "date": "3.9.2025",
                "time": "6:18:34"
            }
        },
        {
            "type": "Feature",
            "geometry": {
                "type": "Point",
                "coordinates": [
                    14.00062,
                    47.938634
                ]
            },
            "properties": {
                "id": "INFT-AJJL7H",
                "name": "Turmöl Quick",
                "S98": "0",
                "S95": "1.453",
                "N": "0",
                "D": "1.453",
                "G": "0",
                "zip": "4643",
                "land": "at",
                "bundesland": "Oberösterreich",
                "city2": "Kirchdorf",
                "city": "Pettenbach",
                "strasse": "Scharnsteiner Straße 38",
                "date": "3.9.2025",
                "time": "6:17:44"
            }
        },
        {
            "type": "Feature",
            "geometry": {
                "type": "Point",
                "coordinates": [
                    14.99141,
                    47.46366
                ]
            },
            "properties": {
                "id": "INFT-AJJKP3",
                "name": "Rumpold",
                "S98": "0",
                "S95": "0",
                "N": "0",
                "D": "1.449",
                "G": "0",
                "zip": "8794",
                "land": "at",
                "bundesland": "Steiermark",
                "city2": "Leoben",
                "city": "Vordernberg",
                "strasse": "Gewerbepark 9",
                "date": "3.9.2025",
                "time": "6:18:8"
            }
        },
        {
            "type": "Feature",
            "geometry": {
                "type": "Point",
                "coordinates": [
                    13.67553,
                    47.09406
                ]
            },
            "properties": {
                "id": "INFT-AJJLAK",
                "name": "OMV - Sankt Michael im Lungau Bundesstraße 112",
                "S98": "0",
                "S95": "1.729",
                "N": "0",
                "D": "0",
                "G": "0",
                "zip": "5582",
                "land": "at",
                "bundesland": "Salzburg",
                "city2": "Tamsweg",
                "city": "Sankt Michael im Lungau",
                "strasse": "Bundesstrasse 112",
                "date": "3.9.2025",
                "time": "6:18:1"
            }
        },
        {
            "type": "Feature",
            "geometry": {
                "type": "Point",
                "coordinates": [
                    9.6285154,
                    47.323657
                ]
            },
            "properties": {
                "id": "INFT-AJJKW3",
                "name": "Loacker Tours GmbH (Diesel + Super95)",
                "S98": "0",
                "S95": "1.479",
                "N": "0",
                "D": "1.479",
                "G": "0",
                "zip": "6842",
                "land": "at",
                "bundesland": "Vorarlberg",
                "city2": "Feldkirch",
                "city": "Koblach",
                "strasse": "Bundesstraße 17",
                "date": "3.9.2025",
                "time": "6:18:31"
            }
        },
        {
            "type": "Feature",
            "geometry": {
                "type": "Point",
                "coordinates": [
                    14.29472,
                    48.24886
                ]
            },
            "properties": {
                "id": "INFT-AJJKLX",
                "name": "AVANTI - Linz Franzosenhausweg 1",
                "S98": "0",
                "S95": "1.484",
                "N": "0",
                "D": "1.494",
                "G": "0",
                "zip": "4020",
                "land": "at",
                "bundesland": "Oberösterreich",
                "city2": "Linz Land",
                "city": "Linz",
                "strasse": "Franzosenhausweg 1",
                "date": "3.9.2025",
                "time": "6:17:34"
            }
        },
        {
            "type": "Feature",
            "geometry": {
                "type": "Point",
                "coordinates": [
                    16.8289382,
                    48.3817953
                ]
            },
            "properties": {
                "id": "INFT-AJJKWY",
                "name": "Turmöl Quick",
                "S98": "0",
                "S95": "1.454",
                "N": "0",
                "D": "1.464",
                "G": "0",
                "zip": "2261",
                "land": "at",
                "bundesland": "Niederösterreich",
                "city2": "Gänserndorf",
                "city": "Angern an der March",
                "strasse": "Bahnstraße 30",
                "date": "3.9.2025",
                "time": "6:17:15"
            }
        },
        {
            "type": "Feature",
            "geometry": {
                "type": "Point",
                "coordinates": [
                    15.7066824,
                    48.6390981
                ]
            },
            "properties": {
                "id": "INFT-AJJKUK",
                "name": "Turmöl",
                "S98": "0",
                "S95": "1.546",
                "N": "0",
                "D": "1.556",
                "G": "0",
                "zip": "3580",
                "land": "at",
                "bundesland": "Niederösterreich",
                "city2": "Horn",
                "city": "Horn",
                "strasse": "Mold 1a",
                "date": "3.9.2025",
                "time": "6:17:19"
            }
        },
        {
            "type": "Feature",
            "geometry": {
                "type": "Point",
                "coordinates": [
                    16.4331036,
                    47.5381315
                ]
            },
            "properties": {
                "id": "INFT-AJJKWC",
                "name": "Tanken an der S31",
                "S98": "0",
                "S95": "1.479",
                "N": "0",
                "D": "1.475",
                "G": "0",
                "zip": "7343",
                "land": "at",
                "bundesland": "Burgenland",
                "city2": "Oberpullendorf",
                "city": "Neutal",
                "strasse": "Siemensstrasse 1",
                "date": "3.9.2025",
                "time": "6:16:57"
            }
        },
        {
            "type": "Feature",
            "geometry": {
                "type": "Point",
                "coordinates": [
                    15.623819,
                    46.757742
                ]
            },
            "properties": {
                "id": "INFT-AJJU4T",
                "name": "Rumpold",
                "S98": "0",
                "S95": "1.453",
                "N": "0",
                "D": "1.454",
                "G": "0",
                "zip": "8423",
                "land": "at",
                "bundesland": "Steiermark",
                "city2": "Leibnitz",
                "city": "St. Veit am Vogau",
                "strasse": "Technologiepark 1",
                "date": "3.9.2025",
                "time": "6:18:6"
            }
        },
        {
            "type": "Feature",
            "geometry": {
                "type": "Point",
                "coordinates": [
                    16.4192183,
                    47.7483068
                ]
            },
            "properties": {
                "id": "INFT-AJJU9X",
                "name": "Treibstoffparadies",
                "S98": "0",
                "S95": "1.474",
                "N": "0",
                "D": "1.484",
                "G": "0",
                "zip": "7210",
                "land": "at",
                "bundesland": "Burgenland",
                "city2": "Mattersburg",
                "city": "Mattersburg",
                "strasse": "Arenaplatz 6",
                "date": "3.9.2025",
                "time": "6:16:54"
            }
        },
        {
            "type": "Feature",
            "geometry": {
                "type": "Point",
                "coordinates": [
                    13.903348,
                    48.310987
                ]
            },
            "properties": {
                "id": "INFT-AJJUB7",
                "name": "GENOL-LH EFERDING-OÖ. MITTE eGen",
                "S98": "0",
                "S95": "0",
                "N": "0",
                "D": "1.489",
                "G": "0",
                "zip": "4731",
                "land": "at",
                "bundesland": "Oberösterreich",
                "city2": "Eferding",
                "city": "PRAMBACHKIRCHEN",
                "strasse": "GRIESKIRCHNERSTRASSE 6",
                "date": "3.9.2025",
                "time": "6:17:39"
            }
        },
        {
            "type": "Feature",
            "geometry": {
                "type": "Point",
                "coordinates": [
                    13.05145,
                    48.26028
                ]
            },
            "properties": {
                "id": "INFT-AJJU5J",
                "name": "AVANTI - Braunau Laabstraße",
                "S98": "0",
                "S95": "1.469",
                "N": "0",
                "D": "1.484",
                "G": "0",
                "zip": "5280",
                "land": "at",
                "bundesland": "Oberösterreich",
                "city2": "Braunau",
                "city": "Braunau",
                "strasse": "Laabstrasse ",
                "date": "3.9.2025",
                "time": "6:17:38"
            }
        },
        {
            "type": "Feature",
            "geometry": {
                "type": "Point",
                "coordinates": [
                    16.4171484,
                    48.2165742
                ]
            },
            "properties": {
                "id": "INFT-AJJU5B",
                "name": "BP",
                "S98": "0",
                "S95": "1.549",
                "N": "0",
                "D": "1.619",
                "G": "0",
                "zip": "1020",
                "land": "at",
                "bundesland": "Wien",
                "city2": "Leopoldstadt",
                "city": "Wien",
                "strasse": "Handelskai 276-280 ",
                "date": "3.9.2025",
                "time": "6:18:32"
            }
        },
        {
            "type": "Feature",
            "geometry": {
                "type": "Point",
                "coordinates": [
                    13.65487,
                    48.543264
                ]
            },
            "properties": {
                "id": "INFT-AJJU87",
                "name": "easy ÖL",
                "S98": "0",
                "S95": "1.499",
                "N": "0",
                "D": "0",
                "G": "0",
                "zip": "4091",
                "land": "at",
                "bundesland": "Oberösterreich",
                "city2": "Schärding",
                "city": "Vichtenstein",
                "strasse": "Kasten an der Donau 15",
                "date": "3.9.2025",
                "time": "6:17:51"
            }
        },
        {
            "type": "Feature",
            "geometry": {
                "type": "Point",
                "coordinates": [
                    13.077085,
                    48.255305
                ]
            },
            "properties": {
                "id": "INFT-AJJU5L",
                "name": "Wölfl",
                "S98": "0",
                "S95": "0",
                "N": "0",
                "D": "1.45",
                "G": "0",
                "zip": "4963",
                "land": "at",
                "bundesland": "Oberösterreich",
                "city2": "Braunau",
                "city": "St. Peter am Hart",
                "strasse": "Gewerbestraße 10",
                "date": "3.9.2025",
                "time": "6:17:37"
            }
        },
        {
            "type": "Feature",
            "geometry": {
                "type": "Point",
                "coordinates": [
                    15.2382304,
                    46.8286937
                ]
            },
            "properties": {
                "id": "INFT-AJJU7G",
                "name": "Treibstoffparadies",
                "S98": "0",
                "S95": "1.439",
                "N": "0",
                "D": "1.447",
                "G": "0",
                "zip": "8530",
                "land": "at",
                "bundesland": "Steiermark",
                "city2": "Deutschlandsberg",
                "city": "Deutschlandsberg",
                "strasse": "Radlpassstraße 2",
                "date": "3.9.2025",
                "time": "6:18:4"
            }
        },
        {
            "type": "Feature",
            "geometry": {
                "type": "Point",
                "coordinates": [
                    14.11491,
                    48.288005
                ]
            },
            "properties": {
                "id": "INFT-AJJUB9",
                "name": "GENOL-LH EFERDING-OÖ. MITTE eGen",
                "S98": "0",
                "S95": "0",
                "N": "0",
                "D": "1.489",
                "G": "0",
                "zip": "4072",
                "land": "at",
                "bundesland": "Oberösterreich",
                "city2": "Eferding",
                "city": "ALKOVEN",
                "strasse": "SCHLOSSSTRASSE 51",
                "date": "3.9.2025",
                "time": "6:17:39"
            }
        },
        {
            "type": "Feature",
            "geometry": {
                "type": "Point",
                "coordinates": [
                    16.3517548,
                    48.1796472
                ]
            },
            "properties": {
                "id": "INFT-AJJUAN",
                "name": "BP",
                "S98": "0",
                "S95": "1.619",
                "N": "0",
                "D": "1.619",
                "G": "0",
                "zip": "1050",
                "land": "at",
                "bundesland": "Wien",
                "city2": "Margareten",
                "city": "Wien",
                "strasse": "Margaretenguertel 43-45 ",
                "date": "3.9.2025",
                "time": "6:18:32"
            }
        },
        {
            "type": "Feature",
            "geometry": {
                "type": "Point",
                "coordinates": [
                    14.299279,
                    46.6086948
                ]
            },
            "properties": {
                "id": "INFT-AJJU64",
                "name": "Turmöl Quick",
                "S98": "0",
                "S95": "1.451",
                "N": "0",
                "D": "1.443",
                "G": "0",
                "zip": "9020",
                "land": "at",
                "bundesland": "Kärnten",
                "city2": "Klagenfurt Land",
                "city": "Klagenfurt",
                "strasse": "Rosentalerstraße 138",
                "date": "3.9.2025",
                "time": "6:17:0"
            }
        },
        {
            "type": "Feature",
            "geometry": {
                "type": "Point",
                "coordinates": [
                    13.916588,
                    48.416328
                ]
            },
            "properties": {
                "id": "INFT-AJJUB8",
                "name": "GENOL-LH EFERDING-OÖ. MITTE eGen",
                "S98": "0",
                "S95": "0",
                "N": "0",
                "D": "1.489",
                "G": "0",
                "zip": "4083",
                "land": "at",
                "bundesland": "Oberösterreich",
                "city2": "Eferding",
                "city": "HAIBACH OB DER DONAU",
                "strasse": "BERGERSTRASSE 1",
                "date": "3.9.2025",
                "time": "6:17:39"
            }
        },
        {
            "type": "Feature",
            "geometry": {
                "type": "Point",
                "coordinates": [
                    14.981425,
                    48.125481
                ]
            },
            "properties": {
                "id": "INFT-AJJU9F",
                "name": "Essmeister Diskont",
                "S98": "0",
                "S95": "0",
                "N": "0",
                "D": "1.449",
                "G": "0",
                "zip": "3372",
                "land": "at",
                "bundesland": "Niederösterreich",
                "city2": "Melk",
                "city": "Blindenmarkt",
                "strasse": "Bahnhofstrasse 5",
                "date": "3.9.2025",
                "time": "6:17:22"
            }
        },
        {
            "type": "Feature",
            "geometry": {
                "type": "Point",
                "coordinates": [
                    16.1264914,
                    47.6471798
                ]
            },
            "properties": {
                "id": "INFT-AJJU3Z",
                "name": "Tankstelle Holzgethan",
                "S98": "0",
                "S95": "0",
                "N": "0",
                "D": "1.515",
                "G": "0",
                "zip": "2831",
                "land": "at",
                "bundesland": "Niederösterreich",
                "city2": "Neunkirchen",
                "city": "Warth",
                "strasse": "Marktstraße 39",
                "date": "3.9.2025",
                "time": "6:17:25"
            }
        },
        {
            "type": "Feature",
            "geometry": {
                "type": "Point",
                "coordinates": [
                    13.9935071,
                    48.5621814
                ]
            },
            "properties": {
                "id": "INFT-AJJU75",
                "name": "Genol - Lagerhaus",
                "S98": "0",
                "S95": "0",
                "N": "0",
                "D": "1.489",
                "G": "0",
                "zip": "4150",
                "land": "at",
                "bundesland": "Oberösterreich",
                "city2": "Rohrbach",
                "city": "Rohrbach",
                "strasse": "Scheiblberg 44",
                "date": "3.9.2025",
                "time": "6:17:50"
            }
        },
        {
            "type": "Feature",
            "geometry": {
                "type": "Point",
                "coordinates": [
                    15.12039,
                    48.86169
                ]
            },
            "properties": {
                "id": "INFT-AJJUCR",
                "name": "AVANTI - Heidenreichstein Schremser Straße 52",
                "S98": "0",
                "S95": "1.549",
                "N": "0",
                "D": "1.559",
                "G": "0",
                "zip": "3860",
                "land": "at",
                "bundesland": "Niederösterreich",
                "city2": "Gmünd",
                "city": "Heidenreichstein",
                "strasse": "Schremser Strasse 52",
                "date": "3.9.2025",
                "time": "6:17:17"
            }
        },
        {
            "type": "Feature",
            "geometry": {
                "type": "Point",
                "coordinates": [
                    12.9978364,
                    47.834666
                ]
            },
            "properties": {
                "id": "INFT-AJJU9T",
                "name": "IQ Tankstelle",
                "S98": "0",
                "S95": "1.489",
                "N": "0",
                "D": "0",
                "G": "0",
                "zip": "5020",
                "land": "at",
                "bundesland": "Salzburg",
                "city2": "Salzburg Umgebung",
                "city": "Salzburg",
                "strasse": "Franz Sauer-Strasse 46 ",
                "date": "3.9.2025",
                "time": "6:17:56"
            }
        },
        {
            "type": "Feature",
            "geometry": {
                "type": "Point",
                "coordinates": [
                    16.31328,
                    48.20786
                ]
            },
            "properties": {
                "id": "INFT-AJJUBK",
                "name": "Shell Austria",
                "S98": "0",
                "S95": "1.539",
                "N": "0",
                "D": "1.559",
                "G": "0",
                "zip": "1160",
                "land": "at",
                "bundesland": "Wien",
                "city2": "Ottakring",
                "city": "WIEN",
                "strasse": "PFENNINGGELDG 2/ECKE HERBSTSTRASSE",
                "date": "3.9.2025",
                "time": "6:18:38"
            }
        },
        {
            "type": "Feature",
            "geometry": {
                "type": "Point",
                "coordinates": [
                    11.88519,
                    47.43729
                ]
            },
            "properties": {
                "id": "INFT-AJJU97",
                "name": "Disk TANKAUTOMAT",
                "S98": "0",
                "S95": "1.509",
                "N": "0",
                "D": "0",
                "G": "0",
                "zip": "6230",
                "land": "at",
                "bundesland": "Tirol",
                "city2": "Kufstein",
                "city": "Brixlegg",
                "strasse": "Innsbrucker Straße 20",
                "date": "3.9.2025",
                "time": "6:18:23"
            }
        },
        {
            "type": "Feature",
            "geometry": {
                "type": "Point",
                "coordinates": [
                    16.31767,
                    48.20186
                ]
            },
            "properties": {
                "id": "INFT-AJJU7P",
                "name": "Shell Austria",
                "S98": "0",
                "S95": "1.499",
                "N": "0",
                "D": "1.529",
                "G": "0",
                "zip": "1150",
                "land": "at",
                "bundesland": "Wien",
                "city2": "Rudolfsheim",
                "city": "WIEN",
                "strasse": "OEVERSEESTRASSE 2B",
                "date": "3.9.2025",
                "time": "6:18:37"
            }
        },
        {
            "type": "Feature",
            "geometry": {
                "type": "Point",
                "coordinates": [
                    14.0553602,
                    48.5733215
                ]
            },
            "properties": {
                "id": "INFT-AJJU76",
                "name": "Genol - Lagerhaus",
                "S98": "0",
                "S95": "0",
                "N": "0",
                "D": "1.489",
                "G": "0",
                "zip": "4170",
                "land": "at",
                "bundesland": "Oberösterreich",
                "city2": "Rohrbach",
                "city": "Haslach",
                "strasse": "Sternwaldstrasse 56",
                "date": "3.9.2025",
                "time": "6:17:49"
            }
        },
        {
            "type": "Feature",
            "geometry": {
                "type": "Point",
                "coordinates": [
                    16.294513,
                    48.190443
                ]
            },
            "properties": {
                "id": "INFT-AJJU7K",
                "name": "Shell Austria",
                "S98": "0",
                "S95": "1.469",
                "N": "0",
                "D": "1.489",
                "G": "0",
                "zip": "1140",
                "land": "at",
                "bundesland": "Wien",
                "city2": "Penzing",
                "city": "WIEN",
                "strasse": "HADIKGASSE 128-134",
                "date": "3.9.2025",
                "time": "6:18:36"
            }
        },
        {
            "type": "Feature",
            "geometry": {
                "type": "Point",
                "coordinates": [
                    16.2146802,
                    48.0646577
                ]
            },
            "properties": {
                "id": "INFT-AJJU7T",
                "name": "Turmöl Quick",
                "S98": "0",
                "S95": "1.438",
                "N": "0",
                "D": "1.448",
                "G": "0",
                "zip": "2531",
                "land": "at",
                "bundesland": "Niederösterreich",
                "city2": "Mödling",
                "city": "Gaaden",
                "strasse": "Hauptstraße 101",
                "date": "3.9.2025",
                "time": "6:17:25"
            }
        },
        {
            "type": "Feature",
            "geometry": {
                "type": "Point",
                "coordinates": [
                    16.39464,
                    48.21777
                ]
            },
            "properties": {
                "id": "INFT-AJJU5A",
                "name": "Shell Austria",
                "S98": "0",
                "S95": "1.559",
                "N": "0",
                "D": "1.579",
                "G": "0",
                "zip": "1020",
                "land": "at",
                "bundesland": "Wien",
                "city2": "Leopoldstadt",
                "city": "WIEN",
                "strasse": "AUSSTELLUNGSSTRASSE 4",
                "date": "3.9.2025",
                "time": "6:18:32"
            }
        },
        {
            "type": "Feature",
            "geometry": {
                "type": "Point",
                "coordinates": [
                    9.8192284,
                    47.1478021
                ]
            },
            "properties": {
                "id": "INFT-AJJU5Q",
                "name": "TK Tankstellen GmbH",
                "S98": "0",
                "S95": "1.499",
                "N": "0",
                "D": "1.499",
                "G": "0",
                "zip": "6706",
                "land": "at",
                "bundesland": "Vorarlberg",
                "city2": "Bludenz",
                "city": "Bürs",
                "strasse": "Bremschlstrasse 37",
                "date": "3.9.2025",
                "time": "6:18:28"
            }
        },
        {
            "type": "Feature",
            "geometry": {
                "type": "Point",
                "coordinates": [
                    13.0826309,
                    47.7405295
                ]
            },
            "properties": {
                "id": "INFT-AJJUCD",
                "name": "AP Urstein",
                "S98": "0",
                "S95": "0",
                "N": "0",
                "D": "1.459",
                "G": "0",
                "zip": "5412",
                "land": "at",
                "bundesland": "Salzburg",
                "city2": "Hallein",
                "city": "Puch",
                "strasse": "Urstein Nord 75",
                "date": "3.9.2025",
                "time": "6:17:56"
            }
        },
        {
            "type": "Feature",
            "geometry": {
                "type": "Point",
                "coordinates": [
                    10.7479088,
                    47.226803
                ]
            },
            "properties": {
                "id": "INFT-AJJU4B",
                "name": "Gutmann Eni Tankstelle ",
                "S98": "0",
                "S95": "1.599",
                "N": "0",
                "D": "1.599",
                "G": "0",
                "zip": "6460",
                "land": "at",
                "bundesland": "Tirol",
                "city2": "Imst",
                "city": "Imst",
                "strasse": "Langgasse 95",
                "date": "3.9.2025",
                "time": "6:18:19"
            }
        },
        {
            "type": "Feature",
            "geometry": {
                "type": "Point",
                "coordinates": [
                    15.092447,
                    48.154907
                ]
            },
            "properties": {
                "id": "INFT-AJJU9G",
                "name": "Essmeister Diskont",
                "S98": "0",
                "S95": "0",
                "N": "0",
                "D": "1.449",
                "G": "0",
                "zip": "3373",
                "land": "at",
                "bundesland": "Niederösterreich",
                "city2": "Melk",
                "city": "Kemmelbach",
                "strasse": "Hauptstrasse 5",
                "date": "3.9.2025",
                "time": "6:17:22"
            }
        },
        {
            "type": "Feature",
            "geometry": {
                "type": "Point",
                "coordinates": [
                    15.0509102,
                    47.021201
                ]
            },
            "properties": {
                "id": "INFT-AJJU53",
                "name": "LAGERHAUS Genol Edelschrott ",
                "S98": "0",
                "S95": "0",
                "N": "0",
                "D": "1.439",
                "G": "0",
                "zip": "8583",
                "land": "at",
                "bundesland": "Steiermark",
                "city2": "Voitsberg",
                "city": "Edelschrott",
                "strasse": "Packerstraße 14",
                "date": "3.9.2025",
                "time": "6:18:12"
            }
        },
        {
            "type": "Feature",
            "geometry": {
                "type": "Point",
                "coordinates": [
                    16.3620933,
                    47.8067759
                ]
            },
            "properties": {
                "id": "INFT-AJJU9W",
                "name": "Turmöl Quick",
                "S98": "0",
                "S95": "1.474",
                "N": "0",
                "D": "1.484",
                "G": "0",
                "zip": "7033",
                "land": "at",
                "bundesland": "Burgenland",
                "city2": "Mattersburg",
                "city": "Pöttsching",
                "strasse": "Wienerneustädter Straße 65",
                "date": "3.9.2025",
                "time": "6:16:55"
            }
        },
        {
            "type": "Feature",
            "geometry": {
                "type": "Point",
                "coordinates": [
                    15.2187091,
                    47.0530953
                ]
            },
            "properties": {
                "id": "INFT-AJJU54",
                "name": "LAGERHAUS Genol Stallhofen",
                "S98": "0",
                "S95": "0",
                "N": "0",
                "D": "1.439",
                "G": "0",
                "zip": "8152",
                "land": "at",
                "bundesland": "Steiermark",
                "city2": "Voitsberg",
                "city": "Stallhofen",
                "strasse": "Aichegg 110",
                "date": "3.9.2025",
                "time": "6:18:12"
            }
        },
        {
            "type": "Feature",
            "geometry": {
                "type": "Point",
                "coordinates": [
                    16.4855,
                    48.1397
                ]
            },
            "properties": {
                "id": "INFT-AJJU3W",
                "name": "AVANTI - Schwechat Bruck-Hainburger Straße 24a",
                "S98": "0",
                "S95": "1.462",
                "N": "0",
                "D": "1.472",
                "G": "0",
                "zip": "2320",
                "land": "at",
                "bundesland": "Niederösterreich",
                "city2": "Wien Umgebung",
                "city": "Schwechat",
                "strasse": "Bruck-Hainburger Strasse 24a",
                "date": "3.9.2025",
                "time": "6:17:14"
            }
        },
        {
            "type": "Feature",
            "geometry": {
                "type": "Point",
                "coordinates": [
                    13.755291,
                    48.503373
                ]
            },
            "properties": {
                "id": "INFT-AJJU74",
                "name": "IQ Tankstelle",
                "S98": "0",
                "S95": "1.499",
                "N": "0",
                "D": "0",
                "G": "0",
                "zip": "4143",
                "land": "at",
                "bundesland": "Oberösterreich",
                "city2": "Rohrbach",
                "city": "Neustift",
                "strasse": "Rannariedlerstrasse 10",
                "date": "3.9.2025",
                "time": "6:17:50"
            }
        },
        {
            "type": "Feature",
            "geometry": {
                "type": "Point",
                "coordinates": [
                    14.158255,
                    48.153132
                ]
            },
            "properties": {
                "id": "INFT-AJJUB6",
                "name": "IQ  Tankomat Allhaming",
                "S98": "0",
                "S95": "1.449",
                "N": "0",
                "D": "0",
                "G": "0",
                "zip": "4511",
                "land": "at",
                "bundesland": "Oberösterreich",
                "city2": "Linz Land",
                "city": "Allhaming",
                "strasse": "Poststrasse 3",
                "date": "3.9.2025",
                "time": "6:17:46"
            }
        },
        {
            "type": "Feature",
            "geometry": {
                "type": "Point",
                "coordinates": [
                    16.3418194,
                    48.2403021
                ]
            },
            "properties": {
                "id": "INFT-AJJUBR",
                "name": "BP",
                "S98": "0",
                "S95": "1.589",
                "N": "0",
                "D": "1.599",
                "G": "0",
                "zip": "1190",
                "land": "at",
                "bundesland": "Wien",
                "city2": "Döbling",
                "city": "Wien",
                "strasse": "Krottenbachstr. 17 ",
                "date": "3.9.2025",
                "time": "6:18:38"
            }
        },
        {
            "type": "Feature",
            "geometry": {
                "type": "Point",
                "coordinates": [
                    13.06826,
                    47.77622
                ]
            },
            "properties": {
                "id": "INFT-AJJU9S",
                "name": "OMV - Salzburg Alpenstraße 106",
                "S98": "0",
                "S95": "1.489",
                "N": "0",
                "D": "0",
                "G": "0",
                "zip": "5020",
                "land": "at",
                "bundesland": "Salzburg",
                "city2": "Salzburg Umgebung",
                "city": "Salzburg",
                "strasse": "Alpenstrasse 106",
                "date": "3.9.2025",
                "time": "6:17:56"
            }
        },
        {
            "type": "Feature",
            "geometry": {
                "type": "Point",
                "coordinates": [
                    16.2826219,
                    47.8011008
                ]
            },
            "properties": {
                "id": "INFT-AJJU9V",
                "name": "Turmöl Quick",
                "S98": "0",
                "S95": "1.464",
                "N": "0",
                "D": "1.463",
                "G": "0",
                "zip": "7201",
                "land": "at",
                "bundesland": "Burgenland",
                "city2": "Mattersburg",
                "city": "Neudörfl",
                "strasse": "Haupstraße 140",
                "date": "3.9.2025",
                "time": "6:16:54"
            }
        },
        {
            "type": "Feature",
            "geometry": {
                "type": "Point",
                "coordinates": [
                    16.240665,
                    47.3629773
                ]
            },
            "properties": {
                "id": "INFT-AJJU6R",
                "name": "Turmöl Quick",
                "S98": "0",
                "S95": "1.482",
                "N": "0",
                "D": "1.484",
                "G": "0",
                "zip": "7433",
                "land": "at",
                "bundesland": "Burgenland",
                "city2": "Oberwart",
                "city": "Mariasdorf",
                "strasse": "Mariasdorf 54",
                "date": "3.9.2025",
                "time": "6:16:59"
            }
        },
        {
            "type": "Feature",
            "geometry": {
                "type": "Point",
                "coordinates": [
                    12.9885879,
                    48.0391046
                ]
            },
            "properties": {
                "id": "INFT-AJJU5G",
                "name": "Disconttankstelle Huber Petrol",
                "S98": "0",
                "S95": "0",
                "N": "0",
                "D": "1.488",
                "G": "0",
                "zip": "5141",
                "land": "at",
                "bundesland": "Oberösterreich",
                "city2": "Braunau",
                "city": "Moosdorf",
                "strasse": "Gewerbepark Süd 3",
                "date": "3.9.2025",
                "time": "6:17:38"
            }
        },
        {
            "type": "Feature",
            "geometry": {
                "type": "Point",
                "coordinates": [
                    13.42524,
                    48.31724
                ]
            },
            "properties": {
                "id": "INFT-AJJU9R",
                "name": "AVANTI - Ort im Innkreis Kammer 19",
                "S98": "0",
                "S95": "0",
                "N": "0",
                "D": "1.465",
                "G": "0",
                "zip": "4974",
                "land": "at",
                "bundesland": "Oberösterreich",
                "city2": "Ried",
                "city": "Ort im Innkreis",
                "strasse": "Kammer 19",
                "date": "3.9.2025",
                "time": "6:17:47"
            }
        },
        {
            "type": "Feature",
            "geometry": {
                "type": "Point",
                "coordinates": [
                    16.321692,
                    48.206071
                ]
            },
            "properties": {
                "id": "INFT-AJJUBL",
                "name": "BP",
                "S98": "0",
                "S95": "1.499",
                "N": "0",
                "D": "1.529",
                "G": "0",
                "zip": "1160",
                "land": "at",
                "bundesland": "Wien",
                "city2": "Ottakring",
                "city": "Wien",
                "strasse": "Gablenzgasse 72 ",
                "date": "3.9.2025",
                "time": "6:18:38"
            }
        },
        {
            "type": "Feature",
            "geometry": {
                "type": "Point",
                "coordinates": [
                    13.6358061,
                    48.3505859
                ]
            },
            "properties": {
                "id": "INFT-AJJU84",
                "name": "AVIA ",
                "S98": "0",
                "S95": "1.499",
                "N": "0",
                "D": "0",
                "G": "0",
                "zip": "4760",
                "land": "at",
                "bundesland": "Oberösterreich",
                "city2": "Schärding",
                "city": "Raab",
                "strasse": "Brünning 37",
                "date": "3.9.2025",
                "time": "6:17:51"
            }
        },
        {
            "type": "Feature",
            "geometry": {
                "type": "Point",
                "coordinates": [
                    16.3244884,
                    48.215105
                ]
            },
            "properties": {
                "id": "INFT-AJJUBN",
                "name": "boesch energy,  turmöl",
                "S98": "0",
                "S95": "1.547",
                "N": "0",
                "D": "1.597",
                "G": "0",
                "zip": "1160",
                "land": "at",
                "bundesland": "Wien",
                "city2": "Ottakring",
                "city": "Wien",
                "strasse": "Baldiagasse 14a",
                "date": "3.9.2025",
                "time": "6:18:38"
            }
        },
        {
            "type": "Feature",
            "geometry": {
                "type": "Point",
                "coordinates": [
                    16.579503,
                    47.5907015
                ]
            },
            "properties": {
                "id": "INFT-AJJU7F",
                "name": "Diskont Pöltl",
                "S98": "0",
                "S95": "1.485",
                "N": "0",
                "D": "0",
                "G": "0",
                "zip": "7312",
                "land": "at",
                "bundesland": "Burgenland",
                "city2": "Oberpullendorf",
                "city": "Unterpetersdorf",
                "strasse": "Hofstatt 21",
                "date": "3.9.2025",
                "time": "6:16:57"
            }
        },
        {
            "type": "Feature",
            "geometry": {
                "type": "Point",
                "coordinates": [
                    13.3481402,
                    48.2392811
                ]
            },
            "properties": {
                "id": "INFT-AJJU9P",
                "name": "Turmöl Quick",
                "S98": "0",
                "S95": "1.484",
                "N": "0",
                "D": "1.513",
                "G": "0",
                "zip": "4942",
                "land": "at",
                "bundesland": "Oberösterreich",
                "city2": "Ried",
                "city": "Gurten",
                "strasse": "Rieder Straße 8",
                "date": "3.9.2025",
                "time": "6:17:49"
            }
        },
        {
            "type": "Feature",
            "geometry": {
                "type": "Point",
                "coordinates": [
                    15.602338879077399,
                    46.73890659116481
                ]
            },
            "properties": {
                "id": "INFT-AJJU4U",
                "name": "F. LEITNER",
                "S98": "0",
                "S95": "1.458",
                "N": "0",
                "D": "1.458",
                "G": "0",
                "zip": "8472",
                "land": "at",
                "bundesland": "Steiermark",
                "city2": "Leibnitz",
                "city": "Vogau",
                "strasse": "Rebenland Center Straße 2",
                "date": "3.9.2025",
                "time": "6:18:7"
            }
        },
        {
            "type": "Feature",
            "geometry": {
                "type": "Point",
                "coordinates": [
                    10.6575315,
                    47.5502075
                ]
            },
            "properties": {
                "id": "INFT-AJJU79",
                "name": "Autohof Huter GmbH",
                "S98": "0",
                "S95": "1.589",
                "N": "0",
                "D": "0",
                "G": "0",
                "zip": "6682",
                "land": "at",
                "bundesland": "Tirol",
                "city2": "Reutte",
                "city": "Vils",
                "strasse": "Stegen 7",
                "date": "3.9.2025",
                "time": "6:18:26"
            }
        },
        {
            "type": "Feature",
            "geometry": {
                "type": "Point",
                "coordinates": [
                    9.60984,
                    47.2468
                ]
            },
            "properties": {
                "id": "INFT-AJJU7C",
                "name": "Shell Austria",
                "S98": "0",
                "S95": "1.469",
                "N": "0",
                "D": "0",
                "G": "0",
                "zip": "6800",
                "land": "at",
                "bundesland": "Vorarlberg",
                "city2": "Feldkirch",
                "city": "FELDKIRCH-LEVIS",
                "strasse": "REICHSSTRASSE 137",
                "date": "3.9.2025",
                "time": "6:18:30"
            }
        },
        {
            "type": "Feature",
            "geometry": {
                "type": "Point",
                "coordinates": [
                    11.4425461,
                    47.2658614
                ]
            },
            "properties": {
                "id": "INFT-AJJUCH",
                "name": "Gutmann ENI Tankstelle",
                "S98": "0",
                "S95": "0",
                "N": "0",
                "D": "1.594",
                "G": "0",
                "zip": "6020",
                "land": "at",
                "bundesland": "Tirol",
                "city2": "Innsbruck",
                "city": "Innsbruck",
                "strasse": "Grabenweg 75",
                "date": "3.9.2025",
                "time": "6:18:16"
            }
        },
        {
            "type": "Feature",
            "geometry": {
                "type": "Point",
                "coordinates": [
                    14.780412,
                    48.433248
                ]
            },
            "properties": {
                "id": "INFT-AJK39U",
                "name": "Genol  Lagerhaus Pregarten-Gallneukirchen",
                "S98": "0",
                "S95": "1.509",
                "N": "0",
                "D": "0",
                "G": "0",
                "zip": "4273",
                "land": "at",
                "bundesland": "Oberösterreich",
                "city2": "Freistadt",
                "city": "Unterweißenbach",
                "strasse": "Markt Unterweißenbach 204",
                "date": "3.9.2025",
                "time": "6:17:41"
            }
        },
        {
            "type": "Feature",
            "geometry": {
                "type": "Point",
                "coordinates": [
                    13.50239,
                    47.929355
                ]
            },
            "properties": {
                "id": "INFT-AJK3AC",
                "name": "IQ Tankstelle",
                "S98": "0",
                "S95": "1.434",
                "N": "0",
                "D": "1.434",
                "G": "0",
                "zip": "4880",
                "land": "at",
                "bundesland": "Oberösterreich",
                "city2": "Vöcklabruck",
                "city": "St.Georgen/Attergau",
                "strasse": "Am Seering 6",
                "date": "3.9.2025",
                "time": "6:17:54"
            }
        },
        {
            "type": "Feature",
            "geometry": {
                "type": "Point",
                "coordinates": [
                    13.425225,
                    48.308489
                ]
            },
            "properties": {
                "id": "INFT-AJK3AH",
                "name": "Wölfl",
                "S98": "0",
                "S95": "0",
                "N": "0",
                "D": "1.45",
                "G": "0",
                "zip": "4974",
                "land": "at",
                "bundesland": "Oberösterreich",
                "city2": "Ried",
                "city": "Reichersberg",
                "strasse": "Kammer 38 - Gewerbegebiet",
                "date": "3.9.2025",
                "time": "6:17:47"
            }
        },
        {
            "type": "Feature",
            "geometry": {
                "type": "Point",
                "coordinates": [
                    14.4621363,
                    48.2200856
                ]
            },
            "properties": {
                "id": "INFT-AJK3B5",
                "name": "Genol - Lagerhaus",
                "S98": "0",
                "S95": "1.448",
                "N": "0",
                "D": "0",
                "G": "0",
                "zip": "4470",
                "land": "at",
                "bundesland": "Oberösterreich",
                "city2": "Linz Land",
                "city": "Enns",
                "strasse": "Lagerhausstraße 10",
                "date": "3.9.2025",
                "time": "6:17:46"
            }
        },
        {
            "type": "Feature",
            "geometry": {
                "type": "Point",
                "coordinates": [
                    16.5695697,
                    48.3535047
                ]
            },
            "properties": {
                "id": "INFT-AJK3B2",
                "name": "GENOL",
                "S98": "0",
                "S95": "0",
                "N": "0",
                "D": "1.469",
                "G": "0",
                "zip": "2212",
                "land": "at",
                "bundesland": "Niederösterreich",
                "city2": "Mistelbach",
                "city": "Grossengersdorf",
                "strasse": "Bahngasse 35",
                "date": "3.9.2025",
                "time": "6:17:23"
            }
        },
        {
            "type": "Feature",
            "geometry": {
                "type": "Point",
                "coordinates": [
                    16.3743119,
                    48.2123537
                ]
            },
            "properties": {
                "id": "INFT-AJK3AQ",
                "name": "BP",
                "S98": "0",
                "S95": "1.599",
                "N": "0",
                "D": "1.629",
                "G": "0",
                "zip": "1010",
                "land": "at",
                "bundesland": "Wien",
                "city2": "Innere Stadt",
                "city": "Wien",
                "strasse": "Franz Josefskai/Morzinpl ",
                "date": "3.9.2025",
                "time": "6:18:31"
            }
        },
        {
            "type": "Feature",
            "geometry": {
                "type": "Point",
                "coordinates": [
                    15.443402,
                    47.052683
                ]
            },
            "properties": {
                "id": "INFT-AJKA8D",
                "name": "Rumpold",
                "S98": "0",
                "S95": "1.437",
                "N": "0",
                "D": "1.438",
                "G": "0",
                "zip": "8010",
                "land": "at",
                "bundesland": "Steiermark",
                "city2": "Graz",
                "city": "Graz",
                "strasse": "Kasernstraße 14",
                "date": "3.9.2025",
                "time": "6:18:3"
            }
        },
        {
            "type": "Feature",
            "geometry": {
                "type": "Point",
                "coordinates": [
                    15.5173,
                    46.8401
                ]
            },
            "properties": {
                "id": "INFT-AJKA6R",
                "name": "OIL! Tankstelle",
                "S98": "0",
                "S95": "1.458",
                "N": "0",
                "D": "0",
                "G": "0",
                "zip": "8403",
                "land": "at",
                "bundesland": "Steiermark",
                "city2": "Leibnitz",
                "city": "Lebring Joess",
                "strasse": "Joess 7A",
                "date": "3.9.2025",
                "time": "6:18:7"
            }
        },
        {
            "type": "Feature",
            "geometry": {
                "type": "Point",
                "coordinates": [
                    14.122109,
                    47.903796
                ]
            },
            "properties": {
                "id": "INFT-AJKA8C",
                "name": "SOCAR Kirchdorf a. d. Krems",
                "S98": "0",
                "S95": "1.474",
                "N": "0",
                "D": "1.464",
                "G": "0",
                "zip": "4560",
                "land": "at",
                "bundesland": "Oberösterreich",
                "city2": "Kirchdorf",
                "city": "Kirchdorf a. d. Krems",
                "strasse": "Bambergstraße 44",
                "date": "3.9.2025",
                "time": "6:17:44"
            }
        },
        {
            "type": "Feature",
            "geometry": {
                "type": "Point",
                "coordinates": [
                    12.7668899,
                    46.8276419
                ]
            },
            "properties": {
                "id": "INFT-AJKA7P",
                "name": "Gutmann ENI Tankstelle",
                "S98": "0",
                "S95": "1.524",
                "N": "0",
                "D": "1.524",
                "G": "0",
                "zip": "9900",
                "land": "at",
                "bundesland": "Tirol",
                "city2": "Lienz",
                "city": "Lienz",
                "strasse": "Tirolerstraße 17d",
                "date": "3.9.2025",
                "time": "6:18:25"
            }
        },
        {
            "type": "Feature",
            "geometry": {
                "type": "Point",
                "coordinates": [
                    9.70549,
                    47.3801
                ]
            },
            "properties": {
                "id": "INFT-AJKA6Q",
                "name": "OIL! Tankstelle",
                "S98": "0",
                "S95": "1.487",
                "N": "0",
                "D": "1.487",
                "G": "0",
                "zip": "6845",
                "land": "at",
                "bundesland": "Vorarlberg",
                "city2": "Dornbirn",
                "city": "Hohenems",
                "strasse": "Furchgasse 2A",
                "date": "3.9.2025",
                "time": "6:18:30"
            }
        },
        {
            "type": "Feature",
            "geometry": {
                "type": "Point",
                "coordinates": [
                    15.5362,
                    46.8572
                ]
            },
            "properties": {
                "id": "INFT-AJKA6S",
                "name": "OIL! Tankstelle",
                "S98": "0",
                "S95": "1.458",
                "N": "0",
                "D": "0",
                "G": "0",
                "zip": "8403",
                "land": "at",
                "bundesland": "Steiermark",
                "city2": "Leibnitz",
                "city": "Lebring",
                "strasse": "Leibnitzer Straße 1",
                "date": "3.9.2025",
                "time": "6:18:7"
            }
        },
        {
            "type": "Feature",
            "geometry": {
                "type": "Point",
                "coordinates": [
                    14.36625,
                    46.76102
                ]
            },
            "properties": {
                "id": "INFT-AJKA7D",
                "name": "AVANTI - Sankt Veit an der Glan Klagenfurter Straße 78",
                "S98": "0",
                "S95": "1.454",
                "N": "0",
                "D": "1.444",
                "G": "0",
                "zip": "9300",
                "land": "at",
                "bundesland": "Kärnten",
                "city2": "St. Veit",
                "city": "Sankt Veit an der Glan",
                "strasse": "Klagenfurter Strasse 78",
                "date": "3.9.2025",
                "time": "6:17:3"
            }
        },
        {
            "type": "Feature",
            "geometry": {
                "type": "Point",
                "coordinates": [
                    14.220532,
                    48.131053
                ]
            },
            "properties": {
                "id": "INFT-AJKA8A",
                "name": "AVIA Xpress (Automaten-Tankstelle)",
                "S98": "0",
                "S95": "1.439",
                "N": "0",
                "D": "1.456",
                "G": "0",
                "zip": "4501",
                "land": "at",
                "bundesland": "Oberösterreich",
                "city2": "Linz Land",
                "city": "Neuhofen an der Krems",
                "strasse": "Kremstalstrasse 50",
                "date": "3.9.2025",
                "time": "6:17:45"
            }
        },
        {
            "type": "Feature",
            "geometry": {
                "type": "Point",
                "coordinates": [
                    10.5844558,
                    47.1541793
                ]
            },
            "properties": {
                "id": "INFT-AJKA8M",
                "name": "Disk",
                "S98": "0",
                "S95": "1.592",
                "N": "0",
                "D": "1.592",
                "G": "0",
                "zip": "6511",
                "land": "at",
                "bundesland": "Tirol",
                "city2": "Landeck",
                "city": "Zams",
                "strasse": "Hauptstraße 18",
                "date": "3.9.2025",
                "time": "6:18:24"
            }
        },
        {
            "type": "Feature",
            "geometry": {
                "type": "Point",
                "coordinates": [
                    13.5618253,
                    48.1568483
                ]
            },
            "properties": {
                "id": "INFT-AJKA83",
                "name": "Turmöl Quick",
                "S98": "0",
                "S95": "1.484",
                "N": "0",
                "D": "1.513",
                "G": "0",
                "zip": "4906",
                "land": "at",
                "bundesland": "Oberösterreich",
                "city2": "Ried",
                "city": "Eberschwang",
                "strasse": "Eberschwang 98",
                "date": "3.9.2025",
                "time": "6:17:49"
            }
        },
        {
            "type": "Feature",
            "geometry": {
                "type": "Point",
                "coordinates": [
                    16.8432788,
                    47.8587366
                ]
            },
            "properties": {
                "id": "INFT-AJKCSA",
                "name": "boesch energy,  turmöl Quick",
                "S98": "0",
                "S95": "1.472",
                "N": "0",
                "D": "0",
                "G": "0",
                "zip": "7141",
                "land": "at",
                "bundesland": "Burgenland",
                "city2": "Neusiedl am See",
                "city": "Podersdorf",
                "strasse": "Neusiedlerstr. 67",
                "date": "3.9.2025",
                "time": "6:16:56"
            }
        },
        {
            "type": "Feature",
            "geometry": {
                "type": "Point",
                "coordinates": [
                    12.75363,
                    46.83172
                ]
            },
            "properties": {
                "id": "INFT-AJKF26",
                "name": "OMV Fast Lane - Lienz Iseltaler Straße 30",
                "S98": "0",
                "S95": "1.524",
                "N": "0",
                "D": "1.524",
                "G": "0",
                "zip": "9900",
                "land": "at",
                "bundesland": "Tirol",
                "city2": "Lienz",
                "city": "Lienz",
                "strasse": "Iseltaler Strasse 30",
                "date": "3.9.2025",
                "time": "6:18:25"
            }
        },
        {
            "type": "Feature",
            "geometry": {
                "type": "Point",
                "coordinates": [
                    16.6461741,
                    48.4018614
                ]
            },
            "properties": {
                "id": "INFT-AJKHRK",
                "name": "Rickl Mühle",
                "S98": "0",
                "S95": "1.438",
                "N": "0",
                "D": "1.448",
                "G": "0",
                "zip": "2221",
                "land": "at",
                "bundesland": "Niederösterreich",
                "city2": "Gänserndorf",
                "city": "Groß Schweinbarth",
                "strasse": "Raggendorfer Straße 1",
                "date": "3.9.2025",
                "time": "6:17:15"
            }
        },
        {
            "type": "Feature",
            "geometry": {
                "type": "Point",
                "coordinates": [
                    16.232125,
                    48.387907
                ]
            },
            "properties": {
                "id": "INFT-AJKHQR",
                "name": "Diesel-Benzin-Diskont Groiss ",
                "S98": "0",
                "S95": "1.37",
                "N": "0",
                "D": "1.38",
                "G": "0",
                "zip": "2000",
                "land": "at",
                "bundesland": "Niederösterreich",
                "city2": "Korneuburg",
                "city": "Stockerau",
                "strasse": "Josef-Jessernigg-Straße 3",
                "date": "3.9.2025",
                "time": "6:17:20"
            }
        },
        {
            "type": "Feature",
            "geometry": {
                "type": "Point",
                "coordinates": [
                    14.1672939,
                    46.8510669
                ]
            },
            "properties": {
                "id": "INFT-AJKHQQ",
                "name": "SOCAR Weitensfeld",
                "S98": "0",
                "S95": "1.469",
                "N": "0",
                "D": "0",
                "G": "0",
                "zip": "9344",
                "land": "at",
                "bundesland": "Kärnten",
                "city2": "St. Veit",
                "city": "Weitensfeld",
                "strasse": "Kaindorf 27",
                "date": "3.9.2025",
                "time": "6:17:4"
            }
        },
        {
            "type": "Feature",
            "geometry": {
                "type": "Point",
                "coordinates": [
                    14.2080065,
                    46.6266886
                ]
            },
            "properties": {
                "id": "INFT-AJKHQN",
                "name": "SOCAR Krumpendorf",
                "S98": "0",
                "S95": "1.467",
                "N": "0",
                "D": "1.469",
                "G": "0",
                "zip": "9201",
                "land": "at",
                "bundesland": "Kärnten",
                "city2": "Klagenfurt Land",
                "city": "Krumpendorf",
                "strasse": "Hauptstraße 180",
                "date": "3.9.2025",
                "time": "6:17:3"
            }
        },
        {
            "type": "Feature",
            "geometry": {
                "type": "Point",
                "coordinates": [
                    16.192861,
                    48.205435
                ]
            },
            "properties": {
                "id": "INFT-AJKHPS",
                "name": "eni24",
                "S98": "0",
                "S95": "1.442",
                "N": "0",
                "D": "1.452",
                "G": "0",
                "zip": "3002",
                "land": "at",
                "bundesland": "Niederösterreich",
                "city2": "Wien Umgebung",
                "city": "Purkersdorf",
                "strasse": "Wiener Strasse 48",
                "date": "3.9.2025",
                "time": "6:17:27"
            }
        },
        {
            "type": "Feature",
            "geometry": {
                "type": "Point",
                "coordinates": [
                    16.501615,
                    48.756557
                ]
            },
            "properties": {
                "id": "INFT-AJKHSP",
                "name": "tom´s Tankautomat",
                "S98": "0",
                "S95": "1.483",
                "N": "0",
                "D": "0",
                "G": "0",
                "zip": "2164",
                "land": "at",
                "bundesland": "Niederösterreich",
                "city2": "Mistelbach",
                "city": "Wildendürnbach",
                "strasse": "Wildendürnbach 114",
                "date": "3.9.2025",
                "time": "6:17:24"
            }
        },
        {
            "type": "Feature",
            "geometry": {
                "type": "Point",
                "coordinates": [
                    16.2825461,
                    47.4941774
                ]
            },
            "properties": {
                "id": "INFT-AJKHQ5",
                "name": "Diskont",
                "S98": "0",
                "S95": "0",
                "N": "0",
                "D": "1.479",
                "G": "0",
                "zip": "2860",
                "land": "at",
                "bundesland": "Niederösterreich",
                "city2": "Wiener Neustadt Land",
                "city": "Kirchschlag",
                "strasse": "Wiener Strasse 86",
                "date": "3.9.2025",
                "time": "6:17:31"
            }
        },
        {
            "type": "Feature",
            "geometry": {
                "type": "Point",
                "coordinates": [
                    16.2038779,
                    48.1381917
                ]
            },
            "properties": {
                "id": "INFT-AJKHRM",
                "name": "Vivod GmbH",
                "S98": "0",
                "S95": "1.44",
                "N": "0",
                "D": "1.45",
                "G": "0",
                "zip": "2384",
                "land": "at",
                "bundesland": "Niederösterreich",
                "city2": "Mödling",
                "city": "Breitenfurt",
                "strasse": "Laaberstrasse 1",
                "date": "3.9.2025",
                "time": "6:17:25"
            }
        },
        {
            "type": "Feature",
            "geometry": {
                "type": "Point",
                "coordinates": [
                    13.8077,
                    47.13165
                ]
            },
            "properties": {
                "id": "INFT-AJKHSZ",
                "name": "Shell Austria",
                "S98": "0",
                "S95": "1.709",
                "N": "0",
                "D": "1.559",
                "G": "0",
                "zip": "5580",
                "land": "at",
                "bundesland": "Salzburg",
                "city2": "Tamsweg",
                "city": "TAMSWEG",
                "strasse": "ZINSGASSE 20",
                "date": "3.9.2025",
                "time": "6:18:1"
            }
        },
        {
            "type": "Feature",
            "geometry": {
                "type": "Point",
                "coordinates": [
                    15.8132125,
                    47.1208582
                ]
            },
            "properties": {
                "id": "INFT-AJKHSH",
                "name": "Deine Tankstelle",
                "S98": "0",
                "S95": "0",
                "N": "0",
                "D": "1.467",
                "G": "0",
                "zip": "8261",
                "land": "at",
                "bundesland": "Steiermark",
                "city2": "Weiz",
                "city": "Sinabelkirchen",
                "strasse": "Égelsdorf 14",
                "date": "3.9.2025",
                "time": "6:18:14"
            }
        },
        {
            "type": "Feature",
            "geometry": {
                "type": "Point",
                "coordinates": [
                    14.1636058,
                    46.524677
                ]
            },
            "properties": {
                "id": "INFT-AJKHQM",
                "name": "SOCAR Feistritz im Rosental",
                "S98": "0",
                "S95": "1.467",
                "N": "0",
                "D": "1.469",
                "G": "0",
                "zip": "9181",
                "land": "at",
                "bundesland": "Kärnten",
                "city2": "Klagenfurt Land",
                "city": "Feistritz im Rosental",
                "strasse": "Hauptstraße 197",
                "date": "3.9.2025",
                "time": "6:17:3"
            }
        },
        {
            "type": "Feature",
            "geometry": {
                "type": "Point",
                "coordinates": [
                    14.36934,
                    48.28415
                ]
            },
            "properties": {
                "id": "INFT-AJKHRF",
                "name": "speed-DISKONT-automatic Steyregg/Ort",
                "S98": "0",
                "S95": "1.487",
                "N": "0",
                "D": "1.469",
                "G": "0",
                "zip": "4221",
                "land": "at",
                "bundesland": "Oberösterreich",
                "city2": "Urfahr Umgebung",
                "city": "Steyregg",
                "strasse": "Linzerstraße 5",
                "date": "3.9.2025",
                "time": "6:17:52"
            }
        },
        {
            "type": "Feature",
            "geometry": {
                "type": "Point",
                "coordinates": [
                    11.8837798082177,
                    47.4480360630883
                ]
            },
            "properties": {
                "id": "INFT-AJKHS8",
                "name": "Tankstelle Duftner",
                "S98": "0",
                "S95": "1.509",
                "N": "0",
                "D": "0",
                "G": "0",
                "zip": "6233",
                "land": "at",
                "bundesland": "Tirol",
                "city2": "Kufstein",
                "city": "Kramsach",
                "strasse": "Zentrum 18",
                "date": "3.9.2025",
                "time": "6:18:23"
            }
        },
        {
            "type": "Feature",
            "geometry": {
                "type": "Point",
                "coordinates": [
                    14.413485,
                    46.6291795
                ]
            },
            "properties": {
                "id": "INFT-AJKHQL",
                "name": "SOCAR Grafenstein",
                "S98": "0",
                "S95": "1.467",
                "N": "0",
                "D": "1.469",
                "G": "0",
                "zip": "9131",
                "land": "at",
                "bundesland": "Kärnten",
                "city2": "Klagenfurt Land",
                "city": "Grafenstein",
                "strasse": "Schloß Rain 16",
                "date": "3.9.2025",
                "time": "6:17:3"
            }
        },
        {
            "type": "Feature",
            "geometry": {
                "type": "Point",
                "coordinates": [
                    13.3386575,
                    47.56657
                ]
            },
            "properties": {
                "id": "INFT-AJKLMC",
                "name": "LMEnergy",
                "S98": "0",
                "S95": "1.463",
                "N": "0",
                "D": "1.476",
                "G": "0",
                "zip": "5441",
                "land": "at",
                "bundesland": "Salzburg",
                "city2": "Hallein",
                "city": "Abtenau",
                "strasse": "Markt 240",
                "date": "3.9.2025",
                "time": "6:17:57"
            }
        },
        {
            "type": "Feature",
            "geometry": {
                "type": "Point",
                "coordinates": [
                    13.402063,
                    48.349753
                ]
            },
            "properties": {
                "id": "INFT-AJKLM9",
                "name": "AVIA Xpress (Automaten-Tankstelle)",
                "S98": "0",
                "S95": "0",
                "N": "0",
                "D": "1.465",
                "G": "0",
                "zip": "4980",
                "land": "at",
                "bundesland": "Oberösterreich",
                "city2": "Ried",
                "city": "Antiesenhofen",
                "strasse": "Rieder Straße 4",
                "date": "3.9.2025",
                "time": "6:17:47"
            }
        },
        {
            "type": "Feature",
            "geometry": {
                "type": "Point",
                "coordinates": [
                    15.0161079,
                    48.557693
                ]
            },
            "properties": {
                "id": "INFT-AJL3AP",
                "name": "AVIA XPress (unser Service: Luft und Wasser)",
                "S98": "0",
                "S95": "1.549",
                "N": "0",
                "D": "1.559",
                "G": "0",
                "zip": "3920",
                "land": "at",
                "bundesland": "Niederösterreich",
                "city2": "Zwettl",
                "city": "Groß Gerungs",
                "strasse": "Groß Meinharts 10",
                "date": "3.9.2025",
                "time": "6:17:33"
            }
        },
        {
            "type": "Feature",
            "geometry": {
                "type": "Point",
                "coordinates": [
                    14.5380846,
                    48.439863
                ]
            },
            "properties": {
                "id": "INFT-AJL6YP",
                "name": "Genol Lagerhaus Pregarten-Gallneukirchen",
                "S98": "0",
                "S95": "1.504",
                "N": "0",
                "D": "1.494",
                "G": "0",
                "zip": "4292",
                "land": "at",
                "bundesland": "Oberösterreich",
                "city2": "Freistadt",
                "city": "Kefermarkt",
                "strasse": "Am Bahnhof 1",
                "date": "3.9.2025",
                "time": "6:17:41"
            }
        },
        {
            "type": "Feature",
            "geometry": {
                "type": "Point",
                "coordinates": [
                    13.4939519,
                    48.2174061
                ]
            },
            "properties": {
                "id": "INFT-AJLA22",
                "name": "SOCAR Ried im Innkreis",
                "S98": "0",
                "S95": "1.484",
                "N": "0",
                "D": "0",
                "G": "0",
                "zip": "4910",
                "land": "at",
                "bundesland": "Oberösterreich",
                "city2": "Ried",
                "city": "Ried im Innkreis",
                "strasse": "Riedauer Straße 35",
                "date": "3.9.2025",
                "time": "6:17:49"
            }
        },
        {
            "type": "Feature",
            "geometry": {
                "type": "Point",
                "coordinates": [
                    16.2388066,
                    47.2714106
                ]
            },
            "properties": {
                "id": "INFT-AJL9ZX",
                "name": "SOCAR Unterwart",
                "S98": "0",
                "S95": "1.482",
                "N": "0",
                "D": "0",
                "G": "0",
                "zip": "7501",
                "land": "at",
                "bundesland": "Burgenland",
                "city2": "Oberwart",
                "city": "Unterwart",
                "strasse": "Steinamangerer Straße 349",
                "date": "3.9.2025",
                "time": "6:16:59"
            }
        },
        {
            "type": "Feature",
            "geometry": {
                "type": "Point",
                "coordinates": [
                    14.8870475,
                    48.573888
                ]
            },
            "properties": {
                "id": "INFT-AJLGD7",
                "name": "AVIA XPress",
                "S98": "0",
                "S95": "1.549",
                "N": "0",
                "D": "1.559",
                "G": "0",
                "zip": "3921",
                "land": "at",
                "bundesland": "Niederösterreich",
                "city2": "Zwettl",
                "city": "Langschlag",
                "strasse": "Franz Diebl-Str. 44",
                "date": "3.9.2025",
                "time": "6:17:33"
            }
        },
        {
            "type": "Feature",
            "geometry": {
                "type": "Point",
                "coordinates": [
                    16.484127,
                    48.293787
                ]
            },
            "properties": {
                "id": "INFT-AJLGCB",
                "name": "GENOL",
                "S98": "0",
                "S95": "0",
                "N": "0",
                "D": "1.469",
                "G": "0",
                "zip": "2201",
                "land": "at",
                "bundesland": "Niederösterreich",
                "city2": "Wien Umgebung",
                "city": "Gerasdorf",
                "strasse": "Am Bahnhof",
                "date": "3.9.2025",
                "time": "6:17:19"
            }
        },
        {
            "type": "Feature",
            "geometry": {
                "type": "Point",
                "coordinates": [
                    14.9520745,
                    48.4936271
                ]
            },
            "properties": {
                "id": "INFT-AJLGD9",
                "name": "AVIA XPress (unser Service: Luft und Wasser)",
                "S98": "0",
                "S95": "1.549",
                "N": "0",
                "D": "1.559",
                "G": "0",
                "zip": "3925",
                "land": "at",
                "bundesland": "Niederösterreich",
                "city2": "Zwettl",
                "city": "Arbesbach ",
                "strasse": "Nr. 44",
                "date": "3.9.2025",
                "time": "6:17:33"
            }
        },
        {
            "type": "Feature",
            "geometry": {
                "type": "Point",
                "coordinates": [
                    14.37466,
                    48.2809842
                ]
            },
            "properties": {
                "id": "INFT-AJLGCY",
                "name": "AVIA an der B3",
                "S98": "0",
                "S95": "0",
                "N": "0",
                "D": "1.474",
                "G": "0",
                "zip": "4221",
                "land": "at",
                "bundesland": "Oberösterreich",
                "city2": "Urfahr Umgebung",
                "city": "Steyregg",
                "strasse": "Mauthausenerstraße 24",
                "date": "3.9.2025",
                "time": "6:17:52"
            }
        },
        {
            "type": "Feature",
            "geometry": {
                "type": "Point",
                "coordinates": [
                    12.3283117,
                    47.2642527
                ]
            },
            "properties": {
                "id": "INFT-AJLGCJ",
                "name": "Lagerhaus-Tankstelle 24 h",
                "S98": "0",
                "S95": "1.544",
                "N": "0",
                "D": "1.544",
                "G": "0",
                "zip": "5733",
                "land": "at",
                "bundesland": "Salzburg",
                "city2": "Zell am See",
                "city": "Bramberg",
                "strasse": "Weyerstrasse 366",
                "date": "3.9.2025",
                "time": "6:18:2"
            }
        },
        {
            "type": "Feature",
            "geometry": {
                "type": "Point",
                "coordinates": [
                    13.0854539,
                    47.7696131
                ]
            },
            "properties": {
                "id": "INFT-AJLMYJ",
                "name": "BP",
                "S98": "0",
                "S95": "1.469",
                "N": "0",
                "D": "0",
                "G": "0",
                "zip": "5061",
                "land": "at",
                "bundesland": "Salzburg",
                "city2": "Salzburg Umgebung",
                "city": "Glasenbach",
                "strasse": "Johann-Herbst-Straße 15",
                "date": "3.9.2025",
                "time": "6:17:58"
            }
        },
        {
            "type": "Feature",
            "geometry": {
                "type": "Point",
                "coordinates": [
                    15.40058,
                    47.02883
                ]
            },
            "properties": {
                "id": "INFT-AJM2XX",
                "name": "AVANTI - Graz Weblinger Straße 41",
                "S98": "0",
                "S95": "1.439",
                "N": "0",
                "D": "1.439",
                "G": "0",
                "zip": "8054",
                "land": "at",
                "bundesland": "Steiermark",
                "city2": "Graz",
                "city": "Graz",
                "strasse": "Weblinger Strasse 41",
                "date": "3.9.2025",
                "time": "6:18:6"
            }
        },
        {
            "type": "Feature",
            "geometry": {
                "type": "Point",
                "coordinates": [
                    11.7711734,
                    47.3958708
                ]
            },
            "properties": {
                "id": "INFT-AJMEWR",
                "name": "Gutmann ENI Tankstelle",
                "S98": "0",
                "S95": "1.594",
                "N": "0",
                "D": "0",
                "G": "0",
                "zip": "6212",
                "land": "at",
                "bundesland": "Tirol",
                "city2": "Schwaz",
                "city": "Maurach",
                "strasse": "Achenseestraße 70",
                "date": "3.9.2025",
                "time": "6:18:27"
            }
        },
        {
            "type": "Feature",
            "geometry": {
                "type": "Point",
                "coordinates": [
                    13.5398537,
                    48.4105618
                ]
            },
            "properties": {
                "id": "INFT-AJNJJG",
                "name": "AVIA Xpress (Automaten-Tankstelle)",
                "S98": "0",
                "S95": "0",
                "N": "0",
                "D": "1.48",
                "G": "0",
                "zip": "4775",
                "land": "at",
                "bundesland": "Oberösterreich",
                "city2": "Schärding",
                "city": "Taufkirchen an der Pram",
                "strasse": "Eferdinger Straße 24",
                "date": "3.9.2025",
                "time": "6:17:51"
            }
        },
        {
            "type": "Feature",
            "geometry": {
                "type": "Point",
                "coordinates": [
                    10.5108575,
                    46.9531126
                ]
            },
            "properties": {
                "id": "INFT-AJNJJP",
                "name": "Disk",
                "S98": "0",
                "S95": "1.617",
                "N": "0",
                "D": "1.617",
                "G": "0",
                "zip": "6542",
                "land": "at",
                "bundesland": "Tirol",
                "city2": "Landeck",
                "city": "Pfunds",
                "strasse": "Reschenstraße 644",
                "date": "3.9.2025",
                "time": "6:18:24"
            }
        },
        {
            "type": "Feature",
            "geometry": {
                "type": "Point",
                "coordinates": [
                    10.7470916,
                    47.2274942
                ]
            },
            "properties": {
                "id": "INFT-AJPMXT",
                "name": "OMV Gutmann",
                "S98": "0",
                "S95": "1.599",
                "N": "0",
                "D": "1.599",
                "G": "0",
                "zip": "6460",
                "land": "at",
                "bundesland": "Tirol",
                "city2": "Imst",
                "city": "Imst",
                "strasse": "Langgasse 91A",
                "date": "3.9.2025",
                "time": "6:18:18"
            }
        },
        {
            "type": "Feature",
            "geometry": {
                "type": "Point",
                "coordinates": [
                    15.0922186,
                    47.0617793
                ]
            },
            "properties": {
                "id": "INFT-AJQJ76",
                "name": "Treibstoffparadies",
                "S98": "0",
                "S95": "1.428",
                "N": "0",
                "D": "1.433",
                "G": "0",
                "zip": "8580",
                "land": "at",
                "bundesland": "Steiermark",
                "city2": "Voitsberg",
                "city": "Köflach",
                "strasse": "Grazerstraße 24",
                "date": "3.9.2025",
                "time": "6:18:13"
            }
        },
        {
            "type": "Feature",
            "geometry": {
                "type": "Point",
                "coordinates": [
                    10.869062,
                    47.407339
                ]
            },
            "properties": {
                "id": "INFT-AJRG7Q",
                "name": "BP",
                "S98": "0",
                "S95": "0",
                "N": "0",
                "D": "1.579",
                "G": "0",
                "zip": "6631",
                "land": "at",
                "bundesland": "Tirol",
                "city2": "Reutte",
                "city": "Lermoos",
                "strasse": "Gries 16 ",
                "date": "3.9.2025",
                "time": "6:18:25"
            }
        },
        {
            "type": "Feature",
            "geometry": {
                "type": "Point",
                "coordinates": [
                    11.8802754,
                    47.2352316
                ]
            },
            "properties": {
                "id": "INFT-AJRG7S",
                "name": "Huber ",
                "S98": "0",
                "S95": "1.579",
                "N": "0",
                "D": "1.569",
                "G": "0",
                "zip": "6277",
                "land": "at",
                "bundesland": "Tirol",
                "city2": "Schwaz",
                "city": "Zellber",
                "strasse": "Zellbergeben 16",
                "date": "3.9.2025",
                "time": "6:18:27"
            }
        },
        {
            "type": "Feature",
            "geometry": {
                "type": "Point",
                "coordinates": [
                    9.7287983,
                    47.4702303
                ]
            },
            "properties": {
                "id": "INFT-AJSBRZ",
                "name": "Disk",
                "S98": "0",
                "S95": "1.499",
                "N": "0",
                "D": "1.499",
                "G": "0",
                "zip": "6923",
                "land": "at",
                "bundesland": "Vorarlberg",
                "city2": "Bregenz",
                "city": "Lauterach",
                "strasse": "Bundesstraße 97",
                "date": "3.9.2025",
                "time": "6:18:29"
            }
        },
        {
            "type": "Feature",
            "geometry": {
                "type": "Point",
                "coordinates": [
                    12.3768668,
                    47.4886206
                ]
            },
            "properties": {
                "id": "INFT-AJSGFP",
                "name": "HWK Diesel",
                "S98": "0",
                "S95": "0",
                "N": "0",
                "D": "1.497",
                "G": "0",
                "zip": "6372",
                "land": "at",
                "bundesland": "Tirol",
                "city2": "Kitzbühel",
                "city": "Oberndorf in Tirol",
                "strasse": "Franz-Cervinka-Weg 3",
                "date": "3.9.2025",
                "time": "6:18:21"
            }
        },
        {
            "type": "Feature",
            "geometry": {
                "type": "Point",
                "coordinates": [
                    11.2609853,
                    47.3879114
                ]
            },
            "properties": {
                "id": "INFT-AJSGFT",
                "name": "Tankstelle WR GmbH",
                "S98": "0",
                "S95": "0",
                "N": "0",
                "D": "1.599",
                "G": "0",
                "zip": "6108",
                "land": "at",
                "bundesland": "Tirol",
                "city2": "Innsbruck Land",
                "city": "Scharnitz",
                "strasse": "Innsbruckerstraße 464",
                "date": "3.9.2025",
                "time": "6:18:20"
            }
        },
        {
            "type": "Feature",
            "geometry": {
                "type": "Point",
                "coordinates": [
                    15.0844437,
                    47.0628136
                ]
            },
            "properties": {
                "id": "INFT-AJT2YY",
                "name": "LAGERHAUS Genol Köflach ",
                "S98": "0",
                "S95": "0",
                "N": "0",
                "D": "1.439",
                "G": "0",
                "zip": "8580",
                "land": "at",
                "bundesland": "Steiermark",
                "city2": "Voitsberg",
                "city": "Köflach",
                "strasse": "Bahnweg 6",
                "date": "3.9.2025",
                "time": "6:18:12"
            }
        },
        {
            "type": "Feature",
            "geometry": {
                "type": "Point",
                "coordinates": [
                    15.403209,
                    47.029741
                ]
            },
            "properties": {
                "id": "INFT-AJUN27",
                "name": "Rumpold",
                "S98": "0",
                "S95": "1.437",
                "N": "0",
                "D": "1.438",
                "G": "0",
                "zip": "8054",
                "land": "at",
                "bundesland": "Steiermark",
                "city2": "Graz",
                "city": "Graz",
                "strasse": "Kärntner Straße 338",
                "date": "3.9.2025",
                "time": "6:18:5"
            }
        },
        {
            "type": "Feature",
            "geometry": {
                "type": "Point",
                "coordinates": [
                    13.735886,
                    48.5017813
                ]
            },
            "properties": {
                "id": "INFT-AJYMZW",
                "name": "Sprit Diskont Thomas Weißenböck-Straßl",
                "S98": "0",
                "S95": "1.498",
                "N": "0",
                "D": "1.498",
                "G": "0",
                "zip": "4090",
                "land": "at",
                "bundesland": "Oberösterreich",
                "city2": "Schärding",
                "city": "Engelhartszell",
                "strasse": "Nibelungenstrasse 20",
                "date": "3.9.2025",
                "time": "6:17:51"
            }
        },
        {
            "type": "Feature",
            "geometry": {
                "type": "Point",
                "coordinates": [
                    10.670877,
                    47.551383
                ]
            },
            "properties": {
                "id": "INFT-AJZFHR",
                "name": "Freie Tankstelle (AVIA Treibstoffe)",
                "S98": "0",
                "S95": "1.589",
                "N": "0",
                "D": "1.579",
                "G": "0",
                "zip": "6600",
                "land": "at",
                "bundesland": "Tirol",
                "city2": "Reutte",
                "city": "Pinswang",
                "strasse": "Tank-Point GmbH, Anton-Beirer-Str. 2",
                "date": "3.9.2025",
                "time": "6:18:26"
            }
        },
        {
            "type": "Feature",
            "geometry": {
                "type": "Point",
                "coordinates": [
                    12.16222,
                    47.58636
                ]
            },
            "properties": {
                "id": "INFT-AK2TYF",
                "name": "AVANTI - Kufstein Schubertstraße 20",
                "S98": "0",
                "S95": "0",
                "N": "0",
                "D": "1.484",
                "G": "0",
                "zip": "6330",
                "land": "at",
                "bundesland": "Tirol",
                "city2": "Kufstein",
                "city": "Kufstein",
                "strasse": "Schubertstrasse 20",
                "date": "3.9.2025",
                "time": "6:18:22"
            }
        },
        {
            "type": "Feature",
            "geometry": {
                "type": "Point",
                "coordinates": [
                    12.101784,
                    47.547741
                ]
            },
            "properties": {
                "id": "INFT-AK39SX",
                "name": "AVIA Xpress (Automaten-Tankstelle)",
                "S98": "0",
                "S95": "0",
                "N": "0",
                "D": "1.489",
                "G": "0",
                "zip": "6336",
                "land": "at",
                "bundesland": "Tirol",
                "city2": "Kufstein",
                "city": "Langkampfen",
                "strasse": "Bürgerstraße 17",
                "date": "3.9.2025",
                "time": "6:18:22"
            }
        },
        {
            "type": "Feature",
            "geometry": {
                "type": "Point",
                "coordinates": [
                    13.0525391,
                    47.7844906
                ]
            },
            "properties": {
                "id": "INFT-AK3BS2",
                "name": "BP",
                "S98": "0",
                "S95": "1.489",
                "N": "0",
                "D": "0",
                "G": "0",
                "zip": "5020",
                "land": "at",
                "bundesland": "Salzburg",
                "city2": "Salzburg Umgebung",
                "city": "Salzburg",
                "strasse": "Nonntaler Hauptstrasse 65 ",
                "date": "3.9.2025",
                "time": "6:17:56"
            }
        },
        {
            "type": "Feature",
            "geometry": {
                "type": "Point",
                "coordinates": [
                    15.6103479,
                    48.3769549
                ]
            },
            "properties": {
                "id": "INFT-AK3GJU",
                "name": "i-diskont Menhart - Tankstelle mit Bedienung",
                "S98": "0",
                "S95": "1.478",
                "N": "0",
                "D": "1.488",
                "G": "0",
                "zip": "3511",
                "land": "at",
                "bundesland": "Niederösterreich",
                "city2": "Krems Land",
                "city": "Furth/G.",
                "strasse": "Untere Landstraße 288",
                "date": "3.9.2025",
                "time": "6:17:21"
            }
        },
        {
            "type": "Feature",
            "geometry": {
                "type": "Point",
                "coordinates": [
                    14.3622129,
                    48.5001792
                ]
            },
            "properties": {
                "id": "INFT-AK3GJZ",
                "name": "Fa. Elmecker Martin",
                "S98": "0",
                "S95": "0",
                "N": "0",
                "D": "1.484",
                "G": "0",
                "zip": "4192",
                "land": "at",
                "bundesland": "Oberösterreich",
                "city2": "Urfahr Umgebung",
                "city": "Schenkenfelden",
                "strasse": "Linzerstrasse 14",
                "date": "3.9.2025",
                "time": "6:17:52"
            }
        },
        {
            "type": "Feature",
            "geometry": {
                "type": "Point",
                "coordinates": [
                    12.98,
                    47.817794
                ]
            },
            "properties": {
                "id": "INFT-AK4H6H",
                "name": "Wölfl",
                "S98": "0",
                "S95": "0",
                "N": "0",
                "D": "1.45",
                "G": "0",
                "zip": "5071",
                "land": "at",
                "bundesland": "Salzburg",
                "city2": "Salzburg Umgebung",
                "city": "Wals-Siezenheim",
                "strasse": "Bayernstrasse 24",
                "date": "3.9.2025",
                "time": "6:17:57"
            }
        },
        {
            "type": "Feature",
            "geometry": {
                "type": "Point",
                "coordinates": [
                    14.5184771,
                    48.3551185
                ]
            },
            "properties": {
                "id": "INFT-AK4H6R",
                "name": "Genol  Lagerhaus Pregarten-Gallneukirchen",
                "S98": "0",
                "S95": "0",
                "N": "0",
                "D": "1.494",
                "G": "0",
                "zip": "4224",
                "land": "at",
                "bundesland": "Oberösterreich",
                "city2": "Freistadt",
                "city": "Wartberg",
                "strasse": "Hacklberg 7",
                "date": "3.9.2025",
                "time": "6:17:40"
            }
        },
        {
            "type": "Feature",
            "geometry": {
                "type": "Point",
                "coordinates": [
                    14.4770062,
                    48.3585818
                ]
            },
            "properties": {
                "id": "INFT-AK4H6P",
                "name": "Genol  Lagerhaus Pregarten-Gallneukirchen",
                "S98": "0",
                "S95": "0",
                "N": "0",
                "D": "1.494",
                "G": "0",
                "zip": "4224",
                "land": "at",
                "bundesland": "Oberösterreich",
                "city2": "Freistadt",
                "city": "Wartberg",
                "strasse": "Betriebsstraße 20",
                "date": "3.9.2025",
                "time": "6:17:40"
            }
        },
        {
            "type": "Feature",
            "geometry": {
                "type": "Point",
                "coordinates": [
                    16.50778,
                    47.8449265
                ]
            },
            "properties": {
                "id": "INFT-AK4H6G",
                "name": "CP - so günstig wie möglich",
                "S98": "0",
                "S95": "1.457",
                "N": "0",
                "D": "1.464",
                "G": "0",
                "zip": "7000",
                "land": "at",
                "bundesland": "Burgenland",
                "city2": "Eisenstadt",
                "city": "Eisenstadt",
                "strasse": "Wiener Straße 36-38",
                "date": "3.9.2025",
                "time": "6:16:52"
            }
        },
        {
            "type": "Feature",
            "geometry": {
                "type": "Point",
                "coordinates": [
                    13.7729547,
                    48.5506544
                ]
            },
            "properties": {
                "id": "INFT-AK4R2L",
                "name": "PINK - so pink, so clever",
                "S98": "0",
                "S95": "1.499",
                "N": "0",
                "D": "0",
                "G": "0",
                "zip": "4144",
                "land": "at",
                "bundesland": "Oberösterreich",
                "city2": "Rohrbach",
                "city": "Oberkappel",
                "strasse": "Falkensteinerstraße 3",
                "date": "3.9.2025",
                "time": "6:17:50"
            }
        },
        {
            "type": "Feature",
            "geometry": {
                "type": "Point",
                "coordinates": [
                    14.7928574,
                    47.948442
                ]
            },
            "properties": {
                "id": "INFT-AK52FA",
                "name": "Lagerhaus-Genol",
                "S98": "0",
                "S95": "1.499",
                "N": "0",
                "D": "1.509",
                "G": "0",
                "zip": "3340",
                "land": "at",
                "bundesland": "Niederösterreich",
                "city2": "Scheibbs",
                "city": "Waidhofen/Ybbs",
                "strasse": "Ybbsitzerstraße 130",
                "date": "3.9.2025",
                "time": "6:17:11"
            }
        },
        {
            "type": "Feature",
            "geometry": {
                "type": "Point",
                "coordinates": [
                    16.523812,
                    47.835896
                ]
            },
            "properties": {
                "id": "INFT-AK7TPZ",
                "name": "eni",
                "S98": "0",
                "S95": "1.469",
                "N": "0",
                "D": "0",
                "G": "0",
                "zip": "7000",
                "land": "at",
                "bundesland": "Burgenland",
                "city2": "Eisenstadt",
                "city": "Eisenstadt",
                "strasse": "Mattersburger Strasse 20",
                "date": "3.9.2025",
                "time": "6:16:53"
            }
        },
        {
            "type": "Feature",
            "geometry": {
                "type": "Point",
                "coordinates": [
                    10.7479088,
                    47.226803
                ]
            },
            "properties": {
                "id": "INFT-AKBFB7",
                "name": "Gutmann Shell Tankstelle",
                "S98": "0",
                "S95": "1.599",
                "N": "0",
                "D": "1.599",
                "G": "0",
                "zip": "6460",
                "land": "at",
                "bundesland": "Tirol",
                "city2": "Imst",
                "city": "Imst",
                "strasse": "Langgasse 96",
                "date": "3.9.2025",
                "time": "6:18:19"
            }
        },
        {
            "type": "Feature",
            "geometry": {
                "type": "Point",
                "coordinates": [
                    15.3059831,
                    48.4175608
                ]
            },
            "properties": {
                "id": "INFT-AKBFBJ",
                "name": "Genol",
                "S98": "0",
                "S95": "0",
                "N": "0",
                "D": "1.529",
                "G": "0",
                "zip": "3623",
                "land": "at",
                "bundesland": "Niederösterreich",
                "city2": "Zwettl",
                "city": "Kottes",
                "strasse": "Kottes  75",
                "date": "3.9.2025",
                "time": "6:17:32"
            }
        },
        {
            "type": "Feature",
            "geometry": {
                "type": "Point",
                "coordinates": [
                    12.148585,
                    47.4829762
                ]
            },
            "properties": {
                "id": "INFT-AKDM6X",
                "name": "ENI",
                "S98": "0",
                "S95": "1.543",
                "N": "0",
                "D": "1.523",
                "G": "0",
                "zip": "6305",
                "land": "at",
                "bundesland": "Tirol",
                "city2": "Kitzbühel",
                "city": "Itter",
                "strasse": "Mühltal 19",
                "date": "3.9.2025",
                "time": "6:18:21"
            }
        },
        {
            "type": "Feature",
            "geometry": {
                "type": "Point",
                "coordinates": [
                    12.155927,
                    47.566781
                ]
            },
            "properties": {
                "id": "INFT-AKEA28",
                "name": "AP Truck Mobility GmbH",
                "S98": "0",
                "S95": "1.489",
                "N": "0",
                "D": "0",
                "G": "0",
                "zip": "6330",
                "land": "at",
                "bundesland": "Tirol",
                "city2": "Kufstein",
                "city": "Kufstein",
                "strasse": "Gewerbepark Süd 6",
                "date": "3.9.2025",
                "time": "6:18:23"
            }
        },
        {
            "type": "Feature",
            "geometry": {
                "type": "Point",
                "coordinates": [
                    10.8531181,
                    47.2316892
                ]
            },
            "properties": {
                "id": "INFT-AKFU29",
                "name": "Gutmann ENI Tankstelle",
                "S98": "0",
                "S95": "1.599",
                "N": "0",
                "D": "1.599",
                "G": "0",
                "zip": "6430",
                "land": "at",
                "bundesland": "Tirol",
                "city2": "Imst",
                "city": "Ötztal ",
                "strasse": "Ambergstraße 40",
                "date": "3.9.2025",
                "time": "6:18:18"
            }
        },
        {
            "type": "Feature",
            "geometry": {
                "type": "Point",
                "coordinates": [
                    13.880056,
                    48.284471
                ]
            },
            "properties": {
                "id": "INFT-AKGGA6",
                "name": "GENOL-LH EFERDING-OÖ. MITTE eGen",
                "S98": "0",
                "S95": "1.469",
                "N": "0",
                "D": "0",
                "G": "0",
                "zip": "4732",
                "land": "at",
                "bundesland": "Oberösterreich",
                "city2": "Grieskirchen",
                "city": "ST. THOMAS BEI WAIZENKIRCHEN",
                "strasse": "ST. THOMAS 34",
                "date": "3.9.2025",
                "time": "6:17:43"
            }
        },
        {
            "type": "Feature",
            "geometry": {
                "type": "Point",
                "coordinates": [
                    15.0436211,
                    48.9432285
                ]
            },
            "properties": {
                "id": "INFT-AKGGA5",
                "name": "AVIA XPress (unser Service: Luft und Wasser)",
                "S98": "0",
                "S95": "1.549",
                "N": "0",
                "D": "1.559",
                "G": "0",
                "zip": "3874",
                "land": "at",
                "bundesland": "Niederösterreich",
                "city2": "Gmünd",
                "city": "Litschau",
                "strasse": "Bahnhofstraße 4",
                "date": "3.9.2025",
                "time": "6:17:17"
            }
        },
        {
            "type": "Feature",
            "geometry": {
                "type": "Point",
                "coordinates": [
                    15.2552517,
                    47.070226
                ]
            },
            "properties": {
                "id": "INFT-AKH3HP",
                "name": "LAGERHAUS Genol St. Bartholomä",
                "S98": "0",
                "S95": "0",
                "N": "0",
                "D": "1.439",
                "G": "0",
                "zip": "8113",
                "land": "at",
                "bundesland": "Steiermark",
                "city2": "Graz Umgebung",
                "city": "St. Bartholomä",
                "strasse": "St. Bartholomä 59",
                "date": "3.9.2025",
                "time": "6:18:5"
            }
        },
        {
            "type": "Feature",
            "geometry": {
                "type": "Point",
                "coordinates": [
                    10.9100535,
                    47.1762462
                ]
            },
            "properties": {
                "id": "INFT-AKKESS",
                "name": "Gutmann ENI Tankstelle",
                "S98": "0",
                "S95": "1.599",
                "N": "0",
                "D": "1.599",
                "G": "0",
                "zip": "6441",
                "land": "at",
                "bundesland": "Tirol",
                "city2": "Imst",
                "city": "Tumpen",
                "strasse": "Tumpen 91",
                "date": "3.9.2025",
                "time": "6:18:18"
            }
        },
        {
            "type": "Feature",
            "geometry": {
                "type": "Point",
                "coordinates": [
                    15.084943,
                    48.1753596
                ]
            },
            "properties": {
                "id": "INFT-AKMGAS",
                "name": "ESSMEISTER Full-Service Tankstelle",
                "S98": "0",
                "S95": "1.449",
                "N": "0",
                "D": "0",
                "G": "0",
                "zip": "3370",
                "land": "at",
                "bundesland": "Niederösterreich",
                "city2": "Melk",
                "city": "Ybbs/Donau",
                "strasse": "Burgwiesenring 3",
                "date": "3.9.2025",
                "time": "6:17:23"
            }
        },
        {
            "type": "Feature",
            "geometry": {
                "type": "Point",
                "coordinates": [
                    15.300583,
                    48.413522
                ]
            },
            "properties": {
                "id": "INFT-AKMGAP",
                "name": "Turmöl",
                "S98": "0",
                "S95": "1.505",
                "N": "0",
                "D": "1.529",
                "G": "0",
                "zip": "3623",
                "land": "at",
                "bundesland": "Niederösterreich",
                "city2": "Zwettl",
                "city": "Kottes",
                "strasse": "Hauptstraße 30",
                "date": "3.9.2025",
                "time": "6:17:33"
            }
        },
        {
            "type": "Feature",
            "geometry": {
                "type": "Point",
                "coordinates": [
                    15.804691,
                    47.172211
                ]
            },
            "properties": {
                "id": "INFT-AKRMER",
                "name": "Durlacher Peter Freie Tankstelle",
                "S98": "0",
                "S95": "0",
                "N": "0",
                "D": "1.469",
                "G": "0",
                "zip": "8212",
                "land": "at",
                "bundesland": "Steiermark",
                "city2": "Weiz",
                "city": "Pischelsdorf",
                "strasse": "Pischelsdorf 55",
                "date": "3.9.2025",
                "time": "6:18:14"
            }
        },
        {
            "type": "Feature",
            "geometry": {
                "type": "Point",
                "coordinates": [
                    15.1370813,
                    48.0719143
                ]
            },
            "properties": {
                "id": "INFT-AKS3RL",
                "name": "Disk Eisinger",
                "S98": "0",
                "S95": "1.477",
                "N": "0",
                "D": "1.487",
                "G": "0",
                "zip": "3251",
                "land": "at",
                "bundesland": "Niederösterreich",
                "city2": "Scheibbs",
                "city": "Purgstall an der Erlauf",
                "strasse": "Erlauftalstraße 86",
                "date": "3.9.2025",
                "time": "6:17:28"
            }
        },
        {
            "type": "Feature",
            "geometry": {
                "type": "Point",
                "coordinates": [
                    14.8289891,
                    48.3942687
                ]
            },
            "properties": {
                "id": "INFT-AKYFKJ",
                "name": "Diskonttankstelle",
                "S98": "0",
                "S95": "1.499",
                "N": "0",
                "D": "1.489",
                "G": "0",
                "zip": "4280",
                "land": "at",
                "bundesland": "Oberösterreich",
                "city2": "Freistadt",
                "city": "Königswiesen",
                "strasse": "Linzer Straße 29",
                "date": "3.9.2025",
                "time": "6:17:41"
            }
        },
        {
            "type": "Feature",
            "geometry": {
                "type": "Point",
                "coordinates": [
                    16.5085973,
                    48.3769919
                ]
            },
            "properties": {
                "id": "INFT-AKYJ43",
                "name": "GENOL",
                "S98": "0",
                "S95": "0",
                "N": "0",
                "D": "1.489",
                "G": "0",
                "zip": "2120",
                "land": "at",
                "bundesland": "Niederösterreich",
                "city2": "Mistelbach",
                "city": "Wolkersdorf",
                "strasse": "Winzerstraße 3",
                "date": "3.9.2025",
                "time": "6:17:23"
            }
        },
        {
            "type": "Feature",
            "geometry": {
                "type": "Point",
                "coordinates": [
                    16.4888098,
                    48.4263346
                ]
            },
            "properties": {
                "id": "INFT-AKYJ44",
                "name": "GENOL",
                "S98": "0",
                "S95": "0",
                "N": "0",
                "D": "1.489",
                "G": "0",
                "zip": "2123",
                "land": "at",
                "bundesland": "Niederösterreich",
                "city2": "Mistelbach",
                "city": "Schleinbach",
                "strasse": "Landstraße 360",
                "date": "3.9.2025",
                "time": "6:17:23"
            }
        },
        {
            "type": "Feature",
            "geometry": {
                "type": "Point",
                "coordinates": [
                    14.6676972,
                    48.3469
                ]
            },
            "properties": {
                "id": "INFT-AL75UX",
                "name": "Genol  Lagerhaus Pregarten-Gallneukirchen",
                "S98": "0",
                "S95": "1.509",
                "N": "0",
                "D": "0",
                "G": "0",
                "zip": "4283",
                "land": "at",
                "bundesland": "Oberösterreich",
                "city2": "Freistadt",
                "city": "Bad Zell",
                "strasse": "Linzer Straße 11",
                "date": "3.9.2025",
                "time": "6:17:41"
            }
        },
        {
            "type": "Feature",
            "geometry": {
                "type": "Point",
                "coordinates": [
                    14.12421,
                    48.05189
                ]
            },
            "properties": {
                "id": "INFT-ALCFBP",
                "name": "Shell Austria",
                "S98": "0",
                "S95": "1.469",
                "N": "0",
                "D": "0",
                "G": "0",
                "zip": "4550",
                "land": "at",
                "bundesland": "Oberösterreich",
                "city2": "Linz Land",
                "city": "KREMSMUENSTER",
                "strasse": "FUXJAEGERSTRASSE 2",
                "date": "3.9.2025",
                "time": "6:17:44"
            }
        },
        {
            "type": "Feature",
            "geometry": {
                "type": "Point",
                "coordinates": [
                    13.6345045,
                    48.1537941
                ]
            },
            "properties": {
                "id": "INFT-ALCFBQ",
                "name": "Jedinger, Freie Tankstelle",
                "S98": "0",
                "S95": "0",
                "N": "0",
                "D": "1.469",
                "G": "0",
                "zip": "4682",
                "land": "at",
                "bundesland": "Oberösterreich",
                "city2": "Grieskirchen",
                "city": "Geboltskirchen",
                "strasse": "Frei 3",
                "date": "3.9.2025",
                "time": "6:17:43"
            }
        },
        {
            "type": "Feature",
            "geometry": {
                "type": "Point",
                "coordinates": [
                    12.96816995,
                    47.29217999
                ]
            },
            "properties": {
                "id": "INFT-ALE8QH",
                "name": "BP Taxenbach",
                "S98": "0",
                "S95": "1.529",
                "N": "0",
                "D": "1.529",
                "G": "0",
                "zip": "5660",
                "land": "at",
                "bundesland": "Salzburg",
                "city2": "Zell am See",
                "city": "Taxenbach",
                "strasse": "Bundesstraße 6",
                "date": "3.9.2025",
                "time": "6:18:2"
            }
        },
        {
            "type": "Feature",
            "geometry": {
                "type": "Point",
                "coordinates": [
                    16.4047107,
                    47.7366435
                ]
            },
            "properties": {
                "id": "INFT-AM4CLG",
                "name": "Turmöl Quick",
                "S98": "0",
                "S95": "1.474",
                "N": "0",
                "D": "1.484",
                "G": "0",
                "zip": "7210",
                "land": "at",
                "bundesland": "Burgenland",
                "city2": "Mattersburg",
                "city": "Mattersburg",
                "strasse": "Bahnstraße 30",
                "date": "3.9.2025",
                "time": "6:16:55"
            }
        },
        {
            "type": "Feature",
            "geometry": {
                "type": "Point",
                "coordinates": [
                    15.2274847,
                    46.8187066
                ]
            },
            "properties": {
                "id": "INFT-AMBF5Y",
                "name": "Turmöl Quick",
                "S98": "0",
                "S95": "1.434",
                "N": "0",
                "D": "1.444",
                "G": "0",
                "zip": "8530",
                "land": "at",
                "bundesland": "Steiermark",
                "city2": "Deutschlandsberg",
                "city": "Deutschlandsberg",
                "strasse": "Frauentaler Straße 76",
                "date": "3.9.2025",
                "time": "6:18:4"
            }
        },
        {
            "type": "Feature",
            "geometry": {
                "type": "Point",
                "coordinates": [
                    15.5973356,
                    48.4708909
                ]
            },
            "properties": {
                "id": "INFT-AN3EPU",
                "name": "Lagerhaus - Genol",
                "S98": "0",
                "S95": "0",
                "N": "0",
                "D": "1.494",
                "G": "0",
                "zip": "3552",
                "land": "at",
                "bundesland": "Niederösterreich",
                "city2": "Krems Land",
                "city": "Lengenfeld",
                "strasse": "Kirchengasse 3",
                "date": "3.9.2025",
                "time": "6:17:20"
            }
        },
        {
            "type": "Feature",
            "geometry": {
                "type": "Point",
                "coordinates": [
                    15.6903453,
                    48.4325584
                ]
            },
            "properties": {
                "id": "INFT-AN3EPW",
                "name": "Lagerhaus - Genol",
                "S98": "0",
                "S95": "0",
                "N": "0",
                "D": "1.494",
                "G": "0",
                "zip": "3494",
                "land": "at",
                "bundesland": "Niederösterreich",
                "city2": "Krems Land",
                "city": "Gedersdorf",
                "strasse": "Linke Bahnzeile 2",
                "date": "3.9.2025",
                "time": "6:17:21"
            }
        },
        {
            "type": "Feature",
            "geometry": {
                "type": "Point",
                "coordinates": [
                    15.6912918,
                    48.4711342
                ]
            },
            "properties": {
                "id": "INFT-AN3EPV",
                "name": "Lagerhaus - Genol",
                "S98": "0",
                "S95": "0",
                "N": "0",
                "D": "1.494",
                "G": "0",
                "zip": "3550",
                "land": "at",
                "bundesland": "Niederösterreich",
                "city2": "Krems Land",
                "city": "Langenlois",
                "strasse": "Gewerbestrasse 8-12",
                "date": "3.9.2025",
                "time": "6:17:21"
            }
        },
        {
            "type": "Feature",
            "geometry": {
                "type": "Point",
                "coordinates": [
                    14.6803544,
                    48.443991
                ]
            },
            "properties": {
                "id": "INFT-AN5F7X",
                "name": "Genol  Lagerhaus Pregarten-Gallneukirchen",
                "S98": "0",
                "S95": "1.509",
                "N": "0",
                "D": "0",
                "G": "0",
                "zip": "4274",
                "land": "at",
                "bundesland": "Oberösterreich",
                "city2": "Freistadt",
                "city": "Schönau",
                "strasse": "Schulstraße 9",
                "date": "3.9.2025",
                "time": "6:17:41"
            }
        },
        {
            "type": "Feature",
            "geometry": {
                "type": "Point",
                "coordinates": [
                    16.3910922,
                    48.233836
                ]
            },
            "properties": {
                "id": "INFT-ANBJD6",
                "name": "Turmöl",
                "S98": "0",
                "S95": "1.538",
                "N": "0",
                "D": "1.563",
                "G": "0",
                "zip": "1200",
                "land": "at",
                "bundesland": "Wien",
                "city2": "Brigittenau",
                "city": "Wien",
                "strasse": "Engerthstrasse 146",
                "date": "3.9.2025",
                "time": "6:18:39"
            }
        },
        {
            "type": "Feature",
            "geometry": {
                "type": "Point",
                "coordinates": [
                    16.3444115,
                    48.1780142
                ]
            },
            "properties": {
                "id": "INFT-ANEBQC",
                "name": "Turmöl Quick",
                "S98": "0",
                "S95": "1.494",
                "N": "0",
                "D": "1.494",
                "G": "0",
                "zip": "1120",
                "land": "at",
                "bundesland": "Wien",
                "city2": "Meidling",
                "city": "Wien",
                "strasse": "Eichenstraße 2B",
                "date": "3.9.2025",
                "time": "6:18:35"
            }
        },
        {
            "type": "Feature",
            "geometry": {
                "type": "Point",
                "coordinates": [
                    16.2689481,
                    47.9927141
                ]
            },
            "properties": {
                "id": "INFT-AP2G5U",
                "name": "Turmöl Quick",
                "S98": "0",
                "S95": "1.454",
                "N": "0",
                "D": "1.453",
                "G": "0",
                "zip": "2512",
                "land": "at",
                "bundesland": "Niederösterreich",
                "city2": "Baden",
                "city": "Tribuswinkel",
                "strasse": "Zubringerstraße 51",
                "date": "3.9.2025",
                "time": "6:17:13"
            }
        },
        {
            "type": "Feature",
            "geometry": {
                "type": "Point",
                "coordinates": [
                    15.3307498,
                    48.6979044
                ]
            },
            "properties": {
                "id": "INFT-AR7EHK",
                "name": "AVIA XPress (unser Service: Luft und Wasser)",
                "S98": "0",
                "S95": "1.549",
                "N": "0",
                "D": "1.559",
                "G": "0",
                "zip": "3804",
                "land": "at",
                "bundesland": "Niederösterreich",
                "city2": "Zwettl",
                "city": "Allentsteig",
                "strasse": "Spitalstraße 3",
                "date": "3.9.2025",
                "time": "6:17:33"
            }
        },
        {
            "type": "Feature",
            "geometry": {
                "type": "Point",
                "coordinates": [
                    15.661951500031934,
                    47.16207428098524
                ]
            },
            "properties": {
                "id": "INFT-ARDBUA",
                "name": "F. LEITNER",
                "S98": "0",
                "S95": "1.468",
                "N": "0",
                "D": "0",
                "G": "0",
                "zip": "8181",
                "land": "at",
                "bundesland": "Steiermark",
                "city2": "Weiz",
                "city": "St.Ruprecht",
                "strasse": "Obere Haupstraße 384",
                "date": "3.9.2025",
                "time": "6:18:14"
            }
        },
        {
            "type": "Feature",
            "geometry": {
                "type": "Point",
                "coordinates": [
                    14.7363227,
                    47.161529
                ]
            },
            "properties": {
                "id": "INFT-AS7CEU",
                "name": "Freie Tankstelle",
                "S98": "0",
                "S95": "0",
                "N": "0",
                "D": "1.449",
                "G": "0",
                "zip": "8741",
                "land": "at",
                "bundesland": "Steiermark",
                "city2": "Judenburg",
                "city": "Weißkirchen",
                "strasse": "Fisching 45",
                "date": "3.9.2025",
                "time": "6:18:15"
            }
        },
        {
            "type": "Feature",
            "geometry": {
                "type": "Point",
                "coordinates": [
                    16.0491348,
                    47.9843422
                ]
            },
            "properties": {
                "id": "INFT-AS7EPK",
                "name": "Turmöl Quick",
                "S98": "0",
                "S95": "1.454",
                "N": "0",
                "D": "1.453",
                "G": "0",
                "zip": "2564",
                "land": "at",
                "bundesland": "Niederösterreich",
                "city2": "Baden",
                "city": "Weissenbach",
                "strasse": "Hainfelderstraße 1",
                "date": "3.9.2025",
                "time": "6:17:13"
            }
        },
        {
            "type": "Feature",
            "geometry": {
                "type": "Point",
                "coordinates": [
                    16.15609,
                    47.27573
                ]
            },
            "properties": {
                "id": "INFT-AS8HYD",
                "name": "AVANTI - Kemeten Steinbrückl 12a",
                "S98": "0",
                "S95": "1.482",
                "N": "0",
                "D": "1.484",
                "G": "0",
                "zip": "7531",
                "land": "at",
                "bundesland": "Burgenland",
                "city2": "Oberwart",
                "city": "Kemeten",
                "strasse": "Steinbrueckl 12a",
                "date": "3.9.2025",
                "time": "6:16:59"
            }
        },
        {
            "type": "Feature",
            "geometry": {
                "type": "Point",
                "coordinates": [
                    14.2289522,
                    47.5682389
                ]
            },
            "properties": {
                "id": "INFT-ASHLC8",
                "name": "BP Liezen",
                "S98": "0",
                "S95": "1.464",
                "N": "0",
                "D": "1.474",
                "G": "0",
                "zip": "8940",
                "land": "at",
                "bundesland": "Steiermark",
                "city2": "Liezen",
                "city": "Liezen",
                "strasse": "Salzburger Straße 35",
                "date": "3.9.2025",
                "time": "6:18:10"
            }
        },
        {
            "type": "Feature",
            "geometry": {
                "type": "Point",
                "coordinates": [
                    14.0501651,
                    46.6179668
                ]
            },
            "properties": {
                "id": "INFT-ASYGC4",
                "name": "Turmöl Quick",
                "S98": "0",
                "S95": "1.461",
                "N": "0",
                "D": "1.461",
                "G": "0",
                "zip": "9220",
                "land": "at",
                "bundesland": "Kärnten",
                "city2": "Klagenfurt Land",
                "city": "Velden",
                "strasse": "Klagenfurterstraße 19",
                "date": "3.9.2025",
                "time": "6:17:5"
            }
        },
        {
            "type": "Feature",
            "geometry": {
                "type": "Point",
                "coordinates": [
                    15.5015729,
                    46.8878741
                ]
            },
            "properties": {
                "id": "INFT-AT3TXP",
                "name": "Treibstoffparadies",
                "S98": "0",
                "S95": "1.458",
                "N": "0",
                "D": "0",
                "G": "0",
                "zip": "8410",
                "land": "at",
                "bundesland": "Steiermark",
                "city2": "Leibnitz",
                "city": "Wildon",
                "strasse": "Grazerstraße 2",
                "date": "3.9.2025",
                "time": "6:18:7"
            }
        },
        {
            "type": "Feature",
            "geometry": {
                "type": "Point",
                "coordinates": [
                    13.482978,
                    48.205796
                ]
            },
            "properties": {
                "id": "INFT-ATKJ9K",
                "name": "AVIA Xpress (Automaten-Tankstelle)",
                "S98": "0",
                "S95": "1.483",
                "N": "0",
                "D": "1.513",
                "G": "0",
                "zip": "4910",
                "land": "at",
                "bundesland": "Oberösterreich",
                "city2": "Ried",
                "city": "Ried im Innkreis",
                "strasse": "Braunauer Straße 3a",
                "date": "3.9.2025",
                "time": "6:17:48"
            }
        },
        {
            "type": "Feature",
            "geometry": {
                "type": "Point",
                "coordinates": [
                    15.4265899,
                    47.0591358
                ]
            },
            "properties": {
                "id": "INFT-ATLCKW",
                "name": "Turmöl Quick",
                "S98": "0",
                "S95": "1.437",
                "N": "0",
                "D": "1.438",
                "G": "0",
                "zip": "8020",
                "land": "at",
                "bundesland": "Steiermark",
                "city2": "Graz",
                "city": "Graz",
                "strasse": "Fabrikgasse 29",
                "date": "3.9.2025",
                "time": "6:18:3"
            }
        },
        {
            "type": "Feature",
            "geometry": {
                "type": "Point",
                "coordinates": [
                    14.1769673,
                    46.6589993
                ]
            },
            "properties": {
                "id": "INFT-ATLKD5",
                "name": "Turmöl Quick",
                "S98": "0",
                "S95": "1.459",
                "N": "0",
                "D": "1.449",
                "G": "0",
                "zip": "9062",
                "land": "at",
                "bundesland": "Kärnten",
                "city2": "Feldkirchen",
                "city": "Moosburg",
                "strasse": "Klagenfurterstraße 21",
                "date": "3.9.2025",
                "time": "6:17:3"
            }
        },
        {
            "type": "Feature",
            "geometry": {
                "type": "Point",
                "coordinates": [
                    10.7356,
                    47.218065
                ]
            },
            "properties": {
                "id": "INFT-ATSHWH",
                "name": "JET TANKSTELLE",
                "S98": "0",
                "S95": "1.589",
                "N": "0",
                "D": "1.589",
                "G": "0",
                "zip": "6460",
                "land": "at",
                "bundesland": "Tirol",
                "city2": "Imst",
                "city": "IMST",
                "strasse": "INDUSTRIEZONE 33",
                "date": "3.9.2025",
                "time": "6:18:18"
            }
        },
        {
            "type": "Feature",
            "geometry": {
                "type": "Point",
                "coordinates": [
                    14.347093,
                    46.759826
                ]
            },
            "properties": {
                "id": "INFT-ATSHX6",
                "name": "JET TANKSTELLE",
                "S98": "0",
                "S95": "1.457",
                "N": "0",
                "D": "1.448",
                "G": "0",
                "zip": "9300",
                "land": "at",
                "bundesland": "Kärnten",
                "city2": "St. Veit",
                "city": "ST VEIT AN DER GLAN",
                "strasse": "VILLACHER STRASSE 43",
                "date": "3.9.2025",
                "time": "6:17:4"
            }
        },
        {
            "type": "Feature",
            "geometry": {
                "type": "Point",
                "coordinates": [
                    14.421146,
                    48.037385
                ]
            },
            "properties": {
                "id": "INFT-ATSHXJ",
                "name": "JET TANKSTELLE",
                "S98": "0",
                "S95": "1.486",
                "N": "0",
                "D": "1.488",
                "G": "0",
                "zip": "4400",
                "land": "at",
                "bundesland": "Oberösterreich",
                "city2": "Steyr Land",
                "city": "STEYR",
                "strasse": "DUKARTSTRASSE 19 B",
                "date": "3.9.2025",
                "time": "6:17:36"
            }
        },
        {
            "type": "Feature",
            "geometry": {
                "type": "Point",
                "coordinates": [
                    14.35419,
                    46.608121
                ]
            },
            "properties": {
                "id": "INFT-ATSHX5",
                "name": "JET TANKSTELLE",
                "S98": "0",
                "S95": "1.456",
                "N": "0",
                "D": "1.448",
                "G": "0",
                "zip": "9065",
                "land": "at",
                "bundesland": "Kärnten",
                "city2": "Klagenfurt Land",
                "city": "EBENTHAL",
                "strasse": "MIEGERERSTRASSE 10",
                "date": "3.9.2025",
                "time": "6:17:3"
            }
        },
        {
            "type": "Feature",
            "geometry": {
                "type": "Point",
                "coordinates": [
                    14.258505,
                    47.560379
                ]
            },
            "properties": {
                "id": "INFT-ATSHXE",
                "name": "JET TANKSTELLE",
                "S98": "0",
                "S95": "1.469",
                "N": "0",
                "D": "0",
                "G": "0",
                "zip": "8940",
                "land": "at",
                "bundesland": "Steiermark",
                "city2": "Liezen",
                "city": "LIEZEN",
                "strasse": "GESÄUSESTRASSE 33",
                "date": "3.9.2025",
                "time": "6:18:10"
            }
        },
        {
            "type": "Feature",
            "geometry": {
                "type": "Point",
                "coordinates": [
                    16.426062,
                    48.252498
                ]
            },
            "properties": {
                "id": "INFT-ATSHX9",
                "name": "JET TANKSTELLE",
                "S98": "0",
                "S95": "1.449",
                "N": "0",
                "D": "1.459",
                "G": "0",
                "zip": "1210",
                "land": "at",
                "bundesland": "Wien",
                "city2": "Floridsdorf",
                "city": "WIEN",
                "strasse": "DONAUFELDER STRASSE 135",
                "date": "3.9.2025",
                "time": "6:18:40"
            }
        },
        {
            "type": "Feature",
            "geometry": {
                "type": "Point",
                "coordinates": [
                    9.731134,
                    47.39649
                ]
            },
            "properties": {
                "id": "INFT-ATSHWM",
                "name": "JET TANKSTELLE",
                "S98": "0",
                "S95": "1.487",
                "N": "0",
                "D": "1.487",
                "G": "0",
                "zip": "6850",
                "land": "at",
                "bundesland": "Vorarlberg",
                "city2": "Dornbirn",
                "city": "DORNBIRN",
                "strasse": "WALLENMAHD 22",
                "date": "3.9.2025",
                "time": "6:18:30"
            }
        },
        {
            "type": "Feature",
            "geometry": {
                "type": "Point",
                "coordinates": [
                    15.617957,
                    48.189512
                ]
            },
            "properties": {
                "id": "INFT-ATSHWE",
                "name": "JET TANKSTELLE",
                "S98": "0",
                "S95": "1.465",
                "N": "0",
                "D": "1.475",
                "G": "0",
                "zip": "3100",
                "land": "at",
                "bundesland": "Niederösterreich",
                "city2": "St. Pölten",
                "city": "ST PÖLTEN",
                "strasse": "MARIAZELLERSTRASSE 91",
                "date": "3.9.2025",
                "time": "6:17:10"
            }
        },
        {
            "type": "Feature",
            "geometry": {
                "type": "Point",
                "coordinates": [
                    9.741176,
                    47.426673
                ]
            },
            "properties": {
                "id": "INFT-ATSHWK",
                "name": "JET TANKSTELLE",
                "S98": "0",
                "S95": "1.487",
                "N": "0",
                "D": "1.487",
                "G": "0",
                "zip": "6850",
                "land": "at",
                "bundesland": "Vorarlberg",
                "city2": "Dornbirn",
                "city": "DORNBIRN",
                "strasse": "SCHWEFEL 44 A",
                "date": "3.9.2025",
                "time": "6:18:30"
            }
        },
        {
            "type": "Feature",
            "geometry": {
                "type": "Point",
                "coordinates": [
                    16.3708,
                    48.22588
                ]
            },
            "properties": {
                "id": "INFT-ATSHWS",
                "name": "AVANTI - Wien Gaussplatz 1",
                "S98": "0",
                "S95": "1.539",
                "N": "0",
                "D": "1.564",
                "G": "0",
                "zip": "1020",
                "land": "at",
                "bundesland": "Wien",
                "city2": "Leopoldstadt",
                "city": "Wien",
                "strasse": "Gaussplatz 1",
                "date": "3.9.2025",
                "time": "6:18:32"
            }
        },
        {
            "type": "Feature",
            "geometry": {
                "type": "Point",
                "coordinates": [
                    16.172969,
                    48.211521
                ]
            },
            "properties": {
                "id": "INFT-ATSHWA",
                "name": "JET TANKSTELLE",
                "S98": "0",
                "S95": "1.446",
                "N": "0",
                "D": "1.456",
                "G": "0",
                "zip": "3002",
                "land": "at",
                "bundesland": "Niederösterreich",
                "city2": "Wien Umgebung",
                "city": "PURKERSDORF",
                "strasse": "LINZERSTRASSE 25",
                "date": "3.9.2025",
                "time": "6:17:27"
            }
        },
        {
            "type": "Feature",
            "geometry": {
                "type": "Point",
                "coordinates": [
                    13.068287,
                    47.73775
                ]
            },
            "properties": {
                "id": "INFT-ATSHWC",
                "name": "MAXI TANK TANKSTELLE",
                "S98": "0",
                "S95": "1.461",
                "N": "0",
                "D": "1.477",
                "G": "0",
                "zip": "5081",
                "land": "at",
                "bundesland": "Salzburg",
                "city2": "Salzburg Umgebung",
                "city": "ANIF",
                "strasse": "WALDBADSTRASSE 1",
                "date": "3.9.2025",
                "time": "6:17:58"
            }
        },
        {
            "type": "Feature",
            "geometry": {
                "type": "Point",
                "coordinates": [
                    14.822187,
                    46.751579
                ]
            },
            "properties": {
                "id": "INFT-ATSHWR",
                "name": "JET TANKSTELLE",
                "S98": "0",
                "S95": "1.481",
                "N": "0",
                "D": "1.47",
                "G": "0",
                "zip": "9433",
                "land": "at",
                "bundesland": "Kärnten",
                "city2": "Wolfsberg",
                "city": "ST ANDRÄ",
                "strasse": "BURGSTALL 151",
                "date": "3.9.2025",
                "time": "6:17:8"
            }
        },
        {
            "type": "Feature",
            "geometry": {
                "type": "Point",
                "coordinates": [
                    16.41139,
                    48.25895
                ]
            },
            "properties": {
                "id": "INFT-ATSHX7",
                "name": "JET TANKSTELLE",
                "S98": "0",
                "S95": "1.449",
                "N": "0",
                "D": "1.459",
                "G": "0",
                "zip": "1210",
                "land": "at",
                "bundesland": "Wien",
                "city2": "Floridsdorf",
                "city": "WIEN",
                "strasse": "LEOPOLDAUERSTRASSE 40",
                "date": "3.9.2025",
                "time": "6:18:40"
            }
        },
        {
            "type": "Feature",
            "geometry": {
                "type": "Point",
                "coordinates": [
                    14.839675,
                    46.82661
                ]
            },
            "properties": {
                "id": "INFT-ATSHWQ",
                "name": "JET TANKSTELLE",
                "S98": "0",
                "S95": "1.481",
                "N": "0",
                "D": "1.47",
                "G": "0",
                "zip": "9400",
                "land": "at",
                "bundesland": "Kärnten",
                "city2": "Wolfsberg",
                "city": "WOLFSBERG",
                "strasse": "KLAGENFURTER STRASSE 19 B",
                "date": "3.9.2025",
                "time": "6:17:8"
            }
        },
        {
            "type": "Feature",
            "geometry": {
                "type": "Point",
                "coordinates": [
                    9.814175,
                    47.152278
                ]
            },
            "properties": {
                "id": "INFT-ATSHWY",
                "name": "JET TANKSTELLE",
                "S98": "0",
                "S95": "1.497",
                "N": "0",
                "D": "1.497",
                "G": "0",
                "zip": "6706",
                "land": "at",
                "bundesland": "Vorarlberg",
                "city2": "Bludenz",
                "city": "BUERS",
                "strasse": "HERRENAU 1",
                "date": "3.9.2025",
                "time": "6:18:28"
            }
        },
        {
            "type": "Feature",
            "geometry": {
                "type": "Point",
                "coordinates": [
                    16.040511,
                    47.711667
                ]
            },
            "properties": {
                "id": "INFT-ATSHWB",
                "name": "JET TANKSTELLE",
                "S98": "0",
                "S95": "1.499",
                "N": "0",
                "D": "1.516",
                "G": "0",
                "zip": "2630",
                "land": "at",
                "bundesland": "Niederösterreich",
                "city2": "Neunkirchen",
                "city": "TERNITZ",
                "strasse": "WERKSTRASSE 14",
                "date": "3.9.2025",
                "time": "6:17:26"
            }
        },
        {
            "type": "Feature",
            "geometry": {
                "type": "Point",
                "coordinates": [
                    15.6209153,
                    48.351732
                ]
            },
            "properties": {
                "id": "INFT-ATSHXK",
                "name": "Raststätte Robineau",
                "S98": "0",
                "S95": "1.488",
                "N": "0",
                "D": "0",
                "G": "0",
                "zip": "3508",
                "land": "at",
                "bundesland": "Niederösterreich",
                "city2": "Krems Land",
                "city": "Paudorf",
                "strasse": "Kremserstraße 200",
                "date": "3.9.2025",
                "time": "6:17:21"
            }
        },
        {
            "type": "Feature",
            "geometry": {
                "type": "Point",
                "coordinates": [
                    16.459643,
                    48.168847
                ]
            },
            "properties": {
                "id": "INFT-ATSHY2",
                "name": "JET TANKSTELLE",
                "S98": "0",
                "S95": "0",
                "N": "0",
                "D": "1.489",
                "G": "0",
                "zip": "1110",
                "land": "at",
                "bundesland": "Wien",
                "city2": "Simmering",
                "city": "WIEN",
                "strasse": "JEDLETZBERGERSTRASSE 18",
                "date": "3.9.2025",
                "time": "6:18:34"
            }
        },
        {
            "type": "Feature",
            "geometry": {
                "type": "Point",
                "coordinates": [
                    10.581303,
                    47.150185
                ]
            },
            "properties": {
                "id": "INFT-ATSHZ6",
                "name": "JET TANKSTELLE",
                "S98": "0",
                "S95": "1.589",
                "N": "0",
                "D": "1.589",
                "G": "0",
                "zip": "6500",
                "land": "at",
                "bundesland": "Tirol",
                "city2": "Landeck",
                "city": "LANDECK",
                "strasse": "BAHNHOFSTR. 26",
                "date": "3.9.2025",
                "time": "6:18:24"
            }
        },
        {
            "type": "Feature",
            "geometry": {
                "type": "Point",
                "coordinates": [
                    16.244262,
                    48.203103
                ]
            },
            "properties": {
                "id": "INFT-ATSHXQ",
                "name": "JET TANKSTELLE",
                "S98": "0",
                "S95": "1.448",
                "N": "0",
                "D": "1.458",
                "G": "0",
                "zip": "1140",
                "land": "at",
                "bundesland": "Wien",
                "city2": "Penzing",
                "city": "WIEN",
                "strasse": "LINZER STRASSE 453",
                "date": "3.9.2025",
                "time": "6:18:36"
            }
        },
        {
            "type": "Feature",
            "geometry": {
                "type": "Point",
                "coordinates": [
                    16.239466,
                    47.798555
                ]
            },
            "properties": {
                "id": "INFT-ATSHYS",
                "name": "JET TANKSTELLE",
                "S98": "0",
                "S95": "1.488",
                "N": "0",
                "D": "1.496",
                "G": "0",
                "zip": "2700",
                "land": "at",
                "bundesland": "Niederösterreich",
                "city2": "Wiener Neustadt Land",
                "city": "WIENER NEUSTADT",
                "strasse": "GÜNSER STRASSE 92",
                "date": "3.9.2025",
                "time": "6:17:12"
            }
        },
        {
            "type": "Feature",
            "geometry": {
                "type": "Point",
                "coordinates": [
                    16.463011,
                    48.147379
                ]
            },
            "properties": {
                "id": "INFT-ATSHXY",
                "name": "JET TANKSTELLE",
                "S98": "0",
                "S95": "0",
                "N": "0",
                "D": "1.489",
                "G": "0",
                "zip": "1110",
                "land": "at",
                "bundesland": "Wien",
                "city2": "Simmering",
                "city": "WIEN",
                "strasse": "SIMMERINGER HAUPTSTRASSE 336",
                "date": "3.9.2025",
                "time": "6:18:34"
            }
        },
        {
            "type": "Feature",
            "geometry": {
                "type": "Point",
                "coordinates": [
                    13.01488,
                    47.801351
                ]
            },
            "properties": {
                "id": "INFT-ATSHYC",
                "name": "JET TANKSTELLE",
                "S98": "0",
                "S95": "1.487",
                "N": "0",
                "D": "1.487",
                "G": "0",
                "zip": "5020",
                "land": "at",
                "bundesland": "Salzburg",
                "city2": "Salzburg Umgebung",
                "city": "SALZBURG",
                "strasse": "INNSBRUCKER BUNDESSTRASSE 65",
                "date": "3.9.2025",
                "time": "6:17:55"
            }
        },
        {
            "type": "Feature",
            "geometry": {
                "type": "Point",
                "coordinates": [
                    16.576985,
                    48.560945
                ]
            },
            "properties": {
                "id": "INFT-ATSHYP",
                "name": "SCHNELL UND GUENSTIG TANKSTELLE",
                "S98": "0",
                "S95": "1.484",
                "N": "0",
                "D": "0",
                "G": "0",
                "zip": "2130",
                "land": "at",
                "bundesland": "Niederösterreich",
                "city2": "Mistelbach",
                "city": "MISTELBACH",
                "strasse": "INDUSTRIEPARKSTRASSE 1",
                "date": "3.9.2025",
                "time": "6:17:24"
            }
        },
        {
            "type": "Feature",
            "geometry": {
                "type": "Point",
                "coordinates": [
                    10.56352,
                    47.14163
                ]
            },
            "properties": {
                "id": "INFT-ATSHZ8",
                "name": "AVANTI - Landeck Innstrasse 38",
                "S98": "0",
                "S95": "1.584",
                "N": "0",
                "D": "1.584",
                "G": "0",
                "zip": "6500",
                "land": "at",
                "bundesland": "Tirol",
                "city2": "Landeck",
                "city": "Landeck",
                "strasse": "Innstrasse 38",
                "date": "3.9.2025",
                "time": "6:18:23"
            }
        },
        {
            "type": "Feature",
            "geometry": {
                "type": "Point",
                "coordinates": [
                    16.43266,
                    48.159966
                ]
            },
            "properties": {
                "id": "INFT-ATSHXX",
                "name": "JET TANKSTELLE",
                "S98": "0",
                "S95": "0",
                "N": "0",
                "D": "1.489",
                "G": "0",
                "zip": "1110",
                "land": "at",
                "bundesland": "Wien",
                "city2": "Simmering",
                "city": "WIEN",
                "strasse": "SIMMERINGER HAUPTSTRASSE 275",
                "date": "3.9.2025",
                "time": "6:18:34"
            }
        },
        {
            "type": "Feature",
            "geometry": {
                "type": "Point",
                "coordinates": [
                    16.410194,
                    48.16679
                ]
            },
            "properties": {
                "id": "INFT-ATSHXZ",
                "name": "JET TANKSTELLE",
                "S98": "0",
                "S95": "1.478",
                "N": "0",
                "D": "1.489",
                "G": "0",
                "zip": "1110",
                "land": "at",
                "bundesland": "Wien",
                "city2": "Simmering",
                "city": "WIEN",
                "strasse": "GADNERGASSE 6",
                "date": "3.9.2025",
                "time": "6:18:34"
            }
        },
        {
            "type": "Feature",
            "geometry": {
                "type": "Point",
                "coordinates": [
                    16.31949,
                    48.1724
                ]
            },
            "properties": {
                "id": "INFT-ATSHYH",
                "name": "AVANTI - Wien Edelsinnstraße 16",
                "S98": "0",
                "S95": "1.494",
                "N": "0",
                "D": "1.494",
                "G": "0",
                "zip": "1120",
                "land": "at",
                "bundesland": "Wien",
                "city2": "Meidling",
                "city": "Wien",
                "strasse": "Edelsinnstrasse 66",
                "date": "3.9.2025",
                "time": "6:18:35"
            }
        },
        {
            "type": "Feature",
            "geometry": {
                "type": "Point",
                "coordinates": [
                    16.301339,
                    48.153886
                ]
            },
            "properties": {
                "id": "INFT-ATSHYN",
                "name": "JET TANKSTELLE",
                "S98": "0",
                "S95": "1.446",
                "N": "0",
                "D": "1.456",
                "G": "0",
                "zip": "1230",
                "land": "at",
                "bundesland": "Wien",
                "city2": "Liesing",
                "city": "WIEN",
                "strasse": "BREITENFURTERSTRASSE 164",
                "date": "3.9.2025",
                "time": "6:18:42"
            }
        },
        {
            "type": "Feature",
            "geometry": {
                "type": "Point",
                "coordinates": [
                    12.391094,
                    47.450067
                ]
            },
            "properties": {
                "id": "INFT-ATSHY7",
                "name": "JET TANKSTELLE",
                "S98": "0",
                "S95": "1.563",
                "N": "0",
                "D": "1.543",
                "G": "0",
                "zip": "6370",
                "land": "at",
                "bundesland": "Tirol",
                "city2": "Kitzbühel",
                "city": "KITZBÜHEL",
                "strasse": "WEGSCHEIDGASSE 18",
                "date": "3.9.2025",
                "time": "6:18:21"
            }
        },
        {
            "type": "Feature",
            "geometry": {
                "type": "Point",
                "coordinates": [
                    15.06908,
                    48.79281
                ]
            },
            "properties": {
                "id": "INFT-ATSHZ5",
                "name": "AVANTI - Schrems Josef Widy-Straße 2",
                "S98": "0",
                "S95": "1.549",
                "N": "0",
                "D": "1.559",
                "G": "0",
                "zip": "3943",
                "land": "at",
                "bundesland": "Niederösterreich",
                "city2": "Gmünd",
                "city": "Schrems",
                "strasse": "Josef Widy-Strasse 2",
                "date": "3.9.2025",
                "time": "6:17:17"
            }
        },
        {
            "type": "Feature",
            "geometry": {
                "type": "Point",
                "coordinates": [
                    16.236956,
                    47.804291
                ]
            },
            "properties": {
                "id": "INFT-ATSHYR",
                "name": "SCHNELL UND GUENSTIG TANKSTELLE",
                "S98": "0",
                "S95": "1.483",
                "N": "0",
                "D": "1.491",
                "G": "0",
                "zip": "2700",
                "land": "at",
                "bundesland": "Niederösterreich",
                "city2": "Wiener Neustadt Land",
                "city": "WIENER NEUSTADT",
                "strasse": "MARKTGASSE 2",
                "date": "3.9.2025",
                "time": "6:17:12"
            }
        },
        {
            "type": "Feature",
            "geometry": {
                "type": "Point",
                "coordinates": [
                    16.365198,
                    48.165249
                ]
            },
            "properties": {
                "id": "INFT-ATSHXV",
                "name": "JET TANKSTELLE",
                "S98": "0",
                "S95": "1.444",
                "N": "0",
                "D": "1.454",
                "G": "0",
                "zip": "1100",
                "land": "at",
                "bundesland": "Wien",
                "city2": "Favoriten",
                "city": "WIEN",
                "strasse": "RAXSTRASSE 5",
                "date": "3.9.2025",
                "time": "6:18:33"
            }
        },
        {
            "type": "Feature",
            "geometry": {
                "type": "Point",
                "coordinates": [
                    13.103615,
                    47.684607
                ]
            },
            "properties": {
                "id": "INFT-ATSHZ3",
                "name": "JET TANKSTELLE",
                "S98": "0",
                "S95": "1.468",
                "N": "0",
                "D": "1.481",
                "G": "0",
                "zip": "5400",
                "land": "at",
                "bundesland": "Salzburg",
                "city2": "Hallein",
                "city": "HALLEIN",
                "strasse": "EUROPASTRASSE 8",
                "date": "3.9.2025",
                "time": "6:17:57"
            }
        },
        {
            "type": "Feature",
            "geometry": {
                "type": "Point",
                "coordinates": [
                    9.610381,
                    47.247387
                ]
            },
            "properties": {
                "id": "INFT-ATSHXP",
                "name": "JET TANKSTELLE",
                "S98": "0",
                "S95": "1.459",
                "N": "0",
                "D": "1.479",
                "G": "0",
                "zip": "6800",
                "land": "at",
                "bundesland": "Vorarlberg",
                "city2": "Feldkirch",
                "city": "FELDKIRCH",
                "strasse": "REICHSSTRASSE 133 A",
                "date": "3.9.2025",
                "time": "6:18:30"
            }
        },
        {
            "type": "Feature",
            "geometry": {
                "type": "Point",
                "coordinates": [
                    16.37535,
                    48.24309
                ]
            },
            "properties": {
                "id": "INFT-ATSHYK",
                "name": "OMV - Wien Adalbert Stifter-Straße 67",
                "S98": "0",
                "S95": "1.599",
                "N": "0",
                "D": "1.649",
                "G": "0",
                "zip": "1200",
                "land": "at",
                "bundesland": "Wien",
                "city2": "Brigittenau",
                "city": "Wien",
                "strasse": "Adalbert Stifter-Strasse 67",
                "date": "3.9.2025",
                "time": "6:18:39"
            }
        },
        {
            "type": "Feature",
            "geometry": {
                "type": "Point",
                "coordinates": [
                    16.073274,
                    48.579845
                ]
            },
            "properties": {
                "id": "INFT-ATSHZ2",
                "name": "JET TANKSTELLE",
                "S98": "0",
                "S95": "1.497",
                "N": "0",
                "D": "0",
                "G": "0",
                "zip": "2020",
                "land": "at",
                "bundesland": "Niederösterreich",
                "city2": "Hollabrunn",
                "city": "HOLLABRUNN",
                "strasse": "FACHLEUTNERSTRASSE 1",
                "date": "3.9.2025",
                "time": "6:17:18"
            }
        },
        {
            "type": "Feature",
            "geometry": {
                "type": "Point",
                "coordinates": [
                    16.459702,
                    48.263651
                ]
            },
            "properties": {
                "id": "INFT-ATSHYY",
                "name": "JET TANKSTELLE",
                "S98": "0",
                "S95": "1.459",
                "N": "0",
                "D": "1.469",
                "G": "0",
                "zip": "1220",
                "land": "at",
                "bundesland": "Wien",
                "city2": "Donaustadt",
                "city": "WIEN",
                "strasse": "RAUTENWEG 9",
                "date": "3.9.2025",
                "time": "6:18:41"
            }
        },
        {
            "type": "Feature",
            "geometry": {
                "type": "Point",
                "coordinates": [
                    11.437558,
                    47.264516
                ]
            },
            "properties": {
                "id": "INFT-ATSHZ4",
                "name": "JET TANKSTELLE",
                "S98": "0",
                "S95": "1.589",
                "N": "0",
                "D": "1.589",
                "G": "0",
                "zip": "6020",
                "land": "at",
                "bundesland": "Tirol",
                "city2": "Innsbruck",
                "city": "INNSBRUCK",
                "strasse": "GRIESAUWEG 20",
                "date": "3.9.2025",
                "time": "6:18:16"
            }
        },
        {
            "type": "Feature",
            "geometry": {
                "type": "Point",
                "coordinates": [
                    16.34598,
                    48.17824
                ]
            },
            "properties": {
                "id": "INFT-ATSHYG",
                "name": "AVANTI - Wien Eichenstraße 3a",
                "S98": "0",
                "S95": "1.494",
                "N": "0",
                "D": "1.494",
                "G": "0",
                "zip": "1120",
                "land": "at",
                "bundesland": "Wien",
                "city2": "Meidling",
                "city": "Wien",
                "strasse": "Eichenstrasse 3a",
                "date": "3.9.2025",
                "time": "6:18:35"
            }
        },
        {
            "type": "Feature",
            "geometry": {
                "type": "Point",
                "coordinates": [
                    9.656679,
                    47.344695
                ]
            },
            "properties": {
                "id": "INFT-ATSHXN",
                "name": "JET TANKSTELLE",
                "S98": "0",
                "S95": "1.479",
                "N": "0",
                "D": "1.479",
                "G": "0",
                "zip": "6840",
                "land": "at",
                "bundesland": "Vorarlberg",
                "city2": "Feldkirch",
                "city": "GÖTZIS",
                "strasse": "LUSTENAUERSTRASSE 2",
                "date": "3.9.2025",
                "time": "6:18:31"
            }
        },
        {
            "type": "Feature",
            "geometry": {
                "type": "Point",
                "coordinates": [
                    12.783933,
                    46.831014
                ]
            },
            "properties": {
                "id": "INFT-ATSHXU",
                "name": "JET TANKSTELLE",
                "S98": "0",
                "S95": "1.519",
                "N": "0",
                "D": "1.519",
                "G": "0",
                "zip": "9900",
                "land": "at",
                "bundesland": "Tirol",
                "city2": "Lienz",
                "city": "LIENZ",
                "strasse": "KÄRNTNERSTRASSE 88",
                "date": "3.9.2025",
                "time": "6:18:25"
            }
        },
        {
            "type": "Feature",
            "geometry": {
                "type": "Point",
                "coordinates": [
                    16.365643,
                    48.174287
                ]
            },
            "properties": {
                "id": "INFT-ATSHXW",
                "name": "JET TANKSTELLE",
                "S98": "0",
                "S95": "1.444",
                "N": "0",
                "D": "1.454",
                "G": "0",
                "zip": "1100",
                "land": "at",
                "bundesland": "Wien",
                "city2": "Favoriten",
                "city": "WIEN",
                "strasse": "NEILREICHGASSE 39",
                "date": "3.9.2025",
                "time": "6:18:33"
            }
        },
        {
            "type": "Feature",
            "geometry": {
                "type": "Point",
                "coordinates": [
                    16.28135,
                    48.1953
                ]
            },
            "properties": {
                "id": "INFT-ATSHXR",
                "name": "AVANTI - Wien Guldengasse 13",
                "S98": "0",
                "S95": "1.456",
                "N": "0",
                "D": "1.466",
                "G": "0",
                "zip": "1140",
                "land": "at",
                "bundesland": "Wien",
                "city2": "Penzing",
                "city": "Wien",
                "strasse": "Guldengasse 13",
                "date": "3.9.2025",
                "time": "6:18:36"
            }
        },
        {
            "type": "Feature",
            "geometry": {
                "type": "Point",
                "coordinates": [
                    16.289516,
                    48.130709
                ]
            },
            "properties": {
                "id": "INFT-ATSHYL",
                "name": "JET TANKSTELLE",
                "S98": "0",
                "S95": "1.442",
                "N": "0",
                "D": "1.452",
                "G": "0",
                "zip": "1230",
                "land": "at",
                "bundesland": "Wien",
                "city2": "Liesing",
                "city": "WIEN",
                "strasse": "KETZERGASSE 208",
                "date": "3.9.2025",
                "time": "6:18:42"
            }
        },
        {
            "type": "Feature",
            "geometry": {
                "type": "Point",
                "coordinates": [
                    14.176568,
                    48.337386
                ]
            },
            "properties": {
                "id": "INFT-ATSHXM",
                "name": "JET TANKSTELLE",
                "S98": "0",
                "S95": "1.488",
                "N": "0",
                "D": "0",
                "G": "0",
                "zip": "4100",
                "land": "at",
                "bundesland": "Oberösterreich",
                "city2": "Urfahr Umgebung",
                "city": "OTTENSHEIM",
                "strasse": "BAHNHOFSTRASSE 46",
                "date": "3.9.2025",
                "time": "6:17:52"
            }
        },
        {
            "type": "Feature",
            "geometry": {
                "type": "Point",
                "coordinates": [
                    16.460684,
                    48.238087
                ]
            },
            "properties": {
                "id": "INFT-ATSHYZ",
                "name": "JET TANKSTELLE",
                "S98": "0",
                "S95": "1.464",
                "N": "0",
                "D": "1.474",
                "G": "0",
                "zip": "1220",
                "land": "at",
                "bundesland": "Wien",
                "city2": "Donaustadt",
                "city": "WIEN",
                "strasse": "HIRSCHSTETTNERSTRASSE 52",
                "date": "3.9.2025",
                "time": "6:18:41"
            }
        },
        {
            "type": "Feature",
            "geometry": {
                "type": "Point",
                "coordinates": [
                    15.60983,
                    48.04857
                ]
            },
            "properties": {
                "id": "INFT-ATSHY5",
                "name": "AVANTI - Traisen Mariazeller Straße 38a",
                "S98": "0",
                "S95": "1.448",
                "N": "0",
                "D": "1.458",
                "G": "0",
                "zip": "3160",
                "land": "at",
                "bundesland": "Niederösterreich",
                "city2": "Lilienfeld",
                "city": "Traisen",
                "strasse": "Mariazeller Strasse 38a",
                "date": "3.9.2025",
                "time": "6:17:22"
            }
        },
        {
            "type": "Feature",
            "geometry": {
                "type": "Point",
                "coordinates": [
                    13.018664,
                    47.817898
                ]
            },
            "properties": {
                "id": "INFT-ATSHYD",
                "name": "JET TANKSTELLE",
                "S98": "0",
                "S95": "1.489",
                "N": "0",
                "D": "0",
                "G": "0",
                "zip": "5020",
                "land": "at",
                "bundesland": "Salzburg",
                "city2": "Salzburg Umgebung",
                "city": "SALZBURG",
                "strasse": "MÜNCHNER BUNDESSTR. 15",
                "date": "3.9.2025",
                "time": "6:17:56"
            }
        },
        {
            "type": "Feature",
            "geometry": {
                "type": "Point",
                "coordinates": [
                    13.071171,
                    47.765882
                ]
            },
            "properties": {
                "id": "INFT-ATSHYB",
                "name": "JET TANKSTELLE",
                "S98": "0",
                "S95": "1.466",
                "N": "0",
                "D": "1.482",
                "G": "0",
                "zip": "5020",
                "land": "at",
                "bundesland": "Salzburg",
                "city2": "Salzburg Umgebung",
                "city": "SALZBURG",
                "strasse": "ALPENSTRASSE 165",
                "date": "3.9.2025",
                "time": "6:17:55"
            }
        },
        {
            "type": "Feature",
            "geometry": {
                "type": "Point",
                "coordinates": [
                    15.557541,
                    46.804627
                ]
            },
            "properties": {
                "id": "INFT-ATSMQ6",
                "name": "JET TANKSTELLE",
                "S98": "0",
                "S95": "1.458",
                "N": "0",
                "D": "0",
                "G": "0",
                "zip": "8431",
                "land": "at",
                "bundesland": "Steiermark",
                "city2": "Leibnitz",
                "city": "GRALLA",
                "strasse": "GEWERBEPARK NORD 3",
                "date": "3.9.2025",
                "time": "6:18:7"
            }
        },
        {
            "type": "Feature",
            "geometry": {
                "type": "Point",
                "coordinates": [
                    15.65477,
                    48.66188
                ]
            },
            "properties": {
                "id": "INFT-ATSMQH",
                "name": "AVANTI - Horn Riedenburgstraße 2",
                "S98": "0",
                "S95": "1.541",
                "N": "0",
                "D": "1.551",
                "G": "0",
                "zip": "3580",
                "land": "at",
                "bundesland": "Niederösterreich",
                "city2": "Horn",
                "city": "Horn",
                "strasse": "Riedenburgstrasse 2",
                "date": "3.9.2025",
                "time": "6:17:19"
            }
        },
        {
            "type": "Feature",
            "geometry": {
                "type": "Point",
                "coordinates": [
                    11.42537,
                    47.26533
                ]
            },
            "properties": {
                "id": "INFT-ATSMR7",
                "name": "AVANTI - Innsbruck Andechsstraße West 86",
                "S98": "0",
                "S95": "1.589",
                "N": "0",
                "D": "1.589",
                "G": "0",
                "zip": "6020",
                "land": "at",
                "bundesland": "Tirol",
                "city2": "Innsbruck",
                "city": "Innsbruck",
                "strasse": "Andechsstrasse West 86",
                "date": "3.9.2025",
                "time": "6:18:16"
            }
        },
        {
            "type": "Feature",
            "geometry": {
                "type": "Point",
                "coordinates": [
                    16.20603,
                    47.8065
                ]
            },
            "properties": {
                "id": "INFT-ATSMR2",
                "name": "AVANTI - Wiener Neustadt Puchberger Straße 44",
                "S98": "0",
                "S95": "1.485",
                "N": "0",
                "D": "1.493",
                "G": "0",
                "zip": "2700",
                "land": "at",
                "bundesland": "Niederösterreich",
                "city2": "Wiener Neustadt Land",
                "city": "Wiener Neustadt",
                "strasse": "Puchberger Strasse 44",
                "date": "3.9.2025",
                "time": "6:17:12"
            }
        },
        {
            "type": "Feature",
            "geometry": {
                "type": "Point",
                "coordinates": [
                    16.16551,
                    48.21888
                ]
            },
            "properties": {
                "id": "INFT-ATSMPW",
                "name": "AVANTI - Gablitz Linzer Straße 1a",
                "S98": "0",
                "S95": "1.441",
                "N": "0",
                "D": "1.451",
                "G": "0",
                "zip": "3003",
                "land": "at",
                "bundesland": "Niederösterreich",
                "city2": "Wien Umgebung",
                "city": "Gablitz",
                "strasse": "Linzer Strasse 1a",
                "date": "3.9.2025",
                "time": "6:17:27"
            }
        },
        {
            "type": "Feature",
            "geometry": {
                "type": "Point",
                "coordinates": [
                    11.68864,
                    47.55139
                ]
            },
            "properties": {
                "id": "INFT-ATSMQS",
                "name": "AVANTI - Achenkirch 588",
                "S98": "0",
                "S95": "1.594",
                "N": "0",
                "D": "1.599",
                "G": "0",
                "zip": "6215",
                "land": "at",
                "bundesland": "Tirol",
                "city2": "Schwaz",
                "city": "Achenkirch",
                "strasse": "Achenkirch 588",
                "date": "3.9.2025",
                "time": "6:18:27"
            }
        },
        {
            "type": "Feature",
            "geometry": {
                "type": "Point",
                "coordinates": [
                    15.634725,
                    48.666222
                ]
            },
            "properties": {
                "id": "INFT-ATSMQG",
                "name": "JET TANKSTELLE",
                "S98": "0",
                "S95": "1.546",
                "N": "0",
                "D": "1.556",
                "G": "0",
                "zip": "3580",
                "land": "at",
                "bundesland": "Niederösterreich",
                "city2": "Horn",
                "city": "HORN",
                "strasse": "AM KUHBERG 1",
                "date": "3.9.2025",
                "time": "6:17:19"
            }
        },
        {
            "type": "Feature",
            "geometry": {
                "type": "Point",
                "coordinates": [
                    16.521694,
                    47.829222
                ]
            },
            "properties": {
                "id": "INFT-ATSMPY",
                "name": "JET TANKSTELLE",
                "S98": "0",
                "S95": "1.459",
                "N": "0",
                "D": "1.469",
                "G": "0",
                "zip": "7000",
                "land": "at",
                "bundesland": "Burgenland",
                "city2": "Eisenstadt",
                "city": "EISENSTADT",
                "strasse": "MATTERSBURGERSTR. 48",
                "date": "3.9.2025",
                "time": "6:16:53"
            }
        },
        {
            "type": "Feature",
            "geometry": {
                "type": "Point",
                "coordinates": [
                    16.51461,
                    48.2145
                ]
            },
            "properties": {
                "id": "INFT-ATSMR5",
                "name": "AVANTI - Wien Esslinger Hauptstraße 32",
                "S98": "0",
                "S95": "1.454",
                "N": "0",
                "D": "1.464",
                "G": "0",
                "zip": "1220",
                "land": "at",
                "bundesland": "Wien",
                "city2": "Donaustadt",
                "city": "Wien",
                "strasse": "Esslinger Hauptstrasse 32",
                "date": "3.9.2025",
                "time": "6:18:41"
            }
        },
        {
            "type": "Feature",
            "geometry": {
                "type": "Point",
                "coordinates": [
                    13.510506,
                    46.791491
                ]
            },
            "properties": {
                "id": "INFT-ATSMQC",
                "name": "JET TANKSTELLE",
                "S98": "0",
                "S95": "1.468",
                "N": "0",
                "D": "1.468",
                "G": "0",
                "zip": "9800",
                "land": "at",
                "bundesland": "Kärnten",
                "city2": "Spittal",
                "city": "SPITTAL",
                "strasse": "VILLACHER STRASSE 54",
                "date": "3.9.2025",
                "time": "6:17:5"
            }
        },
        {
            "type": "Feature",
            "geometry": {
                "type": "Point",
                "coordinates": [
                    15.13914,
                    48.06215
                ]
            },
            "properties": {
                "id": "INFT-ATSMQT",
                "name": "AVANTI - Purgstall Erlauftalstraße 34",
                "S98": "0",
                "S95": "1.474",
                "N": "0",
                "D": "1.484",
                "G": "0",
                "zip": "3251",
                "land": "at",
                "bundesland": "Niederösterreich",
                "city2": "Scheibbs",
                "city": "Purgstall",
                "strasse": "Erlauftalstrasse 34",
                "date": "3.9.2025",
                "time": "6:17:28"
            }
        },
        {
            "type": "Feature",
            "geometry": {
                "type": "Point",
                "coordinates": [
                    16.46228,
                    48.14844
                ]
            },
            "properties": {
                "id": "INFT-ATSMQR",
                "name": "AVANTI - Wien Simmeringer Hauptstraße 489",
                "S98": "0",
                "S95": "1.474",
                "N": "0",
                "D": "1.484",
                "G": "0",
                "zip": "1110",
                "land": "at",
                "bundesland": "Wien",
                "city2": "Simmering",
                "city": "Wien",
                "strasse": "Simmeringer Hauptstrasse 489",
                "date": "3.9.2025",
                "time": "6:18:34"
            }
        },
        {
            "type": "Feature",
            "geometry": {
                "type": "Point",
                "coordinates": [
                    15.639891,
                    47.204711
                ]
            },
            "properties": {
                "id": "INFT-ATSMQW",
                "name": "JET TANKSTELLE",
                "S98": "0",
                "S95": "1.469",
                "N": "0",
                "D": "0",
                "G": "0",
                "zip": "8160",
                "land": "at",
                "bundesland": "Steiermark",
                "city2": "Weiz",
                "city": "PREDING BEI WEIZ",
                "strasse": "BUNDESSTRASSE 7",
                "date": "3.9.2025",
                "time": "6:18:15"
            }
        },
        {
            "type": "Feature",
            "geometry": {
                "type": "Point",
                "coordinates": [
                    16.29563,
                    48.08762
                ]
            },
            "properties": {
                "id": "INFT-ATSMQQ",
                "name": "AVANTI - Mödling Gabrieler Straße 11-13",
                "S98": "0",
                "S95": "1.439",
                "N": "0",
                "D": "1.449",
                "G": "0",
                "zip": "2340",
                "land": "at",
                "bundesland": "Niederösterreich",
                "city2": "Mödling",
                "city": "Moedling",
                "strasse": "Gabrieler Strasse 11-13",
                "date": "3.9.2025",
                "time": "6:17:25"
            }
        },
        {
            "type": "Feature",
            "geometry": {
                "type": "Point",
                "coordinates": [
                    15.704419,
                    47.111991
                ]
            },
            "properties": {
                "id": "INFT-ATSMQV",
                "name": "JET TANKSTELLE",
                "S98": "0",
                "S95": "1.468",
                "N": "0",
                "D": "1.472",
                "G": "0",
                "zip": "8200",
                "land": "at",
                "bundesland": "Steiermark",
                "city2": "Weiz",
                "city": "GLEISDORF",
                "strasse": "WEIZER STRASSE 50",
                "date": "3.9.2025",
                "time": "6:18:14"
            }
        },
        {
            "type": "Feature",
            "geometry": {
                "type": "Point",
                "coordinates": [
                    16.56957,
                    48.30043
                ]
            },
            "properties": {
                "id": "INFT-ATSMQP",
                "name": "AVANTI - Deutsch-Wagram Gänserndorfer Straße 40",
                "S98": "0",
                "S95": "1.454",
                "N": "0",
                "D": "1.464",
                "G": "0",
                "zip": "2232",
                "land": "at",
                "bundesland": "Niederösterreich",
                "city2": "Gänserndorf",
                "city": "Deutsch-Wagram",
                "strasse": "Gänserndorfer Strasse 40",
                "date": "3.9.2025",
                "time": "6:17:16"
            }
        },
        {
            "type": "Feature",
            "geometry": {
                "type": "Point",
                "coordinates": [
                    15.64125,
                    48.20673
                ]
            },
            "properties": {
                "id": "INFT-ATSMPZ",
                "name": "AVANTI - Sankt Pölten Wiener Straße 92",
                "S98": "0",
                "S95": "1.46",
                "N": "0",
                "D": "1.47",
                "G": "0",
                "zip": "3100",
                "land": "at",
                "bundesland": "Niederösterreich",
                "city2": "St. Pölten",
                "city": "Sankt Poelten",
                "strasse": "Wiener Strasse 92",
                "date": "3.9.2025",
                "time": "6:17:10"
            }
        },
        {
            "type": "Feature",
            "geometry": {
                "type": "Point",
                "coordinates": [
                    15.69817,
                    48.47614
                ]
            },
            "properties": {
                "id": "INFT-ATSMQJ",
                "name": "AVANTI - Langenlois Wiener Straße 53",
                "S98": "0",
                "S95": "1.444",
                "N": "0",
                "D": "1.464",
                "G": "0",
                "zip": "3550",
                "land": "at",
                "bundesland": "Niederösterreich",
                "city2": "Krems Land",
                "city": "Langenlois",
                "strasse": "Wiener Strasse 53",
                "date": "3.9.2025",
                "time": "6:17:21"
            }
        },
        {
            "type": "Feature",
            "geometry": {
                "type": "Point",
                "coordinates": [
                    16.33873,
                    48.33832
                ]
            },
            "properties": {
                "id": "INFT-ATT35Z",
                "name": "AVANTI - Korneuburg Wiener Straße 44",
                "S98": "0",
                "S95": "1.457",
                "N": "0",
                "D": "1.467",
                "G": "0",
                "zip": "2100",
                "land": "at",
                "bundesland": "Niederösterreich",
                "city2": "Korneuburg",
                "city": "Korneuburg",
                "strasse": "Wiener Strasse 44",
                "date": "3.9.2025",
                "time": "6:17:20"
            }
        },
        {
            "type": "Feature",
            "geometry": {
                "type": "Point",
                "coordinates": [
                    16.21304,
                    47.96902
                ]
            },
            "properties": {
                "id": "INFT-ATT36J",
                "name": "AVANTI - Bad Vöslau Badner Straße 11",
                "S98": "0",
                "S95": "1.454",
                "N": "0",
                "D": "0",
                "G": "0",
                "zip": "2540",
                "land": "at",
                "bundesland": "Niederösterreich",
                "city2": "Baden",
                "city": "Bad Voeslau",
                "strasse": "Badner Strasse 11",
                "date": "3.9.2025",
                "time": "6:17:13"
            }
        },
        {
            "type": "Feature",
            "geometry": {
                "type": "Point",
                "coordinates": [
                    13.045175,
                    48.243053
                ]
            },
            "properties": {
                "id": "INFT-ATT35W",
                "name": "JET TANKSTELLE",
                "S98": "0",
                "S95": "1.474",
                "N": "0",
                "D": "0",
                "G": "0",
                "zip": "5280",
                "land": "at",
                "bundesland": "Oberösterreich",
                "city2": "Braunau",
                "city": "BRAUNAU",
                "strasse": "BRAUNAUERSTRASSE 1",
                "date": "3.9.2025",
                "time": "6:17:38"
            }
        },
        {
            "type": "Feature",
            "geometry": {
                "type": "Point",
                "coordinates": [
                    13.194386,
                    47.350359
                ]
            },
            "properties": {
                "id": "INFT-ATT35X",
                "name": "JET TANKSTELLE",
                "S98": "0",
                "S95": "1.489",
                "N": "0",
                "D": "1.489",
                "G": "0",
                "zip": "5600",
                "land": "at",
                "bundesland": "Salzburg",
                "city2": "St. Johann",
                "city": "ST JOHANN IM PONGAU",
                "strasse": "BUNDESSTRASSE 18",
                "date": "3.9.2025",
                "time": "6:18:0"
            }
        },
        {
            "type": "Feature",
            "geometry": {
                "type": "Point",
                "coordinates": [
                    10.64229,
                    47.44138
                ]
            },
            "properties": {
                "id": "INFT-ATT363",
                "name": "AVANTI - Weißenbach am Lech 46",
                "S98": "0",
                "S95": "1.574",
                "N": "0",
                "D": "1.574",
                "G": "0",
                "zip": "6671",
                "land": "at",
                "bundesland": "Tirol",
                "city2": "Reutte",
                "city": "Weissenbach am Lech",
                "strasse": " 46",
                "date": "3.9.2025",
                "time": "6:18:26"
            }
        },
        {
            "type": "Feature",
            "geometry": {
                "type": "Point",
                "coordinates": [
                    13.191715,
                    47.343479
                ]
            },
            "properties": {
                "id": "INFT-ATTAZK",
                "name": "JET TANKSTELLE",
                "S98": "0",
                "S95": "1.489",
                "N": "0",
                "D": "1.489",
                "G": "0",
                "zip": "5600",
                "land": "at",
                "bundesland": "Salzburg",
                "city2": "St. Johann",
                "city": "ST JOHANN IM PONGAU",
                "strasse": "BUNDESSTRASSE 13",
                "date": "3.9.2025",
                "time": "6:18:0"
            }
        },
        {
            "type": "Feature",
            "geometry": {
                "type": "Point",
                "coordinates": [
                    9.70295,
                    47.49046
                ]
            },
            "properties": {
                "id": "INFT-ATTAVV",
                "name": "AVANTI - Hard Hofsteigstraße 85",
                "S98": "0",
                "S95": "1.534",
                "N": "0",
                "D": "0",
                "G": "0",
                "zip": "6971",
                "land": "at",
                "bundesland": "Vorarlberg",
                "city2": "Bregenz",
                "city": "Hard",
                "strasse": "Hofsteigstrasse 85",
                "date": "3.9.2025",
                "time": "6:18:29"
            }
        },
        {
            "type": "Feature",
            "geometry": {
                "type": "Point",
                "coordinates": [
                    15.125588,
                    47.053103
                ]
            },
            "properties": {
                "id": "INFT-ATTD6T",
                "name": "JET TANKSTELLE",
                "S98": "0",
                "S95": "1.428",
                "N": "0",
                "D": "1.433",
                "G": "0",
                "zip": "8582",
                "land": "at",
                "bundesland": "Steiermark",
                "city2": "Voitsberg",
                "city": "ROSENTAL",
                "strasse": "BAHNHOFSTRASSE 2",
                "date": "3.9.2025",
                "time": "6:18:13"
            }
        },
        {
            "type": "Feature",
            "geometry": {
                "type": "Point",
                "coordinates": [
                    14.301109,
                    48.293683
                ]
            },
            "properties": {
                "id": "INFT-ATTGDF",
                "name": "JET TANKSTELLE",
                "S98": "0",
                "S95": "1.488",
                "N": "0",
                "D": "1.497",
                "G": "0",
                "zip": "4020",
                "land": "at",
                "bundesland": "Oberösterreich",
                "city2": "Linz Land",
                "city": "LINZ",
                "strasse": "FRIEDHOFSTRASSE 28",
                "date": "3.9.2025",
                "time": "6:17:35"
            }
        },
        {
            "type": "Feature",
            "geometry": {
                "type": "Point",
                "coordinates": [
                    16.31374,
                    48.20685
                ]
            },
            "properties": {
                "id": "INFT-ATTJ5L",
                "name": "OMV - Wien Gablenzgasse 109",
                "S98": "0",
                "S95": "1.499",
                "N": "0",
                "D": "1.529",
                "G": "0",
                "zip": "1150",
                "land": "at",
                "bundesland": "Wien",
                "city2": "Rudolfsheim",
                "city": "Wien",
                "strasse": "Gablenzgasse 109",
                "date": "3.9.2025",
                "time": "6:18:37"
            }
        },
        {
            "type": "Feature",
            "geometry": {
                "type": "Point",
                "coordinates": [
                    11.16653,
                    47.36978
                ]
            },
            "properties": {
                "id": "INFT-ATU38X",
                "name": "AVANTI - Leutasch Waidach 373",
                "S98": "0",
                "S95": "0",
                "N": "0",
                "D": "1.597",
                "G": "0",
                "zip": "6105",
                "land": "at",
                "bundesland": "Tirol",
                "city2": "Innsbruck Land",
                "city": "Leutasch",
                "strasse": "Waidach 373",
                "date": "3.9.2025",
                "time": "6:18:19"
            }
        },
        {
            "type": "Feature",
            "geometry": {
                "type": "Point",
                "coordinates": [
                    16.48727,
                    48.139011
                ]
            },
            "properties": {
                "id": "INFT-ATUEUJ",
                "name": "JET TANKSTELLE",
                "S98": "0",
                "S95": "1.467",
                "N": "0",
                "D": "0",
                "G": "0",
                "zip": "2320",
                "land": "at",
                "bundesland": "Niederösterreich",
                "city2": "Wien Umgebung",
                "city": "SCHWECHAT",
                "strasse": "BRUCK HAINBURGER STRASSE 28",
                "date": "3.9.2025",
                "time": "6:17:14"
            }
        },
        {
            "type": "Feature",
            "geometry": {
                "type": "Point",
                "coordinates": [
                    16.058304,
                    48.328077
                ]
            },
            "properties": {
                "id": "INFT-ATV74G",
                "name": "JET TANKSTELLE",
                "S98": "0",
                "S95": "1.433",
                "N": "0",
                "D": "1.443",
                "G": "0",
                "zip": "3430",
                "land": "at",
                "bundesland": "Niederösterreich",
                "city2": "Tulln",
                "city": "TULLN",
                "strasse": "Brückenstraße 10",
                "date": "3.9.2025",
                "time": "6:17:30"
            }
        },
        {
            "type": "Feature",
            "geometry": {
                "type": "Point",
                "coordinates": [
                    15.61753,
                    48.18769
                ]
            },
            "properties": {
                "id": "INFT-ATV74C",
                "name": "AVANTI - Sankt Pölten Mariazeller Straße 95",
                "S98": "0",
                "S95": "1.462",
                "N": "0",
                "D": "1.47",
                "G": "0",
                "zip": "3100",
                "land": "at",
                "bundesland": "Niederösterreich",
                "city2": "St. Pölten",
                "city": "Sankt Poelten",
                "strasse": "Mariazeller Strasse 95",
                "date": "3.9.2025",
                "time": "6:17:10"
            }
        },
        {
            "type": "Feature",
            "geometry": {
                "type": "Point",
                "coordinates": [
                    10.85657,
                    47.22949
                ]
            },
            "properties": {
                "id": "INFT-ATV74D",
                "name": "OMV - Ötztal-Bahnhof Ötztaler Bundesstraße 15",
                "S98": "0",
                "S95": "1.599",
                "N": "0",
                "D": "1.599",
                "G": "0",
                "zip": "6430",
                "land": "at",
                "bundesland": "Tirol",
                "city2": "Imst",
                "city": "Ötztal-Bahnhof",
                "strasse": "Ötztaler Bundesstrasse 15",
                "date": "3.9.2025",
                "time": "6:18:19"
            }
        },
        {
            "type": "Feature",
            "geometry": {
                "type": "Point",
                "coordinates": [
                    13.436477,
                    48.450421
                ]
            },
            "properties": {
                "id": "INFT-ATV934",
                "name": "JET TANKSTELLE",
                "S98": "0",
                "S95": "0",
                "N": "0",
                "D": "1.485",
                "G": "0",
                "zip": "4780",
                "land": "at",
                "bundesland": "Oberösterreich",
                "city2": "Schärding",
                "city": "SCHÄRDING",
                "strasse": "LINZERSTRASSE 58",
                "date": "3.9.2025",
                "time": "6:17:51"
            }
        },
        {
            "type": "Feature",
            "geometry": {
                "type": "Point",
                "coordinates": [
                    12.157785,
                    47.574902
                ]
            },
            "properties": {
                "id": "INFT-ATVGSR",
                "name": "JET TANKSTELLE",
                "S98": "0",
                "S95": "0",
                "N": "0",
                "D": "1.489",
                "G": "0",
                "zip": "6330",
                "land": "at",
                "bundesland": "Tirol",
                "city2": "Kufstein",
                "city": "KUFSTEIN",
                "strasse": "SALURNERSTRASSE 40",
                "date": "3.9.2025",
                "time": "6:18:22"
            }
        },
        {
            "type": "Feature",
            "geometry": {
                "type": "Point",
                "coordinates": [
                    12.157852,
                    47.574301
                ]
            },
            "properties": {
                "id": "INFT-ATVGSQ",
                "name": "JET TANKSTELLE",
                "S98": "0",
                "S95": "0",
                "N": "0",
                "D": "1.489",
                "G": "0",
                "zip": "6330",
                "land": "at",
                "bundesland": "Tirol",
                "city2": "Kufstein",
                "city": "KUFSTEIN",
                "strasse": "SALURNERSTRASSE 61",
                "date": "3.9.2025",
                "time": "6:18:22"
            }
        },
        {
            "type": "Feature",
            "geometry": {
                "type": "Point",
                "coordinates": [
                    11.324463,
                    47.257413
                ]
            },
            "properties": {
                "id": "INFT-ATVGSU",
                "name": "JET TANKSTELLE",
                "S98": "0",
                "S95": "1.599",
                "N": "0",
                "D": "1.599",
                "G": "0",
                "zip": "6176",
                "land": "at",
                "bundesland": "Tirol",
                "city2": "Innsbruck Land",
                "city": "VÖLS",
                "strasse": "Cytastraße 6",
                "date": "3.9.2025",
                "time": "6:18:20"
            }
        },
        {
            "type": "Feature",
            "geometry": {
                "type": "Point",
                "coordinates": [
                    11.751809,
                    47.423516
                ]
            },
            "properties": {
                "id": "INFT-ATVMR8",
                "name": "JET TANKSTELLE",
                "S98": "0",
                "S95": "1.589",
                "N": "0",
                "D": "1.599",
                "G": "0",
                "zip": "6212",
                "land": "at",
                "bundesland": "Tirol",
                "city2": "Schwaz",
                "city": "MAURACH",
                "strasse": "ACHENSEESTR. 3",
                "date": "3.9.2025",
                "time": "6:18:27"
            }
        },
        {
            "type": "Feature",
            "geometry": {
                "type": "Point",
                "coordinates": [
                    11.708531,
                    47.353777
                ]
            },
            "properties": {
                "id": "INFT-ATVMR7",
                "name": "JET TANKSTELLE",
                "S98": "0",
                "S95": "1.589",
                "N": "0",
                "D": "1.589",
                "G": "0",
                "zip": "6130",
                "land": "at",
                "bundesland": "Tirol",
                "city2": "Schwaz",
                "city": "SCHWAZ",
                "strasse": "MÜNCHER STRASSE 54",
                "date": "3.9.2025",
                "time": "6:18:27"
            }
        },
        {
            "type": "Feature",
            "geometry": {
                "type": "Point",
                "coordinates": [
                    10.723688,
                    47.482517
                ]
            },
            "properties": {
                "id": "INFT-ATXC8N",
                "name": "JET TANKSTELLE",
                "S98": "0",
                "S95": "1.579",
                "N": "0",
                "D": "1.579",
                "G": "0",
                "zip": "6600",
                "land": "at",
                "bundesland": "Tirol",
                "city2": "Reutte",
                "city": "REUTTE",
                "strasse": "INNSBRUCKER STRASSE 6",
                "date": "3.9.2025",
                "time": "6:18:26"
            }
        },
        {
            "type": "Feature",
            "geometry": {
                "type": "Point",
                "coordinates": [
                    16.31497,
                    48.358127
                ]
            },
            "properties": {
                "id": "INFT-ATXEU4",
                "name": "JET TANKSTELLE",
                "S98": "0",
                "S95": "1.459",
                "N": "0",
                "D": "1.469",
                "G": "0",
                "zip": "2100",
                "land": "at",
                "bundesland": "Niederösterreich",
                "city2": "Korneuburg",
                "city": "KORNEUBURG",
                "strasse": "STOCKERAUERSTRASSE 108",
                "date": "3.9.2025",
                "time": "6:17:20"
            }
        },
        {
            "type": "Feature",
            "geometry": {
                "type": "Point",
                "coordinates": [
                    16.02148,
                    48.318436
                ]
            },
            "properties": {
                "id": "INFT-AU2UBB",
                "name": "JET TANKSTELLE",
                "S98": "0",
                "S95": "1.433",
                "N": "0",
                "D": "1.443",
                "G": "0",
                "zip": "3442",
                "land": "at",
                "bundesland": "Niederösterreich",
                "city2": "Tulln",
                "city": "LANGENROHR",
                "strasse": "ÜBERLÄNDSTRASSE 2",
                "date": "3.9.2025",
                "time": "6:17:30"
            }
        },
        {
            "type": "Feature",
            "geometry": {
                "type": "Point",
                "coordinates": [
                    15.08587,
                    48.17039
                ]
            },
            "properties": {
                "id": "INFT-AU4233",
                "name": "AVANTI - Ybbs Bahnhofstraße 13",
                "S98": "0",
                "S95": "1.443",
                "N": "0",
                "D": "1.453",
                "G": "0",
                "zip": "3370",
                "land": "at",
                "bundesland": "Niederösterreich",
                "city2": "Melk",
                "city": "Ybbs",
                "strasse": "Bahnhofstrasse 13",
                "date": "3.9.2025",
                "time": "6:17:23"
            }
        },
        {
            "type": "Feature",
            "geometry": {
                "type": "Point",
                "coordinates": [
                    13.1004595,
                    47.6822599
                ]
            },
            "properties": {
                "id": "INFT-AU4B3N",
                "name": "Turmöl Quick",
                "S98": "0",
                "S95": "1.463",
                "N": "0",
                "D": "1.476",
                "G": "0",
                "zip": "5400",
                "land": "at",
                "bundesland": "Salzburg",
                "city2": "Hallein",
                "city": "Hallein",
                "strasse": "Salzachtalstraße 16",
                "date": "3.9.2025",
                "time": "6:17:57"
            }
        },
        {
            "type": "Feature",
            "geometry": {
                "type": "Point",
                "coordinates": [
                    16.529877,
                    48.284271
                ]
            },
            "properties": {
                "id": "INFT-AU9GP6",
                "name": "Treibstoffparadies",
                "S98": "0",
                "S95": "1.454",
                "N": "0",
                "D": "1.464",
                "G": "0",
                "zip": "2232",
                "land": "at",
                "bundesland": "Niederösterreich",
                "city2": "Gänserndorf",
                "city": "Aderklaa",
                "strasse": "Wienerstrasse 12",
                "date": "3.9.2025",
                "time": "6:17:16"
            }
        },
        {
            "type": "Feature",
            "geometry": {
                "type": "Point",
                "coordinates": [
                    16.59846,
                    48.12157
                ]
            },
            "properties": {
                "id": "INFT-AUAGG9",
                "name": "AVANTI - Fischamend Reichsstraße 2",
                "S98": "0",
                "S95": "1.463",
                "N": "0",
                "D": "1.473",
                "G": "0",
                "zip": "2401",
                "land": "at",
                "bundesland": "Niederösterreich",
                "city2": "Wien Umgebung",
                "city": "Fischamend",
                "strasse": "Reichsstrasse 2",
                "date": "3.9.2025",
                "time": "6:17:14"
            }
        },
        {
            "type": "Feature",
            "geometry": {
                "type": "Point",
                "coordinates": [
                    16.453437,
                    48.117092
                ]
            },
            "properties": {
                "id": "INFT-AUAJTB",
                "name": "JET TANKSTELLE",
                "S98": "0",
                "S95": "1.467",
                "N": "0",
                "D": "0",
                "G": "0",
                "zip": "2320",
                "land": "at",
                "bundesland": "Niederösterreich",
                "city2": "Wien Umgebung",
                "city": "RANNERSDORF",
                "strasse": "BRAUHAUSSTRASSE 123",
                "date": "3.9.2025",
                "time": "6:17:14"
            }
        },
        {
            "type": "Feature",
            "geometry": {
                "type": "Point",
                "coordinates": [
                    14.0187608,
                    48.1807644
                ]
            },
            "properties": {
                "id": "INFT-AVDEVM",
                "name": "Turmöl Quick",
                "S98": "0",
                "S95": "1.483",
                "N": "0",
                "D": "1.483",
                "G": "0",
                "zip": "4600",
                "land": "at",
                "bundesland": "Oberösterreich",
                "city2": "Wels",
                "city": "Wels",
                "strasse": "Grieskirchnerstraße 118",
                "date": "3.9.2025",
                "time": "6:17:37"
            }
        },
        {
            "type": "Feature",
            "geometry": {
                "type": "Point",
                "coordinates": [
                    14.8073965,
                    47.9430098
                ]
            },
            "properties": {
                "id": "INFT-AVZGAC",
                "name": "AVIA XPress (unser Service: Luft und Wasser)",
                "S98": "0",
                "S95": "1.504",
                "N": "0",
                "D": "1.514",
                "G": "0",
                "zip": "3340",
                "land": "at",
                "bundesland": "Niederösterreich",
                "city2": "Scheibbs",
                "city": "Waidhofen/Ybbs",
                "strasse": "Ybbsitzer Straße 79",
                "date": "3.9.2025",
                "time": "6:17:11"
            }
        },
        {
            "type": "Feature",
            "geometry": {
                "type": "Point",
                "coordinates": [
                    14.409831,
                    47.153053
                ]
            },
            "properties": {
                "id": "INFT-AXVE42",
                "name": "Landforst Scheifling",
                "S98": "0",
                "S95": "1.461",
                "N": "0",
                "D": "1.463",
                "G": "0",
                "zip": "8811",
                "land": "at",
                "bundesland": "Steiermark",
                "city2": "Murau",
                "city": "Scheifling",
                "strasse": "Murauerstrasse 7",
                "date": "3.9.2025",
                "time": "6:18:11"
            }
        },
        {
            "type": "Feature",
            "geometry": {
                "type": "Point",
                "coordinates": [
                    16.20678,
                    47.292944
                ]
            },
            "properties": {
                "id": "INFT-AYLJUK",
                "name": "Turmöl Quick",
                "S98": "0",
                "S95": "1.482",
                "N": "0",
                "D": "1.484",
                "G": "0",
                "zip": "7400",
                "land": "at",
                "bundesland": "Burgenland",
                "city2": "Oberwart",
                "city": "Oberwart",
                "strasse": "Wienerstraße 52",
                "date": "3.9.2025",
                "time": "6:16:59"
            }
        },
        {
            "type": "Feature",
            "geometry": {
                "type": "Point",
                "coordinates": [
                    11.5923631,
                    47.3012592
                ]
            },
            "properties": {
                "id": "INFT-AYSFP8",
                "name": "Plose A Oil",
                "S98": "0",
                "S95": "0",
                "N": "0",
                "D": "1.579",
                "G": "0",
                "zip": "6122",
                "land": "at",
                "bundesland": "Tirol",
                "city2": "Innsbruck Land",
                "city": "Fritzens",
                "strasse": "Innstrasse 13",
                "date": "3.9.2025",
                "time": "6:18:19"
            }
        },
        {
            "type": "Feature",
            "geometry": {
                "type": "Point",
                "coordinates": [
                    14.6289117,
                    46.6632319
                ]
            },
            "properties": {
                "id": "INFT-AYTKDK",
                "name": "Turmöl Quick",
                "S98": "0",
                "S95": "1.454",
                "N": "0",
                "D": "1.444",
                "G": "0",
                "zip": "9100",
                "land": "at",
                "bundesland": "Kärnten",
                "city2": "Völkermarkt",
                "city": "Völkermarkt",
                "strasse": "Umfahrungs Straße 23",
                "date": "3.9.2025",
                "time": "6:17:6"
            }
        },
        {
            "type": "Feature",
            "geometry": {
                "type": "Point",
                "coordinates": [
                    14.7634458,
                    47.9703474
                ]
            },
            "properties": {
                "id": "INFT-AZ3JYW",
                "name": "eni Hochhauser",
                "S98": "0",
                "S95": "1.499",
                "N": "0",
                "D": "1.529",
                "G": "0",
                "zip": "3340",
                "land": "at",
                "bundesland": "Niederösterreich",
                "city2": "Scheibbs",
                "city": "Waidhofen an der Ybbs",
                "strasse": "Wienerstraße 45a",
                "date": "3.9.2025",
                "time": "6:17:11"
            }
        },
        {
            "type": "Feature",
            "geometry": {
                "type": "Point",
                "coordinates": [
                    9.73476,
                    47.40698
                ]
            },
            "properties": {
                "id": "INFT-AZWGE4",
                "name": "AVANTI - Dornbirn Lustenauer Straße 24",
                "S98": "0",
                "S95": "1.482",
                "N": "0",
                "D": "1.482",
                "G": "0",
                "zip": "6850",
                "land": "at",
                "bundesland": "Vorarlberg",
                "city2": "Dornbirn",
                "city": "Dornbirn",
                "strasse": "Lustenauer Strasse 24",
                "date": "3.9.2025",
                "time": "6:18:29"
            }
        },
        {
            "type": "Feature",
            "geometry": {
                "type": "Point",
                "coordinates": [
                    9.644945,
                    47.459666
                ]
            },
            "properties": {
                "id": "INFT-B23J4A",
                "name": "ESW Dieselkraftstoff",
                "S98": "0",
                "S95": "0",
                "N": "0",
                "D": "1.494",
                "G": "0",
                "zip": "6973",
                "land": "at",
                "bundesland": "Vorarlberg",
                "city2": "Bregenz",
                "city": "Höchst",
                "strasse": "Hauptstraße 38",
                "date": "3.9.2025",
                "time": "6:18:28"
            }
        },
        {
            "type": "Feature",
            "geometry": {
                "type": "Point",
                "coordinates": [
                    16.5123905,
                    47.4991041
                ]
            },
            "properties": {
                "id": "INFT-B24JD8",
                "name": "Genol-Lagerhaustankstelle - Oberpullendorf",
                "S98": "0",
                "S95": "0",
                "N": "0",
                "D": "1.475",
                "G": "0",
                "zip": "7350",
                "land": "at",
                "bundesland": "Burgenland",
                "city2": "Oberpullendorf",
                "city": "OBERPULLENDORF",
                "strasse": "Eisenstädter Strasse 24",
                "date": "3.9.2025",
                "time": "6:16:57"
            }
        },
        {
            "type": "Feature",
            "geometry": {
                "type": "Point",
                "coordinates": [
                    14.80875,
                    47.21001
                ]
            },
            "properties": {
                "id": "INFT-B2BLM8",
                "name": "AVANTI - Knittelfeld Kärntner Straße 75",
                "S98": "0",
                "S95": "1.461",
                "N": "0",
                "D": "1.462",
                "G": "0",
                "zip": "8720",
                "land": "at",
                "bundesland": "Steiermark",
                "city2": "Knittelfeld",
                "city": "Knittelfeld",
                "strasse": "Kärntner Strasse 75",
                "date": "3.9.2025",
                "time": "6:18:16"
            }
        },
        {
            "type": "Feature",
            "geometry": {
                "type": "Point",
                "coordinates": [
                    11.19909,
                    47.32402
                ]
            },
            "properties": {
                "id": "INFT-B2BSKK",
                "name": "OMV - Reith bei Seefeld Krinz 27",
                "S98": "0",
                "S95": "0",
                "N": "0",
                "D": "1.599",
                "G": "0",
                "zip": "6100",
                "land": "at",
                "bundesland": "Tirol",
                "city2": "Innsbruck Land",
                "city": "Reith bei Seefeld",
                "strasse": "Krinz 27",
                "date": "3.9.2025",
                "time": "6:18:19"
            }
        },
        {
            "type": "Feature",
            "geometry": {
                "type": "Point",
                "coordinates": [
                    17.07018,
                    47.9386394
                ]
            },
            "properties": {
                "id": "INFT-B2ELFU",
                "name": "Pamer GmbH",
                "S98": "0",
                "S95": "0",
                "N": "0",
                "D": "1.489",
                "G": "0",
                "zip": "2425",
                "land": "at",
                "bundesland": "Burgenland",
                "city2": "Neusiedl am See",
                "city": " Nickelsdorf",
                "strasse": "Scheunengasse 2",
                "date": "3.9.2025",
                "time": "6:16:55"
            }
        },
        {
            "type": "Feature",
            "geometry": {
                "type": "Point",
                "coordinates": [
                    17.0059708,
                    47.9805003
                ]
            },
            "properties": {
                "id": "INFT-B2ELFT",
                "name": "Pamer GmbH",
                "S98": "0",
                "S95": "0",
                "N": "0",
                "D": "1.489",
                "G": "0",
                "zip": "2424",
                "land": "at",
                "bundesland": "Burgenland",
                "city2": "Neusiedl am See",
                "city": "Zurndorf",
                "strasse": "Fabrikweg 26",
                "date": "3.9.2025",
                "time": "6:16:55"
            }
        },
        {
            "type": "Feature",
            "geometry": {
                "type": "Point",
                "coordinates": [
                    15.1141267,
                    48.1561584
                ]
            },
            "properties": {
                "id": "INFT-B2KEEC",
                "name": "IQ",
                "S98": "0",
                "S95": "1.448",
                "N": "0",
                "D": "0",
                "G": "0",
                "zip": "3254",
                "land": "at",
                "bundesland": "Niederösterreich",
                "city2": "Melk",
                "city": "Bergland",
                "strasse": "Oberegging 14",
                "date": "3.9.2025",
                "time": "6:17:23"
            }
        },
        {
            "type": "Feature",
            "geometry": {
                "type": "Point",
                "coordinates": [
                    15.233346,
                    46.821138
                ]
            },
            "properties": {
                "id": "INFT-B39K55",
                "name": "JET TANKSTELLE",
                "S98": "0",
                "S95": "1.439",
                "N": "0",
                "D": "0",
                "G": "0",
                "zip": "8530",
                "land": "at",
                "bundesland": "Steiermark",
                "city2": "Deutschlandsberg",
                "city": "DEUTSCHLANDSBERG",
                "strasse": "FRAUENTALER STRASSE 97",
                "date": "3.9.2025",
                "time": "6:18:4"
            }
        },
        {
            "type": "Feature",
            "geometry": {
                "type": "Point",
                "coordinates": [
                    14.3245113,
                    48.3070145
                ]
            },
            "properties": {
                "id": "INFT-B3AF77",
                "name": "PINK - so pink, so clever",
                "S98": "0",
                "S95": "1.488",
                "N": "0",
                "D": "1.497",
                "G": "0",
                "zip": "4020",
                "land": "at",
                "bundesland": "Oberösterreich",
                "city2": "Linz Land",
                "city": "Linz",
                "strasse": "Pummererstraße 22",
                "date": "3.9.2025",
                "time": "6:17:34"
            }
        },
        {
            "type": "Feature",
            "geometry": {
                "type": "Point",
                "coordinates": [
                    15.725307,
                    48.459348
                ]
            },
            "properties": {
                "id": "INFT-B3JL4D",
                "name": "eni",
                "S98": "0",
                "S95": "1.469",
                "N": "0",
                "D": "1.489",
                "G": "0",
                "zip": "3493",
                "land": "at",
                "bundesland": "Niederösterreich",
                "city2": "Krems Land",
                "city": "Hadersdorf a. Kamp",
                "strasse": "Wienerstrasse 27",
                "date": "3.9.2025",
                "time": "6:17:21"
            }
        },
        {
            "type": "Feature",
            "geometry": {
                "type": "Point",
                "coordinates": [
                    14.130639,
                    48.28957
                ]
            },
            "properties": {
                "id": "INFT-B3MJA2",
                "name": "JET TANKSTELLE",
                "S98": "0",
                "S95": "1.489",
                "N": "0",
                "D": "1.489",
                "G": "0",
                "zip": "4072",
                "land": "at",
                "bundesland": "Oberösterreich",
                "city2": "Eferding",
                "city": "ALKOVEN",
                "strasse": "GEWERBESTRASSE 19",
                "date": "3.9.2025",
                "time": "6:17:40"
            }
        },
        {
            "type": "Feature",
            "geometry": {
                "type": "Point",
                "coordinates": [
                    13.855294,
                    48.331604
                ]
            },
            "properties": {
                "id": "INFT-B3PEYH",
                "name": "GENOL-LH EFERDING-OÖ. MITTE eGen",
                "S98": "0",
                "S95": "1.469",
                "N": "0",
                "D": "0",
                "G": "0",
                "zip": "4730",
                "land": "at",
                "bundesland": "Oberösterreich",
                "city2": "Grieskirchen",
                "city": "WAIZENKIRCHEN",
                "strasse": "KINZLSTRASSE 22",
                "date": "3.9.2025",
                "time": "6:17:43"
            }
        },
        {
            "type": "Feature",
            "geometry": {
                "type": "Point",
                "coordinates": [
                    15.1490977,
                    48.1253328
                ]
            },
            "properties": {
                "id": "INFT-B4GSSL",
                "name": "24 tanken + shop",
                "S98": "0",
                "S95": "1.488",
                "N": "0",
                "D": "1.488",
                "G": "0",
                "zip": "3250",
                "land": "at",
                "bundesland": "Niederösterreich",
                "city2": "Scheibbs",
                "city": "Wieselburg",
                "strasse": "Teichweg 3",
                "date": "3.9.2025",
                "time": "6:17:28"
            }
        },
        {
            "type": "Feature",
            "geometry": {
                "type": "Point",
                "coordinates": [
                    14.76931,
                    47.96667
                ]
            },
            "properties": {
                "id": "INFT-B4HLNG",
                "name": "OMV - Waidhofen an der Ybbs Wiener Straße 2a",
                "S98": "0",
                "S95": "1.524",
                "N": "0",
                "D": "1.539",
                "G": "0",
                "zip": "3340",
                "land": "at",
                "bundesland": "Niederösterreich",
                "city2": "Scheibbs",
                "city": "Waidhofen an der Ybbs",
                "strasse": "Wiener Strasse 2a",
                "date": "3.9.2025",
                "time": "6:17:11"
            }
        },
        {
            "type": "Feature",
            "geometry": {
                "type": "Point",
                "coordinates": [
                    11.18997,
                    47.32537
                ]
            },
            "properties": {
                "id": "INFT-B5FEGF",
                "name": "Shell Austria",
                "S98": "0",
                "S95": "0",
                "N": "0",
                "D": "1.599",
                "G": "0",
                "zip": "6100",
                "land": "at",
                "bundesland": "Tirol",
                "city2": "Innsbruck Land",
                "city": "SEEFELD",
                "strasse": "INNSBRUCKER STRASSE 272",
                "date": "3.9.2025",
                "time": "6:18:20"
            }
        },
        {
            "type": "Feature",
            "geometry": {
                "type": "Point",
                "coordinates": [
                    15.07857,
                    47.91926
                ]
            },
            "properties": {
                "id": "INFT-B5LLNY",
                "name": "eni (24h-Tankautomat)",
                "S98": "0",
                "S95": "1.489",
                "N": "0",
                "D": "0",
                "G": "0",
                "zip": "3292",
                "land": "at",
                "bundesland": "Niederösterreich",
                "city2": "Scheibbs",
                "city": "Gaming",
                "strasse": "Ötscherlandstrasse 48",
                "date": "3.9.2025",
                "time": "6:17:29"
            }
        },
        {
            "type": "Feature",
            "geometry": {
                "type": "Point",
                "coordinates": [
                    14.917971,
                    48.73747
                ]
            },
            "properties": {
                "id": "INFT-B5SHAJ",
                "name": "Turmöl Quick",
                "S98": "0",
                "S95": "1.549",
                "N": "0",
                "D": "1.559",
                "G": "0",
                "zip": "3950",
                "land": "at",
                "bundesland": "Niederösterreich",
                "city2": "Gmünd",
                "city": "Gmünd",
                "strasse": "Eichberg 121",
                "date": "3.9.2025",
                "time": "6:17:17"
            }
        },
        {
            "type": "Feature",
            "geometry": {
                "type": "Point",
                "coordinates": [
                    14.4533989,
                    48.2675844
                ]
            },
            "properties": {
                "id": "INFT-B68GDW",
                "name": "boesch energy,  turmöl Quick",
                "S98": "0",
                "S95": "1.444",
                "N": "0",
                "D": "1.454",
                "G": "0",
                "zip": "4222",
                "land": "at",
                "bundesland": "Oberösterreich",
                "city2": "Perg",
                "city": "St.Georgen an der Gusen",
                "strasse": "Mauthausenerstrasse 48",
                "date": "3.9.2025",
                "time": "6:17:47"
            }
        },
        {
            "type": "Feature",
            "geometry": {
                "type": "Point",
                "coordinates": [
                    15.1434112,
                    48.0391545
                ]
            },
            "properties": {
                "id": "INFT-B6B7RX",
                "name": "BP",
                "S98": "0",
                "S95": "1.489",
                "N": "0",
                "D": "0",
                "G": "0",
                "zip": "3251",
                "land": "at",
                "bundesland": "Niederösterreich",
                "city2": "Scheibbs",
                "city": "Merkenstetten",
                "strasse": "Stock 11 ",
                "date": "3.9.2025",
                "time": "6:17:29"
            }
        },
        {
            "type": "Feature",
            "geometry": {
                "type": "Point",
                "coordinates": [
                    15.4548317,
                    46.9938723
                ]
            },
            "properties": {
                "id": "INFT-B74G4E",
                "name": "car&care Tankstelle Konrad Service-Center",
                "S98": "0",
                "S95": "1.438",
                "N": "0",
                "D": "1.438",
                "G": "0",
                "zip": "8073",
                "land": "at",
                "bundesland": "Steiermark",
                "city2": "Graz Umgebung",
                "city": "Feldkirchen",
                "strasse": "Triester Straße 219",
                "date": "3.9.2025",
                "time": "6:18:6"
            }
        },
        {
            "type": "Feature",
            "geometry": {
                "type": "Point",
                "coordinates": [
                    15.430359,
                    47.060424
                ]
            },
            "properties": {
                "id": "INFT-B8QUSB",
                "name": "M3 Energy",
                "S98": "0",
                "S95": "1.437",
                "N": "0",
                "D": "1.438",
                "G": "0",
                "zip": "8020",
                "land": "at",
                "bundesland": "Steiermark",
                "city2": "Graz",
                "city": "Graz",
                "strasse": "Karlauerstraße 42",
                "date": "3.9.2025",
                "time": "6:18:3"
            }
        },
        {
            "type": "Feature",
            "geometry": {
                "type": "Point",
                "coordinates": [
                    14.228437,
                    48.143876
                ]
            },
            "properties": {
                "id": "INFT-B99E5Z",
                "name": "BP Tankautomat Neuhofen",
                "S98": "0",
                "S95": "1.442",
                "N": "0",
                "D": "1.456",
                "G": "0",
                "zip": "4501",
                "land": "at",
                "bundesland": "Oberösterreich",
                "city2": "Linz Land",
                "city": "Neuhofen",
                "strasse": "Linzer Straße 41",
                "date": "3.9.2025",
                "time": "6:17:46"
            }
        },
        {
            "type": "Feature",
            "geometry": {
                "type": "Point",
                "coordinates": [
                    15.085068,
                    47.372167
                ]
            },
            "properties": {
                "id": "INFT-B9EBDZ",
                "name": "M3 Energy",
                "S98": "0",
                "S95": "1.442",
                "N": "0",
                "D": "1.447",
                "G": "0",
                "zip": "8700",
                "land": "at",
                "bundesland": "Steiermark",
                "city2": "Leoben",
                "city": "Leoben",
                "strasse": "Einödmayergasse 1",
                "date": "3.9.2025",
                "time": "6:18:9"
            }
        },
        {
            "type": "Feature",
            "geometry": {
                "type": "Point",
                "coordinates": [
                    16.4383071,
                    48.131813
                ]
            },
            "properties": {
                "id": "INFT-B9KGKP",
                "name": "Champion",
                "S98": "0",
                "S95": "0",
                "N": "0",
                "D": "1.469",
                "G": "0",
                "zip": "2320",
                "land": "at",
                "bundesland": "Niederösterreich",
                "city2": "Wien Umgebung",
                "city": "Kledering",
                "strasse": "Klederinger Straße 41",
                "date": "3.9.2025",
                "time": "6:17:13"
            }
        },
        {
            "type": "Feature",
            "geometry": {
                "type": "Point",
                "coordinates": [
                    14.098879,
                    46.722217
                ]
            },
            "properties": {
                "id": "INFT-BBCK28",
                "name": " AVIA Xpress (Automaten-Tankstelle)",
                "S98": "0",
                "S95": "1.454",
                "N": "0",
                "D": "1.444",
                "G": "0",
                "zip": "9560",
                "land": "at",
                "bundesland": "Kärnten",
                "city2": "Feldkirchen",
                "city": "Feldkirchen in Kärnten",
                "strasse": "10.-Oktober-Straße 29",
                "date": "3.9.2025",
                "time": "6:17:8"
            }
        },
        {
            "type": "Feature",
            "geometry": {
                "type": "Point",
                "coordinates": [
                    16.272085,
                    47.136327
                ]
            },
            "properties": {
                "id": "INFT-BBLBV9",
                "name": "Welog - Landespartner des Burgenlands",
                "S98": "0",
                "S95": "1.469",
                "N": "0",
                "D": "1.479",
                "G": "0",
                "zip": "7535",
                "land": "at",
                "bundesland": "Burgenland",
                "city2": "Güssing",
                "city": "St. Michael im Burgenland",
                "strasse": "Obere Hauptstraße 230",
                "date": "3.9.2025",
                "time": "6:16:53"
            }
        },
        {
            "type": "Feature",
            "geometry": {
                "type": "Point",
                "coordinates": [
                    13.807821,
                    47.415633
                ]
            },
            "properties": {
                "id": "INFT-BDSARA",
                "name": "Turmöl Quick",
                "S98": "0",
                "S95": "0",
                "N": "0",
                "D": "1.472",
                "G": "0",
                "zip": "8967",
                "land": "at",
                "bundesland": "Steiermark",
                "city2": "Liezen",
                "city": "Haus im Ennstal",
                "strasse": "Höhenfeld 89",
                "date": "3.9.2025",
                "time": "6:18:9"
            }
        },
        {
            "type": "Feature",
            "geometry": {
                "type": "Point",
                "coordinates": [
                    16.288224,
                    47.982031
                ]
            },
            "properties": {
                "id": "INFT-BE4A8P",
                "name": "Turmöl Quick",
                "S98": "0",
                "S95": "1.454",
                "N": "0",
                "D": "1.453",
                "G": "0",
                "zip": "2512",
                "land": "at",
                "bundesland": "Niederösterreich",
                "city2": "Baden",
                "city": "Oeynhausen",
                "strasse": "Triester Straße 108",
                "date": "3.9.2025",
                "time": "6:17:13"
            }
        },
        {
            "type": "Feature",
            "geometry": {
                "type": "Point",
                "coordinates": [
                    15.085178406009105,
                    47.35530810546076
                ]
            },
            "properties": {
                "id": "INFT-BEYDJ5",
                "name": "F. LEITNER",
                "S98": "0",
                "S95": "1.446",
                "N": "0",
                "D": "0",
                "G": "0",
                "zip": "8700",
                "land": "at",
                "bundesland": "Steiermark",
                "city2": "Leoben",
                "city": "Leoben",
                "strasse": "Prettachstraße 2",
                "date": "3.9.2025",
                "time": "6:18:9"
            }
        },
        {
            "type": "Feature",
            "geometry": {
                "type": "Point",
                "coordinates": [
                    13.492186,
                    48.069783
                ]
            },
            "properties": {
                "id": "INFT-BF8GE3",
                "name": "AVIA Xpress (Automaten-Tankstelle)",
                "S98": "0",
                "S95": "0",
                "N": "0",
                "D": "1.454",
                "G": "0",
                "zip": "4873",
                "land": "at",
                "bundesland": "Oberösterreich",
                "city2": "Vöcklabruck",
                "city": "Frankenburg am Hausruck",
                "strasse": "Rieder Straße 6",
                "date": "3.9.2025",
                "time": "6:17:53"
            }
        },
        {
            "type": "Feature",
            "geometry": {
                "type": "Point",
                "coordinates": [
                    16.257546,
                    48.137832
                ]
            },
            "properties": {
                "id": "INFT-BGHG73",
                "name": "Turmöl Quick",
                "S98": "0",
                "S95": "1.437",
                "N": "0",
                "D": "1.447",
                "G": "0",
                "zip": "1230",
                "land": "at",
                "bundesland": "Wien",
                "city2": "Liesing",
                "city": "Wien",
                "strasse": "Breitenfurterstraße 473",
                "date": "3.9.2025",
                "time": "6:18:42"
            }
        },
        {
            "type": "Feature",
            "geometry": {
                "type": "Point",
                "coordinates": [
                    13.629899,
                    48.310872
                ]
            },
            "properties": {
                "id": "INFT-BGZKWM",
                "name": "AVIA ",
                "S98": "0",
                "S95": "1.499",
                "N": "0",
                "D": "0",
                "G": "0",
                "zip": "4755",
                "land": "at",
                "bundesland": "Oberösterreich",
                "city2": "Schärding",
                "city": "Zell an der Pram",
                "strasse": "Stöckl-Allee 15",
                "date": "3.9.2025",
                "time": "6:17:51"
            }
        },
        {
            "type": "Feature",
            "geometry": {
                "type": "Point",
                "coordinates": [
                    16.22057,
                    47.953231
                ]
            },
            "properties": {
                "id": "INFT-BHLMFH",
                "name": "Rumpold",
                "S98": "0",
                "S95": "1.454",
                "N": "0",
                "D": "1.453",
                "G": "0",
                "zip": "2542",
                "land": "at",
                "bundesland": "Niederösterreich",
                "city2": "Baden",
                "city": "Kottingbrunn",
                "strasse": "Badner Straße 15",
                "date": "3.9.2025",
                "time": "6:17:13"
            }
        },
        {
            "type": "Feature",
            "geometry": {
                "type": "Point",
                "coordinates": [
                    13.524077,
                    47.886334
                ]
            },
            "properties": {
                "id": "INFT-BHXGPF",
                "name": "Turmöl Quick",
                "S98": "0",
                "S95": "1.434",
                "N": "0",
                "D": "1.434",
                "G": "0",
                "zip": "4865",
                "land": "at",
                "bundesland": "Oberösterreich",
                "city2": "Vöcklabruck",
                "city": "Nußdorf am Attersee",
                "strasse": "Dorfstraße 16",
                "date": "3.9.2025",
                "time": "6:17:54"
            }
        },
        {
            "type": "Feature",
            "geometry": {
                "type": "Point",
                "coordinates": [
                    14.621814,
                    46.663089
                ]
            },
            "properties": {
                "id": "INFT-BJRTUP",
                "name": "JET TANKSTELLE",
                "S98": "0",
                "S95": "1.459",
                "N": "0",
                "D": "1.449",
                "G": "0",
                "zip": "9100",
                "land": "at",
                "bundesland": "Kärnten",
                "city2": "Völkermarkt",
                "city": "VÖLKERMARKT",
                "strasse": "UMFAHRUNGSSTRASSE 7",
                "date": "3.9.2025",
                "time": "6:17:6"
            }
        },
        {
            "type": "Feature",
            "geometry": {
                "type": "Point",
                "coordinates": [
                    16.45797,
                    48.17054
                ]
            },
            "properties": {
                "id": "INFT-BJYJ2G",
                "name": "AVANTI - Wien Jedletzbergerstraße 7",
                "S98": "0",
                "S95": "1.474",
                "N": "0",
                "D": "1.484",
                "G": "0",
                "zip": "1110",
                "land": "at",
                "bundesland": "Wien",
                "city2": "Simmering",
                "city": "Wien",
                "strasse": "Jedletzbergerstrasse 7",
                "date": "3.9.2025",
                "time": "6:18:34"
            }
        },
        {
            "type": "Feature",
            "geometry": {
                "type": "Point",
                "coordinates": [
                    16.370448,
                    48.170174
                ]
            },
            "properties": {
                "id": "INFT-BJZNUV",
                "name": "Turmöl Quick",
                "S98": "0",
                "S95": "1.44",
                "N": "0",
                "D": "1.45",
                "G": "0",
                "zip": "1100",
                "land": "at",
                "bundesland": "Wien",
                "city2": "Favoriten",
                "city": "Wien",
                "strasse": "Hardtmuthgasse 51",
                "date": "3.9.2025",
                "time": "6:18:33"
            }
        },
        {
            "type": "Feature",
            "geometry": {
                "type": "Point",
                "coordinates": [
                    14.531420251115152,
                    46.74684384521478
                ]
            },
            "properties": {
                "id": "INFT-BK2G8M",
                "name": "F. LEITNER - Brückl",
                "S98": "0",
                "S95": "1.462",
                "N": "0",
                "D": "1.448",
                "G": "0",
                "zip": "9371",
                "land": "at",
                "bundesland": "Kärnten",
                "city2": "St. Veit",
                "city": "Brückl",
                "strasse": "Klagenfurter Straße 5 ",
                "date": "3.9.2025",
                "time": "6:17:4"
            }
        },
        {
            "type": "Feature",
            "geometry": {
                "type": "Point",
                "coordinates": [
                    15.2161752,
                    48.0658753
                ]
            },
            "properties": {
                "id": "INFT-BKTBBN",
                "name": "BP",
                "S98": "0",
                "S95": "1.489",
                "N": "0",
                "D": "0",
                "G": "0",
                "zip": "3281",
                "land": "at",
                "bundesland": "Niederösterreich",
                "city2": "Scheibbs",
                "city": "Oberndorf/Melk",
                "strasse": "Wieselburger Strasse 2 ",
                "date": "3.9.2025",
                "time": "6:17:28"
            }
        },
        {
            "type": "Feature",
            "geometry": {
                "type": "Point",
                "coordinates": [
                    9.72747,
                    47.46296
                ]
            },
            "properties": {
                "id": "INFT-BL4JVV",
                "name": "BayWa Tankstelle",
                "S98": "0",
                "S95": "1.484",
                "N": "0",
                "D": "1.484",
                "G": "0",
                "zip": "6923",
                "land": "at",
                "bundesland": "Vorarlberg",
                "city2": "Bregenz",
                "city": "Lauterach",
                "strasse": "Scheibenstraße 2",
                "date": "3.9.2025",
                "time": "6:18:28"
            }
        },
        {
            "type": "Feature",
            "geometry": {
                "type": "Point",
                "coordinates": [
                    14.449924,
                    48.056054
                ]
            },
            "properties": {
                "id": "INFT-BLJNBZ",
                "name": "IQ Tankautomat Steyr",
                "S98": "0",
                "S95": "1.476",
                "N": "0",
                "D": "1.478",
                "G": "0",
                "zip": "4400",
                "land": "at",
                "bundesland": "Oberösterreich",
                "city2": "Steyr Land",
                "city": "Steyr",
                "strasse": "Haager Straße 44b",
                "date": "3.9.2025",
                "time": "6:17:35"
            }
        },
        {
            "type": "Feature",
            "geometry": {
                "type": "Point",
                "coordinates": [
                    14.716091,
                    47.665699
                ]
            },
            "properties": {
                "id": "INFT-BLNE6V",
                "name": "Turmöl Quick",
                "S98": "0",
                "S95": "1.474",
                "N": "0",
                "D": "0",
                "G": "0",
                "zip": "8931",
                "land": "at",
                "bundesland": "Steiermark",
                "city2": "Liezen",
                "city": "Großreifling",
                "strasse": "Großreifling 85",
                "date": "3.9.2025",
                "time": "6:18:10"
            }
        },
        {
            "type": "Feature",
            "geometry": {
                "type": "Point",
                "coordinates": [
                    14.898026,
                    48.703029
                ]
            },
            "properties": {
                "id": "INFT-BPMBAB",
                "name": "Turmöl Quick",
                "S98": "0",
                "S95": "1.549",
                "N": "0",
                "D": "1.559",
                "G": "0",
                "zip": "3970",
                "land": "at",
                "bundesland": "Niederösterreich",
                "city2": "Gmünd",
                "city": "Weitra",
                "strasse": "Gmündner Straße 198",
                "date": "3.9.2025",
                "time": "6:17:17"
            }
        },
        {
            "type": "Feature",
            "geometry": {
                "type": "Point",
                "coordinates": [
                    12.424003,
                    47.526113
                ]
            },
            "properties": {
                "id": "INFT-BR9F7S",
                "name": "Disk",
                "S98": "0",
                "S95": "1.569",
                "N": "0",
                "D": "1.548",
                "G": "0",
                "zip": "6380",
                "land": "at",
                "bundesland": "Tirol",
                "city2": "Kitzbühel",
                "city": "St. Johann",
                "strasse": "Salzburgerstrasse 18",
                "date": "3.9.2025",
                "time": "6:18:22"
            }
        },
        {
            "type": "Feature",
            "geometry": {
                "type": "Point",
                "coordinates": [
                    16.353044,
                    47.177476
                ]
            },
            "properties": {
                "id": "INFT-BSG8TN",
                "name": "Turmöl Quick",
                "S98": "0",
                "S95": "1.482",
                "N": "0",
                "D": "1.484",
                "G": "0",
                "zip": "7512",
                "land": "at",
                "bundesland": "Burgenland",
                "city2": "Oberwart",
                "city": "Kohfidisch",
                "strasse": "Obere Hauptstraße 25",
                "date": "3.9.2025",
                "time": "6:16:59"
            }
        },
        {
            "type": "Feature",
            "geometry": {
                "type": "Point",
                "coordinates": [
                    15.365130362256647,
                    46.75415366273557
                ]
            },
            "properties": {
                "id": "INFT-BTJMQC",
                "name": "F. LEITNER",
                "S98": "0",
                "S95": "1.458",
                "N": "0",
                "D": "0",
                "G": "0",
                "zip": "8443",
                "land": "at",
                "bundesland": "Steiermark",
                "city2": "Leibnitz",
                "city": "Gleinstätten",
                "strasse": "Gleinstätten 86",
                "date": "3.9.2025",
                "time": "6:18:7"
            }
        },
        {
            "type": "Feature",
            "geometry": {
                "type": "Point",
                "coordinates": [
                    16.014680121853992,
                    48.31138203436592
                ]
            },
            "properties": {
                "id": "INFT-BUBEXR",
                "name": "GG Tankstelle Langenrohr",
                "S98": "0",
                "S95": "1.425",
                "N": "0",
                "D": "1.435",
                "G": "0",
                "zip": "3442",
                "land": "at",
                "bundesland": "Niederösterreich",
                "city2": "Tulln",
                "city": "Langenrohr",
                "strasse": "Tullner Straße 6 ",
                "date": "3.9.2025",
                "time": "6:17:29"
            }
        },
        {
            "type": "Feature",
            "geometry": {
                "type": "Point",
                "coordinates": [
                    15.131794,
                    47.052799
                ]
            },
            "properties": {
                "id": "INFT-BUFM52",
                "name": "LAGERHAUS Genol Voitsberg",
                "S98": "0",
                "S95": "0",
                "N": "0",
                "D": "1.439",
                "G": "0",
                "zip": "8570",
                "land": "at",
                "bundesland": "Steiermark",
                "city2": "Voitsberg",
                "city": "Voitsberg",
                "strasse": "Am Vorum 2",
                "date": "3.9.2025",
                "time": "6:18:13"
            }
        },
        {
            "type": "Feature",
            "geometry": {
                "type": "Point",
                "coordinates": [
                    13.724478,
                    48.015832
                ]
            },
            "properties": {
                "id": "INFT-BV3GDU",
                "name": "SOCAR Attnang - Puchheim",
                "S98": "0",
                "S95": "1.453",
                "N": "0",
                "D": "0",
                "G": "0",
                "zip": "4800",
                "land": "at",
                "bundesland": "Oberösterreich",
                "city2": "Vöcklabruck",
                "city": "Attnang - Puchheim",
                "strasse": "Bahnhofstraße 25",
                "date": "3.9.2025",
                "time": "6:17:54"
            }
        },
        {
            "type": "Feature",
            "geometry": {
                "type": "Point",
                "coordinates": [
                    16.1824,
                    48.20595
                ]
            },
            "properties": {
                "id": "INFT-BW3E86",
                "name": "Turmöl Quick",
                "S98": "0",
                "S95": "1.441",
                "N": "0",
                "D": "1.451",
                "G": "0",
                "zip": "3002",
                "land": "at",
                "bundesland": "Niederösterreich",
                "city2": "Wien Umgebung",
                "city": "Purkersdorf",
                "strasse": "Wiener Straße 30",
                "date": "3.9.2025",
                "time": "6:17:27"
            }
        },
        {
            "type": "Feature",
            "geometry": {
                "type": "Point",
                "coordinates": [
                    16.242,
                    47.80411
                ]
            },
            "properties": {
                "id": "INFT-BW7DVF",
                "name": "Turmöl Quick",
                "S98": "0",
                "S95": "1.483",
                "N": "0",
                "D": "1.491",
                "G": "0",
                "zip": "2700",
                "land": "at",
                "bundesland": "Niederösterreich",
                "city2": "Wiener Neustadt Land",
                "city": "Wr. Neustadt",
                "strasse": "Günser Straße 28",
                "date": "3.9.2025",
                "time": "6:17:12"
            }
        },
        {
            "type": "Feature",
            "geometry": {
                "type": "Point",
                "coordinates": [
                    14.210508,
                    47.569864
                ]
            },
            "properties": {
                "id": "INFT-BWHP2X",
                "name": "Rumpold",
                "S98": "0",
                "S95": "1.464",
                "N": "0",
                "D": "1.474",
                "G": "0",
                "zip": "8940",
                "land": "at",
                "bundesland": "Steiermark",
                "city2": "Liezen",
                "city": "Weissenbach",
                "strasse": "Hauptstraße 213",
                "date": "3.9.2025",
                "time": "6:18:10"
            }
        },
        {
            "type": "Feature",
            "geometry": {
                "type": "Point",
                "coordinates": [
                    16.52446,
                    47.8359
                ]
            },
            "properties": {
                "id": "INFT-BWL9SP",
                "name": "Direct",
                "S98": "0",
                "S95": "1.458",
                "N": "0",
                "D": "1.468",
                "G": "0",
                "zip": "7000",
                "land": "at",
                "bundesland": "Burgenland",
                "city2": "Eisenstadt",
                "city": "Eisenstadt",
                "strasse": "Mattersburger Straße 5",
                "date": "3.9.2025",
                "time": "6:16:52"
            }
        },
        {
            "type": "Feature",
            "geometry": {
                "type": "Point",
                "coordinates": [
                    13.82178,
                    46.62518
                ]
            },
            "properties": {
                "id": "INFT-BYBJGD",
                "name": "Turmöl Quick",
                "S98": "0",
                "S95": "1.452",
                "N": "0",
                "D": "1.452",
                "G": "0",
                "zip": "9500",
                "land": "at",
                "bundesland": "Kärnten",
                "city2": "Villach",
                "city": "Villach",
                "strasse": "St. Martiner Straße 124",
                "date": "3.9.2025",
                "time": "6:17:1"
            }
        },
        {
            "type": "Feature",
            "geometry": {
                "type": "Point",
                "coordinates": [
                    16.31747,
                    48.1618
                ]
            },
            "properties": {
                "id": "INFT-C2NB72",
                "name": "Turmöl Quick",
                "S98": "0",
                "S95": "1.438",
                "N": "0",
                "D": "1.448",
                "G": "0",
                "zip": "1120",
                "land": "at",
                "bundesland": "Wien",
                "city2": "Meidling",
                "city": "Wien",
                "strasse": "Altmannsdorfer Straße 96",
                "date": "3.9.2025",
                "time": "6:18:35"
            }
        },
        {
            "type": "Feature",
            "geometry": {
                "type": "Point",
                "coordinates": [
                    14.84356,
                    46.84595
                ]
            },
            "properties": {
                "id": "INFT-C2XHU4",
                "name": "Turmöl Quick",
                "S98": "0",
                "S95": "1.476",
                "N": "0",
                "D": "1.465",
                "G": "0",
                "zip": "9400",
                "land": "at",
                "bundesland": "Kärnten",
                "city2": "Wolfsberg",
                "city": "Wolfsberg",
                "strasse": "Grazer Straße 1",
                "date": "3.9.2025",
                "time": "6:17:8"
            }
        },
        {
            "type": "Feature",
            "geometry": {
                "type": "Point",
                "coordinates": [
                    12.80849,
                    46.82868
                ]
            },
            "properties": {
                "id": "INFT-C5HCNH",
                "name": "Turmöl Quick",
                "S98": "0",
                "S95": "1.514",
                "N": "0",
                "D": "1.514",
                "G": "0",
                "zip": "9990",
                "land": "at",
                "bundesland": "Tirol",
                "city2": "Lienz",
                "city": "Lienz",
                "strasse": "Drautal Bundesstraße 4",
                "date": "3.9.2025",
                "time": "6:18:24"
            }
        },
        {
            "type": "Feature",
            "geometry": {
                "type": "Point",
                "coordinates": [
                    12.27856,
                    47.25181
                ]
            },
            "properties": {
                "id": "INFT-C5MH8T",
                "name": "Turmöl Quick",
                "S98": "0",
                "S95": "1.539",
                "N": "0",
                "D": "1.544",
                "G": "0",
                "zip": "5741",
                "land": "at",
                "bundesland": "Salzburg",
                "city2": "Zell am See",
                "city": "Neukirchen am Großvenediger",
                "strasse": "Gerloser Bundesstraße 262",
                "date": "3.9.2025",
                "time": "6:18:2"
            }
        },
        {
            "type": "Feature",
            "geometry": {
                "type": "Point",
                "coordinates": [
                    15.61067,
                    47.12407
                ]
            },
            "properties": {
                "id": "INFT-C5XGSJ",
                "name": "Rumpold",
                "S98": "0",
                "S95": "1.439",
                "N": "0",
                "D": "1.439",
                "G": "0",
                "zip": "8063",
                "land": "at",
                "bundesland": "Steiermark",
                "city2": "Graz Umgebung",
                "city": "Eggersdorf bei Graz",
                "strasse": "Hauptstraße 2",
                "date": "3.9.2025",
                "time": "6:18:6"
            }
        },
        {
            "type": "Feature",
            "geometry": {
                "type": "Point",
                "coordinates": [
                    13.99039,
                    48.57763
                ]
            },
            "properties": {
                "id": "INFT-C628SC",
                "name": "Turmöl Quick",
                "S98": "0",
                "S95": "1.488",
                "N": "0",
                "D": "0",
                "G": "0",
                "zip": "4150",
                "land": "at",
                "bundesland": "Oberösterreich",
                "city2": "Rohrbach",
                "city": "Rohrbach",
                "strasse": "Bahnhofstraße 26",
                "date": "3.9.2025",
                "time": "6:17:50"
            }
        },
        {
            "type": "Feature",
            "geometry": {
                "type": "Point",
                "coordinates": [
                    14.536066968607242,
                    48.440260165675596
                ]
            },
            "properties": {
                "id": "INFT-C63SYK",
                "name": "Avia Xpress Kefermarkt",
                "S98": "0",
                "S95": "1.493",
                "N": "0",
                "D": "1.478",
                "G": "0",
                "zip": "4292",
                "land": "at",
                "bundesland": "Oberösterreich",
                "city2": "Freistadt",
                "city": "Kefermarkt",
                "strasse": "Im Tal 2",
                "date": "3.9.2025",
                "time": "6:17:40"
            }
        },
        {
            "type": "Feature",
            "geometry": {
                "type": "Point",
                "coordinates": [
                    16.31264,
                    47.24247
                ]
            },
            "properties": {
                "id": "INFT-C6C5DG",
                "name": "Turmöl Quick",
                "S98": "0",
                "S95": "1.482",
                "N": "0",
                "D": "1.484",
                "G": "0",
                "zip": "7503",
                "land": "at",
                "bundesland": "Burgenland",
                "city2": "Oberwart",
                "city": "Großpetersdorf",
                "strasse": "Schlaininger Straße 1",
                "date": "3.9.2025",
                "time": "6:16:59"
            }
        },
        {
            "type": "Feature",
            "geometry": {
                "type": "Point",
                "coordinates": [
                    14.09377,
                    46.73206
                ]
            },
            "properties": {
                "id": "INFT-C6P6M8",
                "name": "JET TANKSTELLE",
                "S98": "0",
                "S95": "1.459",
                "N": "0",
                "D": "1.449",
                "G": "0",
                "zip": "9560",
                "land": "at",
                "bundesland": "Kärnten",
                "city2": "Feldkirchen",
                "city": "FELDKIRCHEN",
                "strasse": "ERMELINDE-KOCH-STRASSE 2",
                "date": "3.9.2025",
                "time": "6:17:9"
            }
        },
        {
            "type": "Feature",
            "geometry": {
                "type": "Point",
                "coordinates": [
                    15.60501,
                    46.74143
                ]
            },
            "properties": {
                "id": "INFT-C75F86",
                "name": "JET TANKSTELLE",
                "S98": "0",
                "S95": "1.458",
                "N": "0",
                "D": "0",
                "G": "0",
                "zip": "8472",
                "land": "at",
                "bundesland": "Steiermark",
                "city2": "Leibnitz",
                "city": "VOGAU",
                "strasse": "REICHSSTRASSE 74 A",
                "date": "3.9.2025",
                "time": "6:18:7"
            }
        },
        {
            "type": "Feature",
            "geometry": {
                "type": "Point",
                "coordinates": [
                    13.662895,
                    47.420707
                ]
            },
            "properties": {
                "id": "INFT-C7RCQB",
                "name": "Turmöl Quick",
                "S98": "0",
                "S95": "0",
                "N": "0",
                "D": "1.472",
                "G": "0",
                "zip": "8972",
                "land": "at",
                "bundesland": "Steiermark",
                "city2": "Liezen",
                "city": "Ramsau am Dachstein",
                "strasse": "Ramsau 197",
                "date": "3.9.2025",
                "time": "6:18:9"
            }
        },
        {
            "type": "Feature",
            "geometry": {
                "type": "Point",
                "coordinates": [
                    13.0487,
                    48.2447
                ]
            },
            "properties": {
                "id": "INFT-C87HQ9",
                "name": "Diskont Tankstelle",
                "S98": "0",
                "S95": "1.469",
                "N": "0",
                "D": "1.484",
                "G": "0",
                "zip": "5280",
                "land": "at",
                "bundesland": "Oberösterreich",
                "city2": "Braunau",
                "city": "Braunau",
                "strasse": "Hofer Strasse 1 (am HOFER Parkplatz)",
                "date": "3.9.2025",
                "time": "6:17:38"
            }
        },
        {
            "type": "Feature",
            "geometry": {
                "type": "Point",
                "coordinates": [
                    16.3007,
                    48.1511
                ]
            },
            "properties": {
                "id": "INFT-C87HQQ",
                "name": "Diskont Tankstelle",
                "S98": "0",
                "S95": "1.437",
                "N": "0",
                "D": "1.447",
                "G": "0",
                "zip": "1230",
                "land": "at",
                "bundesland": "Wien",
                "city2": "Liesing",
                "city": "Wien",
                "strasse": "Breitenfurter Strasse 261 (am HOFER Parkplatz)",
                "date": "3.9.2025",
                "time": "6:18:42"
            }
        },
        {
            "type": "Feature",
            "geometry": {
                "type": "Point",
                "coordinates": [
                    14.35627,
                    46.63015
                ]
            },
            "properties": {
                "id": "INFT-C89KHU",
                "name": "Rumpold",
                "S98": "0",
                "S95": "1.449",
                "N": "0",
                "D": "1.443",
                "G": "0",
                "zip": "9020",
                "land": "at",
                "bundesland": "Kärnten",
                "city2": "Klagenfurt Land",
                "city": "Klagenfurt",
                "strasse": "Völkermarkter Straße 269",
                "date": "3.9.2025",
                "time": "6:17:0"
            }
        },
        {
            "type": "Feature",
            "geometry": {
                "type": "Point",
                "coordinates": [
                    11.42069,
                    47.27889
                ]
            },
            "properties": {
                "id": "INFT-C8FE5J",
                "name": "Diskont Tankstelle",
                "S98": "0",
                "S95": "1.569",
                "N": "0",
                "D": "1.589",
                "G": "0",
                "zip": "6020",
                "land": "at",
                "bundesland": "Tirol",
                "city2": "Innsbruck",
                "city": "Innsbruck",
                "strasse": "Hallerstrasse 93 (am HOFER Parkplatz)",
                "date": "3.9.2025",
                "time": "6:18:16"
            }
        },
        {
            "type": "Feature",
            "geometry": {
                "type": "Point",
                "coordinates": [
                    14.228745,
                    48.312024
                ]
            },
            "properties": {
                "id": "INFT-C8ZSG4",
                "name": "Turmöl",
                "S98": "0",
                "S95": "1.488",
                "N": "0",
                "D": "0",
                "G": "0",
                "zip": "4048",
                "land": "at",
                "bundesland": "Oberösterreich",
                "city2": "Urfahr Umgebung",
                "city": "Puchenau",
                "strasse": "Weitenfeld 5",
                "date": "3.9.2025",
                "time": "6:17:52"
            }
        },
        {
            "type": "Feature",
            "geometry": {
                "type": "Point",
                "coordinates": [
                    14.301179,
                    48.5258329
                ]
            },
            "properties": {
                "id": "INFT-C94L6A",
                "name": "Eni Bad Leonfelden",
                "S98": "0",
                "S95": "0",
                "N": "0",
                "D": "1.489",
                "G": "0",
                "zip": "4190",
                "land": "at",
                "bundesland": "Oberösterreich",
                "city2": "Urfahr Umgebung",
                "city": "Bad Leonfelden",
                "strasse": "Franz Kastner-Straße 7",
                "date": "3.9.2025",
                "time": "6:17:52"
            }
        },
        {
            "type": "Feature",
            "geometry": {
                "type": "Point",
                "coordinates": [
                    13.1379,
                    47.6379
                ]
            },
            "properties": {
                "id": "INFT-C9BG5S",
                "name": "Diskont Tankstelle",
                "S98": "0",
                "S95": "1.463",
                "N": "0",
                "D": "1.476",
                "G": "0",
                "zip": "5431",
                "land": "at",
                "bundesland": "Salzburg",
                "city2": "Hallein",
                "city": "Kuchl",
                "strasse": "Garnei 208 (am HOFER Parkplatz)",
                "date": "3.9.2025",
                "time": "6:17:57"
            }
        },
        {
            "type": "Feature",
            "geometry": {
                "type": "Point",
                "coordinates": [
                    13.0506,
                    47.7388
                ]
            },
            "properties": {
                "id": "INFT-C9FKD5",
                "name": "Diskont Tankstelle",
                "S98": "0",
                "S95": "1.464",
                "N": "0",
                "D": "1.478",
                "G": "0",
                "zip": "5081",
                "land": "at",
                "bundesland": "Salzburg",
                "city2": "Salzburg Umgebung",
                "city": "Anif",
                "strasse": "Alpenstrasse 102 (am HOFER Parkplatz)",
                "date": "3.9.2025",
                "time": "6:17:58"
            }
        },
        {
            "type": "Feature",
            "geometry": {
                "type": "Point",
                "coordinates": [
                    14.1789738,
                    48.150116
                ]
            },
            "properties": {
                "id": "INFT-C9GHG9",
                "name": "Turmöl ",
                "S98": "0",
                "S95": "1.439",
                "N": "0",
                "D": "1.456",
                "G": "0",
                "zip": "4511",
                "land": "at",
                "bundesland": "Oberösterreich",
                "city2": "Linz Land",
                "city": "Allhaming",
                "strasse": "Sipbach 10",
                "date": "3.9.2025",
                "time": "6:17:45"
            }
        },
        {
            "type": "Feature",
            "geometry": {
                "type": "Point",
                "coordinates": [
                    16.0792562,
                    48.5508163
                ]
            },
            "properties": {
                "id": "INFT-C9GJY9",
                "name": "Turmöl",
                "S98": "0",
                "S95": "1.497",
                "N": "0",
                "D": "0",
                "G": "0",
                "zip": "2020",
                "land": "at",
                "bundesland": "Niederösterreich",
                "city2": "Hollabrunn",
                "city": "Hollabrunn",
                "strasse": "Wienerstraße 95",
                "date": "3.9.2025",
                "time": "6:17:18"
            }
        },
        {
            "type": "Feature",
            "geometry": {
                "type": "Point",
                "coordinates": [
                    16.3164295,
                    48.2456615
                ]
            },
            "properties": {
                "id": "INFT-C9JG9H",
                "name": "Turmöl",
                "S98": "0",
                "S95": "1.574",
                "N": "0",
                "D": "1.584",
                "G": "0",
                "zip": "1190",
                "land": "at",
                "bundesland": "Wien",
                "city2": "Döbling",
                "city": "Wien",
                "strasse": "Krottenbachstraße 233",
                "date": "3.9.2025",
                "time": "6:18:38"
            }
        },
        {
            "type": "Feature",
            "geometry": {
                "type": "Point",
                "coordinates": [
                    13.503549,
                    48.5810432
                ]
            },
            "properties": {
                "id": "INFT-C9L32Q",
                "name": "Turmöl",
                "S98": "0",
                "S95": "1.499",
                "N": "0",
                "D": "1.469",
                "G": "0",
                "zip": "4785",
                "land": "at",
                "bundesland": "Oberösterreich",
                "city2": "Schärding",
                "city": "Achleiten",
                "strasse": "Hinding 23a",
                "date": "3.9.2025",
                "time": "6:17:51"
            }
        },
        {
            "type": "Feature",
            "geometry": {
                "type": "Point",
                "coordinates": [
                    13.96843,
                    46.67948
                ]
            },
            "properties": {
                "id": "INFT-C9MSHP",
                "name": "Turmöl Quick",
                "S98": "0",
                "S95": "1.464",
                "N": "0",
                "D": "1.464",
                "G": "0",
                "zip": "9551",
                "land": "at",
                "bundesland": "Kärnten",
                "city2": "Feldkirchen",
                "city": "Bodensdorf",
                "strasse": "Bundesstraße 65",
                "date": "3.9.2025",
                "time": "6:17:9"
            }
        },
        {
            "type": "Feature",
            "geometry": {
                "type": "Point",
                "coordinates": [
                    14.37709,
                    46.76631
                ]
            },
            "properties": {
                "id": "INFT-C9NKVH",
                "name": "Turmöl",
                "S98": "0",
                "S95": "1.457",
                "N": "0",
                "D": "1.449",
                "G": "0",
                "zip": "9300",
                "land": "at",
                "bundesland": "Kärnten",
                "city2": "St. Veit",
                "city": "St. Veit an der Glan",
                "strasse": "Völkermarkterstraße 55",
                "date": "3.9.2025",
                "time": "6:17:4"
            }
        },
        {
            "type": "Feature",
            "geometry": {
                "type": "Point",
                "coordinates": [
                    12.4929033,
                    47.28510139
                ]
            },
            "properties": {
                "id": "INFT-C9RG8J",
                "name": "Turmöl",
                "S98": "0",
                "S95": "1.544",
                "N": "0",
                "D": "0",
                "G": "0",
                "zip": "5730",
                "land": "at",
                "bundesland": "Salzburg",
                "city2": "Zell am See",
                "city": "Mittersill",
                "strasse": "Zellerstraße 30",
                "date": "3.9.2025",
                "time": "6:18:2"
            }
        },
        {
            "type": "Feature",
            "geometry": {
                "type": "Point",
                "coordinates": [
                    14.93721,
                    47.80756
                ]
            },
            "properties": {
                "id": "INFT-C9RL8E",
                "name": "Turmöl Quick",
                "S98": "0",
                "S95": "1.489",
                "N": "0",
                "D": "0",
                "G": "0",
                "zip": "3345",
                "land": "at",
                "bundesland": "Niederösterreich",
                "city2": "Scheibbs",
                "city": "Göstling an der Ybbs",
                "strasse": "Stixenlehen 100",
                "date": "3.9.2025",
                "time": "6:17:29"
            }
        },
        {
            "type": "Feature",
            "geometry": {
                "type": "Point",
                "coordinates": [
                    15.5965,
                    48.01419
                ]
            },
            "properties": {
                "id": "INFT-C9W7R6",
                "name": "Direct",
                "S98": "0",
                "S95": "1.448",
                "N": "0",
                "D": "1.458",
                "G": "0",
                "zip": "3180",
                "land": "at",
                "bundesland": "Niederösterreich",
                "city2": "Lilienfeld",
                "city": "Lilienfeld",
                "strasse": "Liese Prokop-Straße 2",
                "date": "3.9.2025",
                "time": "6:17:22"
            }
        },
        {
            "type": "Feature",
            "geometry": {
                "type": "Point",
                "coordinates": [
                    14.42462,
                    47.07918
                ]
            },
            "properties": {
                "id": "INFT-C9XC2Q",
                "name": "Turmöl",
                "S98": "0",
                "S95": "1.491",
                "N": "0",
                "D": "0",
                "G": "0",
                "zip": "8820",
                "land": "at",
                "bundesland": "Steiermark",
                "city2": "Murau",
                "city": "Neumarkt",
                "strasse": "Wienerstraße 19",
                "date": "3.9.2025",
                "time": "6:18:11"
            }
        },
        {
            "type": "Feature",
            "geometry": {
                "type": "Point",
                "coordinates": [
                    13.74859,
                    48.52955
                ]
            },
            "properties": {
                "id": "INFT-C9XJNG",
                "name": "OMV Fast Lane - Neustift im Mühlkreis Passauer Straße 23",
                "S98": "0",
                "S95": "1.509",
                "N": "0",
                "D": "0",
                "G": "0",
                "zip": "4143",
                "land": "at",
                "bundesland": "Oberösterreich",
                "city2": "Rohrbach",
                "city": "Neustift im Muehlkreis",
                "strasse": "Passauer Strasse 23",
                "date": "3.9.2025",
                "time": "6:17:50"
            }
        },
        {
            "type": "Feature",
            "geometry": {
                "type": "Point",
                "coordinates": [
                    14.59632,
                    47.18404
                ]
            },
            "properties": {
                "id": "INFT-C9YKVY",
                "name": "Turmöl Quick",
                "S98": "0",
                "S95": "1.46",
                "N": "0",
                "D": "0",
                "G": "0",
                "zip": "8755",
                "land": "at",
                "bundesland": "Steiermark",
                "city2": "Judenburg",
                "city": "St. Peter ob Judenburg",
                "strasse": "Furth 24",
                "date": "3.9.2025",
                "time": "6:18:15"
            }
        },
        {
            "type": "Feature",
            "geometry": {
                "type": "Point",
                "coordinates": [
                    14.61781,
                    48.25192
                ]
            },
            "properties": {
                "id": "INFT-CA6NZR",
                "name": "boesch energy,  turmöl Quick",
                "S98": "0",
                "S95": "1.444",
                "N": "0",
                "D": "1.454",
                "G": "0",
                "zip": "4320",
                "land": "at",
                "bundesland": "Oberösterreich",
                "city2": "Perg",
                "city": "Perg",
                "strasse": "Zeitling 36",
                "date": "3.9.2025",
                "time": "6:17:47"
            }
        },
        {
            "type": "Feature",
            "geometry": {
                "type": "Point",
                "coordinates": [
                    16.244488,
                    47.829082
                ]
            },
            "properties": {
                "id": "INFT-CALJHY",
                "name": "Turmöl",
                "S98": "0",
                "S95": "1.488",
                "N": "0",
                "D": "1.496",
                "G": "0",
                "zip": "2700",
                "land": "at",
                "bundesland": "Niederösterreich",
                "city2": "Wiener Neustadt Land",
                "city": "Wiener Neustadt",
                "strasse": "Wienerstraße 114",
                "date": "3.9.2025",
                "time": "6:17:12"
            }
        },
        {
            "type": "Feature",
            "geometry": {
                "type": "Point",
                "coordinates": [
                    16.2503481,
                    47.8120919
                ]
            },
            "properties": {
                "id": "INFT-CALJHZ",
                "name": "Turmöl",
                "S98": "0",
                "S95": "1.488",
                "N": "0",
                "D": "1.496",
                "G": "0",
                "zip": "2700",
                "land": "at",
                "bundesland": "Niederösterreich",
                "city2": "Wiener Neustadt Land",
                "city": "Wiener Neustadt",
                "strasse": "Ungargasse 22",
                "date": "3.9.2025",
                "time": "6:17:12"
            }
        },
        {
            "type": "Feature",
            "geometry": {
                "type": "Point",
                "coordinates": [
                    16.379636,
                    48.162894
                ]
            },
            "properties": {
                "id": "INFT-CAMDWQ",
                "name": "Turmöl",
                "S98": "0",
                "S95": "1.445",
                "N": "0",
                "D": "1.455",
                "G": "0",
                "zip": "1100",
                "land": "at",
                "bundesland": "Wien",
                "city2": "Favoriten",
                "city": "Wien",
                "strasse": "Grenzackerstraße 2-4",
                "date": "3.9.2025",
                "time": "6:18:33"
            }
        },
        {
            "type": "Feature",
            "geometry": {
                "type": "Point",
                "coordinates": [
                    15.0780523,
                    48.7920686
                ]
            },
            "properties": {
                "id": "INFT-CAMH8H",
                "name": "Turmöl",
                "S98": "0",
                "S95": "1.554",
                "N": "0",
                "D": "1.564",
                "G": "0",
                "zip": "3902",
                "land": "at",
                "bundesland": "Niederösterreich",
                "city2": "Waidhofen/Thaya",
                "city": "Vitis",
                "strasse": "Horner Straße 25",
                "date": "3.9.2025",
                "time": "6:17:31"
            }
        },
        {
            "type": "Feature",
            "geometry": {
                "type": "Point",
                "coordinates": [
                    16.3968349,
                    48.15160789
                ]
            },
            "properties": {
                "id": "INFT-CAMH92",
                "name": "Turmöl",
                "S98": "0",
                "S95": "1.445",
                "N": "0",
                "D": "1.455",
                "G": "0",
                "zip": "1100",
                "land": "at",
                "bundesland": "Wien",
                "city2": "Favoriten",
                "city": "Wien",
                "strasse": "Laaer Bergstraße 207",
                "date": "3.9.2025",
                "time": "6:18:33"
            }
        },
        {
            "type": "Feature",
            "geometry": {
                "type": "Point",
                "coordinates": [
                    16.388597,
                    48.17106
                ]
            },
            "properties": {
                "id": "INFT-CAMH93",
                "name": "Turmöl",
                "S98": "0",
                "S95": "1.445",
                "N": "0",
                "D": "1.455",
                "G": "0",
                "zip": "1100",
                "land": "at",
                "bundesland": "Wien",
                "city2": "Favoriten",
                "city": "Wien",
                "strasse": "Absberggasse 26",
                "date": "3.9.2025",
                "time": "6:18:33"
            }
        },
        {
            "type": "Feature",
            "geometry": {
                "type": "Point",
                "coordinates": [
                    15.620876,
                    48.198998
                ]
            },
            "properties": {
                "id": "INFT-CAMJH5",
                "name": "Turmöl",
                "S98": "0",
                "S95": "1.465",
                "N": "0",
                "D": "1.475",
                "G": "0",
                "zip": "3100",
                "land": "at",
                "bundesland": "Niederösterreich",
                "city2": "St. Pölten",
                "city": "St. Pölten",
                "strasse": "Mariazellerstraße 17",
                "date": "3.9.2025",
                "time": "6:17:10"
            }
        },
        {
            "type": "Feature",
            "geometry": {
                "type": "Point",
                "coordinates": [
                    14.4286182,
                    48.0414124
                ]
            },
            "properties": {
                "id": "INFT-CAMJHD",
                "name": "Turmöl",
                "S98": "0",
                "S95": "1.487",
                "N": "0",
                "D": "1.489",
                "G": "0",
                "zip": "4400",
                "land": "at",
                "bundesland": "Oberösterreich",
                "city2": "Steyr Land",
                "city": "Steyr",
                "strasse": "Pachergasse 14",
                "date": "3.9.2025",
                "time": "6:17:36"
            }
        },
        {
            "type": "Feature",
            "geometry": {
                "type": "Point",
                "coordinates": [
                    16.34712,
                    48.187799
                ]
            },
            "properties": {
                "id": "INFT-CAND2G",
                "name": "Turmöl",
                "S98": "0",
                "S95": "1.494",
                "N": "0",
                "D": "1.494",
                "G": "0",
                "zip": "1050",
                "land": "at",
                "bundesland": "Wien",
                "city2": "Margareten",
                "city": "Wien",
                "strasse": "Am Hundsturm 2-4",
                "date": "3.9.2025",
                "time": "6:18:32"
            }
        },
        {
            "type": "Feature",
            "geometry": {
                "type": "Point",
                "coordinates": [
                    13.5224002,
                    46.786317
                ]
            },
            "properties": {
                "id": "INFT-CANNND",
                "name": "Turmöl",
                "S98": "0",
                "S95": "1.468",
                "N": "0",
                "D": "1.468",
                "G": "0",
                "zip": "9800",
                "land": "at",
                "bundesland": "Kärnten",
                "city2": "Spittal",
                "city": "Spittal an der Drau",
                "strasse": "Villacherstraße 138",
                "date": "3.9.2025",
                "time": "6:17:5"
            }
        },
        {
            "type": "Feature",
            "geometry": {
                "type": "Point",
                "coordinates": [
                    16.5611,
                    48.5612
                ]
            },
            "properties": {
                "id": "INFT-CATHZQ",
                "name": "Diskont Tankstelle",
                "S98": "0",
                "S95": "1.483",
                "N": "0",
                "D": "1.503",
                "G": "0",
                "zip": "2130",
                "land": "at",
                "bundesland": "Niederösterreich",
                "city2": "Mistelbach",
                "city": "Mistelbach",
                "strasse": "Ernstbrunnerstrasse 2 (am HOFER Parklpatz)",
                "date": "3.9.2025",
                "time": "6:17:24"
            }
        },
        {
            "type": "Feature",
            "geometry": {
                "type": "Point",
                "coordinates": [
                    16.0823,
                    48.3194
                ]
            },
            "properties": {
                "id": "INFT-CAZDTV",
                "name": "Diskont Tankstelle",
                "S98": "0",
                "S95": "1.428",
                "N": "0",
                "D": "1.438",
                "G": "0",
                "zip": "3430",
                "land": "at",
                "bundesland": "Niederösterreich",
                "city2": "Tulln",
                "city": "Tulln",
                "strasse": "Königstetter Strasse 148 (am HOFER Parkplatz)",
                "date": "3.9.2025",
                "time": "6:17:29"
            }
        },
        {
            "type": "Feature",
            "geometry": {
                "type": "Point",
                "coordinates": [
                    13.068242104399618,
                    47.74816537790275
                ]
            },
            "properties": {
                "id": "INFT-CB8EPP",
                "name": "AP Anif",
                "S98": "0",
                "S95": "1.466",
                "N": "0",
                "D": "1.482",
                "G": "0",
                "zip": "5081",
                "land": "at",
                "bundesland": "Salzburg",
                "city2": "Salzburg Umgebung",
                "city": "Anif",
                "strasse": "Alpenstrasse 35",
                "date": "3.9.2025",
                "time": "6:17:58"
            }
        },
        {
            "type": "Feature",
            "geometry": {
                "type": "Point",
                "coordinates": [
                    16.311,
                    48.3603
                ]
            },
            "properties": {
                "id": "INFT-CBSSQ2",
                "name": "Diskont Tankstelle",
                "S98": "0",
                "S95": "1.454",
                "N": "0",
                "D": "1.464",
                "G": "0",
                "zip": "2100",
                "land": "at",
                "bundesland": "Niederösterreich",
                "city2": "Korneuburg",
                "city": "Leobendorf",
                "strasse": "Hammerschmiedstrasse 1 (am HOFER Parkplatz)",
                "date": "3.9.2025",
                "time": "6:17:20"
            }
        },
        {
            "type": "Feature",
            "geometry": {
                "type": "Point",
                "coordinates": [
                    9.67055,
                    47.3666
                ]
            },
            "properties": {
                "id": "INFT-CBWGFU",
                "name": "Diskont Tankstelle",
                "S98": "0",
                "S95": "1.474",
                "N": "0",
                "D": "1.474",
                "G": "0",
                "zip": "6845",
                "land": "at",
                "bundesland": "Vorarlberg",
                "city2": "Dornbirn",
                "city": "Hohenems",
                "strasse": "Barnabas-Fink-Strasse 1 (am HOFER Parkplatz)",
                "date": "3.9.2025",
                "time": "6:18:29"
            }
        },
        {
            "type": "Feature",
            "geometry": {
                "type": "Point",
                "coordinates": [
                    13.6989,
                    47.9824
                ]
            },
            "properties": {
                "id": "INFT-CC6DD6",
                "name": "Diskont Tankstelle",
                "S98": "0",
                "S95": "1.453",
                "N": "0",
                "D": "0",
                "G": "0",
                "zip": "4844",
                "land": "at",
                "bundesland": "Oberösterreich",
                "city2": "Vöcklabruck",
                "city": "Regau",
                "strasse": "Schörflinger Strasse 20 (am HOFER Parkplatz)",
                "date": "3.9.2025",
                "time": "6:17:54"
            }
        },
        {
            "type": "Feature",
            "geometry": {
                "type": "Point",
                "coordinates": [
                    16.0738,
                    48.5645
                ]
            },
            "properties": {
                "id": "INFT-CCAD5K",
                "name": "Diskont Tankstelle",
                "S98": "0",
                "S95": "1.492",
                "N": "0",
                "D": "1.502",
                "G": "0",
                "zip": "2020",
                "land": "at",
                "bundesland": "Niederösterreich",
                "city2": "Hollabrunn",
                "city": "Hollabrunn",
                "strasse": "Gschmeidlerstrasse 16 (am HOFER Parkplatz)",
                "date": "3.9.2025",
                "time": "6:17:18"
            }
        },
        {
            "type": "Feature",
            "geometry": {
                "type": "Point",
                "coordinates": [
                    12.998308,
                    46.665507
                ]
            },
            "properties": {
                "id": "INFT-CCAJSF",
                "name": "eni",
                "S98": "0",
                "S95": "1.549",
                "N": "0",
                "D": "1.549",
                "G": "0",
                "zip": "9640",
                "land": "at",
                "bundesland": "Kärnten",
                "city2": "Hermagor",
                "city": "Kötschach",
                "strasse": "Mauthen 189",
                "date": "3.9.2025",
                "time": "6:17:2"
            }
        },
        {
            "type": "Feature",
            "geometry": {
                "type": "Point",
                "coordinates": [
                    13.5083,
                    46.7919
                ]
            },
            "properties": {
                "id": "INFT-CCAJSH",
                "name": "eni24",
                "S98": "0",
                "S95": "1.468",
                "N": "0",
                "D": "1.468",
                "G": "0",
                "zip": "9800",
                "land": "at",
                "bundesland": "Kärnten",
                "city2": "Spittal",
                "city": "Spittal/Drau",
                "strasse": "Villacherstrasse 44",
                "date": "3.9.2025",
                "time": "6:17:5"
            }
        },
        {
            "type": "Feature",
            "geometry": {
                "type": "Point",
                "coordinates": [
                    13.684,
                    47.1295
                ]
            },
            "properties": {
                "id": "INFT-CCAJSY",
                "name": "eni24",
                "S98": "0",
                "S95": "1.689",
                "N": "0",
                "D": "1.499",
                "G": "0",
                "zip": "5570",
                "land": "at",
                "bundesland": "Salzburg",
                "city2": "Tamsweg",
                "city": "Mauterndorf",
                "strasse": "Katschberg Bundesstrasse",
                "date": "3.9.2025",
                "time": "6:18:1"
            }
        },
        {
            "type": "Feature",
            "geometry": {
                "type": "Point",
                "coordinates": [
                    16.4358,
                    48.2032
                ]
            },
            "properties": {
                "id": "INFT-CCAJT8",
                "name": "eni",
                "S98": "0",
                "S95": "1.519",
                "N": "0",
                "D": "1.599",
                "G": "0",
                "zip": "1020",
                "land": "at",
                "bundesland": "Wien",
                "city2": "Leopoldstadt",
                "city": "Wien",
                "strasse": "Handelskai 388a",
                "date": "3.9.2025",
                "time": "6:18:31"
            }
        },
        {
            "type": "Feature",
            "geometry": {
                "type": "Point",
                "coordinates": [
                    16.321006,
                    48.193432
                ]
            },
            "properties": {
                "id": "INFT-CCAJTC",
                "name": "eni24",
                "S98": "0",
                "S95": "1.453",
                "N": "0",
                "D": "1.463",
                "G": "0",
                "zip": "1150",
                "land": "at",
                "bundesland": "Wien",
                "city2": "Rudolfsheim",
                "city": "Wien",
                "strasse": "Felberstraße vis a vis 102",
                "date": "3.9.2025",
                "time": "6:18:37"
            }
        },
        {
            "type": "Feature",
            "geometry": {
                "type": "Point",
                "coordinates": [
                    16.31069,
                    48.21114
                ]
            },
            "properties": {
                "id": "INFT-CCAJTD",
                "name": "eni",
                "S98": "0",
                "S95": "1.499",
                "N": "0",
                "D": "1.529",
                "G": "0",
                "zip": "1160",
                "land": "at",
                "bundesland": "Wien",
                "city2": "Ottakring",
                "city": "Wien",
                "strasse": "Huttengasse 73-75",
                "date": "3.9.2025",
                "time": "6:18:38"
            }
        },
        {
            "type": "Feature",
            "geometry": {
                "type": "Point",
                "coordinates": [
                    16.3393,
                    48.2407
                ]
            },
            "properties": {
                "id": "INFT-CCAJTE",
                "name": "eni",
                "S98": "0",
                "S95": "1.589",
                "N": "0",
                "D": "1.599",
                "G": "0",
                "zip": "1190",
                "land": "at",
                "bundesland": "Wien",
                "city2": "Döbling",
                "city": "Wien",
                "strasse": "Krottenbachstrasse 32-34",
                "date": "3.9.2025",
                "time": "6:18:39"
            }
        },
        {
            "type": "Feature",
            "geometry": {
                "type": "Point",
                "coordinates": [
                    16.37054,
                    48.235
                ]
            },
            "properties": {
                "id": "INFT-CCAJTF",
                "name": "eni",
                "S98": "0",
                "S95": "1.599",
                "N": "0",
                "D": "1.649",
                "G": "0",
                "zip": "1200",
                "land": "at",
                "bundesland": "Wien",
                "city2": "Brigittenau",
                "city": "Wien",
                "strasse": "Jägerstrasse 60",
                "date": "3.9.2025",
                "time": "6:18:40"
            }
        },
        {
            "type": "Feature",
            "geometry": {
                "type": "Point",
                "coordinates": [
                    16.461068,
                    48.263207
                ]
            },
            "properties": {
                "id": "INFT-CCAJTG",
                "name": "eni",
                "S98": "0",
                "S95": "1.469",
                "N": "0",
                "D": "0",
                "G": "0",
                "zip": "1220",
                "land": "at",
                "bundesland": "Wien",
                "city2": "Donaustadt",
                "city": "Wien",
                "strasse": "Rautenweg 13",
                "date": "3.9.2025",
                "time": "6:18:41"
            }
        },
        {
            "type": "Feature",
            "geometry": {
                "type": "Point",
                "coordinates": [
                    16.473838,
                    48.202378
                ]
            },
            "properties": {
                "id": "INFT-CCAJTH",
                "name": "eni",
                "S98": "0",
                "S95": "1.469",
                "N": "0",
                "D": "1.479",
                "G": "0",
                "zip": "1220",
                "land": "at",
                "bundesland": "Wien",
                "city2": "Donaustadt",
                "city": "Wien",
                "strasse": "Biberhaufenweg 115",
                "date": "3.9.2025",
                "time": "6:18:41"
            }
        },
        {
            "type": "Feature",
            "geometry": {
                "type": "Point",
                "coordinates": [
                    10.735468,
                    47.232412
                ]
            },
            "properties": {
                "id": "INFT-CCAKU5",
                "name": "eni",
                "S98": "0",
                "S95": "1.599",
                "N": "0",
                "D": "1.599",
                "G": "0",
                "zip": "6460",
                "land": "at",
                "bundesland": "Tirol",
                "city2": "Imst",
                "city": "Imst",
                "strasse": "Bundesstrasse 4",
                "date": "3.9.2025",
                "time": "6:18:19"
            }
        },
        {
            "type": "Feature",
            "geometry": {
                "type": "Point",
                "coordinates": [
                    13.066648,
                    47.78366
                ]
            },
            "properties": {
                "id": "INFT-CCALZR",
                "name": "eni",
                "S98": "0",
                "S95": "1.489",
                "N": "0",
                "D": "0",
                "G": "0",
                "zip": "5020",
                "land": "at",
                "bundesland": "Salzburg",
                "city2": "Salzburg Umgebung",
                "city": "Salzburg",
                "strasse": "Alpenstrasse 60",
                "date": "3.9.2025",
                "time": "6:17:56"
            }
        },
        {
            "type": "Feature",
            "geometry": {
                "type": "Point",
                "coordinates": [
                    12.15626,
                    47.56627
                ]
            },
            "properties": {
                "id": "INFT-CCALZX",
                "name": "eni",
                "S98": "0",
                "S95": "1.499",
                "N": "0",
                "D": "0",
                "G": "0",
                "zip": "6330",
                "land": "at",
                "bundesland": "Tirol",
                "city2": "Kufstein",
                "city": "Kufstein",
                "strasse": "Gewerbepark Süd 12",
                "date": "3.9.2025",
                "time": "6:18:23"
            }
        },
        {
            "type": "Feature",
            "geometry": {
                "type": "Point",
                "coordinates": [
                    11.400716,
                    47.277037
                ]
            },
            "properties": {
                "id": "INFT-CCAMVM",
                "name": "eni",
                "S98": "0",
                "S95": "1.579",
                "N": "0",
                "D": "0",
                "G": "0",
                "zip": "6020",
                "land": "at",
                "bundesland": "Tirol",
                "city2": "Innsbruck",
                "city": "Innsbruck",
                "strasse": "Rennweg 20",
                "date": "3.9.2025",
                "time": "6:18:16"
            }
        },
        {
            "type": "Feature",
            "geometry": {
                "type": "Point",
                "coordinates": [
                    11.706625,
                    47.340606
                ]
            },
            "properties": {
                "id": "INFT-CCAMVQ",
                "name": "eni",
                "S98": "0",
                "S95": "0",
                "N": "0",
                "D": "1.599",
                "G": "0",
                "zip": "6130",
                "land": "at",
                "bundesland": "Tirol",
                "city2": "Schwaz",
                "city": "Schwaz",
                "strasse": "Innsbruckerstrasse 52a",
                "date": "3.9.2025",
                "time": "6:18:27"
            }
        },
        {
            "type": "Feature",
            "geometry": {
                "type": "Point",
                "coordinates": [
                    13.1045,
                    47.6797
                ]
            },
            "properties": {
                "id": "INFT-CCB9B8",
                "name": "eni",
                "S98": "0",
                "S95": "1.489",
                "N": "0",
                "D": "0",
                "G": "0",
                "zip": "5400",
                "land": "at",
                "bundesland": "Salzburg",
                "city2": "Hallein",
                "city": "Hallein",
                "strasse": "Salzachtalstrasse 23",
                "date": "3.9.2025",
                "time": "6:17:57"
            }
        },
        {
            "type": "Feature",
            "geometry": {
                "type": "Point",
                "coordinates": [
                    13.83863,
                    46.59716
                ]
            },
            "properties": {
                "id": "INFT-CCBDXT",
                "name": "Diskont Tankstelle",
                "S98": "0",
                "S95": "1.452",
                "N": "0",
                "D": "1.452",
                "G": "0",
                "zip": "9500",
                "land": "at",
                "bundesland": "Kärnten",
                "city2": "Villach",
                "city": "Villach",
                "strasse": "Kärntner Strasse 27 (am HOFER Parkplatz)",
                "date": "3.9.2025",
                "time": "6:17:1"
            }
        },
        {
            "type": "Feature",
            "geometry": {
                "type": "Point",
                "coordinates": [
                    15.6174,
                    48.1737
                ]
            },
            "properties": {
                "id": "INFT-CCBDXW",
                "name": "Diskont Tankstelle",
                "S98": "0",
                "S95": "1.46",
                "N": "0",
                "D": "1.47",
                "G": "0",
                "zip": "3100",
                "land": "at",
                "bundesland": "Niederösterreich",
                "city2": "St. Pölten",
                "city": "St. Poelten",
                "strasse": "Porschestrasse 35 (am HOFER Parkplatz)",
                "date": "3.9.2025",
                "time": "6:17:10"
            }
        },
        {
            "type": "Feature",
            "geometry": {
                "type": "Point",
                "coordinates": [
                    14.9801,
                    48.7655
                ]
            },
            "properties": {
                "id": "INFT-CCBDXX",
                "name": "Diskont Tankstelle",
                "S98": "0",
                "S95": "1.549",
                "N": "0",
                "D": "1.559",
                "G": "0",
                "zip": "3950",
                "land": "at",
                "bundesland": "Niederösterreich",
                "city2": "Gmünd",
                "city": "Gmuend",
                "strasse": "Emerich-Berger-Strasse 7 (am HOFER Parkplatz)",
                "date": "3.9.2025",
                "time": "6:17:17"
            }
        },
        {
            "type": "Feature",
            "geometry": {
                "type": "Point",
                "coordinates": [
                    16.3101,
                    48.1051
                ]
            },
            "properties": {
                "id": "INFT-CCBDY2",
                "name": "Diskont Tankstelle",
                "S98": "0",
                "S95": "1.439",
                "N": "0",
                "D": "1.449",
                "G": "0",
                "zip": "2345",
                "land": "at",
                "bundesland": "Niederösterreich",
                "city2": "Mödling",
                "city": "Brunn am Gebirge",
                "strasse": "Johann-Steinböck-Strasse 18 (am HOFER Parkplatz)",
                "date": "3.9.2025",
                "time": "6:17:25"
            }
        },
        {
            "type": "Feature",
            "geometry": {
                "type": "Point",
                "coordinates": [
                    15.1899,
                    48.6001
                ]
            },
            "properties": {
                "id": "INFT-CCBDY4",
                "name": "Diskont Tankstelle",
                "S98": "0",
                "S95": "1.544",
                "N": "0",
                "D": "1.554",
                "G": "0",
                "zip": "3910",
                "land": "at",
                "bundesland": "Niederösterreich",
                "city2": "Zwettl",
                "city": "Zwettl",
                "strasse": "Industriestrasse 19 (am HOFER Parkplatz)",
                "date": "3.9.2025",
                "time": "6:17:33"
            }
        },
        {
            "type": "Feature",
            "geometry": {
                "type": "Point",
                "coordinates": [
                    10.939677,
                    47.269103
                ]
            },
            "properties": {
                "id": "INFT-CCBGB2",
                "name": "eni",
                "S98": "0",
                "S95": "1.599",
                "N": "0",
                "D": "1.599",
                "G": "0",
                "zip": "6424",
                "land": "at",
                "bundesland": "Tirol",
                "city2": "Innsbruck Land",
                "city": "Silz",
                "strasse": "Tiroler Strasse 2",
                "date": "3.9.2025",
                "time": "6:18:19"
            }
        },
        {
            "type": "Feature",
            "geometry": {
                "type": "Point",
                "coordinates": [
                    16.2443,
                    47.8465
                ]
            },
            "properties": {
                "id": "INFT-CCC3E5",
                "name": "Diskont Tankstelle",
                "S98": "0",
                "S95": "1.472",
                "N": "0",
                "D": "1.464",
                "G": "0",
                "zip": "2604",
                "land": "at",
                "bundesland": "Niederösterreich",
                "city2": "Wiener Neustadt Land",
                "city": "Theresienfeld",
                "strasse": "Grazerstrasse 68 (am HOFER Parkplatz)",
                "date": "3.9.2025",
                "time": "6:17:32"
            }
        },
        {
            "type": "Feature",
            "geometry": {
                "type": "Point",
                "coordinates": [
                    16.40904,
                    48.27123
                ]
            },
            "properties": {
                "id": "INFT-CCC3EP",
                "name": "Diskont Tankstelle",
                "S98": "0",
                "S95": "1.444",
                "N": "0",
                "D": "1.454",
                "G": "0",
                "zip": "1210",
                "land": "at",
                "bundesland": "Wien",
                "city2": "Floridsdorf",
                "city": "Wien",
                "strasse": "Shuttleworthstrasse 11 (am HOFER Parkplatz)",
                "date": "3.9.2025",
                "time": "6:18:40"
            }
        },
        {
            "type": "Feature",
            "geometry": {
                "type": "Point",
                "coordinates": [
                    13.65741,
                    47.39045
                ]
            },
            "properties": {
                "id": "INFT-CCDP33",
                "name": "Diskont Tankstelle",
                "S98": "0",
                "S95": "0",
                "N": "0",
                "D": "1.472",
                "G": "0",
                "zip": "8970",
                "land": "at",
                "bundesland": "Steiermark",
                "city2": "Liezen",
                "city": "Schladming",
                "strasse": "Salzburger Siedlung 259 (am HOFER Parkplatz)",
                "date": "3.9.2025",
                "time": "6:18:9"
            }
        },
        {
            "type": "Feature",
            "geometry": {
                "type": "Point",
                "coordinates": [
                    16.092987,
                    47.728592
                ]
            },
            "properties": {
                "id": "INFT-CCEJZU",
                "name": "eni",
                "S98": "0",
                "S95": "1.499",
                "N": "0",
                "D": "0",
                "G": "0",
                "zip": "2620",
                "land": "at",
                "bundesland": "Niederösterreich",
                "city2": "Neunkirchen",
                "city": "Neunkirchen",
                "strasse": "Wienerstrasse 94",
                "date": "3.9.2025",
                "time": "6:17:26"
            }
        },
        {
            "type": "Feature",
            "geometry": {
                "type": "Point",
                "coordinates": [
                    11.59919,
                    47.2919
                ]
            },
            "properties": {
                "id": "INFT-CCFFWK",
                "name": "eni",
                "S98": "0",
                "S95": "1.599",
                "N": "0",
                "D": "1.599",
                "G": "0",
                "zip": "6112",
                "land": "at",
                "bundesland": "Tirol",
                "city2": "Innsbruck Land",
                "city": "Wattens",
                "strasse": "Salzburger Strasse 26",
                "date": "3.9.2025",
                "time": "6:18:20"
            }
        },
        {
            "type": "Feature",
            "geometry": {
                "type": "Point",
                "coordinates": [
                    14.3937,
                    48.2274
                ]
            },
            "properties": {
                "id": "INFT-CCJG86",
                "name": "Diskont Tankstelle",
                "S98": "0",
                "S95": "0",
                "N": "0",
                "D": "1.464",
                "G": "0",
                "zip": "4490",
                "land": "at",
                "bundesland": "Oberösterreich",
                "city2": "Linz Land",
                "city": "St. Florian",
                "strasse": "Im Astenfeld 2 (am HOFER Parkplatz)",
                "date": "3.9.2025",
                "time": "6:17:45"
            }
        },
        {
            "type": "Feature",
            "geometry": {
                "type": "Point",
                "coordinates": [
                    14.755,
                    47.9759
                ]
            },
            "properties": {
                "id": "INFT-CCKM2T",
                "name": "Diskont Tankstelle",
                "S98": "0",
                "S95": "1.499",
                "N": "0",
                "D": "1.514",
                "G": "0",
                "zip": "3340",
                "land": "at",
                "bundesland": "Niederösterreich",
                "city2": "Scheibbs",
                "city": "Waidhofen",
                "strasse": "Wiener Strasse 54 (am HOFER Parkplatz)",
                "date": "3.9.2025",
                "time": "6:17:11"
            }
        },
        {
            "type": "Feature",
            "geometry": {
                "type": "Point",
                "coordinates": [
                    16.2807,
                    47.9747
                ]
            },
            "properties": {
                "id": "INFT-CCKM2U",
                "name": "Diskont Tankstelle",
                "S98": "0",
                "S95": "0",
                "N": "0",
                "D": "1.453",
                "G": "0",
                "zip": "2500",
                "land": "at",
                "bundesland": "Niederösterreich",
                "city2": "Baden",
                "city": "Baden",
                "strasse": "Haidhofstrasse 147 (am HOFER Parkplatz)",
                "date": "3.9.2025",
                "time": "6:17:13"
            }
        },
        {
            "type": "Feature",
            "geometry": {
                "type": "Point",
                "coordinates": [
                    16.45753,
                    48.07173
                ]
            },
            "properties": {
                "id": "INFT-CCKM2V",
                "name": "Diskont Tankstelle",
                "S98": "0",
                "S95": "1.462",
                "N": "0",
                "D": "1.472",
                "G": "0",
                "zip": "2325",
                "land": "at",
                "bundesland": "Niederösterreich",
                "city2": "Wien Umgebung",
                "city": "Himberg",
                "strasse": "Hofer Strasse 2 (am HOFER Parkplatz)",
                "date": "3.9.2025",
                "time": "6:17:14"
            }
        },
        {
            "type": "Feature",
            "geometry": {
                "type": "Point",
                "coordinates": [
                    15.61151,
                    48.04992
                ]
            },
            "properties": {
                "id": "INFT-CCKM2W",
                "name": "Diskont Tankstelle",
                "S98": "0",
                "S95": "1.448",
                "N": "0",
                "D": "1.458",
                "G": "0",
                "zip": "3160",
                "land": "at",
                "bundesland": "Niederösterreich",
                "city2": "Lilienfeld",
                "city": "Traisen",
                "strasse": "Gewerbestrasse 2 (am HOFER Parkplatz)",
                "date": "3.9.2025",
                "time": "6:17:22"
            }
        },
        {
            "type": "Feature",
            "geometry": {
                "type": "Point",
                "coordinates": [
                    14.5312,
                    48.2401
                ]
            },
            "properties": {
                "id": "INFT-CCKM33",
                "name": "Diskont Tankstelle",
                "S98": "0",
                "S95": "1.449",
                "N": "0",
                "D": "1.459",
                "G": "0",
                "zip": "4310",
                "land": "at",
                "bundesland": "Oberösterreich",
                "city2": "Perg",
                "city": "Mauthausen",
                "strasse": "Wienerbergstrasse 1 (am HOFER Parkplatz)",
                "date": "3.9.2025",
                "time": "6:17:47"
            }
        },
        {
            "type": "Feature",
            "geometry": {
                "type": "Point",
                "coordinates": [
                    16.5319,
                    47.825
                ]
            },
            "properties": {
                "id": "INFT-CCLFZX",
                "name": "Diskont Tankstelle",
                "S98": "0",
                "S95": "1.454",
                "N": "0",
                "D": "1.464",
                "G": "0",
                "zip": "7000",
                "land": "at",
                "bundesland": "Burgenland",
                "city2": "Eisenstadt",
                "city": "Eisenstadt",
                "strasse": "Haidäckerstrasse 4 (am HOFER Parkplatz)",
                "date": "3.9.2025",
                "time": "6:16:52"
            }
        },
        {
            "type": "Feature",
            "geometry": {
                "type": "Point",
                "coordinates": [
                    16.4127,
                    47.73
                ]
            },
            "properties": {
                "id": "INFT-CCLFZY",
                "name": "Diskont Tankstelle",
                "S98": "0",
                "S95": "1.474",
                "N": "0",
                "D": "1.484",
                "G": "0",
                "zip": "7210",
                "land": "at",
                "bundesland": "Burgenland",
                "city2": "Mattersburg",
                "city": "Mattersburg",
                "strasse": "Fachmarktzentrum 2 (am HOFER Parkplatz)",
                "date": "3.9.2025",
                "time": "6:16:55"
            }
        },
        {
            "type": "Feature",
            "geometry": {
                "type": "Point",
                "coordinates": [
                    16.48747,
                    47.51454
                ]
            },
            "properties": {
                "id": "INFT-CCLG22",
                "name": "Diskont Tankstelle",
                "S98": "0",
                "S95": "1.475",
                "N": "0",
                "D": "1.475",
                "G": "0",
                "zip": "7344",
                "land": "at",
                "bundesland": "Burgenland",
                "city2": "Oberpullendorf",
                "city": "Stoob",
                "strasse": "Bgld. Schnellstr./Zubr. Stoob (am HOFER Parkplatz)",
                "date": "3.9.2025",
                "time": "6:16:57"
            }
        },
        {
            "type": "Feature",
            "geometry": {
                "type": "Point",
                "coordinates": [
                    14.025008,
                    48.183554
                ]
            },
            "properties": {
                "id": "INFT-CCLHX7",
                "name": "Diskont Tankstelle",
                "S98": "0",
                "S95": "1.483",
                "N": "0",
                "D": "1.483",
                "G": "0",
                "zip": "4600",
                "land": "at",
                "bundesland": "Oberösterreich",
                "city2": "Wels",
                "city": "Wels",
                "strasse": "Dalistrasse 2 (am HOFER Parkplatz)",
                "date": "3.9.2025",
                "time": "6:17:37"
            }
        },
        {
            "type": "Feature",
            "geometry": {
                "type": "Point",
                "coordinates": [
                    13.9715,
                    48.1437
                ]
            },
            "properties": {
                "id": "INFT-CCLHX8",
                "name": "Diskont Tankstelle",
                "S98": "0",
                "S95": "1.483",
                "N": "0",
                "D": "1.483",
                "G": "0",
                "zip": "4600",
                "land": "at",
                "bundesland": "Oberösterreich",
                "city2": "Wels",
                "city": "Wels",
                "strasse": "Malvenstrasse 3 (am HOFER Parkplatz)",
                "date": "3.9.2025",
                "time": "6:17:37"
            }
        },
        {
            "type": "Feature",
            "geometry": {
                "type": "Point",
                "coordinates": [
                    13.4957,
                    48.217
                ]
            },
            "properties": {
                "id": "INFT-CCLHXA",
                "name": "Diskont Tankstelle",
                "S98": "0",
                "S95": "1.483",
                "N": "0",
                "D": "1.513",
                "G": "0",
                "zip": "4910",
                "land": "at",
                "bundesland": "Oberösterreich",
                "city2": "Ried",
                "city": "Tumeltsham",
                "strasse": "Hannesgrub Nord 1 (am HOFER Parkplatz)",
                "date": "3.9.2025",
                "time": "6:17:48"
            }
        },
        {
            "type": "Feature",
            "geometry": {
                "type": "Point",
                "coordinates": [
                    13.1514,
                    48.1141
                ]
            },
            "properties": {
                "id": "INFT-CCLK9X",
                "name": "Diskont Tankstelle",
                "S98": "0",
                "S95": "1.484",
                "N": "0",
                "D": "0",
                "G": "0",
                "zip": "5230",
                "land": "at",
                "bundesland": "Oberösterreich",
                "city2": "Braunau",
                "city": "Mattighofen",
                "strasse": "Braunauer Strasse 27 (am HOFER Parkplatz)",
                "date": "3.9.2025",
                "time": "6:17:38"
            }
        },
        {
            "type": "Feature",
            "geometry": {
                "type": "Point",
                "coordinates": [
                    14.1281,
                    47.8895
                ]
            },
            "properties": {
                "id": "INFT-CCLK9Z",
                "name": "Diskont Tankstelle",
                "S98": "0",
                "S95": "1.474",
                "N": "0",
                "D": "1.464",
                "G": "0",
                "zip": "4563",
                "land": "at",
                "bundesland": "Oberösterreich",
                "city2": "Kirchdorf",
                "city": "Micheldorf",
                "strasse": "Kollingerfeld 5 (am HOFER Parkplatz)",
                "date": "3.9.2025",
                "time": "6:17:45"
            }
        },
        {
            "type": "Feature",
            "geometry": {
                "type": "Point",
                "coordinates": [
                    14.458,
                    48.2162
                ]
            },
            "properties": {
                "id": "INFT-CCLKA5",
                "name": "Diskont Tankstelle",
                "S98": "0",
                "S95": "0",
                "N": "0",
                "D": "1.464",
                "G": "0",
                "zip": "4470",
                "land": "at",
                "bundesland": "Oberösterreich",
                "city2": "Linz Land",
                "city": "Enns",
                "strasse": "Doktor-Karl-Renner-Strasse 60 (am HOFER Parkplatz)",
                "date": "3.9.2025",
                "time": "6:17:45"
            }
        },
        {
            "type": "Feature",
            "geometry": {
                "type": "Point",
                "coordinates": [
                    13.4651,
                    48.2072
                ]
            },
            "properties": {
                "id": "INFT-CCLKA6",
                "name": "Diskont Tankstelle",
                "S98": "0",
                "S95": "1.483",
                "N": "0",
                "D": "1.513",
                "G": "0",
                "zip": "4910",
                "land": "at",
                "bundesland": "Oberösterreich",
                "city2": "Ried",
                "city": "Ried im Innkreis",
                "strasse": "Aubachweg 2 (am HOFER Parkplatz)",
                "date": "3.9.2025",
                "time": "6:17:49"
            }
        },
        {
            "type": "Feature",
            "geometry": {
                "type": "Point",
                "coordinates": [
                    13.6211,
                    47.9978
                ]
            },
            "properties": {
                "id": "INFT-CCLKA8",
                "name": "Diskont Tankstelle",
                "S98": "0",
                "S95": "1.453",
                "N": "0",
                "D": "0",
                "G": "0",
                "zip": "4850",
                "land": "at",
                "bundesland": "Oberösterreich",
                "city2": "Vöcklabruck",
                "city": "Timelkam",
                "strasse": "Atterseestrasse 95 (am HOFER Parkplatz)",
                "date": "3.9.2025",
                "time": "6:17:54"
            }
        },
        {
            "type": "Feature",
            "geometry": {
                "type": "Point",
                "coordinates": [
                    13.1977,
                    47.3572
                ]
            },
            "properties": {
                "id": "INFT-CCLKA9",
                "name": "Diskont Tankstelle",
                "S98": "0",
                "S95": "1.484",
                "N": "0",
                "D": "1.484",
                "G": "0",
                "zip": "5600",
                "land": "at",
                "bundesland": "Salzburg",
                "city2": "St. Johann",
                "city": "St. Johann",
                "strasse": "Bundesstrasse 23 (am HOFER Parkplatz)",
                "date": "3.9.2025",
                "time": "6:17:59"
            }
        },
        {
            "type": "Feature",
            "geometry": {
                "type": "Point",
                "coordinates": [
                    12.9844,
                    47.7934
                ]
            },
            "properties": {
                "id": "INFT-CCM3CS",
                "name": "Diskont Tankstelle",
                "S98": "0",
                "S95": "0",
                "N": "0",
                "D": "1.482",
                "G": "0",
                "zip": "5071",
                "land": "at",
                "bundesland": "Salzburg",
                "city2": "Salzburg Umgebung",
                "city": "Wals",
                "strasse": "Franz-Brötzner-Strasse 3 (am HOFER Parkplatz)",
                "date": "3.9.2025",
                "time": "6:17:58"
            }
        },
        {
            "type": "Feature",
            "geometry": {
                "type": "Point",
                "coordinates": [
                    15.0865,
                    48.1685
                ]
            },
            "properties": {
                "id": "INFT-CCNA8V",
                "name": "Diskont Tankstelle",
                "S98": "0",
                "S95": "1.443",
                "N": "0",
                "D": "1.453",
                "G": "0",
                "zip": "3370",
                "land": "at",
                "bundesland": "Niederösterreich",
                "city2": "Melk",
                "city": "Ybbs",
                "strasse": "Bahnhofstrasse 26 (am HOFER Parkplatz)",
                "date": "3.9.2025",
                "time": "6:17:23"
            }
        },
        {
            "type": "Feature",
            "geometry": {
                "type": "Point",
                "coordinates": [
                    13.9195,
                    48.0083
                ]
            },
            "properties": {
                "id": "INFT-CCNDQ2",
                "name": "Diskont Tankstelle",
                "S98": "0",
                "S95": "1.449",
                "N": "0",
                "D": "1.449",
                "G": "0",
                "zip": "4655",
                "land": "at",
                "bundesland": "Oberösterreich",
                "city2": "Gmunden",
                "city": "Vorchdorf",
                "strasse": "Neue Landstrasse 74 (am HOFER Parkplatz)",
                "date": "3.9.2025",
                "time": "6:17:42"
            }
        },
        {
            "type": "Feature",
            "geometry": {
                "type": "Point",
                "coordinates": [
                    15.1063,
                    47.38282
                ]
            },
            "properties": {
                "id": "INFT-CCQKMW",
                "name": "Diskont Tankstelle",
                "S98": "0",
                "S95": "1.442",
                "N": "0",
                "D": "1.447",
                "G": "0",
                "zip": "8700",
                "land": "at",
                "bundesland": "Steiermark",
                "city2": "Leoben",
                "city": "Leoben",
                "strasse": "Kärntner Strasse 92 (am HOFER Parkplatz)",
                "date": "3.9.2025",
                "time": "6:18:9"
            }
        },
        {
            "type": "Feature",
            "geometry": {
                "type": "Point",
                "coordinates": [
                    12.8158,
                    46.8274
                ]
            },
            "properties": {
                "id": "INFT-CCQKMZ",
                "name": "Diskont Tankstelle",
                "S98": "0",
                "S95": "1.514",
                "N": "0",
                "D": "1.514",
                "G": "0",
                "zip": "9990",
                "land": "at",
                "bundesland": "Tirol",
                "city2": "Lienz",
                "city": "Nussdorf",
                "strasse": "Hermann-Gmeiner-Strasse 14 (am HOFER Parkplatz)",
                "date": "3.9.2025",
                "time": "6:18:25"
            }
        },
        {
            "type": "Feature",
            "geometry": {
                "type": "Point",
                "coordinates": [
                    9.81419,
                    47.15298
                ]
            },
            "properties": {
                "id": "INFT-CCQKN2",
                "name": "Diskont Tankstelle",
                "S98": "0",
                "S95": "1.492",
                "N": "0",
                "D": "1.492",
                "G": "0",
                "zip": "6706",
                "land": "at",
                "bundesland": "Vorarlberg",
                "city2": "Bludenz",
                "city": "Buers",
                "strasse": "Herrenau 2 (am HOFER Parkplatz)",
                "date": "3.9.2025",
                "time": "6:18:28"
            }
        },
        {
            "type": "Feature",
            "geometry": {
                "type": "Point",
                "coordinates": [
                    9.62964,
                    47.32574
                ]
            },
            "properties": {
                "id": "INFT-CCQKN3",
                "name": "Diskont Tankstelle",
                "S98": "0",
                "S95": "1.474",
                "N": "0",
                "D": "1.474",
                "G": "0",
                "zip": "6842",
                "land": "at",
                "bundesland": "Vorarlberg",
                "city2": "Feldkirch",
                "city": "Koblach",
                "strasse": "Bundesstrasse 6 (am HOFER Parkplatz)",
                "date": "3.9.2025",
                "time": "6:18:31"
            }
        },
        {
            "type": "Feature",
            "geometry": {
                "type": "Point",
                "coordinates": [
                    9.60797,
                    47.2724
                ]
            },
            "properties": {
                "id": "INFT-CCQKN4",
                "name": "Diskont Tankstelle",
                "S98": "0",
                "S95": "1.467",
                "N": "0",
                "D": "1.477",
                "G": "0",
                "zip": "6830",
                "land": "at",
                "bundesland": "Vorarlberg",
                "city2": "Feldkirch",
                "city": "Rankweil",
                "strasse": "St. Anna Weg 23 (am HOFER Parkplatz)",
                "date": "3.9.2025",
                "time": "6:18:30"
            }
        },
        {
            "type": "Feature",
            "geometry": {
                "type": "Point",
                "coordinates": [
                    16.42698,
                    48.25258
                ]
            },
            "properties": {
                "id": "INFT-CCQKN5",
                "name": "Diskont Tankstelle",
                "S98": "0",
                "S95": "1.444",
                "N": "0",
                "D": "1.454",
                "G": "0",
                "zip": "1210",
                "land": "at",
                "bundesland": "Wien",
                "city2": "Floridsdorf",
                "city": "Wien",
                "strasse": "Donaufelderstrasse 137 (am HOFER Parkplatz)",
                "date": "3.9.2025",
                "time": "6:18:40"
            }
        },
        {
            "type": "Feature",
            "geometry": {
                "type": "Point",
                "coordinates": [
                    14.24845,
                    47.56162
                ]
            },
            "properties": {
                "id": "INFT-CCQTME",
                "name": "Diskont Tankstelle",
                "S98": "0",
                "S95": "1.464",
                "N": "0",
                "D": "1.474",
                "G": "0",
                "zip": "8940",
                "land": "at",
                "bundesland": "Steiermark",
                "city2": "Liezen",
                "city": "Liezen",
                "strasse": "Gesäusestrasse 3a (am HOFER Parkplatz)",
                "date": "3.9.2025",
                "time": "6:18:10"
            }
        },
        {
            "type": "Feature",
            "geometry": {
                "type": "Point",
                "coordinates": [
                    14.3301,
                    46.6081
                ]
            },
            "properties": {
                "id": "INFT-CCRE4F",
                "name": "Diskont Tankstelle",
                "S98": "0",
                "S95": "1.449",
                "N": "0",
                "D": "1.443",
                "G": "0",
                "zip": "9020",
                "land": "at",
                "bundesland": "Kärnten",
                "city2": "Klagenfurt Land",
                "city": "Klagenfurt",
                "strasse": "Stadlweg 51 (am HOFER Parkplatz)",
                "date": "3.9.2025",
                "time": "6:17:0"
            }
        },
        {
            "type": "Feature",
            "geometry": {
                "type": "Point",
                "coordinates": [
                    13.51782,
                    46.78724
                ]
            },
            "properties": {
                "id": "INFT-CCRE4H",
                "name": "Diskont Tankstelle",
                "S98": "0",
                "S95": "1.463",
                "N": "0",
                "D": "1.463",
                "G": "0",
                "zip": "9800",
                "land": "at",
                "bundesland": "Kärnten",
                "city2": "Spittal",
                "city": "Spittal an der Drau",
                "strasse": "Lastenstrasse 1 (am HOFER Parkplatz)",
                "date": "3.9.2025",
                "time": "6:17:4"
            }
        },
        {
            "type": "Feature",
            "geometry": {
                "type": "Point",
                "coordinates": [
                    13.87442,
                    46.65143
                ]
            },
            "properties": {
                "id": "INFT-CCRE4J",
                "name": "Diskont Tankstelle",
                "S98": "0",
                "S95": "1.459",
                "N": "0",
                "D": "1.459",
                "G": "0",
                "zip": "9521",
                "land": "at",
                "bundesland": "Kärnten",
                "city2": "Villach Land",
                "city": "Treffen",
                "strasse": "Ossiacher See Strasse (am HOFER Parkplatz)",
                "date": "3.9.2025",
                "time": "6:17:5"
            }
        },
        {
            "type": "Feature",
            "geometry": {
                "type": "Point",
                "coordinates": [
                    15.42804,
                    47.05646
                ]
            },
            "properties": {
                "id": "INFT-CCRE4V",
                "name": "Diskont Tankstelle",
                "S98": "0",
                "S95": "1.437",
                "N": "0",
                "D": "1.438",
                "G": "0",
                "zip": "8020",
                "land": "at",
                "bundesland": "Steiermark",
                "city2": "Graz",
                "city": "Graz Karlau",
                "strasse": "Karlauerguertel 4 (am HOFER Parkplatz)",
                "date": "3.9.2025",
                "time": "6:18:3"
            }
        },
        {
            "type": "Feature",
            "geometry": {
                "type": "Point",
                "coordinates": [
                    14.415,
                    47.1541
                ]
            },
            "properties": {
                "id": "INFT-CCRE4X",
                "name": "Diskont Tankstelle",
                "S98": "0",
                "S95": "1.461",
                "N": "0",
                "D": "1.463",
                "G": "0",
                "zip": "8811",
                "land": "at",
                "bundesland": "Steiermark",
                "city2": "Murau",
                "city": "Scheifling",
                "strasse": "Gewerbepark 2 (am HOFER Parkplatz)",
                "date": "3.9.2025",
                "time": "6:18:11"
            }
        },
        {
            "type": "Feature",
            "geometry": {
                "type": "Point",
                "coordinates": [
                    14.7412,
                    47.1951
                ]
            },
            "properties": {
                "id": "INFT-CCRE4Y",
                "name": "Diskont Tankstelle",
                "S98": "0",
                "S95": "1.461",
                "N": "0",
                "D": "1.462",
                "G": "0",
                "zip": "8740",
                "land": "at",
                "bundesland": "Steiermark",
                "city2": "Judenburg",
                "city": "Zeltweg",
                "strasse": "Bundesstrasse 28 (am HOFER Parkplatz)",
                "date": "3.9.2025",
                "time": "6:18:16"
            }
        },
        {
            "type": "Feature",
            "geometry": {
                "type": "Point",
                "coordinates": [
                    15.5567,
                    46.7977
                ]
            },
            "properties": {
                "id": "INFT-CCSFT4",
                "name": "Diskont Tankstelle",
                "S98": "0",
                "S95": "1.453",
                "N": "0",
                "D": "1.454",
                "G": "0",
                "zip": "8430",
                "land": "at",
                "bundesland": "Steiermark",
                "city2": "Leibnitz",
                "city": "Leibnitz",
                "strasse": "Leopold Figl Strasse 2 (am HOFER Parkplatz)",
                "date": "3.9.2025",
                "time": "6:18:7"
            }
        },
        {
            "type": "Feature",
            "geometry": {
                "type": "Point",
                "coordinates": [
                    15.34793,
                    46.74871
                ]
            },
            "properties": {
                "id": "INFT-CDVEXK",
                "name": "F. LEITNER",
                "S98": "0",
                "S95": "1.458",
                "N": "0",
                "D": "0",
                "G": "0",
                "zip": "8443",
                "land": "at",
                "bundesland": "Steiermark",
                "city2": "Leibnitz",
                "city": "Haslach",
                "strasse": "Haslach 37a",
                "date": "3.9.2025",
                "time": "6:18:8"
            }
        },
        {
            "type": "Feature",
            "geometry": {
                "type": "Point",
                "coordinates": [
                    12.9961063,
                    47.7935477
                ]
            },
            "properties": {
                "id": "INFT-CDVJTE",
                "name": "Turmöl",
                "S98": "0",
                "S95": "1.488",
                "N": "0",
                "D": "1.488",
                "G": "0",
                "zip": "5020",
                "land": "at",
                "bundesland": "Salzburg",
                "city2": "Salzburg Umgebung",
                "city": "Salzburg-Flughafen",
                "strasse": "Innsbrucker Bundesstraße 97",
                "date": "3.9.2025",
                "time": "6:17:55"
            }
        },
        {
            "type": "Feature",
            "geometry": {
                "type": "Point",
                "coordinates": [
                    16.41091,
                    48.16636
                ]
            },
            "properties": {
                "id": "INFT-CDXCEE",
                "name": "Turmöl Quick",
                "S98": "0",
                "S95": "1.44",
                "N": "0",
                "D": "1.45",
                "G": "0",
                "zip": "1110",
                "land": "at",
                "bundesland": "Wien",
                "city2": "Simmering",
                "city": "Wien",
                "strasse": "Gadnergasse 1",
                "date": "3.9.2025",
                "time": "6:18:34"
            }
        },
        {
            "type": "Feature",
            "geometry": {
                "type": "Point",
                "coordinates": [
                    13.067715,
                    47.797131
                ]
            },
            "properties": {
                "id": "INFT-CECAEE",
                "name": "Turmöl",
                "S98": "0",
                "S95": "1.47",
                "N": "0",
                "D": "1.483",
                "G": "0",
                "zip": "5020",
                "land": "at",
                "bundesland": "Salzburg",
                "city2": "Salzburg Umgebung",
                "city": "Salzburg",
                "strasse": "Aignerstraße 22",
                "date": "3.9.2025",
                "time": "6:17:55"
            }
        },
        {
            "type": "Feature",
            "geometry": {
                "type": "Point",
                "coordinates": [
                    15.237103856007833,
                    46.820352225695785
                ]
            },
            "properties": {
                "id": "INFT-CEQEDH",
                "name": "F. LEITNER",
                "S98": "0",
                "S95": "1.443",
                "N": "0",
                "D": "1.447",
                "G": "0",
                "zip": "8530",
                "land": "at",
                "bundesland": "Steiermark",
                "city2": "Deutschlandsberg",
                "city": "Deutschlandsberg",
                "strasse": "Frauentaler Straße 122",
                "date": "3.9.2025",
                "time": "6:18:4"
            }
        },
        {
            "type": "Feature",
            "geometry": {
                "type": "Point",
                "coordinates": [
                    16.38071,
                    48.71651
                ]
            },
            "properties": {
                "id": "INFT-CERGL7",
                "name": "boesch energy,  turmöl Quick",
                "S98": "0",
                "S95": "1.482",
                "N": "0",
                "D": "0",
                "G": "0",
                "zip": "2136",
                "land": "at",
                "bundesland": "Niederösterreich",
                "city2": "Mistelbach",
                "city": "Laa an der Thaya",
                "strasse": "Nordbahnstr. 53",
                "date": "3.9.2025",
                "time": "6:17:24"
            }
        },
        {
            "type": "Feature",
            "geometry": {
                "type": "Point",
                "coordinates": [
                    14.52827,
                    48.23962
                ]
            },
            "properties": {
                "id": "INFT-CFN6GW",
                "name": "Turmöl",
                "S98": "0",
                "S95": "0",
                "N": "0",
                "D": "1.464",
                "G": "0",
                "zip": "4310",
                "land": "at",
                "bundesland": "Oberösterreich",
                "city2": "Perg",
                "city": "Mauthausen",
                "strasse": "Poschacherstraße 10",
                "date": "3.9.2025",
                "time": "6:17:46"
            }
        },
        {
            "type": "Feature",
            "geometry": {
                "type": "Point",
                "coordinates": [
                    14.449627,
                    46.641242
                ]
            },
            "properties": {
                "id": "INFT-CGGDB9",
                "name": "TurboSprit®",
                "S98": "0",
                "S95": "0",
                "N": "0",
                "D": "1.458",
                "G": "0",
                "zip": "9130",
                "land": "at",
                "bundesland": "Kärnten",
                "city2": "Klagenfurt Land",
                "city": "Poggersdorf",
                "strasse": "Landesstrasse 2",
                "date": "3.9.2025",
                "time": "6:17:2"
            }
        },
        {
            "type": "Feature",
            "geometry": {
                "type": "Point",
                "coordinates": [
                    16.31935,
                    48.154766
                ]
            },
            "properties": {
                "id": "INFT-CGJK7B",
                "name": "Turmöl",
                "S98": "0",
                "S95": "1.443",
                "N": "0",
                "D": "1.453",
                "G": "0",
                "zip": "1230",
                "land": "at",
                "bundesland": "Wien",
                "city2": "Liesing",
                "city": "Wien",
                "strasse": "Altmannsdorferstraße 150",
                "date": "3.9.2025",
                "time": "6:18:42"
            }
        },
        {
            "type": "Feature",
            "geometry": {
                "type": "Point",
                "coordinates": [
                    15.60052,
                    48.10019
                ]
            },
            "properties": {
                "id": "INFT-CGY28R",
                "name": "Turmöl Quick",
                "S98": "0",
                "S95": "1.448",
                "N": "0",
                "D": "1.458",
                "G": "0",
                "zip": "3150",
                "land": "at",
                "bundesland": "Niederösterreich",
                "city2": "St. Pölten Land",
                "city": "Wilhelmsburg",
                "strasse": "Lilienfelderstraße 37",
                "date": "3.9.2025",
                "time": "6:17:27"
            }
        },
        {
            "type": "Feature",
            "geometry": {
                "type": "Point",
                "coordinates": [
                    9.77762,
                    47.19298
                ]
            },
            "properties": {
                "id": "INFT-CHDGD9",
                "name": "Disk",
                "S98": "0",
                "S95": "1.509",
                "N": "0",
                "D": "1.519",
                "G": "0",
                "zip": "6713",
                "land": "at",
                "bundesland": "Vorarlberg",
                "city2": "Bludenz",
                "city": "Ludesch",
                "strasse": "Walgaustraße 32",
                "date": "3.9.2025",
                "time": "6:18:28"
            }
        },
        {
            "type": "Feature",
            "geometry": {
                "type": "Point",
                "coordinates": [
                    15.157238,
                    48.01344
                ]
            },
            "properties": {
                "id": "INFT-CJYGAN",
                "name": "AVIA XPress (unser Service: Luft und Wasser)",
                "S98": "0",
                "S95": "1.487",
                "N": "0",
                "D": "0",
                "G": "0",
                "zip": "3270",
                "land": "at",
                "bundesland": "Niederösterreich",
                "city2": "Scheibbs",
                "city": "Scheibbs",
                "strasse": "Gewerbestraße 5",
                "date": "3.9.2025",
                "time": "6:17:28"
            }
        },
        {
            "type": "Feature",
            "geometry": {
                "type": "Point",
                "coordinates": [
                    13.5108238,
                    48.0264297
                ]
            },
            "properties": {
                "id": "INFT-CKYDEY",
                "name": "Lagerhaus Zipf",
                "S98": "0",
                "S95": "0",
                "N": "0",
                "D": "1.458",
                "G": "0",
                "zip": "4871",
                "land": "at",
                "bundesland": "Oberösterreich",
                "city2": "Vöcklabruck",
                "city": "Zipf",
                "strasse": "Langwies 25",
                "date": "3.9.2025",
                "time": "6:17:53"
            }
        },
        {
            "type": "Feature",
            "geometry": {
                "type": "Point",
                "coordinates": [
                    13.3929995,
                    47.988426
                ]
            },
            "properties": {
                "id": "INFT-CKYDEZ",
                "name": "Lagerhaus Frankenmarkt",
                "S98": "0",
                "S95": "0",
                "N": "0",
                "D": "1.458",
                "G": "0",
                "zip": "4890",
                "land": "at",
                "bundesland": "Oberösterreich",
                "city2": "Vöcklabruck",
                "city": "Frankenmarkt",
                "strasse": "Schwaigern 56",
                "date": "3.9.2025",
                "time": "6:17:53"
            }
        },
        {
            "type": "Feature",
            "geometry": {
                "type": "Point",
                "coordinates": [
                    13.5949965,
                    47.9442884
                ]
            },
            "properties": {
                "id": "INFT-CKYDF2",
                "name": "Lagerhaus Kammer - Schörfling",
                "S98": "0",
                "S95": "0",
                "N": "0",
                "D": "1.458",
                "G": "0",
                "zip": "4861",
                "land": "at",
                "bundesland": "Oberösterreich",
                "city2": "Vöcklabruck",
                "city": "Schörfling",
                "strasse": "Hauptstraße 36",
                "date": "3.9.2025",
                "time": "6:17:53"
            }
        },
        {
            "type": "Feature",
            "geometry": {
                "type": "Point",
                "coordinates": [
                    13.4887,
                    47.937191
                ]
            },
            "properties": {
                "id": "INFT-CKYDF3",
                "name": "Lagerhaus St. Georgen",
                "S98": "0",
                "S95": "0",
                "N": "0",
                "D": "1.458",
                "G": "0",
                "zip": "4880",
                "land": "at",
                "bundesland": "Oberösterreich",
                "city2": "Vöcklabruck",
                "city": "St. Georgen",
                "strasse": "Bahnhofstr. 15",
                "date": "3.9.2025",
                "time": "6:17:53"
            }
        },
        {
            "type": "Feature",
            "geometry": {
                "type": "Point",
                "coordinates": [
                    13.7655883,
                    48.0512507
                ]
            },
            "properties": {
                "id": "INFT-CKYDF4",
                "name": "Lagerhaus Schwanenstadt",
                "S98": "0",
                "S95": "0",
                "N": "0",
                "D": "1.458",
                "G": "0",
                "zip": "4690",
                "land": "at",
                "bundesland": "Oberösterreich",
                "city2": "Vöcklabruck",
                "city": "Schwanenstadt",
                "strasse": "Huberstraße 1",
                "date": "3.9.2025",
                "time": "6:17:53"
            }
        },
        {
            "type": "Feature",
            "geometry": {
                "type": "Point",
                "coordinates": [
                    13.766689,
                    48.1005036
                ]
            },
            "properties": {
                "id": "INFT-CKYDF5",
                "name": "Lagerhaus Niederthalheim",
                "S98": "0",
                "S95": "0",
                "N": "0",
                "D": "1.458",
                "G": "0",
                "zip": "4692",
                "land": "at",
                "bundesland": "Oberösterreich",
                "city2": "Vöcklabruck",
                "city": "Niederthalheim",
                "strasse": "Hauptstraße 14",
                "date": "3.9.2025",
                "time": "6:17:53"
            }
        },
        {
            "type": "Feature",
            "geometry": {
                "type": "Point",
                "coordinates": [
                    13.823225,
                    47.98575
                ]
            },
            "properties": {
                "id": "INFT-CKYGQN",
                "name": "Lagerhaus Laakirchen",
                "S98": "0",
                "S95": "1.458",
                "N": "0",
                "D": "1.458",
                "G": "0",
                "zip": "4663",
                "land": "at",
                "bundesland": "Oberösterreich",
                "city2": "Gmunden",
                "city": "Laakirchen",
                "strasse": "Matzingthalstraße 7",
                "date": "3.9.2025",
                "time": "6:17:42"
            }
        },
        {
            "type": "Feature",
            "geometry": {
                "type": "Point",
                "coordinates": [
                    13.792863,
                    47.941144
                ]
            },
            "properties": {
                "id": "INFT-CKYGQP",
                "name": "Lagerhaus Ohlsdorf",
                "S98": "0",
                "S95": "1.458",
                "N": "0",
                "D": "1.458",
                "G": "0",
                "zip": "4694",
                "land": "at",
                "bundesland": "Oberösterreich",
                "city2": "Gmunden",
                "city": "Ohlsdorf",
                "strasse": "Kleinreith-Gewerbepark 5",
                "date": "3.9.2025",
                "time": "6:17:42"
            }
        },
        {
            "type": "Feature",
            "geometry": {
                "type": "Point",
                "coordinates": [
                    13.929128,
                    48.000903
                ]
            },
            "properties": {
                "id": "INFT-CKYGQQ",
                "name": "Lagerhaus Vorchdorf",
                "S98": "0",
                "S95": "1.458",
                "N": "0",
                "D": "1.458",
                "G": "0",
                "zip": "4655",
                "land": "at",
                "bundesland": "Oberösterreich",
                "city2": "Gmunden",
                "city": "Vorchdorf",
                "strasse": "Pettenbacherstraße 41",
                "date": "3.9.2025",
                "time": "6:17:42"
            }
        },
        {
            "type": "Feature",
            "geometry": {
                "type": "Point",
                "coordinates": [
                    13.950866,
                    47.899003
                ]
            },
            "properties": {
                "id": "INFT-CKYKXM",
                "name": "Lagerhaus Almtal",
                "S98": "0",
                "S95": "1.458",
                "N": "0",
                "D": "1.458",
                "G": "0",
                "zip": "4644",
                "land": "at",
                "bundesland": "Oberösterreich",
                "city2": "Gmunden",
                "city": "Scharnstein",
                "strasse": "Kalkofen 1",
                "date": "3.9.2025",
                "time": "6:17:42"
            }
        },
        {
            "type": "Feature",
            "geometry": {
                "type": "Point",
                "coordinates": [
                    15.5121246,
                    46.8512074
                ]
            },
            "properties": {
                "id": "INFT-CKZJ32",
                "name": "Rumpold",
                "S98": "0",
                "S95": "1.458",
                "N": "0",
                "D": "0",
                "G": "0",
                "zip": "8403",
                "land": "at",
                "bundesland": "Steiermark",
                "city2": "Leibnitz",
                "city": "Lang",
                "strasse": "Stangersdorf-Gewerbegebiet 5",
                "date": "3.9.2025",
                "time": "6:18:8"
            }
        },
        {
            "type": "Feature",
            "geometry": {
                "type": "Point",
                "coordinates": [
                    15.37464,
                    46.75756
                ]
            },
            "properties": {
                "id": "INFT-CL3CTZ",
                "name": "Rumpold",
                "S98": "0",
                "S95": "1.458",
                "N": "0",
                "D": "1.454",
                "G": "0",
                "zip": "8443",
                "land": "at",
                "bundesland": "Steiermark",
                "city2": "Leibnitz",
                "city": "Gleinstätten",
                "strasse": "Pistorf 208",
                "date": "3.9.2025",
                "time": "6:18:8"
            }
        },
        {
            "type": "Feature",
            "geometry": {
                "type": "Point",
                "coordinates": [
                    13.08005,
                    47.30293
                ]
            },
            "properties": {
                "id": "INFT-CLHGBJ",
                "name": "Turmöl Quick Posauner",
                "S98": "0",
                "S95": "1.484",
                "N": "0",
                "D": "1.484",
                "G": "0",
                "zip": "5621",
                "land": "at",
                "bundesland": "Salzburg",
                "city2": "St. Johann",
                "city": "St. Veit im Pongau",
                "strasse": "Klamm 14a",
                "date": "3.9.2025",
                "time": "6:17:59"
            }
        },
        {
            "type": "Feature",
            "geometry": {
                "type": "Point",
                "coordinates": [
                    15.079417,
                    47.061629
                ]
            },
            "properties": {
                "id": "INFT-CLLEJK",
                "name": "Turmöl Quick",
                "S98": "0",
                "S95": "1.423",
                "N": "0",
                "D": "1.439",
                "G": "0",
                "zip": "8580",
                "land": "at",
                "bundesland": "Steiermark",
                "city2": "Voitsberg",
                "city": "Köflach",
                "strasse": "Kärntnerstrasse 20",
                "date": "3.9.2025",
                "time": "6:18:13"
            }
        },
        {
            "type": "Feature",
            "geometry": {
                "type": "Point",
                "coordinates": [
                    14.67847,
                    46.68129
                ]
            },
            "properties": {
                "id": "INFT-CMDSQA",
                "name": "OMV Fast Lane - St. Jakob - Packerstraße 3",
                "S98": "0",
                "S95": "1.469",
                "N": "0",
                "D": "0",
                "G": "0",
                "zip": "9111",
                "land": "at",
                "bundesland": "Kärnten",
                "city2": "Völkermarkt",
                "city": "St. Jakob",
                "strasse": "Packerstrasse 3",
                "date": "3.9.2025",
                "time": "6:17:6"
            }
        },
        {
            "type": "Feature",
            "geometry": {
                "type": "Point",
                "coordinates": [
                    16.430977,
                    48.270922
                ]
            },
            "properties": {
                "id": "INFT-CMPGF5",
                "name": "Lohberger",
                "S98": "0",
                "S95": "1.449",
                "N": "0",
                "D": "0",
                "G": "0",
                "zip": "1210",
                "land": "at",
                "bundesland": "Wien",
                "city2": "Floridsdorf",
                "city": "Wien",
                "strasse": "Richard Neutra Gasse 9B",
                "date": "3.9.2025",
                "time": "6:18:41"
            }
        },
        {
            "type": "Feature",
            "geometry": {
                "type": "Point",
                "coordinates": [
                    13.001602886616373,
                    46.67329223509455
                ]
            },
            "properties": {
                "id": "INFT-CMWG64",
                "name": "One1 Tankstelle Kötschach",
                "S98": "0",
                "S95": "1.549",
                "N": "0",
                "D": "1.549",
                "G": "0",
                "zip": "9640",
                "land": "at",
                "bundesland": "Kärnten",
                "city2": "Hermagor",
                "city": "Kötschach",
                "strasse": "Kötschach 264",
                "date": "3.9.2025",
                "time": "6:17:2"
            }
        },
        {
            "type": "Feature",
            "geometry": {
                "type": "Point",
                "coordinates": [
                    13.17962,
                    46.64263
                ]
            },
            "properties": {
                "id": "INFT-CNGCNU",
                "name": "SOCAR Schwarz - Kirchbach im Gailtal",
                "S98": "0",
                "S95": "1.524",
                "N": "0",
                "D": "1.529",
                "G": "0",
                "zip": "9632",
                "land": "at",
                "bundesland": "Kärnten",
                "city2": "Hermagor",
                "city": "Kirchbach im Gailtal",
                "strasse": "Kirchbach 94",
                "date": "3.9.2025",
                "time": "6:17:1"
            }
        },
        {
            "type": "Feature",
            "geometry": {
                "type": "Point",
                "coordinates": [
                    13.88292064531762,
                    48.502476968764455
                ]
            },
            "properties": {
                "id": "INFT-CNGCP6",
                "name": "Genol - Lagerhaus",
                "S98": "0",
                "S95": "0",
                "N": "0",
                "D": "1.489",
                "G": "0",
                "zip": "4134",
                "land": "at",
                "bundesland": "Oberösterreich",
                "city2": "Rohrbach",
                "city": "Putzleinsdorf",
                "strasse": "Glotzing 20",
                "date": "3.9.2025",
                "time": "6:17:50"
            }
        },
        {
            "type": "Feature",
            "geometry": {
                "type": "Point",
                "coordinates": [
                    16.4036,
                    48.26578
                ]
            },
            "properties": {
                "id": "INFT-CP57X4",
                "name": "boesch energy,  turmöl",
                "S98": "0",
                "S95": "1.434",
                "N": "0",
                "D": "1.444",
                "G": "0",
                "zip": "1210",
                "land": "at",
                "bundesland": "Wien",
                "city2": "Floridsdorf",
                "city": "Wien",
                "strasse": "Brünnerstr. 64",
                "date": "3.9.2025",
                "time": "6:18:40"
            }
        },
        {
            "type": "Feature",
            "geometry": {
                "type": "Point",
                "coordinates": [
                    10.9270027,
                    47.1358178
                ]
            },
            "properties": {
                "id": "INFT-CPWAQ6",
                "name": "Kapferer und Kapferer/Gutmann Tankstelle",
                "S98": "0",
                "S95": "1.589",
                "N": "0",
                "D": "1.589",
                "G": "0",
                "zip": "6441",
                "land": "at",
                "bundesland": "Tirol",
                "city2": "Imst",
                "city": "Umhausen",
                "strasse": "Auto Kapferer GmbH & CO KG",
                "date": "3.9.2025",
                "time": "6:18:18"
            }
        },
        {
            "type": "Feature",
            "geometry": {
                "type": "Point",
                "coordinates": [
                    13.53221,
                    47.91682
                ]
            },
            "properties": {
                "id": "INFT-CRAL3A",
                "name": "Turmöl Quick",
                "S98": "0",
                "S95": "1.434",
                "N": "0",
                "D": "1.434",
                "G": "0",
                "zip": "4864",
                "land": "at",
                "bundesland": "Oberösterreich",
                "city2": "Vöcklabruck",
                "city": "Attersee",
                "strasse": "Attergauerstraße 21",
                "date": "3.9.2025",
                "time": "6:17:54"
            }
        },
        {
            "type": "Feature",
            "geometry": {
                "type": "Point",
                "coordinates": [
                    13.98018,
                    48.15888
                ]
            },
            "properties": {
                "id": "INFT-CRFR9W",
                "name": "Turmöl Quick",
                "S98": "0",
                "S95": "1.483",
                "N": "0",
                "D": "1.483",
                "G": "0",
                "zip": "4600",
                "land": "at",
                "bundesland": "Oberösterreich",
                "city2": "Wels",
                "city": "Wels",
                "strasse": "Prillingerstraße 8",
                "date": "3.9.2025",
                "time": "6:17:37"
            }
        },
        {
            "type": "Feature",
            "geometry": {
                "type": "Point",
                "coordinates": [
                    14.63286,
                    46.63452
                ]
            },
            "properties": {
                "id": "INFT-CRRCEM",
                "name": "unisprit®",
                "S98": "0",
                "S95": "1.468",
                "N": "0",
                "D": "1.458",
                "G": "0",
                "zip": "9125",
                "land": "at",
                "bundesland": "Kärnten",
                "city2": "Völkermarkt",
                "city": "Kohldorf",
                "strasse": "Kohldorf 66",
                "date": "3.9.2025",
                "time": "6:17:6"
            }
        },
        {
            "type": "Feature",
            "geometry": {
                "type": "Point",
                "coordinates": [
                    14.41422,
                    47.15284
                ]
            },
            "properties": {
                "id": "INFT-CSHMTR",
                "name": "Turmöl",
                "S98": "0",
                "S95": "1.465",
                "N": "0",
                "D": "1.468",
                "G": "0",
                "zip": "8811",
                "land": "at",
                "bundesland": "Steiermark",
                "city2": "Murau",
                "city": "Scheifling ",
                "strasse": "Kärntner Straße 2",
                "date": "3.9.2025",
                "time": "6:18:11"
            }
        },
        {
            "type": "Feature",
            "geometry": {
                "type": "Point",
                "coordinates": [
                    16.80199,
                    47.76609
                ]
            },
            "properties": {
                "id": "INFT-CUGJWK",
                "name": "Turmöl Quick",
                "S98": "0",
                "S95": "1.47",
                "N": "0",
                "D": "0",
                "G": "0",
                "zip": "7142",
                "land": "at",
                "bundesland": "Burgenland",
                "city2": "Neusiedl am See",
                "city": "Illmitz",
                "strasse": "Obere Hauptstraße 67A",
                "date": "3.9.2025",
                "time": "6:16:56"
            }
        },
        {
            "type": "Feature",
            "geometry": {
                "type": "Point",
                "coordinates": [
                    15.65549,
                    46.71972
                ]
            },
            "properties": {
                "id": "INFT-CVLK28",
                "name": "Treibstoffparadies",
                "S98": "0",
                "S95": "1.456",
                "N": "0",
                "D": "1.458",
                "G": "0",
                "zip": "8472",
                "land": "at",
                "bundesland": "Steiermark",
                "city2": "Leibnitz",
                "city": "Oberschwarza",
                "strasse": "Industriezentrum Strass 3",
                "date": "3.9.2025",
                "time": "6:18:7"
            }
        },
        {
            "type": "Feature",
            "geometry": {
                "type": "Point",
                "coordinates": [
                    13.036477300015548,
                    48.2546850983996
                ]
            },
            "properties": {
                "id": "INFT-CWFFBN",
                "name": "M3 Braunau",
                "S98": "0",
                "S95": "1.464",
                "N": "0",
                "D": "1.479",
                "G": "0",
                "zip": "5280",
                "land": "at",
                "bundesland": "Oberösterreich",
                "city2": "Braunau",
                "city": "Braunau am Inn",
                "strasse": "Salzburger Str. 11",
                "date": "3.9.2025",
                "time": "6:17:38"
            }
        },
        {
            "type": "Feature",
            "geometry": {
                "type": "Point",
                "coordinates": [
                    15.41597,
                    47.05026
                ]
            },
            "properties": {
                "id": "INFT-CWJM9U",
                "name": "Turmöl Quick",
                "S98": "0",
                "S95": "1.437",
                "N": "0",
                "D": "1.438",
                "G": "0",
                "zip": "8053",
                "land": "at",
                "bundesland": "Steiermark",
                "city2": "Graz",
                "city": "Graz",
                "strasse": "Kärntner Straße 137",
                "date": "3.9.2025",
                "time": "6:18:3"
            }
        },
        {
            "type": "Feature",
            "geometry": {
                "type": "Point",
                "coordinates": [
                    15.700095,
                    47.110072
                ]
            },
            "properties": {
                "id": "INFT-CXKMLH",
                "name": "Rumpold",
                "S98": "0",
                "S95": "1.468",
                "N": "0",
                "D": "1.472",
                "G": "0",
                "zip": "8200",
                "land": "at",
                "bundesland": "Steiermark",
                "city2": "Weiz",
                "city": "Gleisdorf",
                "strasse": "Industriestraße 29",
                "date": "3.9.2025",
                "time": "6:18:14"
            }
        },
        {
            "type": "Feature",
            "geometry": {
                "type": "Point",
                "coordinates": [
                    14.42506,
                    47.139626
                ]
            },
            "properties": {
                "id": "INFT-CXTKVV",
                "name": "Rumpold",
                "S98": "0",
                "S95": "0",
                "N": "0",
                "D": "1.463",
                "G": "0",
                "zip": "8811",
                "land": "at",
                "bundesland": "Steiermark",
                "city2": "Murau",
                "city": "Scheifling",
                "strasse": "Puchfeld 1",
                "date": "3.9.2025",
                "time": "6:18:11"
            }
        },
        {
            "type": "Feature",
            "geometry": {
                "type": "Point",
                "coordinates": [
                    15.0383,
                    47.39393
                ]
            },
            "properties": {
                "id": "INFT-CXUHTH",
                "name": "Rumpold",
                "S98": "0",
                "S95": "0",
                "N": "0",
                "D": "1.449",
                "G": "0",
                "zip": "8792",
                "land": "at",
                "bundesland": "Steiermark",
                "city2": "Leoben",
                "city": "St. Peter Freienstein",
                "strasse": "Gewerbepark",
                "date": "3.9.2025",
                "time": "6:18:9"
            }
        },
        {
            "type": "Feature",
            "geometry": {
                "type": "Point",
                "coordinates": [
                    13.795488,
                    47.133005
                ]
            },
            "properties": {
                "id": "INFT-CXUKWD",
                "name": "Rumpold",
                "S98": "0",
                "S95": "0",
                "N": "0",
                "D": "1.499",
                "G": "0",
                "zip": "5580",
                "land": "at",
                "bundesland": "Salzburg",
                "city2": "Tamsweg",
                "city": "Tamsweg",
                "strasse": "Gewerbepark",
                "date": "3.9.2025",
                "time": "6:18:0"
            }
        },
        {
            "type": "Feature",
            "geometry": {
                "type": "Point",
                "coordinates": [
                    15.12984,
                    47.38481
                ]
            },
            "properties": {
                "id": "INFT-CXUMG8",
                "name": "Rumpold",
                "S98": "0",
                "S95": "0",
                "N": "0",
                "D": "1.449",
                "G": "0",
                "zip": "8700",
                "land": "at",
                "bundesland": "Steiermark",
                "city2": "Leoben",
                "city": "Leoben",
                "strasse": "Waltenbachstraße 9",
                "date": "3.9.2025",
                "time": "6:18:9"
            }
        },
        {
            "type": "Feature",
            "geometry": {
                "type": "Point",
                "coordinates": [
                    14.17749,
                    47.108763
                ]
            },
            "properties": {
                "id": "INFT-CXUQSA",
                "name": "Rumpold",
                "S98": "0",
                "S95": "0",
                "N": "0",
                "D": "1.479",
                "G": "0",
                "zip": "8850",
                "land": "at",
                "bundesland": "Steiermark",
                "city2": "Murau",
                "city": "Murau",
                "strasse": "Bahnhofviertel 9",
                "date": "3.9.2025",
                "time": "6:18:11"
            }
        },
        {
            "type": "Feature",
            "geometry": {
                "type": "Point",
                "coordinates": [
                    14.71354,
                    47.19517
                ]
            },
            "properties": {
                "id": "INFT-CYPHF2",
                "name": "Turmöl Quick",
                "S98": "0",
                "S95": "1.46",
                "N": "0",
                "D": "0",
                "G": "0",
                "zip": "8753",
                "land": "at",
                "bundesland": "Steiermark",
                "city2": "Judenburg",
                "city": "Fohnsdorf",
                "strasse": "Bundesstraße 33",
                "date": "3.9.2025",
                "time": "6:18:15"
            }
        },
        {
            "type": "Feature",
            "geometry": {
                "type": "Point",
                "coordinates": [
                    14.098398188615368,
                    47.10442914674201
                ]
            },
            "properties": {
                "id": "INFT-CZ6SPV",
                "name": "M3 Kreischberg mit moderner SB Waschanlage",
                "S98": "0",
                "S95": "1.494",
                "N": "0",
                "D": "0",
                "G": "0",
                "zip": "8861",
                "land": "at",
                "bundesland": "Steiermark",
                "city2": "Murau",
                "city": "Bundeststrasse 1",
                "strasse": "St. Georgen am Kreischberg",
                "date": "3.9.2025",
                "time": "6:18:12"
            }
        },
        {
            "type": "Feature",
            "geometry": {
                "type": "Point",
                "coordinates": [
                    15.60925,
                    48.04498
                ]
            },
            "properties": {
                "id": "INFT-D45GM8",
                "name": "Turmöl Quick",
                "S98": "0",
                "S95": "1.448",
                "N": "0",
                "D": "1.458",
                "G": "0",
                "zip": "3160",
                "land": "at",
                "bundesland": "Niederösterreich",
                "city2": "Lilienfeld",
                "city": "Traisen",
                "strasse": "Mariazellerstraße 33a",
                "date": "3.9.2025",
                "time": "6:17:22"
            }
        },
        {
            "type": "Feature",
            "geometry": {
                "type": "Point",
                "coordinates": [
                    16.80832,
                    48.016305
                ]
            },
            "properties": {
                "id": "INFT-D4ECEC",
                "name": "Rumpold",
                "S98": "0",
                "S95": "0",
                "N": "0",
                "D": "1.49",
                "G": "0",
                "zip": "2460",
                "land": "at",
                "bundesland": "Niederösterreich",
                "city2": "Bruck/Leitha",
                "city": "Bruckneudorf",
                "strasse": "Parndorfer Str. 173",
                "date": "3.9.2025",
                "time": "6:16:55"
            }
        },
        {
            "type": "Feature",
            "geometry": {
                "type": "Point",
                "coordinates": [
                    16.54572,
                    48.05747
                ]
            },
            "properties": {
                "id": "INFT-D6EEYD",
                "name": "Turmöl",
                "S98": "0",
                "S95": "1.467",
                "N": "0",
                "D": "0",
                "G": "0",
                "zip": "2435",
                "land": "at",
                "bundesland": "Niederösterreich",
                "city2": "Wien Umgebung",
                "city": "Ebergassing",
                "strasse": "Schwadorefer Str. 2216/3",
                "date": "3.9.2025",
                "time": "6:17:14"
            }
        },
        {
            "type": "Feature",
            "geometry": {
                "type": "Point",
                "coordinates": [
                    16.255484419,
                    47.91120325
                ]
            },
            "properties": {
                "id": "INFT-D6UCMQ",
                "name": "Rumpold",
                "S98": "0",
                "S95": "1.464",
                "N": "0",
                "D": "1.463",
                "G": "0",
                "zip": "2601",
                "land": "at",
                "bundesland": "Niederösterreich",
                "city2": "Wiener Neustadt Land",
                "city": "Sollenau",
                "strasse": "Industriestraße-Nord 1",
                "date": "3.9.2025",
                "time": "6:17:31"
            }
        },
        {
            "type": "Feature",
            "geometry": {
                "type": "Point",
                "coordinates": [
                    15.40896,
                    47.03413
                ]
            },
            "properties": {
                "id": "INFT-D7NESK",
                "name": "Turmöl Quick",
                "S98": "0",
                "S95": "1.437",
                "N": "0",
                "D": "1.438",
                "G": "0",
                "zip": "8054",
                "land": "at",
                "bundesland": "Steiermark",
                "city2": "Graz",
                "city": "Graz",
                "strasse": "Kärntnerstraße 291",
                "date": "3.9.2025",
                "time": "6:18:5"
            }
        },
        {
            "type": "Feature",
            "geometry": {
                "type": "Point",
                "coordinates": [
                    16.081523,
                    47.289223
                ]
            },
            "properties": {
                "id": "INFT-D7WPVH",
                "name": "Rumpold",
                "S98": "0",
                "S95": "1.482",
                "N": "0",
                "D": "1.464",
                "G": "0",
                "zip": "7411",
                "land": "at",
                "bundesland": "Burgenland",
                "city2": "Oberwart",
                "city": "Markt Allhau",
                "strasse": "Hauptstraße 5",
                "date": "3.9.2025",
                "time": "6:16:59"
            }
        },
        {
            "type": "Feature",
            "geometry": {
                "type": "Point",
                "coordinates": [
                    13.843557,
                    46.62369
                ]
            },
            "properties": {
                "id": "INFT-D8RJW9",
                "name": "Rumpold",
                "S98": "0",
                "S95": "1.452",
                "N": "0",
                "D": "1.452",
                "G": "0",
                "zip": "9500",
                "land": "at",
                "bundesland": "Kärnten",
                "city2": "Villach",
                "city": "Villach",
                "strasse": "Rennsteinerstraße 34",
                "date": "3.9.2025",
                "time": "6:17:1"
            }
        },
        {
            "type": "Feature",
            "geometry": {
                "type": "Point",
                "coordinates": [
                    13.849851,
                    46.597867
                ]
            },
            "properties": {
                "id": "INFT-D8SHCH",
                "name": "Rumpold",
                "S98": "0",
                "S95": "1.452",
                "N": "0",
                "D": "1.452",
                "G": "0",
                "zip": "9500",
                "land": "at",
                "bundesland": "Kärnten",
                "city2": "Villach",
                "city": "Villach",
                "strasse": "Karawankenweg 17",
                "date": "3.9.2025",
                "time": "6:17:1"
            }
        },
        {
            "type": "Feature",
            "geometry": {
                "type": "Point",
                "coordinates": [
                    13.173548978765615,
                    47.323801005828884
                ]
            },
            "properties": {
                "id": "INFT-D9PJ9M",
                "name": "M3 St. Veit im Pongau + Waschcenter",
                "S98": "0",
                "S95": "1.484",
                "N": "0",
                "D": "1.489",
                "G": "0",
                "zip": "5620",
                "land": "at",
                "bundesland": "Salzburg",
                "city2": "St. Johann",
                "city": "St. Veit im Pongau",
                "strasse": "Gewerbestraße 3",
                "date": "3.9.2025",
                "time": "6:17:59"
            }
        },
        {
            "type": "Feature",
            "geometry": {
                "type": "Point",
                "coordinates": [
                    16.28269,
                    47.84106
                ]
            },
            "properties": {
                "id": "INFT-D9VK4F",
                "name": "AVANTI - Eggendorf Pottendorferstraße 280",
                "S98": "0",
                "S95": "1.472",
                "N": "0",
                "D": "1.464",
                "G": "0",
                "zip": "2492",
                "land": "at",
                "bundesland": "Niederösterreich",
                "city2": "Wiener Neustadt Land",
                "city": "Eggendorf",
                "strasse": "Pottendorferstrasse 280",
                "date": "3.9.2025",
                "time": "6:17:31"
            }
        },
        {
            "type": "Feature",
            "geometry": {
                "type": "Point",
                "coordinates": [
                    16.294425,
                    48.373263
                ]
            },
            "properties": {
                "id": "INFT-DAB9U8",
                "name": "Disk TANKAUTOMAT",
                "S98": "0",
                "S95": "1.459",
                "N": "0",
                "D": "1.469",
                "G": "0",
                "zip": "2100",
                "land": "at",
                "bundesland": "Niederösterreich",
                "city2": "Korneuburg",
                "city": "Leobendorf",
                "strasse": "Schliebrückl 1",
                "date": "3.9.2025",
                "time": "6:17:20"
            }
        },
        {
            "type": "Feature",
            "geometry": {
                "type": "Point",
                "coordinates": [
                    10.75519214098416,
                    47.260076344836264
                ]
            },
            "properties": {
                "id": "INFT-DCX943",
                "name": "Shell Tarrenz",
                "S98": "0",
                "S95": "1.599",
                "N": "0",
                "D": "1.599",
                "G": "0",
                "zip": "6464",
                "land": "at",
                "bundesland": "Tirol",
                "city2": "Imst",
                "city": "Tarrenz",
                "strasse": "Hauptstrasse 78",
                "date": "3.9.2025",
                "time": "6:18:19"
            }
        },
        {
            "type": "Feature",
            "geometry": {
                "type": "Point",
                "coordinates": [
                    9.647535225531,
                    47.30430392473
                ]
            },
            "properties": {
                "id": "INFT-DE2KWF",
                "name": "M3 Klaus",
                "S98": "0",
                "S95": "1.479",
                "N": "0",
                "D": "0",
                "G": "0",
                "zip": "6833",
                "land": "at",
                "bundesland": "Vorarlberg",
                "city2": "Feldkirch",
                "city": "Klaus",
                "strasse": "Treietstraße 25",
                "date": "3.9.2025",
                "time": "6:18:31"
            }
        },
        {
            "type": "Feature",
            "geometry": {
                "type": "Point",
                "coordinates": [
                    16.16281215,
                    47.21238492
                ]
            },
            "properties": {
                "id": "INFT-DEBHYN",
                "name": "M3 Litzelsdorf",
                "S98": "0",
                "S95": "1.478",
                "N": "0",
                "D": "1.483",
                "G": "0",
                "zip": "7532",
                "land": "at",
                "bundesland": "Burgenland",
                "city2": "Oberwart",
                "city": "Litzelsdorf",
                "strasse": "Bundesstraße 2",
                "date": "3.9.2025",
                "time": "6:16:58"
            }
        },
        {
            "type": "Feature",
            "geometry": {
                "type": "Point",
                "coordinates": [
                    13.89951459464975,
                    46.65911309318108
                ]
            },
            "properties": {
                "id": "INFT-DFCMAA",
                "name": "Tankstelle Gerlitzen Kanzelbahn",
                "S98": "0",
                "S95": "1.464",
                "N": "0",
                "D": "1.464",
                "G": "0",
                "zip": "9520",
                "land": "at",
                "bundesland": "Kärnten",
                "city2": "Villach Land",
                "city": "Treffen am Ossiacher See",
                "strasse": "Kanzelplatz 5",
                "date": "3.9.2025",
                "time": "6:17:6"
            }
        },
        {
            "type": "Feature",
            "geometry": {
                "type": "Point",
                "coordinates": [
                    15.713338457124923,
                    47.098782082977664
                ]
            },
            "properties": {
                "id": "INFT-DFL9NE",
                "name": "No Name Diskonttankstelle ",
                "S98": "0",
                "S95": "1.468",
                "N": "0",
                "D": "1.472",
                "G": "0",
                "zip": "8200",
                "land": "at",
                "bundesland": "Steiermark",
                "city2": "Weiz",
                "city": "Gleisdorf",
                "strasse": "Neugasse 101",
                "date": "3.9.2025",
                "time": "6:18:14"
            }
        },
        {
            "type": "Feature",
            "geometry": {
                "type": "Point",
                "coordinates": [
                    14.819035,
                    46.943718
                ]
            },
            "properties": {
                "id": "INFT-DFLLC8",
                "name": "SOCAR Bad St. Leonhard",
                "S98": "0",
                "S95": "1.474",
                "N": "0",
                "D": "1.474",
                "G": "0",
                "zip": "9462",
                "land": "at",
                "bundesland": "Kärnten",
                "city2": "Wolfsberg",
                "city": "Bad St. Leonhard",
                "strasse": "Wiesenau 48",
                "date": "3.9.2025",
                "time": "6:17:7"
            }
        },
        {
            "type": "Feature",
            "geometry": {
                "type": "Point",
                "coordinates": [
                    14.57518,
                    46.61506
                ]
            },
            "properties": {
                "id": "INFT-DGFUAK",
                "name": "Turmöl Quick",
                "S98": "0",
                "S95": "1.469",
                "N": "0",
                "D": "0",
                "G": "0",
                "zip": "9122",
                "land": "at",
                "bundesland": "Kärnten",
                "city2": "Völkermarkt",
                "city": "St. Kanzian",
                "strasse": "Klopeiner Straße 6",
                "date": "3.9.2025",
                "time": "6:17:7"
            }
        },
        {
            "type": "Feature",
            "geometry": {
                "type": "Point",
                "coordinates": [
                    14.297910587963111,
                    46.60562449717631
                ]
            },
            "properties": {
                "id": "INFT-DH4J7W",
                "name": "Seebacher Tank- u. Waschcenter",
                "S98": "0",
                "S95": "1.439",
                "N": "0",
                "D": "1.419",
                "G": "0",
                "zip": "9020",
                "land": "at",
                "bundesland": "Kärnten",
                "city2": "Klagenfurt Land",
                "city": "Klagenfurt",
                "strasse": "Rosentalerstraße 168",
                "date": "3.9.2025",
                "time": "6:17:0"
            }
        },
        {
            "type": "Feature",
            "geometry": {
                "type": "Point",
                "coordinates": [
                    14.08657,
                    47.93028
                ]
            },
            "properties": {
                "id": "INFT-DHZLCH",
                "name": "AVIA Xpress (Automaten-Tankstelle)",
                "S98": "0",
                "S95": "1.474",
                "N": "0",
                "D": "1.464",
                "G": "0",
                "zip": "4565",
                "land": "at",
                "bundesland": "Keine Daten gefunden",
                "city2": "Keine Daten gefunden",
                "city": "Inzersdorf im Kremstal",
                "strasse": "Industriestraße 1a",
                "date": "3.9.2025",
                "time": "6:17:45"
            }
        },
        {
            "type": "Feature",
            "geometry": {
                "type": "Point",
                "coordinates": [
                    13.0032407,
                    46.6721177
                ]
            },
            "properties": {
                "id": "INFT-DHZV5G",
                "name": "Lagerhaus Tankstelle",
                "S98": "0",
                "S95": "1.54",
                "N": "0",
                "D": "1.54",
                "G": "0",
                "zip": "9640",
                "land": "at",
                "bundesland": "Kärnten",
                "city2": "Hermagor",
                "city": "Kötschach",
                "strasse": "Kötschach 153",
                "date": "3.9.2025",
                "time": "6:17:2"
            }
        },
        {
            "type": "Feature",
            "geometry": {
                "type": "Point",
                "coordinates": [
                    15.105846,
                    48.158543
                ]
            },
            "properties": {
                "id": "INFT-DK4DFY",
                "name": "JET TANKSTELLE",
                "S98": "0",
                "S95": "1.443",
                "N": "0",
                "D": "1.453",
                "G": "0",
                "zip": "3254",
                "land": "at",
                "bundesland": "Niederösterreich",
                "city2": "Melk",
                "city": "YBBS / BERGLAND",
                "strasse": "UNTEREGGING 21",
                "date": "3.9.2025",
                "time": "6:17:23"
            }
        }
    ]
}
