"unique_coord_key","lat_rounded","lon_rounded","source_count","sources","station_ids","station_names"
"40.0451011657715,15.609299659729",40.0451011657715,15.609299659729,1,"ARBÖ","INFT-D45GM8","Turm<U+00F6>l"
"46.4897994995117,14.5897998809814",46.4897994995117,14.5897998809814,1,"ARBÖ","INFT-CCASLJ","eni"
"46.5247001647949,14.1635999679565",46.5247001647949,14.1635999679565,2,"ARBÖ;ÖAMTC","INFT-AJKHQM;1140336","SOCAR Feistritz im Rosental;SOCAR"
"46.5279998779297,14.2918996810913",46.5279998779297,14.2918996810913,2,"ARBÖ;ÖAMTC","INFT-BFRAKN;1006377","BP;BP"
"46.5285987854004,14.2913999557495",46.5285987854004,14.2913999557495,1,"ARBÖ","INFT-CGGDBB","eni"
"46.5442008972168,13.6534996032715",46.5442008972168,13.6534996032715,1,"ARBÖ","INFT-CL3GDF","BP Tankstelle"
"46.546501159668,14.0622997283936",46.546501159668,14.0622997283936,1,"ARBÖ","INFT-AJJL4X","AVANTI - Sankt Jakob im Rosental 141"
"46.5516014099121,14.0490999221802",46.5516014099121,14.0490999221802,1,"ARBÖ","INFT-AJJUA9","Lagerhaus Tankstelle "
"46.5531997680664,13.6962003707886",46.5531997680664,13.6962003707886,1,"ARBÖ","INFT-AJJUAA","Maurer - Arnoldstein"
"46.5555000305176,13.7910995483398",46.5555000305176,13.7910995483398,1,"ARBÖ","INFT-CD4BXG","eni"
"46.5611000061035,13.9151000976562",46.5611000061035,13.9151000976562,1,"ARBÖ","INFT-AJJL56","Urschitz"
"46.565299987793,13.9186000823975",46.565299987793,13.9186000823975,2,"ARBÖ;ÖAMTC","INFT-AJJL54;1208376","SOCAR Faak am See;SOCAR"
"46.5662002563477,13.8221998214722",46.5662002563477,13.8221998214722,2,"ARBÖ;ÖAMTC","INFT-AJJL53;1209569","F. LEITNER - Kult 34;F. Leitner - Kult34"
"46.5791015625,13.9995002746582",46.5791015625,13.9995002746582,1,"ARBÖ","INFT-CEYEZY","Maurer - A11 Karawankenautobahn "
"46.5801010131836,13.6077003479004",46.5801010131836,13.6077003479004,2,"ARBÖ;ÖAMTC","INFT-ATLMUG;1208310","Turm<U+00F6>l Quick;Turm<U+00F6>l Quick"
"46.5834999084473,13.6107997894287",46.5834999084473,13.6107997894287,1,"ARBÖ","INFT-CCBJL6","eni"
"46.5858993530273,14.7953996658325",46.5858993530273,14.7953996658325,1,"ARBÖ","INFT-AJMGE2","ENI"
"46.5876998901367,14.1409997940063",46.5876998901367,14.1409997940063,1,"ARBÖ","INFT-CGGDBA","Tankshop Sabotnig"
"46.5900001525879,14.6377000808716",46.5900001525879,14.6377000808716,1,"ARBÖ","INFT-AJKHT8","Lagerhaus"
"46.5918998718262,14.2715997695923",46.5918998718262,14.2715997695923,1,"ARBÖ","INFT-ALU6VE","OMV - Viktring Keutschacher Stra<U+00DF>e 135"
"46.5928993225098,14.7947998046875",46.5928993225098,14.7947998046875,1,"ARBÖ","INFT-AJMGE3","Lagerhaus"
"46.5940017700195,13.8436002731323",46.5940017700195,13.8436002731323,1,"ARBÖ","INFT-AJJL58","Turm<U+00F6>l Quick"
"46.5971984863281,13.8386001586914",46.5971984863281,13.8386001586914,1,"ARBÖ","INFT-CCBDXT","Diskont Tankstelle"
"46.597900390625,13.8499002456665",46.597900390625,13.8499002456665,2,"ARBÖ;ÖAMTC","INFT-D8SHCH;1213980","Rumpold;Rumpold"
"46.597900390625,13.8500995635986",46.597900390625,13.8500995635986,1,"ARBÖ","INFT-CWBREM","Drautank Villach"
"46.598201751709,13.8489999771118",46.598201751709,13.8489999771118,2,"ARBÖ;JET","INFT-ATSHYF;dc2b8ef1de","JET TANKSTELLE;JET Tankstelle"
"46.6032981872559,13.8404998779297",46.6032981872559,13.8404998779297,2,"ARBÖ;ÖAMTC","INFT-CCC3DW;1208291","eni;Eni"
"46.6035003662109,14.2969999313354",46.6035003662109,14.2969999313354,2,"ARBÖ;ÖAMTC","INFT-CCT9YG;1208286","eni;Eni"
"46.6043014526367,13.8709001541138",46.6043014526367,13.8709001541138,1,"ARBÖ","INFT-AJJUAG","OMV - Villach Maria-Gailer-Stra<U+00DF>e 53"
"46.6043014526367,14.0353002548218",46.6043014526367,14.0353002548218,1,"ARBÖ","INFT-CCCDXR","eni"
"46.6046981811523,13.8649997711182",46.6046981811523,13.8649997711182,1,"ARBÖ","INFT-AJJUAH","BP"
"46.605598449707,14.2979001998901",46.605598449707,14.2979001998901,2,"ARBÖ;ÖAMTC","INFT-DH4J7W;1214108","Seebacher Tank- u. Waschcenter;Tank- und Waschcenter Seebacher"
"46.6057014465332,14.2979001998901",46.6057014465332,14.2979001998901,1,"ARBÖ","INFT-ARPBYL","Shell Klagenfurt"
"46.6060981750488,14.309100151062",46.6060981750488,14.309100151062,1,"ARBÖ","INFT-CCT9YF","eni"
"46.6063995361328,14.2892999649048",46.6063995361328,14.2892999649048,2,"ARBÖ;JET","INFT-ATSHX4;68a717b509","JET TANKSTELLE;JET Tankstelle"
"46.6068992614746,14.3044996261597",46.6068992614746,14.3044996261597,1,"ARBÖ","INFT-AJKA78","Unser Lagerhaus"
"46.6074981689453,13.8414001464844",46.6074981689453,13.8414001464844,1,"ARBÖ","INFT-AJLA24","SOCAR TankAUTOMAT Villach"
"46.6081008911133,14.3301000595093",46.6081008911133,14.3301000595093,1,"ARBÖ","INFT-CCRE4F","Diskont Tankstelle"
"46.6081008911133,14.3542003631592",46.6081008911133,14.3542003631592,2,"ARBÖ;JET","INFT-ATSHX5;118fda48d1","JET TANKSTELLE;JET Tankstelle"
"46.608699798584,14.2993001937866",46.608699798584,14.2993001937866,1,"ARBÖ","INFT-AJJU64","Turm<U+00F6>l Quick"
"46.6091003417969,14.3302001953125",46.6091003417969,14.3302001953125,1,"ARBÖ","INFT-C98E45","Turm<U+00F6>l"
"46.6113014221191,13.8330001831055",46.6113014221191,13.8330001831055,2,"ARBÖ;ÖAMTC","INFT-AJJL57;1075820","Magistrat Stadt Villach;MA Villach Tankstelle"
"46.6115989685059,13.8563003540039",46.6115989685059,13.8563003540039,2,"ARBÖ;ÖAMTC","INFT-AJJUAJ;1201620","BP;BP"
"46.6119995117188,14.3006000518799",46.6119995117188,14.3006000518799,3,"ARBÖ;ÖAMTC;JET","INFT-ATSHX3;1099199;ce2eb51b52","JET TANKSTELLE;JET;JET Tankstelle"
"46.6128005981445,14.6045999526978",46.6128005981445,14.6045999526978,2,"ARBÖ;ÖAMTC","INFT-AJJLBX;1209570","Turm<U+00F6>l;Turm<U+00F6>l"
"46.6133995056152,13.8380002975464",46.6133995056152,13.8380002975464,1,"ARBÖ","INFT-AJKA86","F. LEITNER - Spar Express"
"46.6137008666992,14.0357999801636",46.6137008666992,14.0357999801636,1,"ARBÖ","INFT-CCCDXQ","eni"
"46.6151008605957,14.5752000808716",46.6151008605957,14.5752000808716,2,"ARBÖ;ÖAMTC","INFT-DGFUAK;1214100","Turm<U+00F6>l Quick;Turm<U+00F6>l Quick"
"46.6167984008789,13.8791999816895",46.6167984008789,13.8791999816895,1,"ARBÖ","INFT-AJJL5A","Lagerhaus"
"46.6178016662598,13.8606004714966",46.6178016662598,13.8606004714966,1,"ARBÖ","INFT-CCC3DV","eni"
"46.6178016662598,13.9562997817993",46.6178016662598,13.9562997817993,1,"ARBÖ","INFT-AJJL4Z","AVANTI - Wernberg Bundesstra<U+00DF>e 23"
"46.6180000305176,14.0502004623413",46.6180000305176,14.0502004623413,2,"ARBÖ;ÖAMTC","INFT-ASYGC4;1209852","Turm<U+00F6>l Quick;Turm<U+00F6>l Quick"
"46.6198997497559,14.2825002670288",46.6198997497559,14.2825002670288,1,"ARBÖ","INFT-CE3HQP","eni"
"46.6204986572266,14.2686996459961",46.6204986572266,14.2686996459961,1,"ARBÖ","INFT-AJJKRH","AVANTI - Klagenfurt Kohldorferstra<U+00DF>e 101"
"46.6206016540527,14.3042001724243",46.6206016540527,14.3042001724243,2,"ARBÖ;ÖAMTC","INFT-AK3KDA;1160073","Shell Austria;Shell"
"46.6217994689941,14.4489002227783",46.6217994689941,14.4489002227783,1,"ARBÖ","INFT-AJKHQJ","Lagerhaus"
"46.6230010986328,14.3207998275757",46.6230010986328,14.3207998275757,1,"ARBÖ","INFT-AJML7A","Lagerhaus"
"46.6232986450195,14.2838001251221",46.6232986450195,14.2838001251221,2,"ARBÖ;ÖAMTC","INFT-B2S838;1000069","Shell Austria;Shell"
"46.6236000061035,13.8436002731323",46.6236000061035,13.8436002731323,1,"ARBÖ","INFT-CWBREN","Wings Lind Villach"
"46.6236991882324,13.8436002731323",46.6236991882324,13.8436002731323,2,"ARBÖ;ÖAMTC","INFT-D8RJW9;1213976","Rumpold;Rumpold"
"46.6242980957031,13.9359998703003",46.6242980957031,13.9359998703003,1,"ARBÖ","INFT-AJJL55","Lagerhaus"
"46.6245994567871,14.6333999633789",46.6245994567871,14.6333999633789,1,"ARBÖ","INFT-AJJLBT","Krois Diskont Clever Tanken"
"46.6251983642578,13.8218002319336",46.6251983642578,13.8218002319336,2,"ARBÖ;ÖAMTC","INFT-BYBJGD;1210751","Turm<U+00F6>l Quick;Turm<U+00F6>l Quick"
"46.6254997253418,14.302300453186",46.6254997253418,14.302300453186,2,"ARBÖ;ÖAMTC","INFT-C92SS5;1211097","Turm<U+00F6>l;Turm<U+00F6>l"
"46.6254997253418,14.3404998779297",46.6254997253418,14.3404998779297,1,"ARBÖ","INFT-C92SS4","Turm<U+00F6>l"
"46.6259002685547,13.8754997253418",46.6259002685547,13.8754997253418,1,"ARBÖ","INFT-AJKBDV","SOCAR Landskron"
"46.6267013549805,14.2080001831055",46.6267013549805,14.2080001831055,1,"ARBÖ","INFT-AJKHQN","SOCAR Krumpendorf"
"46.6273994445801,13.2541999816895",46.6273994445801,13.2541999816895,1,"ARBÖ","INFT-AZ8HFU","BP Tankstelle Brandner KG"
"46.6276016235352,13.8801002502441",46.6276016235352,13.8801002502441,1,"ARBÖ","INFT-AJKHSL","Lagerh"
"46.6283988952637,13.2524003982544",46.6283988952637,13.2524003982544,2,"ARBÖ;ÖAMTC","INFT-AJJKS9;1201506","eni/Zankl GmbH;Eni"
"46.6287002563477,13.3779001235962",46.6287002563477,13.3779001235962,1,"ARBÖ","INFT-AJJKSC","Genol"
"46.6287002563477,13.4751996994019",46.6287002563477,13.4751996994019,1,"ARBÖ","INFT-CCAJSG","eni"
"46.6291999816895,14.4134998321533",46.6291999816895,14.4134998321533,2,"ARBÖ;ÖAMTC","INFT-AJKHQL;1140335","SOCAR Grafenstein;SOCAR"
"46.6296005249023,13.3788003921509",46.6296005249023,13.3788003921509,1,"ARBÖ","INFT-AJJKSA","OMV - Hermagor Gailtalstra<U+00DF>e 12"
"46.6301002502441,14.3563003540039",46.6301002502441,14.3563003540039,2,"ARBÖ;ÖAMTC","INFT-C89KHU;1211069","Rumpold;Rumpold"
"46.630199432373,14.0942001342773",46.630199432373,14.0942001342773,1,"ARBÖ","INFT-CGH26A","eni"
"46.6315002441406,13.8246002197266",46.6315002441406,13.8246002197266,2,"ARBÖ;JET","INFT-ATSHYE;e2cdf3cd36","JET TANKSTELLE;JET Tankstelle"
"46.6315994262695,13.8263998031616",46.6315994262695,13.8263998031616,1,"ARBÖ","INFT-CCRE4G","Diskont Tankstelle"
"46.6319999694824,13.8241996765137",46.6319999694824,13.8241996765137,1,"ARBÖ","INFT-CCC7SA","eni"
"46.6344985961914,14.6329002380371",46.6344985961914,14.6329002380371,1,"ARBÖ","INFT-CRRCEM","unisprit<U+00AE>"
"46.6348991394043,14.3706998825073",46.6348991394043,14.3706998825073,3,"ARBÖ;ÖAMTC;JET","INFT-ATSHX2;1099198;8f58fb68e4","JET TANKSTELLE;JET;JET Tankstelle"
"46.635799407959,14.5411996841431",46.635799407959,14.5411996841431,1,"ARBÖ","INFT-B26EGG","Supantschitsch Anna-Carina Turm<U+00F6>l Tankstelle"
"46.6358985900879,14.3118000030518",46.6358985900879,14.3118000030518,1,"ARBÖ","INFT-CCXMLF","eni"
"46.6358985900879,14.3126001358032",46.6358985900879,14.3126001358032,1,"ARBÖ","INFT-AJMGD8","SOCAR Klagenfurt-St.Veiter-Stra<U+00DF>e"
"46.6363983154297,13.8145999908447",46.6363983154297,13.8145999908447,1,"ARBÖ","INFT-AYTHWF","Diskont Tankstelle Langauen "
"46.6366996765137,14.1371002197266",46.6366996765137,14.1371002197266,1,"ARBÖ","INFT-AS8L5X","OMV - P<U+00F6>rtschach Hauptstra<U+00DF>e 232"
"46.6372985839844,14.3311996459961",46.6372985839844,14.3311996459961,2,"ARBÖ;ÖAMTC","INFT-DHDERH;1214116","M3 Tankstelle mit WASCHCENTER ;M3 WASCHCENTER"
"46.6374015808105,14.3311996459961",46.6374015808105,14.3311996459961,2,"ARBÖ;ÖAMTC","INFT-C7XHTJ;1211053","Rumpold;Rumpold"
"46.6379013061523,14.3332004547119",46.6379013061523,14.3332004547119,2,"ARBÖ;ÖAMTC","INFT-AJKHQH;1160056","SOCAR Klagenfurt-Pischeldorferstra<U+00DF>e;SOCAR"
"46.6379013061523,14.3708000183105",46.6379013061523,14.3708000183105,1,"ARBÖ","INFT-AJJKRK","avanti - Klagenfurt G<U+00F6>rtschitztal Stra<U+00DF>e 22"
"46.6395988464355,14.4509000778198",46.6395988464355,14.4509000778198,1,"ARBÖ","INFT-AP8FKB","OMV - Grafenstein Dolina 36"
"46.6404991149902,14.291600227356",46.6404991149902,14.291600227356,2,"ARBÖ;JET","INFT-ATSHWZ;e7ca0c90fc","JET TANKSTELLE;JET Tankstelle"
"46.6408004760742,14.9474000930786",46.6408004760742,14.9474000930786,2,"ARBÖ;ÖAMTC","INFT-AJRG7N;1201616","Lagerhaus;Lagerhaus"
"46.6412010192871,14.4496002197266",46.6412010192871,14.4496002197266,2,"ARBÖ;ÖAMTC","INFT-CGGDB9;1210797","TurboSprit<U+00AE>;TurboSprit<U+00AE>"
"46.6426010131836,13.1795997619629",46.6426010131836,13.1795997619629,1,"ARBÖ","INFT-CNGCNU","SOCAR Schwarz - Kirchbach im Gailtal"
"46.6441993713379,14.3149995803833",46.6441993713379,14.3149995803833,1,"ARBÖ","INFT-CCXMLE","eni"
"46.649299621582,14.2843999862671",46.649299621582,14.2843999862671,1,"ARBÖ","INFT-CCLG23","Diskont Tankstelle"
"46.6514015197754,13.874400138855",46.6514015197754,13.874400138855,1,"ARBÖ","INFT-CCRE4J","Diskont Tankstelle"
"46.6531982421875,14.3134002685547",46.6531982421875,14.3134002685547,2,"ARBÖ;ÖAMTC","INFT-C9BBGS;1211093","Turm<U+00F6>l;Turm<U+00F6>l"
"46.6534004211426,14.3138999938965",46.6534004211426,14.3138999938965,2,"ARBÖ;ÖAMTC","INFT-AJJKRF;1015019","AVANTI - Klagenfurt St.Veiter Stra<U+00DF>e 258;Avanti"
"46.6538009643555,14.2805004119873",46.6538009643555,14.2805004119873,1,"ARBÖ","INFT-AJJKRG","AVANTI - Klagenfurt Feldkirchnerstra<U+00DF>e 275"
"46.657600402832,14.6134004592896",46.657600402832,14.6134004592896,1,"ARBÖ","INFT-AJJLC2","Rudolf GmbH"
"46.6590003967285,14.1770000457764",46.6590003967285,14.1770000457764,1,"ARBÖ","INFT-ATLKD5","Turm<U+00F6>l Quick"
"46.6590995788574,13.8989000320435",46.6590995788574,13.8989000320435,1,"ARBÖ","INFT-AJSGFR","Shell Sattendorf/Annenheim"
"46.6590995788574,13.8994998931885",46.6590995788574,13.8994998931885,2,"ARBÖ;ÖAMTC","INFT-DFCMAA;1214076","Tankstelle Gerlitzen Kanzelbahn;Tankstelle Gerlitzen Kanzelbahn"
"46.6593017578125,14.6173000335693",46.6593017578125,14.6173000335693,1,"ARBÖ","INFT-CCEH93","eni"
"46.6613998413086,15.470100402832",46.6613998413086,15.470100402832,1,"ARBÖ","INFT-AJJKN2","Turm<U+00F6>l Quick"
"46.6623992919922,14.6266002655029",46.6623992919922,14.6266002655029,1,"ARBÖ","INFT-AJL6Z5","Shell Austria"
"46.6631011962891,14.6218004226685",46.6631011962891,14.6218004226685,2,"ARBÖ;JET","INFT-BJRTUP;21efcb25c4","JET TANKSTELLE;JET Tankstelle"
"46.663200378418,14.6288995742798",46.663200378418,14.6288995742798,1,"ARBÖ","INFT-AYTKDK","Turm<U+00F6>l Quick"
"46.6655006408691,12.9982995986938",46.6655006408691,12.9982995986938,1,"ARBÖ","INFT-CCAJSF","eni"
"46.665599822998,14.6354999542236",46.665599822998,14.6354999542236,1,"ARBÖ","INFT-B27GKE","Unser Lagerhaus Tankstelle"
"46.6721000671387,13.0031995773315",46.6721000671387,13.0031995773315,1,"ARBÖ","INFT-AJJKS7","Lagerhaus Tankstelle"
"46.6733016967773,13.0016002655029",46.6733016967773,13.0016002655029,2,"ARBÖ;ÖAMTC","INFT-CMWG64;1207925","One1 Tankstelle K<U+00F6>tschach;IQ Stiglechner"
"46.6735000610352,14.4201002120972",46.6735000610352,14.4201002120972,1,"ARBÖ","INFT-AJKHQE","Lagerhaus"
"46.679500579834,13.9684000015259",46.679500579834,13.9684000015259,1,"ARBÖ","INFT-C9MSHP","Turm<U+00F6>l Quick"
"46.6799011230469,15.4012002944946",46.6799011230469,15.4012002944946,2,"ARBÖ;ÖAMTC","INFT-AJNEQV;1208486","SOCAR Arnfels;SOCAR"
"46.6813011169434,14.6785001754761",46.6813011169434,14.6785001754761,1,"ARBÖ","INFT-CMDSQA","OMV Fast Lane - St. Jakob - Packerstra<U+00DF>e 3"
"46.6860008239746,15.3572998046875",46.6860008239746,15.3572998046875,2,"ARBÖ;ÖAMTC","INFT-AJVG65;1208893","LH Unterhaag;Lagerhaus"
"46.689998626709,13.6800003051758",46.689998626709,13.6800003051758,1,"ARBÖ","INFT-ASP3S7","ENI"
"46.6946983337402,14.1256999969482",46.6946983337402,14.1256999969482,1,"ARBÖ","INFT-AJJL7T","Moser Tankstelle Feldkirchen"
"46.69580078125,14.7369003295898",46.69580078125,14.7369003295898,2,"ARBÖ;ÖAMTC","INFT-CAMTUQ;1211393","Turm<U+00F6>l;Turm<U+00F6>l"
"46.69580078125,15.6378002166748",46.69580078125,15.6378002166748,1,"ARBÖ","INFT-CPRGBG","Ismaili Mefail"
"46.6999015808105,14.0164003372192",46.6999015808105,14.0164003372192,2,"ARBÖ;ÖAMTC","INFT-AJJL7S;1133810","Turm<U+00F6>l - Steindorf, Bundesstr. 2;Turm<U+00F6>l Quick"
"46.7025985717773,14.7285003662109",46.7025985717773,14.7285003662109,1,"ARBÖ","INFT-AJJLBS","avanti - Griffen"
"46.7066993713379,15.6338996887207",46.7066993713379,15.6338996887207,2,"ARBÖ;ÖAMTC","INFT-BBAJQA;1210267","avanti - Spielfeld Oberst Perle<U+00DF> Stra<U+00DF>e 9;Avanti"
"46.7080001831055,14.8663997650146",46.7080001831055,14.8663997650146,1,"ARBÖ","INFT-AJL6YJ","Raiff. Lagerhaus St. Paul"
"46.7085990905762,13.6695995330811",46.7085990905762,13.6695995330811,1,"ARBÖ","INFT-AJJL52","Lagerhaus"
"46.7193984985352,15.2602996826172",46.7193984985352,15.2602996826172,1,"ARBÖ","INFT-AJL3AL","LH Wies"
"46.7196998596191,15.6555004119873",46.7196998596191,15.6555004119873,2,"ARBÖ;ÖAMTC","INFT-CVLK28;1213473","Treibstoffparadies;Treibstoffparadies Kohlhammer"
"46.7200012207031,15.5854997634888",46.7200012207031,15.5854997634888,2,"ARBÖ;ÖAMTC","INFT-BEBEZA;1208650","LH Ehrenhausen;Lagerhaus"
"46.7207984924316,15.5566997528076",46.7207984924316,15.5566997528076,2,"ARBÖ;ÖAMTC","INFT-CW5JPR;1213489","M3 Gamlitz;M3 Tankstelle"
"46.7215995788574,14.1021995544434",46.7215995788574,14.1021995544434,1,"ARBÖ","INFT-AJJL7Q",""
"46.7221984863281,14.0988998413086",46.7221984863281,14.0988998413086,2,"ARBÖ;ÖAMTC","INFT-BBCK28;1210275"," AVIA Xpress (Automaten-Tankstelle);Avia XPress"
"46.7224006652832,13.2600002288818",46.7224006652832,13.2600002288818,2,"ARBÖ;ÖAMTC","INFT-AJLGCN;1209478","SOCAR Weissensee;SOCAR"
"46.7229995727539,14.0968999862671",46.7229995727539,14.0968999862671,1,"ARBÖ","INFT-AJKA8F","OMV - Feldkirchen 10. Oktober-Stra<U+00DF>e 23"
"46.7229995727539,15.2784996032715",46.7229995727539,15.2784996032715,1,"ARBÖ","INFT-AJL3AM","Hochkofler - Freie Tankstelle"
"46.7262001037598,14.0897998809814",46.7262001037598,14.0897998809814,1,"ARBÖ","INFT-AJJL7P","SOCAR Feldkirchen"
"46.7268981933594,14.0901002883911",46.7268981933594,14.0901002883911,1,"ARBÖ","INFT-AJJL7V","Shell Austria"
"46.7276000976562,13.7854995727539",46.7276000976562,13.7854995727539,1,"ARBÖ","INFT-B7CF6L","BP"
"46.7294998168945,15.6161003112793",46.7294998168945,15.6161003112793,1,"ARBÖ","INFT-CCMM5F","eni"
"46.7321014404297,14.0937995910645",46.7321014404297,14.0937995910645,2,"ARBÖ;JET","INFT-C6P6M8;d8f9d553ef","JET TANKSTELLE;JET Tankstelle"
"46.7337989807129,14.1559000015259",46.7337989807129,14.1559000015259,1,"ARBÖ","INFT-AJJL7N","Turm<U+00F6>l Quick"
"46.7360992431641,15.4443998336792",46.7360992431641,15.4443998336792,1,"ARBÖ","INFT-CJQMNB","M3 Gro<U+00DF>klein + Waschcenter"
"46.7374992370605,14.2857999801636",46.7374992370605,14.2857999801636,1,"ARBÖ","INFT-CCALZB","eni"
"46.738899230957,15.6022996902466",46.738899230957,15.6022996902466,1,"ARBÖ","INFT-AJJU4U","F. LEITNER"
"46.7402000427246,12.3752002716064",46.7402000427246,12.3752002716064,2,"ARBÖ;ÖAMTC","INFT-AWFENM;1137796","OMV - Sillian Arnbach 75b;OMV"
"46.7403984069824,12.3739004135132",46.7403984069824,12.3739004135132,1,"ARBÖ","INFT-AMEE84","BP"
"46.7414016723633,15.6049995422363",46.7414016723633,15.6049995422363,2,"ARBÖ;JET","INFT-C75F86;cc5f3fec58","JET TANKSTELLE;JET Tankstelle"
"46.7419013977051,13.1301002502441",46.7419013977051,13.1301002502441,2,"ARBÖ;ÖAMTC","INFT-B322DV;1210072","Disk TANKAUTOMAT;Disk"
"46.7429008483887,13.184700012207",46.7429008483887,13.184700012207,1,"ARBÖ","INFT-AK2GF6","Lagerhaus"
"46.7430992126465,12.3872003555298",46.7430992126465,12.3872003555298,2,"ARBÖ;ÖAMTC","INFT-CEZF6K;1212785","Disk Sillian-Arnbach;Disk"
"46.7448997497559,14.8228998184204",46.7448997497559,14.8228998184204,1,"ARBÖ","INFT-AJKLLP","OMV - Sankt Andr<U+00E4> Framrach 17"
"46.7461013793945,14.5310001373291",46.7461013793945,14.5310001373291,1,"ARBÖ","INFT-AJLGCM","BP"
"46.7467994689941,14.5313997268677",46.7467994689941,14.5313997268677,1,"ARBÖ","INFT-BK2G8M","F. LEITNER - Br<U+00FC>ckl"
"46.7473983764648,15.326000213623",46.7473983764648,15.326000213623,1,"ARBÖ","INFT-C3ULJ6","ENI - ERHART SB-Center Graschach"
"46.7482986450195,12.4530000686646",46.7482986450195,12.4530000686646,1,"ARBÖ","INFT-CE7TBG","Diskont Tankstelle"
"46.7486991882324,15.347900390625",46.7486991882324,15.347900390625,2,"ARBÖ;ÖAMTC","INFT-CDVEXK;1212721","F. LEITNER;F. Leitner "
"46.7487983703613,12.4638004302979",46.7487983703613,12.4638004302979,1,"ARBÖ","INFT-BZ7GHB","Eni Sillian"
"46.749698638916,12.4422998428345",46.749698638916,12.4422998428345,2,"ARBÖ;ÖAMTC","INFT-APNBLK;1209797","Shell Austria;Shell"
"46.7515983581543,14.8221998214722",46.7515983581543,14.8221998214722,2,"ARBÖ;JET","INFT-ATSHWR;9c2e6457c7","JET TANKSTELLE;JET Tankstelle"
"46.7521018981934,14.0350999832153",46.7521018981934,14.0350999832153,1,"ARBÖ","INFT-AJLMYV","BP"
"46.7532997131348,13.2475004196167",46.7532997131348,13.2475004196167,1,"ARBÖ","INFT-AJJU6A","Gutmann ENI TANKAUTOMAT"
"46.7541999816895,15.3650999069214",46.7541999816895,15.3650999069214,1,"ARBÖ","INFT-BTJMQC","F. LEITNER"
"46.7549018859863,15.3604001998901",46.7549018859863,15.3604001998901,2,"ARBÖ;ÖAMTC","INFT-ANAEJF;1208890","LH Gleinst<U+00E4>tten;Lagerhaus"
"46.7575988769531,15.3746004104614",46.7575988769531,15.3746004104614,2,"ARBÖ;ÖAMTC","INFT-CL3CTZ;1213153","Rumpold;Rumpold"
"46.7577018737793,15.62380027771",46.7577018737793,15.62380027771,1,"ARBÖ","INFT-AJJU4T","Rumpold"
"46.7584991455078,14.8464002609253",46.7584991455078,14.8464002609253,1,"ARBÖ","INFT-AJJKP9","Landesprodukte Scheiber"
"46.7584991455078,15.4462003707886",46.7584991455078,15.4462003707886,1,"ARBÖ","INFT-CW9CPA","M3 Fresing"
"46.7597999572754,14.3471002578735",46.7597999572754,14.3471002578735,2,"ARBÖ;JET","INFT-ATSHX6;d11dbb3a70","JET TANKSTELLE;JET Tankstelle"
"46.7601013183594,15.2069997787476",46.7601013183594,15.2069997787476,1,"ARBÖ","INFT-AJJKWM","SOCAR Schwanberg"
"46.7606010437012,13.5803003311157",46.7606010437012,13.5803003311157,2,"ARBÖ;ÖAMTC","INFT-AJJUAC;1209477","Diesel;Lagerhaus"
"46.7610015869141,14.3662996292114",46.7610015869141,14.3662996292114,1,"ARBÖ","INFT-AJKA7D","avanti - Sankt Veit an der Glan Klagenfurter Stra<U+00DF>e 78"
"46.761100769043,15.2177000045776",46.761100769043,15.2177000045776,1,"ARBÖ","INFT-AT3FUX","Tankstelle Koch GmbH"
"46.7616004943848,15.4013004302979",46.7616004943848,15.4013004302979,1,"ARBÖ","INFT-B57FN3","ENI"
"46.7625007629395,14.3577995300293",46.7625007629395,14.3577995300293,2,"ARBÖ;ÖAMTC","INFT-AJJKRP;1130096","Lagerhaus;Lagerhaus"
"46.763801574707,15.5803003311157",46.763801574707,15.5803003311157,1,"ARBÖ","INFT-B8WJTN","OMV - Landscha an der Mur 50"
"46.7645988464355,15.4945001602173",46.7645988464355,15.4945001602173,1,"ARBÖ","INFT-BZNFAK","Shell"
"46.7658996582031,14.3659000396729",46.7658996582031,14.3659000396729,1,"ARBÖ","INFT-AJJKRS","OMV - Sankt Veit an der Glan Lastenstra<U+00DF>e 38"
"46.766300201416,14.3770999908447",46.766300201416,14.3770999908447,1,"ARBÖ","INFT-C9NKVH","Turm<U+00F6>l"
"46.7685012817383,15.2363004684448",46.7685012817383,15.2363004684448,2,"ARBÖ;ÖAMTC","INFT-AJK39Z;1208894","LH Trag;Lagerhaus"
"46.7724990844727,14.3670997619629",46.7724990844727,14.3670997619629,1,"ARBÖ","INFT-AJKTMQ","BP"
"46.7725982666016,15.5545997619629",46.7725982666016,15.5545997619629,1,"ARBÖ","INFT-AJKA6T","Diskont Neubauer"
"46.7827987670898,13.5343999862671",46.7827987670898,13.5343999862671,1,"ARBÖ","INFT-AKBFBB","BP Spittal/Drau "
"46.7837982177734,15.5426998138428",46.7837982177734,15.5426998138428,1,"ARBÖ","INFT-AJKA6U","Treibstoffparadies"
"46.7863006591797,13.5223999023438",46.7863006591797,13.5223999023438,2,"ARBÖ;ÖAMTC","INFT-CANNND;1211365","Turm<U+00F6>l;Turm<U+00F6>l"
"46.7871017456055,14.8506002426147",46.7871017456055,14.8506002426147,2,"ARBÖ;ÖAMTC","INFT-AJJKPA;1201358","GUTSCHE;Tankstelle Gutsche"
"46.7872009277344,13.5178003311157",46.7872009277344,13.5178003311157,1,"ARBÖ","INFT-CCRE4H","Diskont Tankstelle"
"46.7915000915527,13.5104999542236",46.7915000915527,13.5104999542236,3,"ARBÖ;ÖAMTC;JET","INFT-ATSMQC;1099205;2d70e279c9","JET TANKSTELLE;JET;JET Tankstelle"
"46.7915992736816,13.5095996856689",46.7915992736816,13.5095996856689,1,"ARBÖ","INFT-AJJU69","OMV - Spittal an der Drau Villacher Stra<U+00DF>e 50"
"46.7919006347656,13.5082998275757",46.7919006347656,13.5082998275757,1,"ARBÖ","INFT-CCAJSH","eni24"
"46.7941017150879,15.5383996963501",46.7941017150879,15.5383996963501,2,"ARBÖ;ÖAMTC","INFT-AJJKN7;1000810","SOCAR Kaindorf;SOCAR"
"46.7976989746094,15.5566997528076",46.7976989746094,15.5566997528076,1,"ARBÖ","INFT-CCSFT4","Diskont Tankstelle"
"46.7984008789062,13.6962003707886",46.7984008789062,13.6962003707886,1,"ARBÖ","INFT-AJJKS2","Turm<U+00F6>l Quick"
"46.7984008789062,13.7103996276855",46.7984008789062,13.7103996276855,1,"ARBÖ","INFT-CCDSMJ","eni"
"46.7994003295898,13.6877002716064",46.7994003295898,13.6877002716064,1,"ARBÖ","INFT-CUJJQX","BACHER HERBERT"
"46.8008003234863,13.4916000366211",46.8008003234863,13.4916000366211,1,"ARBÖ","INFT-CCHHT8","eni"
"46.8009986877441,14.4024000167847",46.8009986877441,14.4024000167847,1,"ARBÖ","INFT-AJJKRU","Steindorfer Mail"
"46.8042984008789,15.555700302124",46.8042984008789,15.555700302124,1,"ARBÖ","INFT-AJJKN6","Hirschmugl"
"46.8045997619629,15.5574998855591",46.8045997619629,15.5574998855591,2,"ARBÖ;JET","INFT-ATSMQ6;495d2c2e05","JET TANKSTELLE;JET Tankstelle"
"46.8055000305176,15.5600996017456",46.8055000305176,15.5600996017456,1,"ARBÖ","INFT-CFV9VP","eni"
"46.8063011169434,13.484299659729",46.8063011169434,13.484299659729,1,"ARBÖ","INFT-AJJKRX","F. LEITNER"
"46.8143997192383,15.5490999221802",46.8143997192383,15.5490999221802,2,"ARBÖ;ÖAMTC","INFT-BLKG9F;1003000","S1 Tankstelle Sunko GmbH;Tankstelle Sunko"
"46.8144989013672,13.8006000518799",46.8144989013672,13.8006000518799,1,"ARBÖ","INFT-AY6EAV","Hans MAIER"
"46.8153991699219,15.2180004119873",46.8153991699219,15.2180004119873,1,"ARBÖ","INFT-AY92H5","EMSI OIL"
"46.8160018920898,15.4619998931885",46.8160018920898,15.4619998931885,1,"ARBÖ","INFT-CWBRF5","M3 Oberjahring"
"46.8166007995605,13.5101003646851",46.8166007995605,13.5101003646851,2,"ARBÖ;ÖAMTC","INFT-C4JMDB;1210947","BP;BP LM Energy"
"46.8171005249023,13.5110998153687",46.8171005249023,13.5110998153687,1,"ARBÖ","INFT-AW6U3E","OMV - Seeboden Hauptstra<U+00DF>e 39"
"46.817699432373,13.8600997924805",46.817699432373,13.8600997924805,2,"ARBÖ;ÖAMTC","INFT-B33FQH;1210080","Turm<U+00F6>l Quick;Turm<U+00F6>l Quick"
"46.8186988830566,15.227499961853",46.8186988830566,15.227499961853,1,"ARBÖ","INFT-AMBF5Y","Turm<U+00F6>l Quick"
"46.8194007873535,14.8353996276855",46.8194007873535,14.8353996276855,2,"ARBÖ;ÖAMTC","INFT-CCASLK;1208697","eni;Eni"
"46.8204002380371,15.237099647522",46.8204002380371,15.237099647522,1,"ARBÖ","INFT-CEQEDH","F. LEITNER"
"46.8210983276367,15.2333002090454",46.8210983276367,15.2333002090454,3,"ARBÖ;ÖAMTC;JET","INFT-B39K55;1210092;1597f5a864","JET TANKSTELLE;JET;JET Tankstelle"
"46.8218994140625,15.3191995620728",46.8218994140625,15.3191995620728,1,"ARBÖ","INFT-AJKTMU","LAGERHAUS Genol Gro<U+00DF> St. Florian "
"46.8224983215332,15.2856998443604",46.8224983215332,15.2856998443604,2,"ARBÖ;ÖAMTC","INFT-BB3E5U;1139145","Diskonttankstelle Zmugg Silvia e.U.;Tankstelle Zmugg"
"46.8242988586426,15.3179998397827",46.8242988586426,15.3179998397827,2,"ARBÖ;ÖAMTC","INFT-AJJKWK;1201356","Treibstoffparadies;Treibstoffparadies Kohlhammer"
"46.8265991210938,14.8396997451782",46.8265991210938,14.8396997451782,2,"ARBÖ;JET","INFT-ATSHWQ;3f2b4d43e7","JET TANKSTELLE;JET Tankstelle"
"46.8272018432617,15.2361001968384",46.8272018432617,15.2361001968384,1,"ARBÖ","INFT-AJJKWL","Diesel-Kl<U+00F6>sch"
"46.8274002075195,12.8157997131348",46.8274002075195,12.8157997131348,1,"ARBÖ","INFT-CCQKMZ","Diskont Tankstelle"
"46.8275985717773,12.766900062561",46.8275985717773,12.766900062561,2,"ARBÖ;ÖAMTC","INFT-AJKA7P;1201324","Gutmann ENI Tankstelle;Eni Gutmann"
"46.8278007507324,14.8390998840332",46.8278007507324,14.8390998840332,1,"ARBÖ","INFT-AK39SQ","OMV - Wolfsberg Klagenfurter Stra<U+00DF>e 16"
"46.8286018371582,12.7566003799438",46.8286018371582,12.7566003799438,1,"ARBÖ","INFT-AKMC23","BP"
"46.8287010192871,12.808500289917",46.8287010192871,12.808500289917,2,"ARBÖ;ÖAMTC","INFT-C5HCNH;1210953","Turm<U+00F6>l Quick;Turm<U+00F6>l Quick"
"46.8287010192871,15.2382001876831",46.8287010192871,15.2382001876831,1,"ARBÖ","INFT-AJJU7G","Treibstoffparadies"
"46.8303985595703,12.7910995483398",46.8303985595703,12.7910995483398,2,"ARBÖ;ÖAMTC","INFT-AJJKYN;1201119","Lagerhaus Tankstelle Lienz;Lagerhaus"
"46.8310012817383,12.7755002975464",46.8310012817383,12.7755002975464,1,"ARBÖ","INFT-AJKF25","OMV - Lienz Tiroler Stra<U+00DF>e 10"
"46.8310012817383,12.7839002609253",46.8310012817383,12.7839002609253,2,"ARBÖ;JET","INFT-ATSHXU;579dd833ff","JET TANKSTELLE;JET Tankstelle"
"46.8311996459961,12.7831001281738",46.8311996459961,12.7831001281738,1,"ARBÖ","INFT-CCAKU7","eni"
"46.8316993713379,12.7536001205444",46.8316993713379,12.7536001205444,1,"ARBÖ","INFT-AJKF26","OMV Fast Lane - Lienz Iseltaler Stra<U+00DF>e 30"
"46.8334007263184,13.4034004211426",46.8334007263184,13.4034004211426,2,"ARBÖ;ÖAMTC","INFT-AJJKS3;1208666","Lagerhaus;Lagerhaus"
"46.8353996276855,14.5387001037598",46.8353996276855,14.5387001037598,2,"ARBÖ;ÖAMTC","INFT-CS79SN;1213413","M3 Klein St. Paul;M3 Tankstelle"
"46.8363990783691,15.378999710083",46.8363990783691,15.378999710083,1,"ARBÖ","INFT-AJJKWF","Gegg"
"46.8366012573242,13.37380027771",46.8366012573242,13.37380027771,1,"ARBÖ","INFT-B45ETH","BP"
"46.8400993347168,15.5172996520996",46.8400993347168,15.5172996520996,1,"ARBÖ","INFT-AJKA6R","OIL! Tankstelle"
"46.8440017700195,14.8407001495361",46.8440017700195,14.8407001495361,1,"ARBÖ","INFT-AJKA6Y","Lagerhaus"
"46.8446006774902,15.6579999923706",46.8446006774902,15.6579999923706,1,"ARBÖ","INFT-CHRF97","Vulkan Residenz GmbH"
"46.8460006713867,14.8436002731323",46.8460006713867,14.8436002731323,1,"ARBÖ","INFT-C2XHU4","Turm<U+00F6>l Quick"
"46.8465995788574,15.5376996994019",46.8465995788574,15.5376996994019,1,"ARBÖ","INFT-AJKML8","SOCAR Lebring"
"46.8474006652832,14.8442001342773",46.8474006652832,14.8442001342773,1,"ARBÖ","INFT-AJM6TN","OMV - Wolfsberg Grazer Stra<U+00DF>e 7"
"46.8493995666504,14.0860996246338",46.8493995666504,14.0860996246338,1,"ARBÖ","INFT-AJJKRT","Deutsch-Griffen"
"46.8511009216309,14.1673002243042",46.8511009216309,14.1673002243042,1,"ARBÖ","INFT-AJKHQQ","SOCAR Weitensfeld"
"46.8512001037598,10.5045003890991",46.8512001037598,10.5045003890991,1,"ARBÖ","INFT-ARYEHE","BP"
"46.8512001037598,15.5121002197266",46.8512001037598,15.5121002197266,1,"ARBÖ","INFT-CKZJ32","Rumpold"
"46.8527984619141,15.4113998413086",46.8527984619141,15.4113998413086,1,"ARBÖ","INFT-AJMGDF","ENI Servicestation"
"46.8535003662109,15.4099998474121",46.8535003662109,15.4099998474121,1,"ARBÖ","INFT-BUUAKZ","Treibstoffparadies"
"46.8557014465332,13.8923997879028",46.8557014465332,13.8923997879028,1,"ARBÖ","INFT-AMEE8B","BP"
"46.8572006225586,15.5361995697021",46.8572006225586,15.5361995697021,1,"ARBÖ","INFT-AJKA6S","OIL! Tankstelle"
"46.8581008911133,14.853099822998",46.8581008911133,14.853099822998,1,"ARBÖ","INFT-AJJKP5","Treibstoffparadies "
"46.8618011474609,12.8910999298096",46.8618011474609,12.8910999298096,2,"ARBÖ;ÖAMTC","INFT-CZLGAZ;1209671","Unser Lagerhaus;Lagerhaus"
"46.8624992370605,12.8906002044678",46.8624992370605,12.8906002044678,1,"ARBÖ","INFT-CCNKC7","eni"
"46.8653984069824,14.4650001525879",46.8653984069824,14.4650001525879,1,"ARBÖ","INFT-AJLGCL","Lagerhaus"
"46.8695983886719,15.2234001159668",46.8695983886719,15.2234001159668,2,"ARBÖ;ÖAMTC","INFT-AJJKWJ;1201318","Treibstoffparadies;Treibstoffparadies Kohlhammer"
"46.8716011047363,14.4673004150391",46.8716011047363,14.4673004150391,1,"ARBÖ","INFT-ALMKXS","OMV - Althofen 10. Oktober-Stra<U+00DF>e 11"
"46.8741989135742,15.5804996490479",46.8741989135742,15.5804996490479,1,"ARBÖ","INFT-AJJKMZ","TURM<U+00D6>L Tankstelle Schl<U+00F6>gl"
"46.8800010681152,14.5058002471924",46.8800010681152,14.5058002471924,1,"ARBÖ","INFT-AJS7ES","Kuss Autodienst"
"46.8871002197266,13.2673997879028",46.8871002197266,13.2673997879028,2,"ARBÖ;ÖAMTC","INFT-C38AE9;1210827","SOCAR Napplach;SOCAR"
"46.8879013061523,15.5016002655029",46.8879013061523,15.5016002655029,1,"ARBÖ","INFT-AT3TXP","Treibstoffparadies"
"46.8880004882812,15.2595996856689",46.8880004882812,15.2595996856689,2,"ARBÖ;JET","INFT-ATSMQN;2b481efbf6","JET TANKSTELLE;JET Tankstelle"
"46.8881988525391,14.4392995834351",46.8881988525391,14.4392995834351,2,"ARBÖ;ÖAMTC","INFT-AJJU66;1201225","Shell Austria;Shell"
"46.8894996643066,15.270299911499",46.8894996643066,15.270299911499,2,"ARBÖ;ÖAMTC","INFT-AJJU7J;1208652","LAGERHAUS Genol Stainz ;Genol"
"46.8946990966797,10.4986000061035",46.8946990966797,10.4986000061035,1,"ARBÖ","INFT-ARYEHF","BP"
"46.8946990966797,14.335599899292",46.8946990966797,14.335599899292,1,"ARBÖ","INFT-AL4ESZ","Lagerhaus"
"46.8950004577637,14.3376998901367",46.8950004577637,14.3376998901367,2,"ARBÖ;ÖAMTC","INFT-AYDF4B;1208896","TURM<U+00D6>L;Turm<U+00F6>l"
"46.8970985412598,15.2679004669189",46.8970985412598,15.2679004669189,1,"ARBÖ","INFT-AJJKWG","Turm<U+00F6>l Quick"
"46.9033012390137,13.5298004150391",46.9033012390137,13.5298004150391,1,"ARBÖ","INFT-AJL9ZU","Lagerhaus"
"46.9059982299805,13.5317001342773",46.9059982299805,13.5317001342773,1,"ARBÖ","INFT-AJL9ZV","Shell Austria"
"46.9127998352051,15.4099998474121",46.9127998352051,15.4099998474121,1,"ARBÖ","INFT-AKHUPE","F. LEITNER - Trost"
"46.9151992797852,12.3338003158569",46.9151992797852,12.3338003158569,2,"ARBÖ;ÖAMTC","INFT-AJJKYM;1049105","Turm<U+00F6>l Quick;Turm<U+00F6>l Quick"
"46.9221992492676,12.9104995727539",46.9221992492676,12.9104995727539,1,"ARBÖ","INFT-CCNKC8","eni"
"46.9286994934082,15.2531995773315",46.9286994934082,15.2531995773315,1,"ARBÖ","INFT-AJJKWE","E. Tschuchnigg "
"46.9305992126465,13.2073001861572",46.9305992126465,13.2073001861572,1,"ARBÖ","INFT-AJJKRZ","Wulz"
"46.9346008300781,12.5749998092651",46.9346008300781,12.5749998092651,1,"ARBÖ","INFT-CCANMG","eni"
"46.9346008300781,13.1935997009277",46.9346008300781,13.1935997009277,1,"ARBÖ","INFT-AJMGDB","Lagerhaus"
"46.9436988830566,14.8190002441406",46.9436988830566,14.8190002441406,1,"ARBÖ","INFT-DFLLC8","SOCAR Bad St. Leonhard"
"46.9440002441406,15.3183002471924",46.9440002441406,15.3183002471924,2,"ARBÖ;ÖAMTC","INFT-AJM9V9;1208092","SOCAR Lannach;SOCAR"
"46.9491004943848,15.3374004364014",46.9491004943848,15.3374004364014,1,"ARBÖ","INFT-AN68BU","BP Lannach"
"46.9497985839844,13.5089998245239",46.9497985839844,13.5089998245239,2,"ARBÖ;ÖAMTC","INFT-BNAEYE;1210519","Gerhard Prugger Maltatal Diskont;Prugger Tankstelle"
"46.9523010253906,14.4153995513916",46.9523010253906,14.4153995513916,1,"ARBÖ","INFT-ALCT5A","Turm<U+00F6>l Quick"
"46.9530982971191,10.5108995437622",46.9530982971191,10.5108995437622,1,"ARBÖ","INFT-AJNJJP","Disk"
"46.953498840332,14.4097995758057",46.953498840332,14.4097995758057,2,"ARBÖ;ÖAMTC","INFT-AJRG7P;1000080","Lagerhaus;Lagerhaus"
"46.9561004638672,14.4018001556396",46.9561004638672,14.4018001556396,2,"ARBÖ;ÖAMTC","INFT-AJL6YN;1158001","BP;BP"
"46.956600189209,15.5847997665405",46.956600189209,15.5847997665405,1,"ARBÖ","INFT-B2B7LJ","ENI"
"46.9583015441895,14.9126996994019",46.9583015441895,14.9126996994019,1,"ARBÖ","INFT-CCB38Q","eni"
"46.9618988037109,15.3528995513916",46.9618988037109,15.3528995513916,1,"ARBÖ","INFT-AJJL7M","AVANTI - Lieboch Lutzstra<U+00DF>e 1"
"46.9631996154785,11.0076999664307",46.9631996154785,11.0076999664307,1,"ARBÖ","INFT-AJTGTM","BP"
"46.9695014953613,15.4062004089355",46.9695014953613,15.4062004089355,1,"ARBÖ","INFT-ALZFC8","ERHART SB-Center Premst<U+00E4>tten"
"46.9705009460449,15.4365997314453",46.9705009460449,15.4365997314453,1,"ARBÖ","INFT-AL4TKT","SOCAR Zettling"
"46.9710006713867,15.4596004486084",46.9710006713867,15.4596004486084,2,"ARBÖ;JET","INFT-B7JJDR;50f61555e4","JET TANKSTELLE;JET Tankstelle"
"46.9734992980957,14.393500328064",46.9734992980957,14.393500328064,2,"ARBÖ;ÖAMTC","INFT-AJJU65;1140205","avanti - Friesach Judendorf 9;Avanti"
"46.9735984802246,15.4710998535156",46.9735984802246,15.4710998535156,2,"ARBÖ;ÖAMTC","INFT-ALRBVU;1209507","LAGERHAUS Genol Kalsdorf ;Genol"
"46.9748992919922,15.4986000061035",46.9748992919922,15.4986000061035,1,"ARBÖ","INFT-CXUHTG","M3 Fernitz"
"46.975700378418,11.0110998153687",46.975700378418,11.0110998153687,1,"ARBÖ","INFT-AJTGTL","Shell"
"46.9817008972168,12.5500001907349",46.9817008972168,12.5500001907349,1,"ARBÖ","INFT-BLSM8S","Lagerhaus Tankstelle Matrei"
"46.9821014404297,15.5649995803833",46.9821014404297,15.5649995803833,1,"ARBÖ","INFT-B28L54","BP"
"46.9897994995117,12.5444002151489",46.9897994995117,12.5444002151489,1,"ARBÖ","INFT-AJJU8F","Disk TANKAUTOMAT"
"46.9925994873047,15.2112998962402",46.9925994873047,15.2112998962402,1,"ARBÖ","INFT-CTBRFU","M3 Ligist + Spar Express"
"46.9939002990723,15.4547996520996",46.9939002990723,15.4547996520996,1,"ARBÖ","INFT-B74G4E","car&care Tankstelle Konrad Service-Center"
"46.9967002868652,15.4969997406006",46.9967002868652,15.4969997406006,1,"ARBÖ","INFT-CELMTX","Shell"
"47.0017013549805,12.4643001556396",47.0017013549805,12.4643001556396,1,"ARBÖ","INFT-CATF9S","BP"
"47.0019989013672,14.7523002624512",47.0019989013672,14.7523002624512,1,"ARBÖ","INFT-AJJKP4","F. LEITNER"
"47.002799987793,15.2729997634888",47.002799987793,15.2729997634888,1,"ARBÖ","INFT-AJJKNL","Diskonttankstelle Kaier"
"47.005500793457,15.5417003631592",47.005500793457,15.5417003631592,1,"ARBÖ","INFT-B74C8B","Diesel PUR ohne Bioanteile"
"47.0085983276367,15.4405002593994",47.0085983276367,15.4405002593994,1,"ARBÖ","INFT-B4WHMA","F. LEITNER - Spar Express"
"47.0107002258301,15.4125995635986",47.0107002258301,15.4125995635986,3,"ARBÖ;ÖAMTC;JET","INFT-ATTMP6;1139238;3a195cd2cf","JET TANKSTELLE;JET;JET Tankstelle"
"47.0131988525391,15.4090003967285",47.0131988525391,15.4090003967285,1,"ARBÖ","INFT-AW63R4","Shell Austria"
"47.013801574707,15.398099899292",47.013801574707,15.398099899292,1,"ARBÖ","INFT-AJJUBF","SOCAR Seiersberg"
"47.013801574707,15.4098997116089",47.013801574707,15.4098997116089,1,"ARBÖ","INFT-CCQKMV","Diskont Tankstelle"
"47.0145988464355,15.4737997055054",47.0145988464355,15.4737997055054,1,"ARBÖ","INFT-AXDFW3","SOCAR Graz-Thondorf"
"47.0157012939453,10.2966995239258",47.0157012939453,10.2966995239258,1,"ARBÖ","INFT-AKEFHV","BP"
"47.0158996582031,9.99139976501465",47.0158996582031,9.99139976501465,1,"ARBÖ","INFT-AN3EPP","BP"
"47.0200996398926,14.9573001861572",47.0200996398926,14.9573001861572,2,"ARBÖ;ÖAMTC","INFT-AJJKND;1213956","freie Tankstelle;Tankstelle Ingrid Koutny"
"47.0201988220215,15.4385995864868",47.0201988220215,15.4385995864868,1,"ARBÖ","INFT-BVEE73","BP Graz Puntigam"
"47.0204010009766,15.4106998443604",47.0204010009766,15.4106998443604,1,"ARBÖ","INFT-BXFMN5","Tank Roth Graz/Seiersberg"
"47.0211982727051,15.0509004592896",47.0211982727051,15.0509004592896,2,"ARBÖ;ÖAMTC","INFT-AJJU53;1201231","LAGERHAUS Genol Edelschrott ;Genol"
"47.0234985351562,10.9965000152588",47.0234985351562,10.9965000152588,1,"ARBÖ","INFT-APEEGB","Holzknecht H-Oil Tankstelle Agip Schmierstoffe"
"47.023998260498,15.0552997589111",47.023998260498,15.0552997589111,1,"ARBÖ","INFT-AJJKNE","SB DISKONT plus"
"47.0266990661621,15.4007997512817",47.0266990661621,15.4007997512817,2,"ARBÖ;ÖAMTC","INFT-C9PN63;1211185","Turm<U+00F6>l;Turm<U+00F6>l"
"47.0288009643555,15.4006004333496",47.0288009643555,15.4006004333496,1,"ARBÖ","INFT-AJM2XX","avanti - Graz Weblinger Stra<U+00DF>e 41"
"47.029598236084,15.4315996170044",47.029598236084,15.4315996170044,1,"ARBÖ","INFT-AJJKMS","SPRITK<U+00D6>NIG "
"47.0297012329102,15.4032001495361",47.0297012329102,15.4032001495361,1,"ARBÖ","INFT-AJUN27","Rumpold"
"47.030101776123,15.4941997528076",47.030101776123,15.4941997528076,1,"ARBÖ","INFT-AJJUBH","F.LEITNER - Autohaus Fleck"
"47.0303001403809,15.4375",47.0303001403809,15.4375,1,"ARBÖ","INFT-CCQKMU","Diskont Tankstelle"
"47.0320014953613,15.4407997131348",47.0320014953613,15.4407997131348,1,"ARBÖ","INFT-AJJKMV","F. LEITNER"
"47.0330009460449,15.430700302124",47.0330009460449,15.430700302124,1,"ARBÖ","INFT-AJJKMT","Sprint"
"47.0332984924316,15.3990001678467",47.0332984924316,15.3990001678467,1,"ARBÖ","INFT-B2P7ZP","OMV - Graz Stra<U+00DF>ganger Stra<U+00DF>e 436"
"47.0332984924316,15.443699836731",47.0332984924316,15.443699836731,3,"ARBÖ;ÖAMTC;JET","INFT-ATSMR3;1099251;b1f5dc7c79","JET TANKSTELLE;JET;JET Tankstelle"
"47.0335998535156,15.4427003860474",47.0335998535156,15.4427003860474,1,"ARBÖ","INFT-CJNF6P","BP"
"47.0340995788574,15.4090003967285",47.0340995788574,15.4090003967285,1,"ARBÖ","INFT-D7NESK","Turm<U+00F6>l Quick"
"47.0351982116699,15.3002996444702",47.0351982116699,15.3002996444702,1,"ARBÖ","INFT-CQZE4U","Sido Tank GmbH."
"47.035400390625,15.1697998046875",47.035400390625,15.1697998046875,2,"ARBÖ;ÖAMTC","INFT-AJJKNH;1005620","Turm<U+00F6>l Quick;Turm<U+00F6>l Quick"
"47.0364990234375,10.7498998641968",47.0364990234375,10.7498998641968,1,"ARBÖ","INFT-AJJLBE","Disk TANKAUTOMAT"
"47.0368003845215,15.4624996185303",47.0368003845215,15.4624996185303,1,"ARBÖ","INFT-AJJU4N","AVANTI - Graz Liebenauer Hauptstra<U+00DF>e 123"
"47.0390014648438,15.4525003433228",47.0390014648438,15.4525003433228,1,"ARBÖ","INFT-AJJKMU","F. LEITNER"
"47.0429992675781,15.4875001907349",47.0429992675781,15.4875001907349,2,"ARBÖ;JET","INFT-AUA6VD;b98adb01ac","JET TANKSTELLE;JET Tankstelle"
"47.0433006286621,15.5194997787476",47.0433006286621,15.5194997787476,1,"ARBÖ","INFT-AJJUBJ","F. LEITNER"
"47.0438003540039,15.4870004653931",47.0438003540039,15.4870004653931,1,"ARBÖ","INFT-AVPGFT","OMV - Graz St. Peter Hauptstra<U+00DF>e 228"
"47.0443992614746,11.4833002090454",47.0443992614746,11.4833002090454,1,"ARBÖ","INFT-BAWSQA","GT TANKAUTOMAT"
"47.0444984436035,15.5107002258301",47.0444984436035,15.5107002258301,1,"ARBÖ","INFT-BQM9PF","eni"
"47.0446014404297,15.1589002609253",47.0446014404297,15.1589002609253,1,"ARBÖ","INFT-AJJKNG","Turm<U+00F6>l Quick"
"47.0461006164551,15.3951997756958",47.0461006164551,15.3951997756958,3,"ARBÖ;ÖAMTC;JET","INFT-ATTMP7;1208793;3cff4c5ee3","JET TANKSTELLE;JET;JET Tankstelle"
"47.0470008850098,15.7461004257202",47.0470008850098,15.7461004257202,1,"ARBÖ","INFT-AJKCS8","avanti - Sankt Margarethen an der Raab 190"
"47.0474014282227,16.3183002471924",47.0474014282227,16.3183002471924,1,"ARBÖ","INFT-CRGHW4","Turm<U+00F6>l"
"47.0475006103516,16.4095001220703",47.0475006103516,16.4095001220703,2,"ARBÖ;ÖAMTC","INFT-AJRG7Z;1201604","Turm<U+00F6>l;Turm<U+00F6>l"
"47.0480003356934,15.1538000106812",47.0480003356934,15.1538000106812,1,"ARBÖ","INFT-CCB396","eni"
"47.048698425293,15.4525003433228",47.048698425293,15.4525003433228,1,"ARBÖ","INFT-B6VTU4","Tank Roth C.-v.-H<U+00F6>tzendorf-Stra<U+00DF>e"
"47.0494003295898,15.4806995391846",47.0494003295898,15.4806995391846,1,"ARBÖ","INFT-AJLD42","Rumpold"
"47.0503005981445,15.4160003662109",47.0503005981445,15.4160003662109,1,"ARBÖ","INFT-CWJM9U","Turm<U+00F6>l Quick"
"47.0504989624023,15.2135000228882",47.0504989624023,15.2135000228882,1,"ARBÖ","INFT-AJJKNJ","Turm<U+00F6>l Quick"
"47.0511016845703,15.4514999389648",47.0511016845703,15.4514999389648,1,"ARBÖ","INFT-C9HDGD","Turm<U+00F6>l"
"47.0523986816406,15.3691997528076",47.0523986816406,15.3691997528076,1,"ARBÖ","INFT-AMEE7R","SOCAR Graz-Steinbergstra<U+00DF>e"
"47.0527000427246,15.4434003829956",47.0527000427246,15.4434003829956,1,"ARBÖ","INFT-AJKA8D","Rumpold"
"47.0527992248535,15.131799697876",47.0527992248535,15.131799697876,1,"ARBÖ","INFT-BUFM52","LAGERHAUS Genol Voitsberg"
"47.0531005859375,15.125599861145",47.0531005859375,15.125599861145,2,"ARBÖ;JET","INFT-ATTD6T;daece79004","JET TANKSTELLE;JET Tankstelle"
"47.0531005859375,15.2187004089355",47.0531005859375,15.2187004089355,2,"ARBÖ;ÖAMTC","INFT-AJJU54;1209189","LAGERHAUS Genol Stallhofen;Genol"
"47.054500579834,15.8408002853394",47.054500579834,15.8408002853394,1,"ARBÖ","INFT-AJZEH9","eni"
"47.0546989440918,15.1368999481201",47.0546989440918,15.1368999481201,1,"ARBÖ","INFT-AJJKNF","SB DISKONT plus"
"47.0549011230469,15.4163999557495",47.0549011230469,15.4163999557495,1,"ARBÖ","INFT-CCB394","eni"
"47.0558013916016,15.4482002258301",47.0558013916016,15.4482002258301,1,"ARBÖ","INFT-CEPGUG","BP"
"47.0564994812012,15.4280004501343",47.0564994812012,15.4280004501343,1,"ARBÖ","INFT-CCRE4V","Diskont Tankstelle"
"47.0573997497559,10.6538000106812",47.0573997497559,10.6538000106812,1,"ARBÖ","INFT-AJJUCV","OMV - Ried im Oberinntal, Ried i. O. 299"
"47.0573997497559,15.4709997177124",47.0573997497559,15.4709997177124,1,"ARBÖ","INFT-B65E8W","Shell Austria"
"47.0578002929688,16.4755001068115",47.0578002929688,16.4755001068115,2,"ARBÖ;ÖAMTC","INFT-AXRTTZ;1209005","Genol RLH-S<U+00FC>d-Bgld;Genol"
"47.0591011047363,15.4266004562378",47.0591011047363,15.4266004562378,1,"ARBÖ","INFT-ATLCKW","Turm<U+00F6>l Quick"
"47.0592002868652,15.4287004470825",47.0592002868652,15.4287004470825,2,"ARBÖ;ÖAMTC","INFT-AKJAPL;1019001","SOCAR Citypark;SOCAR"
"47.0603981018066,15.4303998947144",47.0603981018066,15.4303998947144,1,"ARBÖ","INFT-B8QUSB","M3 Energy"
"47.0605010986328,15.4210996627808",47.0605010986328,15.4210996627808,1,"ARBÖ","INFT-AJM2XG","Sprint - K<U+00E4>rntner Stra<U+00DF>e 30"
"47.0611000061035,15.4682998657227",47.0611000061035,15.4682998657227,1,"ARBÖ","INFT-AJKTMM","SOCAR Pl<U+00FC>ddemanngasse"
"47.0615997314453,15.079400062561",47.0615997314453,15.079400062561,1,"ARBÖ","INFT-CLLEJK","Turm<U+00F6>l Quick"
"47.0617980957031,15.0922002792358",47.0617980957031,15.0922002792358,1,"ARBÖ","INFT-AJQJ76","Treibstoffparadies"
"47.0625,15.4231996536255",47.0625,15.4231996536255,1,"ARBÖ","INFT-AJM2XJ","F. LEITNER"
"47.062801361084,15.084400177002",47.062801361084,15.084400177002,2,"ARBÖ;ÖAMTC","INFT-AJT2YY;1209009","LAGERHAUS Genol K<U+00F6>flach ;Genol"
"47.062801361084,15.3996000289917",47.062801361084,15.3996000289917,1,"ARBÖ","INFT-BDRLP3","BP Reininghaus"
"47.0629997253418,10.3808002471924",47.0629997253418,10.3808002471924,2,"ARBÖ;ÖAMTC","INFT-AJJLBD;1208544","Disk Tankautomat ;Disk"
"47.0647010803223,16.3255004882812",47.0647010803223,16.3255004882812,1,"ARBÖ","INFT-AU7JHJ","Eni Tankautomat G<U+00FC>ssing"
"47.0657005310059,15.4204998016357",47.0657005310059,15.4204998016357,1,"ARBÖ","INFT-AJRUN7","SOCAR Eggenbergerg<U+00FC>rtel"
"47.0658988952637,14.6972999572754",47.0658988952637,14.6972999572754,1,"ARBÖ","INFT-AY4EV9","Landforst Obdach"
"47.0671997070312,15.4274997711182",47.0671997070312,15.4274997711182,2,"ARBÖ;ÖAMTC","INFT-AKHUNW;1000745","F. LEITNER - SPRINT;F. Leitner "
"47.0672988891602,15.4823999404907",47.0672988891602,15.4823999404907,2,"ARBÖ;ÖAMTC","INFT-C63E8P;1210992","Rumpold;Rumpold"
"47.0675010681152,14.4301996231079",47.0675010681152,14.4301996231079,1,"ARBÖ","INFT-AJJU8C","OMV - Neumarkt K<U+00E4>rntner Stra<U+00DF>e 22"
"47.067798614502,15.8021001815796",47.067798614502,15.8021001815796,1,"ARBÖ","INFT-AJRG7U","Genol Landring"
"47.0702018737793,15.2552995681763",47.0702018737793,15.2552995681763,1,"ARBÖ","INFT-AKH3HP","LAGERHAUS Genol St. Bartholom<U+00E4>"
"47.07080078125,15.1303997039795",47.07080078125,15.1303997039795,1,"ARBÖ","INFT-AJM9V4","SOCAR B<U+00E4>rnbach"
"47.0723991394043,14.6932001113892",47.0723991394043,14.6932001113892,1,"ARBÖ","INFT-AJJKR9","SOCAR Obdach"
"47.0774993896484,15.461799621582",47.0774993896484,15.461799621582,1,"ARBÖ","INFT-AJLGCD","SPRITK<U+00D6>NIG"
"47.0778007507324,15.4911003112793",47.0778007507324,15.4911003112793,1,"ARBÖ","INFT-CGFEYH","Turm<U+00F6>l"
"47.0780982971191,16.3201007843018",47.0780982971191,16.3201007843018,1,"ARBÖ","INFT-AJJLBQ","Landestankstelle G<U+00FC>ssing Partner Luisser"
"47.0786018371582,10.9675998687744",47.0786018371582,10.9675998687744,1,"ARBÖ","INFT-B4A8M6","OMV - L<U+00E4>ngenfeld Unterl<U+00E4>ngenfeld 117b"
"47.0792007446289,14.424599647522",47.0792007446289,14.424599647522,2,"ARBÖ;ÖAMTC","INFT-C9XC2Q;1211313","Turm<U+00F6>l;Turmstrom"
"47.0796012878418,14.3150997161865",47.0796012878418,14.3150997161865,1,"ARBÖ","INFT-AJMEWQ","OIL! Tankstelle"
"47.0801010131836,9.91689968109131",47.0801010131836,9.91689968109131,2,"ARBÖ;ÖAMTC","INFT-CCBGB4;1139170","eni;Eni"
"47.0805015563965,9.90340042114258",47.0805015563965,9.90340042114258,1,"ARBÖ","INFT-B4ZEHN","Shell Austria"
"47.0814018249512,15.7392997741699",47.0814018249512,15.7392997741699,1,"ARBÖ","INFT-B75DSW","BP Gleisdorf"
"47.0814018249512,16.2161998748779",47.0814018249512,16.2161998748779,1,"ARBÖ","INFT-BLFGA8","Genol RLH-S<U+00FC>d-Bgld"
"47.0826988220215,10.4642000198364",47.0826988220215,10.4642000198364,1,"ARBÖ","INFT-C2WJLU","Gutmann Shell"
"47.0839004516602,13.9628000259399",47.0839004516602,13.9628000259399,1,"ARBÖ","INFT-AJJKYG","SOCAR Stadl an der Mur"
"47.0854988098145,16.3083992004395",47.0854988098145,16.3083992004395,1,"ARBÖ","INFT-AJJLBR","Frey, Diesel"
"47.0876007080078,15.4124002456665",47.0876007080078,15.4124002456665,1,"ARBÖ","INFT-B4SSJS","Shell Austria"
"47.0889015197754,16.305700302124",47.0889015197754,16.305700302124,1,"ARBÖ","INFT-BLFGAA","Genol RLH-S<U+00FC>d-Bgld"
"47.0890007019043,15.7327003479004",47.0890007019043,15.7327003479004,1,"ARBÖ","INFT-AWDFD8","Genol Landring"
"47.0895004272461,15.7323999404907",47.0895004272461,15.7323999404907,2,"ARBÖ;ÖAMTC","INFT-CCNG6C;1207887","eni;Eni"
"47.0912017822266,15.4302997589111",47.0912017822266,15.4302997589111,1,"ARBÖ","INFT-AJJU4P","SOCAR Graz-Grabenstra<U+00DF>e"
"47.0914993286133,10.6670999526978",47.0914993286133,10.6670999526978,1,"ARBÖ","INFT-AJJUCU","Gutmann ENI Tankstelle"
"47.092601776123,15.4061002731323",47.092601776123,15.4061002731323,1,"ARBÖ","INFT-AJJUBG","Treibstoffparadies"
"47.0928993225098,15.4069995880127",47.0928993225098,15.4069995880127,2,"ARBÖ;JET","INFT-AW5DPP;e345322434","JET TANKSTELLE;JET Tankstelle"
"47.0941009521484,13.6754999160767",47.0941009521484,13.6754999160767,2,"ARBÖ;ÖAMTC","INFT-AJJLAK;1090019","OMV - Sankt Michael im Lungau Bundesstra<U+00DF>e 112;OMV"
"47.0942001342773,15.4231996536255",47.0942001342773,15.4231996536255,2,"ARBÖ;JET","INFT-AVGJN3;4eacf95db2","JET TANKSTELLE;JET Tankstelle"
"47.094898223877,13.6358995437622",47.094898223877,13.6358995437622,1,"ARBÖ","INFT-AJKA8L","Shell"
"47.0960998535156,13.6337003707886",47.0960998535156,13.6337003707886,1,"ARBÖ","INFT-AJJLAJ","BP"
"47.0965003967285,16.4150009155273",47.0965003967285,16.4150009155273,1,"ARBÖ","INFT-BLFGA7","Genol RLH-S<U+00FC>d-Bgld"
"47.0968017578125,13.6315002441406",47.0968017578125,13.6315002441406,1,"ARBÖ","INFT-AJJLAL","Diesel Prommegger St. Michael"
"47.0979995727539,15.4041004180908",47.0979995727539,15.4041004180908,1,"ARBÖ","INFT-CD2F4N","eni"
"47.0985984802246,9.86940002441406",47.0985984802246,9.86940002441406,1,"ARBÖ","INFT-ATSMQ9","AVANTI - Sankt Anton Au<U+00DF>erb<U+00F6>den 1"
"47.0987014770508,15.4181995391846",47.0987014770508,15.4181995391846,1,"ARBÖ","INFT-CD2F4P","eni"
"47.0987014770508,15.7129001617432",47.0987014770508,15.7129001617432,2,"ARBÖ;ÖAMTC","INFT-AJJU9Z;1201551","Diskonttankstelle No Name;Tankstelle No Name"
"47.0988006591797,15.7132997512817",47.0988006591797,15.7132997512817,2,"ARBÖ;ÖAMTC","INFT-DFL9NE;1214088","No Name Diskonttankstelle ;No Name"
"47.1002006530762,15.4784002304077",47.1002006530762,15.4784002304077,1,"ARBÖ","INFT-CWFFBV","Tank Roth Mariatrost"
"47.100399017334,15.557900428772",47.100399017334,15.557900428772,2,"ARBÖ;ÖAMTC","INFT-C5TEAV;1210959","Rumpold;Rumpold"
"47.1013984680176,15.8187999725342",47.1013984680176,15.8187999725342,1,"ARBÖ","INFT-AJNJJN","Pratscher & Wilfling GmbH & Co KG"
"47.1021003723145,15.7135000228882",47.1021003723145,15.7135000228882,1,"ARBÖ","INFT-AJUBT6","ENI Servicestation"
"47.1025009155273,15.4249000549316",47.1025009155273,15.4249000549316,1,"ARBÖ","INFT-AJJU4R","avanti - Graz Andritzer Reichsstra<U+00DF>e 30"
"47.103401184082,15.414400100708",47.103401184082,15.414400100708,1,"ARBÖ","INFT-BBD3CB","Tank Roth Express Andritz"
"47.1044006347656,14.0984001159668",47.1044006347656,14.0984001159668,1,"ARBÖ","INFT-CZ6SPV","M3 Kreischberg mit moderner SB Waschanlage"
"47.1054992675781,13.1343002319336",47.1054992675781,13.1343002319336,2,"ARBÖ;ÖAMTC","INFT-CRHF5F;1213381","Scheyerer Energie- & Kraftstoffe GmbH;Scheyerer Energie- & Kraftstoffe GmbH"
"47.1057014465332,15.701000213623",47.1057014465332,15.701000213623,1,"ARBÖ","INFT-AJRUNG","OMV - Gleisdorf Grazer Stra<U+00DF>e 42"
"47.1068000793457,15.6637001037598",47.1068000793457,15.6637001037598,2,"ARBÖ;ÖAMTC","INFT-D5T72P;1213928","M3 WILFERSDORF;Eni"
"47.1068992614746,15.6637001037598",47.1068992614746,15.6637001037598,2,"ARBÖ;ÖAMTC","INFT-DFLDHQ;1214084","BP;BP"
"47.1087989807129,14.1774997711182",47.1087989807129,14.1774997711182,2,"ARBÖ;ÖAMTC","INFT-CXUQSA;1213832","Rumpold;Rumpold"
"47.1097984313965,14.1916999816895",47.1097984313965,14.1916999816895,1,"ARBÖ","INFT-AJJKYE","Sprint - Landforst Murau"
"47.1100997924805,15.7000999450684",47.1100997924805,15.7000999450684,2,"ARBÖ;ÖAMTC","INFT-CXKMLH;1213813","Rumpold;Rumpold"
"47.111499786377,11.3095998764038",47.111499786377,11.3095998764038,2,"ARBÖ;ÖAMTC","INFT-C2SEXG;1201627"," BP Tankstelle Zyka Roland;BP"
"47.1119995117188,15.704400062561",47.1119995117188,15.704400062561,2,"ARBÖ;JET","INFT-ATSMQV;2e566b8a33","JET TANKSTELLE;JET Tankstelle"
"47.1123008728027,14.1822996139526",47.1123008728027,14.1822996139526,2,"ARBÖ;ÖAMTC","INFT-AJKLLW;1208632","OMV - Murau Keltensiedlung 95;OMV"
"47.1128005981445,13.1324996948242",47.1128005981445,13.1324996948242,2,"ARBÖ;ÖAMTC","INFT-AJNJJB;1209510","Shell Austria;Shell"
"47.1132011413574,14.1631002426147",47.1132011413574,14.1631002426147,1,"ARBÖ","INFT-CCANME","eni"
"47.1152992248535,15.3464002609253",47.1152992248535,15.3464002609253,2,"ARBÖ;ÖAMTC","INFT-AL8FCG;1208006","SOCAR Judendorf;SOCAR"
"47.1180000305176,16.1648998260498",47.1180000305176,16.1648998260498,1,"ARBÖ","INFT-APTEZF","Tankstelle Hirschbeck OG"
"47.119499206543,16.2744998931885",47.119499206543,16.2744998931885,1,"ARBÖ","INFT-BLVGDM","SHELL"
"47.1208992004395,15.8131999969482",47.1208992004395,15.8131999969482,1,"ARBÖ","INFT-AJKHSH","Deine Tankstelle"
"47.1221008300781,15.3603000640869",47.1221008300781,15.3603000640869,1,"ARBÖ","INFT-CMYMUZ","BP"
"47.122200012207,15.3584995269775",47.122200012207,15.3584995269775,1,"ARBÖ","INFT-CWDAR8","M3 Gratkorn"
"47.1222991943359,15.3584995269775",47.1222991943359,15.3584995269775,2,"ARBÖ;ÖAMTC","INFT-D7XHQD;1213952","Rumpold;Rumpold"
"47.1234016418457,10.0052003860474",47.1234016418457,10.0052003860474,1,"ARBÖ","INFT-AJJKQN","Disk TANKAUTOMAT"
"47.1237983703613,16.2665004730225",47.1237983703613,16.2665004730225,1,"ARBÖ","INFT-BLFGA9","Genol RLH-S<U+00FC>d-Bgld"
"47.1240997314453,15.6106996536255",47.1240997314453,15.6106996536255,2,"ARBÖ;ÖAMTC","INFT-C5XGSJ;1210962","Rumpold;Rumpold"
"47.1293983459473,10.0607995986938",47.1293983459473,10.0607995986938,2,"ARBÖ;ÖAMTC","INFT-BSW22Y;1207929","OMV - Kl<U+00F6>sterle Dan<U+00F6>fen 126;OMV"
"47.1293983459473,11.3371000289917",47.1293983459473,11.3371000289917,1,"ARBÖ","INFT-BDRJ2Z","OMV - Neustift Gewerbezone 11"
"47.1295013427734,13.6840000152588",47.1295013427734,13.6840000152588,1,"ARBÖ","INFT-CCAJSY","eni24"
"47.1299018859863,15.3431997299194",47.1299018859863,15.3431997299194,1,"ARBÖ","INFT-CK6HED","Rumpold"
"47.1300010681152,15.3238000869751",47.1300010681152,15.3238000869751,1,"ARBÖ","INFT-AWZMU7","BP Gratwein"
"47.1305999755859,16.4664993286133",47.1305999755859,16.4664993286133,1,"ARBÖ","INFT-AXRTU2","Genol RLH-S<U+00FC>d-Bgld"
"47.1311988830566,10.5060997009277",47.1311988830566,10.5060997009277,3,"ARBÖ;ÖAMTC;JET","INFT-ATSHZ7;1099277;3d98b0d0c3","JET TANKSTELLE;JET;JET Tankstelle"
"47.1314010620117,14.7384004592896",47.1314010620117,14.7384004592896,1,"ARBÖ","INFT-AJJKR8","Land lebt auf !"
"47.1315002441406,13.5481996536255",47.1315002441406,13.5481996536255,1,"ARBÖ","INFT-CCB393","eni A 10 Tauernautobahn"
"47.1315002441406,15.3225002288818",47.1315002441406,15.3225002288818,1,"ARBÖ","INFT-AM6A63","LAGERHAUS Genol Gratwein "
"47.1315994262695,13.8077001571655",47.1315994262695,13.8077001571655,1,"ARBÖ","INFT-AJKHSZ","Shell Austria"
"47.1328010559082,13.8050003051758",47.1328010559082,13.8050003051758,1,"ARBÖ","INFT-AJJLAH","AVIA Xpress (Automaten-Tankstelle)"
"47.132999420166,13.7954998016357",47.132999420166,13.7954998016357,2,"ARBÖ;ÖAMTC","INFT-CXUKWD;1213836","Rumpold;Rumpold"
"47.132999420166,15.3224000930786",47.132999420166,15.3224000930786,2,"ARBÖ;JET","INFT-AW7ASF;db534cfa90","JET TANKSTELLE;JET Tankstelle"
"47.1338005065918,13.6842002868652",47.1338005065918,13.6842002868652,2,"ARBÖ;ÖAMTC","INFT-DADF78;1214012","Autohaus Griessner GmbH;Autohaus Griessner GmbH"
"47.1343994140625,10.274299621582",47.1343994140625,10.274299621582,2,"ARBÖ;ÖAMTC","INFT-B4ZEHM;1048437","Shell Austria;Shell"
"47.1346015930176,13.8083000183105",47.1346015930176,13.8083000183105,1,"ARBÖ","INFT-AJJLAG","Lagerhaus-Tankstelle 24 h"
"47.135799407959,10.9270000457764",47.135799407959,10.9270000457764,2,"ARBÖ;ÖAMTC","INFT-CPWAQ6;1213265","Kapferer und Kapferer/Gutmann Tankstelle;BP"
"47.1362991333008,16.2721004486084",47.1362991333008,16.2721004486084,2,"ARBÖ;ÖAMTC","INFT-BBLBV9;1210279","Welog - Landespartner des Burgenlands;Welog Tankstelle"
"47.138599395752,16.413200378418",47.138599395752,16.413200378418,1,"ARBÖ","INFT-AJL3AJ","Genol RLH-S<U+00FC>d-Bgld"
"47.1395988464355,14.4251003265381",47.1395988464355,14.4251003265381,1,"ARBÖ","INFT-CXTKVV","Rumpold"
"47.1398010253906,10.2896995544434",47.1398010253906,10.2896995544434,1,"ARBÖ","INFT-AQYFVV","Gutmann ENI Tankstelle "
"47.1404991149902,15.5239000320435",47.1404991149902,15.5239000320435,1,"ARBÖ","INFT-B5FEGD","Turm<U+00F6>l Sauseng Fasslberg"
"47.1408004760742,9.92510032653809",47.1408004760742,9.92510032653809,1,"ARBÖ","INFT-BSW22X","OMV - Innerbraz <U+00C4>uleweg 1"
"47.140998840332,9.83390045166016",47.140998840332,9.83390045166016,1,"ARBÖ","INFT-AJXHBW","BP"
"47.1416015625,10.5635004043579",47.1416015625,10.5635004043579,2,"ARBÖ;ÖAMTC","INFT-ATSHZ8;1140326","AVANTI - Landeck Innstrasse 38;Avanti"
"47.1442985534668,16.1891994476318",47.1442985534668,16.1891994476318,1,"ARBÖ","INFT-AJJLBM","SPRITK<U+00D6>NIG"
"47.1474990844727,16.1026000976562",47.1474990844727,16.1026000976562,2,"ARBÖ;ÖAMTC","INFT-AJJLBK;1209439","SOCAR Burgau;SOCAR"
"47.1478004455566,9.81919956207275",47.1478004455566,9.81919956207275,1,"ARBÖ","INFT-AJJU5Q","TK Tankstellen GmbH"
"47.1483993530273,13.5148000717163",47.1483993530273,13.5148000717163,2,"ARBÖ;ÖAMTC","INFT-AJJLAF;1209371","Lagerhaus-Tankstelle 24 h;Lagerhaus"
"47.1488990783691,10.3743000030518",47.1488990783691,10.3743000030518,1,"ARBÖ","INFT-AJJUCW","OMV - Pettneu am Arlberg Schnann-Gewerbezone 150"
"47.1501998901367,10.5812997817993",47.1501998901367,10.5812997817993,2,"ARBÖ;JET","INFT-ATSHZ6;2cea93f1b7","JET TANKSTELLE;JET Tankstelle"
"47.1502990722656,11.3529996871948",47.1502990722656,11.3529996871948,2,"ARBÖ;ÖAMTC","INFT-DFEMBM;1214024","DISK Tankautomat;Shell "
"47.1502990722656,15.7690000534058",47.1502990722656,15.7690000534058,1,"ARBÖ","INFT-AJJU9Y","yes"
"47.1503982543945,11.3528995513916",47.1503982543945,11.3528995513916,1,"ARBÖ","INFT-AW2G92","Shell Fulpmes"
"47.1515007019043,9.81060028076172",47.1515007019043,9.81060028076172,1,"ARBÖ","INFT-AJJKQH","LMEnergy Express"
"47.1523017883301,9.81420040130615",47.1523017883301,9.81420040130615,2,"ARBÖ;JET","INFT-ATSHWY;5246283e47","JET TANKSTELLE;JET Tankstelle"
"47.1528015136719,14.4141998291016",47.1528015136719,14.4141998291016,2,"ARBÖ;ÖAMTC","INFT-CSHMTR;1207998","Turm<U+00F6>l;Turm<U+00F6>l"
"47.1529998779297,9.81420040130615",47.1529998779297,9.81420040130615,1,"ARBÖ","INFT-CCQKN2","Diskont Tankstelle"
"47.1530990600586,9.81820011138916",47.1530990600586,9.81820011138916,1,"ARBÖ","INFT-AJJKQK","ENI-Gutmann"
"47.1530990600586,14.4097995758057",47.1530990600586,14.4097995758057,1,"ARBÖ","INFT-AXVE42","Landforst Scheifling"
"47.1540985107422,14.414999961853",47.1540985107422,14.414999961853,1,"ARBÖ","INFT-CCRE4X","Diskont Tankstelle"
"47.1542015075684,10.5845003128052",47.1542015075684,10.5845003128052,1,"ARBÖ","INFT-AJKA8M","Disk"
"47.1542015075684,11.3582000732422",47.1542015075684,11.3582000732422,1,"ARBÖ","INFT-AKEU98","GT TANKAUTOMAT"
"47.1566009521484,14.7284002304077",47.1566009521484,14.7284002304077,1,"ARBÖ","INFT-CFCEZN","Tank- und Waschcenter Seebacher Wei<U+00DF>kirchen"
"47.1571998596191,13.1071996688843",47.1571998596191,13.1071996688843,1,"ARBÖ","INFT-AJJKPW","Turm<U+00F6>l Quick"
"47.1591987609863,14.7340002059937",47.1591987609863,14.7340002059937,1,"ARBÖ","INFT-AJJKR7","Sprint - Landforst Wei<U+00DF>kirchen"
"47.1599998474121,11.8493003845215",47.1599998474121,11.8493003845215,2,"ARBÖ;ÖAMTC","INFT-CCJG8G;1209389","eni;Eni"
"47.160099029541,11.3681001663208",47.160099029541,11.3681001663208,1,"ARBÖ","INFT-AKHUPC","Gutmann Eni Tankstelle"
"47.1603012084961,11.7587003707886",47.1603012084961,11.7587003707886,1,"ARBÖ","INFT-B3EEPF","AVIA-Tankstelle Stock"
"47.1610984802246,16.1648998260498",47.1610984802246,16.1648998260498,1,"ARBÖ","INFT-AJJLBJ","AVANTI - Stegersbach Wiener Stra<U+00DF>e 3"
"47.1614990234375,14.7363004684448",47.1614990234375,14.7363004684448,2,"ARBÖ;ÖAMTC","INFT-AS7CEU;1209792","Freie Tankstelle;ASA Tankstelle"
"47.1621017456055,15.6619997024536",47.1621017456055,15.6619997024536,1,"ARBÖ","INFT-ARDBUA","F. LEITNER"
"47.1654014587402,9.7952995300293",47.1654014587402,9.7952995300293,1,"ARBÖ","INFT-AJJU5R","Shell Austria"
"47.1664009094238,10.7313995361328",47.1664009094238,10.7313995361328,1,"ARBÖ","INFT-AJKA6P","Disk"
"47.1684989929199,16.1639003753662",47.1684989929199,16.1639003753662,2,"ARBÖ;ÖAMTC","INFT-AJJLBH;1208085","Turm<U+00F6>l Quick;Turm<U+00F6>l Quick"
"47.1688003540039,14.6543998718262",47.1688003540039,14.6543998718262,2,"ARBÖ;ÖAMTC","INFT-CHUF4W;1213005","Turm<U+00F6>l;Turm<U+00F6>l"
"47.1688995361328,15.586199760437",47.1688995361328,15.586199760437,1,"ARBÖ","INFT-B5PEVL","All In Tankstelle"
"47.1694984436035,14.6464996337891",47.1694984436035,14.6464996337891,1,"ARBÖ","INFT-AJKEZU","SOCAR Judenburg"
"47.1710014343262,11.3837995529175",47.1710014343262,11.3837995529175,2,"ARBÖ;ÖAMTC","INFT-CEDGMK;1000892","eni;Eni"
"47.1711006164551,15.7995004653931",47.1711006164551,15.7995004653931,1,"ARBÖ","INFT-AJJL4K","Gussmagg Dieseltankstelle"
"47.1721992492676,15.8046998977661",47.1721992492676,15.8046998977661,1,"ARBÖ","INFT-AKRMER","Durlacher Peter Freie Tankstelle"
"47.1762008666992,10.9100999832153",47.1762008666992,10.9100999832153,1,"ARBÖ","INFT-AKKESS","Gutmann ENI Tankstelle"
"47.1775016784668,16.3530006408691",47.1775016784668,16.3530006408691,2,"ARBÖ;ÖAMTC","INFT-BSG8TN;1210600","Turm<U+00F6>l Quick;Turm<U+00F6>l Quick"
"47.1781997680664,14.606499671936",47.1781997680664,14.606499671936,2,"ARBÖ;ÖAMTC","INFT-CGYLDC;1212985","Turm<U+00F6>l;Turm<U+00F6>l"
"47.182300567627,14.6736001968384",47.182300567627,14.6736001968384,1,"ARBÖ","INFT-AJKLLR","eni"
"47.1831016540527,14.6821002960205",47.1831016540527,14.6821002960205,3,"ARBÖ;ÖAMTC;JET","INFT-ATSMQB;1099261;a5553ac9f4","JET TANKSTELLE;JET;JET Tankstelle"
"47.1839981079102,14.5963001251221",47.1839981079102,14.5963001251221,1,"ARBÖ","INFT-C9YKVY","Turm<U+00F6>l Quick"
"47.1847991943359,16.2485008239746",47.1847991943359,16.2485008239746,1,"ARBÖ","INFT-BM7B4R","SHELL "
"47.1857986450195,15.3304996490479",47.1857986450195,15.3304996490479,1,"ARBÖ","INFT-C2WFMB","Rumpold"
"47.1865997314453,14.1814002990723",47.1865997314453,14.1814002990723,1,"ARBÖ","INFT-AJJKYD","Sprint - Landforst Kammersberg"
"47.1880989074707,16.2033996582031",47.1880989074707,16.2033996582031,1,"ARBÖ","INFT-AJRG7Y","Turm<U+00F6>l Tankstelle Lang"
"47.1892013549805,9.70149993896484",47.1892013549805,9.70149993896484,1,"ARBÖ","INFT-ATTAVY","OMV - Nenzing Bundesstra<U+00DF>e 77"
"47.1898994445801,13.603099822998",47.1898994445801,13.603099822998,1,"ARBÖ","INFT-DAYDNR","LM Tweng"
"47.1920013427734,15.6345996856689",47.1920013427734,15.6345996856689,1,"ARBÖ","INFT-AJJL4G","Treibstoffparadies"
"47.193000793457,9.77760028839111",47.193000793457,9.77760028839111,2,"ARBÖ;ÖAMTC","INFT-CHDGD9;1212989","Disk;Disk"
"47.1948013305664,14.7264003753662",47.1948013305664,14.7264003753662,1,"ARBÖ","INFT-AJKBD7","M-Rast"
"47.1949005126953,11.1578998565674",47.1949005126953,11.1578998565674,1,"ARBÖ","INFT-AKBFBL","Freie T  Sellrain"
"47.1950988769531,14.7412004470825",47.1950988769531,14.7412004470825,2,"ARBÖ;ÖAMTC","INFT-CCRE4Y;1209706","Diskont Tankstelle;DISKONT Tankstelle (HOFER Parkplatz)"
"47.1952018737793,14.7135000228882",47.1952018737793,14.7135000228882,1,"ARBÖ","INFT-CYPHF2","Turm<U+00F6>l Quick"
"47.195499420166,15.3467998504639",47.195499420166,15.3467998504639,1,"ARBÖ","INFT-AL8994","OIL! Tankstelle"
"47.1966018676758,15.567099571228",47.1966018676758,15.567099571228,1,"ARBÖ","INFT-AJKBDS","G<U+00FC>nters Tankstelle"
"47.1972007751465,16.3733997344971",47.1972007751465,16.3733997344971,1,"ARBÖ","INFT-AJL3AF","Genol RLH-S<U+00FC>d-Bgld"
"47.1973991394043,14.7667999267578",47.1973991394043,14.7667999267578,1,"ARBÖ","INFT-AKRHZ8","BP Zeltweg"
"47.1992988586426,9.75580024719238",47.1992988586426,9.75580024719238,1,"ARBÖ","INFT-ATSMQA","OMV - Th<U+00FC>ringen Walgaustra<U+00DF>e 68"
"47.1995010375977,15.3460998535156",47.1995010375977,15.3460998535156,1,"ARBÖ","INFT-AK4UQA","Jogrei"
"47.1996994018555,15.33899974823",47.1996994018555,15.33899974823,2,"ARBÖ;ÖAMTC","INFT-B55FDJ;1209427","LAGERHAUS Genol Deutschfeistritz;Genol"
"47.2033004760742,14.2812004089355",47.2033004760742,14.2812004089355,2,"ARBÖ;ÖAMTC","INFT-AJLGDB;1208664","Shell;Shell"
"47.2047004699707,15.6399002075195",47.2047004699707,15.6399002075195,2,"ARBÖ;JET","INFT-ATSMQW;c46aad4fb7","JET TANKSTELLE;JET Tankstelle"
"47.2051010131836,10.8896999359131",47.2051010131836,10.8896999359131,1,"ARBÖ","INFT-AJPCYT","Shell Austria"
"47.2052993774414,11.8711996078491",47.2052993774414,11.8711996078491,1,"ARBÖ","INFT-AJPTQS","Shell Austria"
"47.2061004638672,14.6779003143311",47.2061004638672,14.6779003143311,1,"ARBÖ","INFT-AJJKRB","Turm<U+00F6>l Quick"
"47.2085990905762,15.6336002349854",47.2085990905762,15.6336002349854,1,"ARBÖ","INFT-ARCCGL","Shell Landring Weiz  24 H "
"47.2099990844727,14.8087997436523",47.2099990844727,14.8087997436523,1,"ARBÖ","INFT-B2BLM8","avanti - Knittelfeld K<U+00E4>rntner Stra<U+00DF>e 75"
"47.2100982666016,14.8149995803833",47.2100982666016,14.8149995803833,1,"ARBÖ","INFT-AJKEZV","SOCAR Knittelfeld"
"47.2104988098145,14.7849998474121",47.2104988098145,14.7849998474121,1,"ARBÖ","INFT-BXDD54","Socar Ring Rast - Spielberg"
"47.2108001708984,14.8177003860474",47.2108001708984,14.8177003860474,2,"ARBÖ;JET","INFT-ATTAVZ;c41fb4b846","JET TANKSTELLE;JET Tankstelle"
"47.2108993530273,10.7593002319336",47.2108993530273,10.7593002319336,1,"ARBÖ","INFT-AJJKM2","avanti - Arzl im Pitztal Dorfstra<U+00DF>e 16"
"47.212100982666,15.6294002532959",47.212100982666,15.6294002532959,1,"ARBÖ","INFT-AXA8XH","BP"
"47.2123985290527,16.1627998352051",47.2123985290527,16.1627998352051,2,"ARBÖ;ÖAMTC","INFT-DEBHYN;1214060","M3 Litzelsdorf;M3 Litzelsdorf"
"47.2158012390137,9.79370021820068",47.2158012390137,9.79370021820068,1,"ARBÖ","INFT-AJJKQM","Shell"
"47.2158012390137,14.5750999450684",47.2158012390137,14.5750999450684,1,"ARBÖ","INFT-AJKEZT","SOCAR P<U+00F6>ls"
"47.2168006896973,15.4033002853394",47.2168006896973,15.4033002853394,1,"ARBÖ","INFT-AKXEJR","F. LEITNER - Haupt"
"47.217399597168,14.8270998001099",47.217399597168,14.8270998001099,1,"ARBÖ","INFT-AJPAUN","Shell Knittelfeld"
"47.217399597168,14.8396997451782",47.217399597168,14.8396997451782,1,"ARBÖ","INFT-AJKHQD","Sprint - Landforst Knittelfeld"
"47.217700958252,12.1738996505737",47.217700958252,12.1738996505737,1,"ARBÖ","INFT-AQWF6S","Turm<U+00F6>l"
"47.2181015014648,10.7356004714966",47.2181015014648,10.7356004714966,3,"ARBÖ;ÖAMTC;JET","INFT-ATSHWH;1099276;9115b646ef","JET TANKSTELLE;JET;JET Tankstelle"
"47.2181015014648,14.8159999847412",47.2181015014648,14.8159999847412,2,"ARBÖ;ÖAMTC","INFT-CCQ8L3;1017563","eni;Eni"
"47.2183990478516,10.7262001037598",47.2183990478516,10.7262001037598,2,"ARBÖ;ÖAMTC","INFT-AJJKM6;1064409"," Dieseltankstelle   Silo- Melmer;Dieseltankstelle Silo Melmer"
"47.2195014953613,15.6345996856689",47.2195014953613,15.6345996856689,1,"ARBÖ","INFT-AJZCAU","Shell Austria"
"47.2201995849609,14.8290004730225",47.2201995849609,14.8290004730225,2,"ARBÖ;ÖAMTC","INFT-BT3EXU;1210616","BP;BP"
"47.2214012145996,12.9920997619629",47.2214012145996,12.9920997619629,1,"ARBÖ","INFT-AJJKQ8","Lagerhaus-Tankstelle 24 h"
"47.2220993041992,9.67119979858398",47.2220993041992,9.67119979858398,1,"ARBÖ","INFT-AJJKW4","Disk + TANKAUTOMAT"
"47.2228012084961,15.7210998535156",47.2228012084961,15.7210998535156,1,"ARBÖ","INFT-AJJL4M","Autohaus Weberhofer  e.U"
"47.2233009338379,11.8809003829956",47.2233009338379,11.8809003829956,1,"ARBÖ","INFT-AJPTQT","Disk Tankstelle + TANKAUTOMAT"
"47.2244987487793,9.61740016937256",47.2244987487793,9.61740016937256,2,"ARBÖ;ÖAMTC","INFT-AU6UTA;1130097","OMV - Frastanz Feldkircher Stra<U+00DF>e 47;OMV"
"47.2246017456055,15.2391004562378",47.2246017456055,15.2391004562378,2,"ARBÖ;ÖAMTC","INFT-ASPAA8;1127999","LAGERHAUS Genol <U+00DC>belbach;Genol"
"47.2267990112305,10.7479000091553",47.2267990112305,10.7479000091553,1,"ARBÖ","INFT-AJJU4B","Gutmann Eni Tankstelle "
"47.2275009155273,10.7470998764038",47.2275009155273,10.7470998764038,2,"ARBÖ;ÖAMTC","INFT-AJPMXT;1059435","OMV Gutmann;OMV Gutmann "
"47.2277984619141,11.4299001693726",47.2277984619141,11.4299001693726,1,"ARBÖ","INFT-AK3TRQ","PITTL - Diesel Hi-Tech"
"47.2285995483398,12.0480003356934",47.2285995483398,12.0480003356934,1,"ARBÖ","INFT-AJJKZT","TurboStopp, Freie Tankstelle"
"47.2286987304688,13.1988000869751",47.2286987304688,13.1988000869751,1,"ARBÖ","INFT-BWJG2B","Tankstelle Gewerbepark "
"47.2293014526367,11.8921003341675",47.2293014526367,11.8921003341675,1,"ARBÖ","INFT-AUHMWC","OMV - Zell am Ziller An der Umfahrungsstra<U+00DF>e West"
"47.2294998168945,10.8565998077393",47.2294998168945,10.8565998077393,1,"ARBÖ","INFT-ATV74D","OMV - <U+00D6>tztal-Bahnhof <U+00D6>tztaler Bundesstra<U+00DF>e 15"
"47.2302017211914,11.3809995651245",47.2302017211914,11.3809995651245,1,"ARBÖ","INFT-AK2TYJ","BP Troppacher"
"47.2308006286621,11.2859001159668",47.2308006286621,11.2859001159668,1,"ARBÖ","INFT-ATT36D","AVANTI - Axams Innsbrucker Stra<U+00DF>e 37"
"47.2314987182617,13.1985998153687",47.2314987182617,13.1985998153687,1,"ARBÖ","INFT-AJJKPZ","Lagerhaus-Tankstelle 24 h"
"47.2317008972168,10.853099822998",47.2317008972168,10.853099822998,1,"ARBÖ","INFT-AKFU29","Gutmann ENI Tankstelle"
"47.2317008972168,12.8254995346069",47.2317008972168,12.8254995346069,1,"ARBÖ","INFT-C7QEY5","Turm<U+00F6>l Fusch"
"47.2323989868164,10.7355003356934",47.2323989868164,10.7355003356934,1,"ARBÖ","INFT-CCAKU5","eni"
"47.2351989746094,11.8802995681763",47.2351989746094,11.8802995681763,1,"ARBÖ","INFT-AJRG7S","Huber "
"47.2365989685059,11.2739000320435",47.2365989685059,11.2739000320435,1,"ARBÖ","INFT-AJM2XW","Freie Tankstelle"
"47.2380981445312,11.3109998703003",47.2380981445312,11.3109998703003,2,"ARBÖ;ÖAMTC","INFT-AJVBPT;1208529","Disk TANKAUTOMAT;Disk"
"47.2391014099121,11.3114004135132",47.2391014099121,11.3114004135132,1,"ARBÖ","INFT-AKY8R4","Gutmann ENI Tankstelle"
"47.2415008544922,11.3898000717163",47.2415008544922,11.3898000717163,1,"ARBÖ","INFT-B2247Y","Shell Austria"
"47.2425003051758,16.3125991821289",47.2425003051758,16.3125991821289,2,"ARBÖ;ÖAMTC","INFT-C6C5DG;1211004","Turm<U+00F6>l Quick;Turm<U+00F6>l Quick"
"47.2428016662598,15.3227996826172",47.2428016662598,15.3227996826172,1,"ARBÖ","INFT-AJKLMA","F. LEITNER - Brauchart"
"47.2429008483887,13.206000328064",47.2429008483887,13.206000328064,1,"ARBÖ","INFT-AKN6Q8","eni"
"47.2467994689941,9.60980033874512",47.2467994689941,9.60980033874512,2,"ARBÖ;ÖAMTC","INFT-AJJU7C;1129807","Shell Austria;Shell"
"47.2473983764648,9.61040019989014",47.2473983764648,9.61040019989014,3,"ARBÖ;ÖAMTC;JET","INFT-ATSHXP;1099280;f4e3d4c3d7","JET TANKSTELLE;JET;JET Tankstelle"
"47.2482986450195,15.6988000869751",47.2482986450195,15.6988000869751,1,"ARBÖ","INFT-BAXGLM","F. LEITNER"
"47.2484016418457,11.4450998306274",47.2484016418457,11.4450998306274,1,"ARBÖ","INFT-B97GH7","Gutmann ENI Tankstelle "
"47.2484016418457,16.2966995239258",47.2484016418457,16.2966995239258,1,"ARBÖ","INFT-CQKJNS","Turm<U+00F6>l"
"47.2518005371094,12.2785997390747",47.2518005371094,12.2785997390747,2,"ARBÖ;ÖAMTC","INFT-C5MH8T;1210956","Turm<U+00F6>l Quick;Turm<U+00F6>l Quick"
"47.2532997131348,11.3942003250122",47.2532997131348,11.3942003250122,2,"ARBÖ;ÖAMTC","INFT-AJNTTA;1209502","Unser Lagerhaus;Lagerhaus"
"47.2541999816895,11.3992004394531",47.2541999816895,11.3992004394531,2,"ARBÖ;ÖAMTC","INFT-CKMFD8;1213053","Gutmann ENI Tankstelle;Eni Gutmann"
"47.2555999755859,11.398099899292",47.2555999755859,11.398099899292,1,"ARBÖ","INFT-CCBGAZ","eni"
"47.2561988830566,11.3161001205444",47.2561988830566,11.3161001205444,1,"ARBÖ","INFT-AX6JNA","OMV - V<U+00F6>ls Aflinger Stra<U+00DF>e 4"
"47.2563018798828,11.3886995315552",47.2563018798828,11.3886995315552,1,"ARBÖ","INFT-ATT36L","OMV - Innsbruck Egger-Lienz-Stra<U+00DF>e 3d"
"47.2573013305664,11.3780002593994",47.2573013305664,11.3780002593994,1,"ARBÖ","INFT-AJJUCM","OMV - Innsbruck Innrain 104"
"47.2574005126953,11.3245000839233",47.2574005126953,11.3245000839233,3,"ARBÖ;ÖAMTC;JET","INFT-ATVGSU;1099269;a860c1ef35","JET TANKSTELLE;JET;JET Tankstelle"
"47.25830078125,11.4000997543335",47.25830078125,11.4000997543335,1,"ARBÖ","INFT-AKJAQ2","Disk"
"47.2585983276367,11.3720998764038",47.2585983276367,11.3720998764038,1,"ARBÖ","INFT-CCBGAY","eni"
"47.2601013183594,10.7552003860474",47.2601013183594,10.7552003860474,2,"ARBÖ;ÖAMTC","INFT-DCX943;1214036","M3 Tarrenz;Shell"
"47.2602005004883,10.7552995681763",47.2602005004883,10.7552995681763,1,"ARBÖ","INFT-AK8FT6","Shell Tankstelle"
"47.2605018615723,10.3702001571655",47.2605018615723,10.3702001571655,1,"ARBÖ","INFT-CCAKU9","eni"
"47.2608985900879,11.4214000701904",47.2608985900879,11.4214000701904,1,"ARBÖ","INFT-AJKHT5","BP"
"47.2619018554688,11.4231004714966",47.2619018554688,11.4231004714966,2,"ARBÖ;ÖAMTC","INFT-AJKHT3;1208891","Gutmann Shell Tankstelle;Shell Gutmann"
"47.2621002197266,11.4146003723145",47.2621002197266,11.4146003723145,1,"ARBÖ","INFT-AJKHT4","Disk"
"47.2621994018555,11.372799873352",47.2621994018555,11.372799873352,1,"ARBÖ","INFT-B2YFM9","Gutmann ENI Tankstelle"
"47.2624015808105,11.2637996673584",47.2624015808105,11.2637996673584,1,"ARBÖ","INFT-AJLGDG","Gutmann ENI Tankstelle"
"47.2626991271973,11.4083995819092",47.2626991271973,11.4083995819092,1,"ARBÖ","INFT-AJQTWM","Shell Austria"
"47.2633018493652,16.4337997436523",47.2633018493652,16.4337997436523,1,"ARBÖ","INFT-AJJU6U","Diesel, Super"
"47.2634010314941,9.61530017852783",47.2634010314941,9.61530017852783,2,"ARBÖ;ÖAMTC","INFT-AJJKW6;1207735","Disk TANKAUTOMAT;Disk"
"47.2634010314941,11.4296998977661",47.2634010314941,11.4296998977661,1,"ARBÖ","INFT-AJQ3EY","Shell Austria"
"47.263500213623,11.4333000183105",47.263500213623,11.4333000183105,1,"ARBÖ","INFT-CCASM3","eni"
"47.2643013000488,12.3283004760742",47.2643013000488,12.3283004760742,1,"ARBÖ","INFT-AJLGCJ","Lagerhaus-Tankstelle 24 h"
"47.2644996643066,11.4376001358032",47.2644996643066,11.4376001358032,3,"ARBÖ;ÖAMTC;JET","INFT-ATSHZ4;1099265;752101e830","JET TANKSTELLE;JET;JET Tankstelle"
"47.2645988464355,11.3657999038696",47.2645988464355,11.3657999038696,1,"ARBÖ","INFT-ASAEKC","BP"
"47.2649002075195,11.3690004348755",47.2649002075195,11.3690004348755,1,"ARBÖ","INFT-AJL6Z4","Shell Austria"
"47.2653007507324,11.4253997802734",47.2653007507324,11.4253997802734,2,"ARBÖ;ÖAMTC","INFT-ATSMR7;1208839","avanti - Innsbruck Andechsstra<U+00DF>e West 86;Avanti"
"47.2653007507324,11.4263000488281",47.2653007507324,11.4263000488281,1,"ARBÖ","INFT-ATT36K","OMV - Innsbruck Andechsstra<U+00DF>e 83"
"47.2655982971191,11.4250001907349",47.2655982971191,11.4250001907349,1,"ARBÖ","INFT-AJJLAU","Disk TANKAUTOMAT"
"47.2658996582031,11.4425001144409",47.2658996582031,11.4425001144409,2,"ARBÖ;ÖAMTC","INFT-AJJUCH;1208555","Gutmann ENI Tankstelle;Eni Gutmann"
"47.2667007446289,11.4237003326416",47.2667007446289,11.4237003326416,1,"ARBÖ","INFT-CCAJT4","eni"
"47.2667999267578,15.3257999420166",47.2667999267578,15.3257999420166,1,"ARBÖ","INFT-ALABM9","LAGERHAUS Genol Frohnleiten"
"47.2673988342285,11.234299659729",47.2673988342285,11.234299659729,1,"ARBÖ","INFT-AK5VC6","Gutmann ENI Tankstelle + TANKAUTOMAT"
"47.2673988342285,11.4118995666504",47.2673988342285,11.4118995666504,1,"ARBÖ","INFT-AJKHT2","Disk"
"47.2675018310547,14.4890003204346",47.2675018310547,14.4890003204346,1,"ARBÖ","INFT-AJJU63","Sprint - Landforst M<U+00F6>derbrugg"
"47.2677993774414,12.3375997543335",47.2677993774414,12.3375997543335,1,"ARBÖ","INFT-AJWEU8","OMV - Bramberg Weichseldorf 243"
"47.2682991027832,9.64369964599609",47.2682991027832,9.64369964599609,1,"ARBÖ","INFT-AJZFHS","Shell Rankweil"
"47.2686996459961,15.4804000854492",47.2686996459961,15.4804000854492,1,"ARBÖ","INFT-CH8A3H","BP"
"47.268798828125,10.9373998641968",47.268798828125,10.9373998641968,1,"ARBÖ","INFT-AJJKM4","Disk TANKAUTOMAT"
"47.2690010070801,9.60420036315918",47.2690010070801,9.60420036315918,1,"ARBÖ","INFT-AJK39X","TK Tankstellen GmbH"
"47.269100189209,10.939700126648",47.269100189209,10.939700126648,2,"ARBÖ;ÖAMTC","INFT-CCBGB2;1048444","eni;Eni"
"47.2705993652344,11.2027997970581",47.2705993652344,11.2027997970581,1,"ARBÖ","INFT-ALV966","AVIA Xpress (Automaten-Tankstelle)"
"47.2714004516602,11.2519998550415",47.2714004516602,11.2519998550415,1,"ARBÖ","INFT-AJJUB2","AVANTI - Zirl Meilstra<U+00DF>e 49"
"47.2714004516602,16.2388000488281",47.2714004516602,16.2388000488281,1,"ARBÖ","INFT-AJL9ZX","SOCAR Unterwart"
"47.271800994873,9.61789989471436",47.271800994873,9.61789989471436,1,"ARBÖ","INFT-CCAM23","eni"
"47.2723999023438,9.60799980163574",47.2723999023438,9.60799980163574,1,"ARBÖ","INFT-CCQKN4","Diskont Tankstelle"
"47.2734985351562,11.47350025177",47.2734985351562,11.47350025177,1,"ARBÖ","INFT-AJTTYA","OMV - Hall in Tirol Schl<U+00F6>glstra<U+00DF>e 77"
"47.273998260498,11.2393999099731",47.273998260498,11.2393999099731,1,"ARBÖ","INFT-AJJUAY","Disk TANKAUTOMAT"
"47.273998260498,16.2343997955322",47.273998260498,16.2343997955322,2,"ARBÖ;JET","INFT-ATSMQF;69173eb67c","JET TANKSTELLE;JET Tankstelle"
"47.2753982543945,11.4342002868652",47.2753982543945,11.4342002868652,2,"ARBÖ;ÖAMTC","INFT-AJKBDY;1201494","BP;BP Troppacher"
"47.2756996154785,16.156099319458",47.2756996154785,16.156099319458,1,"ARBÖ","INFT-AS8HYD","avanti - Kemeten Steinbr<U+00FC>ckl 12a"
"47.2759017944336,16.1560001373291",47.2759017944336,16.1560001373291,1,"ARBÖ","INFT-AKD77D","eni"
"47.2765998840332,11.4823999404907",47.2765998840332,11.4823999404907,1,"ARBÖ","INFT-AJJL6L","Gutmann ENI Tankstelle"
"47.2769012451172,11.4320001602173",47.2769012451172,11.4320001602173,1,"ARBÖ","INFT-AJJLAR","OIL! Tankstelle"
"47.2770004272461,11.4006996154785",47.2770004272461,11.4006996154785,1,"ARBÖ","INFT-CCAMVM","eni"
"47.2775001525879,11.4238996505737",47.2775001525879,11.4238996505737,1,"ARBÖ","INFT-AJJUCF","BP"
"47.2775001525879,11.4575996398926",47.2775001525879,11.4575996398926,1,"ARBÖ","INFT-AJJL6H","avanti - Rum Siemensstra<U+00DF>e 1"
"47.2775993347168,11.4446001052856",47.2775993347168,11.4446001052856,2,"ARBÖ;ÖAMTC","INFT-ATSMQZ;1099266","SCHNELL UND GUENSTIG TANKSTELLE;Schnell & G<U+00FC>nstig Tankstelle"
"47.2779006958008,12.4537000656128",47.2779006958008,12.4537000656128,1,"ARBÖ","INFT-AJJKQC","Koidl Discounttankstelle"
"47.2781982421875,15.5115003585815",47.2781982421875,15.5115003585815,1,"ARBÖ","INFT-AJJL4J","F. LEITNER"
"47.2783012390137,11.4949998855591",47.2783012390137,11.4949998855591,2,"ARBÖ;ÖAMTC","INFT-AJJL6K;1163134","Disk;Disk"
"47.2789001464844,11.4207000732422",47.2789001464844,11.4207000732422,1,"ARBÖ","INFT-C8FE5J","Diskont Tankstelle"
"47.2792015075684,11.5013999938965",47.2792015075684,11.5013999938965,2,"ARBÖ;ÖAMTC","INFT-AK2HW2;1160877","BP;BP"
"47.2797012329102,9.6496000289917",47.2797012329102,9.6496000289917,1,"ARBÖ","INFT-BNB6W6","BP"
"47.2797012329102,11.5031995773315",47.2797012329102,11.5031995773315,1,"ARBÖ","INFT-AJKHST","Shell Hall in Tirol"
"47.2807998657227,16.4433002471924",47.2807998657227,16.4433002471924,1,"ARBÖ","INFT-AJL3AG","Genol RLH-S<U+00FC>d-Bgld"
"47.2812004089355,12.5749998092651",47.2812004089355,12.5749998092651,1,"ARBÖ","INFT-AJJKQA","LMEnergy Express"
"47.2812004089355,12.8275995254517",47.2812004089355,12.8275995254517,1,"ARBÖ","INFT-AJJKQD","Lagerhaus-Tankstelle 24 h "
"47.2812995910645,11.5124998092651",47.2812995910645,11.5124998092651,1,"ARBÖ","INFT-AJKTN4","GT G<U+00FC>nstig Tanken"
"47.2812995910645,11.5340995788574",47.2812995910645,11.5340995788574,1,"ARBÖ","INFT-AJMGDY","Gutmann OMV Tankstelle"
"47.282600402832,11.4102001190186",47.282600402832,11.4102001190186,2,"ARBÖ;ÖAMTC","INFT-AJJLAQ;1201342","Disk ;Disk"
"47.2830009460449,16.1851997375488",47.2830009460449,16.1851997375488,1,"ARBÖ","INFT-AJK39V","OMV - Oberwart Grazer Stra<U+00DF>e 123"
"47.2831993103027,11.5200004577637",47.2831993103027,11.5200004577637,2,"ARBÖ;ÖAMTC","INFT-AJMGDX;1139172","Disk;Disk"
"47.2832984924316,12.6239004135132",47.2832984924316,12.6239004135132,2,"ARBÖ;ÖAMTC","INFT-CCG9TR;1160672","eni;Eni"
"47.2843017578125,12.6471996307373",47.2843017578125,12.6471996307373,1,"ARBÖ","INFT-AJMGD7","Lagerhaus-Tankstelle"
"47.285099029541,12.4928998947144",47.285099029541,12.4928998947144,2,"ARBÖ;ÖAMTC","INFT-C9RG8J;1211265","Turm<U+00F6>l;Turm<U+00F6>l"
"47.2851982116699,12.4911003112793",47.2851982116699,12.4911003112793,1,"ARBÖ","INFT-AJJKQ7","Turm<U+00F6>l Quick"
"47.2851982116699,12.4948997497559",47.2851982116699,12.4948997497559,1,"ARBÖ","INFT-CCFDG5","eni"
"47.285400390625,11.143500328064",47.285400390625,11.143500328064,1,"ARBÖ","INFT-AJJUAZ","Disk TANKAUTOMAT"
"47.2867012023926,12.5268001556396",47.2867012023926,12.5268001556396,2,"ARBÖ;ÖAMTC","INFT-B9DBJL;1210231","LMEnergy Express;LM Energy Express"
"47.2883987426758,12.8093996047974",47.2883987426758,12.8093996047974,1,"ARBÖ","INFT-ATSHWV","MAXI TANK TANKSTELLE"
"47.2891998291016,16.0814990997314",47.2891998291016,16.0814990997314,2,"ARBÖ;ÖAMTC","INFT-D7WPVH;1213948","Rumpold;Rumpold"
"47.2895011901855,12.9054002761841",47.2895011901855,12.9054002761841,1,"ARBÖ","INFT-CCQCK2","eni"
"47.2900009155273,11.5734996795654",47.2900009155273,11.5734996795654,1,"ARBÖ","INFT-AJKHSS","M<U+00F6>ssmer Transporte"
"47.2902984619141,11.8804998397827",47.2902984619141,11.8804998397827,2,"ARBÖ;ÖAMTC","INFT-CCBN5S;1207855","eni;Eni"
"47.2915992736816,11.595100402832",47.2915992736816,11.595100402832,1,"ARBÖ","INFT-AJMTS8","Disk TANKAUTOMAT"
"47.2916984558105,11.0373001098633",47.2916984558105,11.0373001098633,1,"ARBÖ","INFT-AJJKLY","Disk TANKAUTOMAT"
"47.2918014526367,11.5743999481201",47.2918014526367,11.5743999481201,2,"ARBÖ;ÖAMTC","INFT-AJMTS7;1111181","Waschpark Volders;GT G<U+00FC>nstig Tanken"
"47.2919006347656,11.5992002487183",47.2919006347656,11.5992002487183,1,"ARBÖ","INFT-CCFFWK","eni"
"47.2921981811523,12.9681997299194",47.2921981811523,12.9681997299194,1,"ARBÖ","INFT-ALE8QH","BP Taxenbach"
"47.2924003601074,16.3953990936279",47.2924003601074,16.3953990936279,1,"ARBÖ","INFT-AJJKU2","Tankstelle Kaiser"
"47.2929000854492,16.2068004608154",47.2929000854492,16.2068004608154,1,"ARBÖ","INFT-AYLJUK","Turm<U+00F6>l Quick"
"47.2969017028809,12.7959003448486",47.2969017028809,12.7959003448486,1,"ARBÖ","INFT-BA9K3U","BP Zell am See"
"47.2971000671387,11.8676996231079",47.2971000671387,11.8676996231079,1,"ARBÖ","INFT-AJKLM4","Gutmann ENI Tankstelle"
"47.2976989746094,11.5882997512817",47.2976989746094,11.5882997512817,1,"ARBÖ","INFT-B65E8Z","Shell Austria"
"47.2979011535645,12.7945003509521",47.2979011535645,12.7945003509521,2,"ARBÖ;ÖAMTC","INFT-BD8G6B;1201060","OMV - Zell am See Brucker Bundesstra<U+00DF>e 110;OMV"
"47.2979011535645,13.082799911499",47.2979011535645,13.082799911499,1,"ARBÖ","INFT-CLHGBJ","Turm<U+00F6>l Quick Posauner"
"47.3003005981445,11.0740995407104",47.3003005981445,11.0740995407104,1,"ARBÖ","INFT-AJKHSR","Disk TANKAUTOMAT"
"47.3003997802734,11.0725002288818",47.3003997802734,11.0725002288818,1,"ARBÖ","INFT-AJJUAW","Unser Lagerhaus"
"47.3004989624023,16.1956996917725",47.3004989624023,16.1956996917725,1,"ARBÖ","INFT-AU2UBC","Eni Oberwart"
"47.3013000488281,11.592399597168",47.3013000488281,11.592399597168,1,"ARBÖ","INFT-AYSFP8","Plose A Oil"
"47.3026008605957,16.4423999786377",47.3026008605957,16.4423999786377,1,"ARBÖ","INFT-AJQGM6","OMV"
"47.3028984069824,13.0801000595093",47.3028984069824,13.0801000595093,1,"ARBÖ","INFT-CLHGBJ","Turm<U+00F6>l Quick Posauner"
"47.3040008544922,11.6386003494263",47.3040008544922,11.6386003494263,2,"ARBÖ;ÖAMTC","INFT-AJJKZW;1111147","OIL! Tankstelle;OIL!"
"47.3042984008789,9.64750003814697",47.3042984008789,9.64750003814697,2,"ARBÖ;ÖAMTC","INFT-DE2KWF;1214048","M3 Klaus;M3 Klaus"
"47.304500579834,10.9700002670288",47.304500579834,10.9700002670288,2,"ARBÖ;ÖAMTC","INFT-ATSHWG;1208679","avanti - Barwies 237;Avanti"
"47.307300567627,9.63169956207275",47.307300567627,9.63169956207275,1,"ARBÖ","INFT-AJVPVH","Eni Klaus"
"47.3089981079102,14.9422998428345",47.3089981079102,14.9422998428345,1,"ARBÖ","INFT-BC98VH","F. LEITNER"
"47.3096008300781,9.61979961395264",47.3096008300781,9.61979961395264,1,"ARBÖ","INFT-AJK39Y","TK Tankstellen GmbH"
"47.3096008300781,15.5627002716064",47.3096008300781,15.5627002716064,1,"ARBÖ","INFT-CWBU4W","M3 St. Kathrein am Offenegg"
"47.3098983764648,11.0614995956421",47.3098983764648,11.0614995956421,2,"ARBÖ;ÖAMTC","INFT-AJJUAX;1208867","Disk Tankautomat;Disk"
"47.3139991760254,11.1001996994019",47.3139991760254,11.1001996994019,2,"ARBÖ;ÖAMTC","INFT-CJUEYU;1213001","WT Tankstelle ;Troppacher"
"47.3171997070312,11.0936002731323",47.3171997070312,11.0936002731323,2,"ARBÖ;ÖAMTC","INFT-CXVR6S;1213481","BP;BP"
"47.3172988891602,11.8653001785278",47.3172988891602,11.8653001785278,1,"ARBÖ","INFT-AJKLM5","OIL! Tankstelle"
"47.3199996948242,15.690899848938",47.3199996948242,15.690899848938,1,"ARBÖ","INFT-AW6MNE","SOCAR Koglhof"
"47.3202018737793,13.1437997817993",47.3202018737793,13.1437997817993,1,"ARBÖ","INFT-AJKBD6","OMV - Schwarzach Salzburger Stra<U+00DF>e 52"
"47.3236999511719,9.62849998474121",47.3236999511719,9.62849998474121,1,"ARBÖ","INFT-AJJKW3","Loacker Tours GmbH (Diesel + Super95)"
"47.3237991333008,13.1735000610352",47.3237991333008,13.1735000610352,2,"ARBÖ;ÖAMTC","INFT-D9PJ9M;1213992","M3 St. Veit im Pongau + Waschcenter;M3 Tankstelle"
"47.3240013122559,11.1990995407104",47.3240013122559,11.1990995407104,1,"ARBÖ","INFT-B2BSKK","OMV - Reith bei Seefeld Krinz 27"
"47.3254013061523,11.1899995803833",47.3254013061523,11.1899995803833,1,"ARBÖ","INFT-B5FEGF","Shell Austria"
"47.3255996704102,12.7964000701904",47.3255996704102,12.7964000701904,2,"ARBÖ;JET","INFT-ATSHWW;ba673775f9","JET TANKSTELLE;JET Tankstelle"
"47.3256988525391,9.62959957122803",47.3256988525391,9.62959957122803,1,"ARBÖ","INFT-CCQKN3","Diskont Tankstelle"
"47.3272018432617,10.8198003768921",47.3272018432617,10.8198003768921,1,"ARBÖ","INFT-AJK39F","OMV - Nassereith Fernpa<U+00DF> Bundesstra<U+00DF>e 1"
"47.3278999328613,9.97570037841797",47.3278999328613,9.97570037841797,1,"ARBÖ","INFT-AL5JZY","Shell"
"47.3280982971191,11.1986999511719",47.3280982971191,11.1986999511719,1,"ARBÖ","INFT-B2DEHB","BP Troppacher"
"47.331298828125,9.63710021972656",47.331298828125,9.63710021972656,1,"ARBÖ","INFT-AJVPVJ","Shell Goetzis"
"47.3316993713379,9.63689994812012",47.3316993713379,9.63689994812012,2,"ARBÖ;ÖAMTC","INFT-DFLMWZ;1214092","Shell G<U+00F6>tzis;Shell "
"47.334400177002,13.1893997192383",47.334400177002,13.1893997192383,1,"ARBÖ","INFT-AJKA76","BP"
"47.3352012634277,11.1935997009277",47.3352012634277,11.1935997009277,1,"ARBÖ","INFT-B57FN5","ENI ServiceStation Nemeth"
"47.3362998962402,16.0779991149902",47.3362998962402,16.0779991149902,1,"ARBÖ","INFT-ANXSE8","ARTNER"
"47.3363990783691,13.3027000427246",47.3363990783691,13.3027000427246,1,"ARBÖ","INFT-AKKESV","BP Wagrain"
"47.3398017883301,9.6515998840332",47.3398017883301,9.6515998840332,1,"ARBÖ","INFT-B25E64","BP"
"47.3404998779297,9.65289974212646",47.3404998779297,9.65289974212646,1,"ARBÖ","INFT-AJKCS5","DISK Tankautomat"
"47.3405990600586,11.706600189209",47.3405990600586,11.706600189209,1,"ARBÖ","INFT-CCAMVQ","eni"
"47.3432998657227,15.3494997024536",47.3432998657227,15.3494997024536,2,"ARBÖ;ÖAMTC","INFT-DFLLC8;1214096","SOCAR Bad St. Leonhard;SOCAR Bad St. Leonhard"
"47.3434982299805,13.1916999816895",47.3434982299805,13.1916999816895,2,"ARBÖ;JET","INFT-ATTAZK;9af4cdd6e6","JET TANKSTELLE;JET Tankstelle"
"47.3446998596191,9.65670013427734",47.3446998596191,9.65670013427734,2,"ARBÖ;JET","INFT-ATSHXN;dd5afb968a","JET TANKSTELLE;JET Tankstelle"
"47.3455009460449,11.8528995513916",47.3455009460449,11.8528995513916,2,"ARBÖ;ÖAMTC","INFT-BDRFRU;1142325","BP;BP"
"47.3485984802246,13.2065000534058",47.3485984802246,13.2065000534058,2,"ARBÖ;ÖAMTC","INFT-AJKHQ9;1160618","OMV Fast Lane - Sankt Johann im Pongau Wagrainer Stra<U+00DF>e 11;OMV Fast Lane"
"47.3501014709473,15.0090999603271",47.3501014709473,15.0090999603271,1,"ARBÖ","INFT-AJJKP2","Rumpold"
"47.350399017334,11.706000328064",47.350399017334,11.706000328064,1,"ARBÖ","INFT-AJJKZX","OMV - Schwaz M<U+00FC>nchner Stra<U+00DF>e 24"
"47.350399017334,13.1943998336792",47.350399017334,13.1943998336792,2,"ARBÖ;JET","INFT-ATT35X;56bcb069dc","JET TANKSTELLE;JET Tankstelle"
"47.3504981994629,12.8006000518799",47.3504981994629,12.8006000518799,1,"ARBÖ","INFT-AZYSYF","BP"
"47.3511009216309,11.7004995346069",47.3511009216309,11.7004995346069,1,"ARBÖ","INFT-AJJU95","Gutmann ENI Tankstelle"
"47.3513984680176,11.8514995574951",47.3513984680176,11.8514995574951,1,"ARBÖ","INFT-ATSHY6","AVANTI - F<U+00FC>gen im Zillertal Zillertalstra<U+00DF>e 14"
"47.3516006469727,15.6955003738403",47.3516006469727,15.6955003738403,1,"ARBÖ","INFT-AL62LS","Fasching Diesel Diskont"
"47.3522987365723,13.1977996826172",47.3522987365723,13.1977996826172,1,"ARBÖ","INFT-AJK39M","Lagerhaus-Tankstelle 24 h"
"47.3527984619141,9.63490009307861",47.3527984619141,9.63490009307861,1,"ARBÖ","INFT-B4SEXG",""
"47.3530006408691,9.66160011291504",47.3530006408691,9.66160011291504,2,"ARBÖ;ÖAMTC","INFT-AJJKW5;1201198","Disk TANKAUTOMAT;Disk"
"47.3538017272949,11.7084999084473",47.3538017272949,11.7084999084473,3,"ARBÖ;ÖAMTC;JET","INFT-ATVMR7;1099268;6b4e2e1d44","JET TANKSTELLE;JET;JET Tankstelle"
"47.3553009033203,15.0852003097534",47.3553009033203,15.0852003097534,1,"ARBÖ","INFT-BEYDJ5","F. LEITNER"
"47.3572006225586,13.197699546814",47.3572006225586,13.197699546814,1,"ARBÖ","INFT-CCLKA9","Diskont Tankstelle"
"47.3572998046875,9.68319988250732",47.3572998046875,9.68319988250732,2,"ARBÖ;JET","INFT-ATSHWL;6067a61ee2","JET TANKSTELLE;JET Tankstelle"
"47.3583984375,13.1998996734619",47.3583984375,13.1998996734619,1,"ARBÖ","INFT-AJKHQ8","Palfner Tankstelle"
"47.3595008850098,12.7995004653931",47.3595008850098,12.7995004653931,2,"ARBÖ;ÖAMTC","INFT-AJKEZQ;1066953","LMEnergy Express;LM Energy Express"
"47.3596992492676,11.7228002548218",47.3596992492676,11.7228002548218,1,"ARBÖ","INFT-AJJU94","Tankstelle Schaller"
"47.3601989746094,10.190299987793",47.3601989746094,10.190299987793,1,"ARBÖ","INFT-BMKVYY","AVIA Xpress"
"47.3622016906738,16.283899307251",47.3622016906738,16.283899307251,1,"ARBÖ","INFT-AJKHQZ","Diesel, Super 95"
"47.3624000549316,13.3830995559692",47.3624000549316,13.3830995559692,1,"ARBÖ","INFT-AM6D7A","AP-Trading GmbH"
"47.3629989624023,16.2406997680664",47.3629989624023,16.2406997680664,1,"ARBÖ","INFT-AJJU6R","Turm<U+00F6>l Quick"
"47.3633003234863,16.2406997680664",47.3633003234863,16.2406997680664,1,"ARBÖ","INFT-B6VAXW","St<U+00F6>ckl"
"47.3633995056152,16.0638999938965",47.3633995056152,16.0638999938965,1,"ARBÖ","INFT-AJKHR2","Schr<U+00F6>ck Hubert"
"47.3636016845703,16.1252002716064",47.3636016845703,16.1252002716064,2,"ARBÖ;ÖAMTC","INFT-CRNGMJ;1207709","Turm<U+00F6>l;Turm<U+00F6>l"
"47.3639984130859,9.68050003051758",47.3639984130859,9.68050003051758,1,"ARBÖ","INFT-AJJU4M","ESW Dieselkraftstoff"
"47.3666000366211,9.67059993743896",47.3666000366211,9.67059993743896,1,"ARBÖ","INFT-CBWGFU","Diskont Tankstelle"
"47.3685989379883,11.1443004608154",47.3685989379883,11.1443004608154,2,"ARBÖ;ÖAMTC","INFT-CVNW3C;1213469","JFJ Baumarkt;JFJ Baumarkt"
"47.369800567627,11.1665000915527",47.369800567627,11.1665000915527,1,"ARBÖ","INFT-ATU38X","avanti - Leutasch Waidach 373"
"47.3708000183105,16.1530990600586",47.3708000183105,16.1530990600586,1,"ARBÖ","INFT-AJL3AH","Genol RLH-S<U+00FC>d-Bgld"
"47.372200012207,15.0851001739502",47.372200012207,15.0851001739502,2,"ARBÖ;ÖAMTC","INFT-B9EBDZ;1210235","M3 Energy;M3 Tankstelle"
"47.3723983764648,14.9888000488281",47.3723983764648,14.9888000488281,1,"ARBÖ","INFT-AJKHQ3","Gruber Diesel"
"47.3723983764648,15.7632999420166",47.3723983764648,15.7632999420166,1,"ARBÖ","INFT-AKQG3L","F. LEITNER Miesenbach"
"47.3731994628906,15.0907001495361",47.3731994628906,15.0907001495361,2,"ARBÖ;JET","INFT-ATSHWP;966938f304","JET TANKSTELLE;JET Tankstelle"
"47.3736991882324,9.67759990692139",47.3736991882324,9.67759990692139,1,"ARBÖ","INFT-ANPLGH","BP"
"47.3737983703613,16.0926990509033",47.3737983703613,16.0926990509033,1,"ARBÖ","INFT-AJJKTW","Rekord-Tankstelle"
"47.3744010925293,16.1254997253418",47.3744010925293,16.1254997253418,1,"ARBÖ","INFT-AJJKTZ","avanti - Pinkafeld Wiener Stra<U+00DF>e 8"
"47.374698638916,15.0823001861572",47.374698638916,15.0823001861572,2,"ARBÖ;ÖAMTC","INFT-AJJKNY;1207893","Stadtwerke Leoben;Stadtwerke Leoben"
"47.375,16.3237991333008",47.375,16.3237991333008,1,"ARBÖ","INFT-AJK6RH","AVIA"
"47.3758010864258,12.418999671936",47.3758010864258,12.418999671936,2,"ARBÖ;ÖAMTC","INFT-ALV964;1201630","BP;BP"
"47.3782997131348,15.1023998260498",47.3782997131348,15.1023998260498,1,"ARBÖ","INFT-AJKEZM","SOCAR Leoben-II"
"47.3788986206055,15.0888004302979",47.3788986206055,15.0888004302979,1,"ARBÖ","INFT-AJJKNW","Turm<U+00F6>l Quick"
"47.3790016174316,16.1221008300781",47.3790016174316,16.1221008300781,1,"ARBÖ","INFT-AJJU6S","eni"
"47.3792991638184,9.89420032501221",47.3792991638184,9.89420032501221,1,"ARBÖ","INFT-AJSTMH","W<U+00E4>lderhaus"
"47.3801002502441,9.70549964904785",47.3801002502441,9.70549964904785,1,"ARBÖ","INFT-AJKA6Q","OIL! Tankstelle"
"47.380199432373,15.1056003570557",47.380199432373,15.1056003570557,2,"ARBÖ;ÖAMTC","INFT-AJJKNV;1209494","SOCAR Leoben-I;SOCAR"
"47.3810005187988,15.6780996322632",47.3810005187988,15.6780996322632,2,"ARBÖ;ÖAMTC","INFT-BUC9SU;1210648","F. LEITNER;F. Leitner "
"47.3810997009277,11.8340997695923",47.3810997009277,11.8340997695923,2,"ARBÖ;ÖAMTC","INFT-AJKLM3;1208466","AVIA;Avia"
"47.3811988830566,13.4167995452881",47.3811988830566,13.4167995452881,1,"ARBÖ","INFT-D8CCRD","BP"
"47.3814010620117,16.1203994750977",47.3814010620117,16.1203994750977,1,"ARBÖ","INFT-AJJKTY","KFZ SIMON  -  Pinkafeld"
"47.3819007873535,13.4731998443604",47.3819007873535,13.4731998443604,1,"ARBÖ","INFT-CMBFPW","BP"
"47.3828010559082,15.1063003540039",47.3828010559082,15.1063003540039,1,"ARBÖ","INFT-CCQKMW","Diskont Tankstelle"
"47.3830986022949,11.7722997665405",47.3830986022949,11.7722997665405,1,"ARBÖ","INFT-AJJKZS","BP Express"
"47.3830986022949,13.4246997833252",47.3830986022949,13.4246997833252,2,"ARBÖ;ÖAMTC","INFT-APSENR;1209531","Lagerhaustankstelle;Lagerhaus"
"47.3847999572754,15.1297998428345",47.3847999572754,15.1297998428345,1,"ARBÖ","INFT-CXUMG8","Rumpold"
"47.3851013183594,13.4671001434326",47.3851013183594,13.4671001434326,1,"ARBÖ","INFT-APSENQ","Lagerhaustankstelle"
"47.3860015869141,10.5614995956421",47.3860015869141,10.5614995956421,1,"ARBÖ","INFT-AJJKVY","Shell-Tankstelle  Laugus Silvia"
"47.3865013122559,13.4505996704102",47.3865013122559,13.4505996704102,1,"ARBÖ","INFT-D8AKND","eni"
"47.3866004943848,13.4519996643066",47.3866004943848,13.4519996643066,1,"ARBÖ","INFT-D85NFD","BP Radstadt"
"47.3870010375977,13.4514999389648",47.3870010375977,13.4514999389648,1,"ARBÖ","INFT-CJRSND","eni"
"47.3879013061523,11.2609996795654",47.3879013061523,11.2609996795654,1,"ARBÖ","INFT-AJSGFT","Tankstelle WR GmbH"
"47.388500213623,11.7744998931885",47.388500213623,11.7744998931885,1,"ARBÖ","INFT-AJJU96","Shell Austria"
"47.3890991210938,12.6423997879028",47.3890991210938,12.6423997879028,1,"ARBÖ","INFT-AMQBVX","BP"
"47.3893013000488,11.7855997085571",47.3893013000488,11.7855997085571,1,"ARBÖ","INFT-AJKHS7","AVIA"
"47.3897018432617,13.6358995437622",47.3897018432617,13.6358995437622,1,"ARBÖ","INFT-CD6FUQ","eni"
"47.3898010253906,11.2648000717163",47.3898010253906,11.2648000717163,1,"ARBÖ","INFT-AJSGFS","Gutmann ENI Tankstelle"
"47.3903999328613,13.6574001312256",47.3903999328613,13.6574001312256,1,"ARBÖ","INFT-CCDP33","Diskont Tankstelle"
"47.3913993835449,13.6822004318237",47.3913993835449,13.6822004318237,1,"ARBÖ","INFT-AJKA7K","Shell Austria"
"47.3939018249512,15.0382995605469",47.3939018249512,15.0382995605469,1,"ARBÖ","INFT-CXUHTH","Rumpold"
"47.394401550293,13.6815996170044",47.394401550293,13.6815996170044,1,"ARBÖ","INFT-AJMGDE","Landmarkt Lagerhaus"
"47.3949012756348,13.6986999511719",47.3949012756348,13.6986999511719,2,"ARBÖ;JET","INFT-ATSHXG;d79273942d","JET TANKSTELLE;JET Tankstelle"
"47.3959007263184,11.7712001800537",47.3959007263184,11.7712001800537,1,"ARBÖ","INFT-AJMEWR","Gutmann ENI Tankstelle"
"47.3959007263184,13.7009000778198",47.3959007263184,13.7009000778198,1,"ARBÖ","INFT-C9CNTL","Turm<U+00F6>l"
"47.3961982727051,9.73130035400391",47.3961982727051,9.73130035400391,1,"ARBÖ","INFT-AUDBGF","OMV - Dornbirn Wallenmahd 1"
"47.3964996337891,9.73110008239746",47.3964996337891,9.73110008239746,2,"ARBÖ;JET","INFT-ATSHWM;ed52991a99","JET TANKSTELLE;JET Tankstelle"
"47.3970985412598,13.7047996520996",47.3970985412598,13.7047996520996,2,"ARBÖ;ÖAMTC","INFT-CLQE2Z;1212001","eni24;Eni"
"47.3975982666016,14.8352003097534",47.3975982666016,14.8352003097534,2,"ARBÖ;ÖAMTC","INFT-AK7FS2;1209716","Habib ;Habib Diskont"
"47.3978996276855,11.8162002563477",47.3978996276855,11.8162002563477,1,"ARBÖ","INFT-AJJKZZ","AVANTI - Strass im Zillertal Bundesstra<U+00DF>e 107"
"47.3979988098145,9.85389995574951",47.3979988098145,9.85389995574951,1,"ARBÖ","INFT-B4JE9V","ENI R<U+00FC>f VW & Audi"
"47.3987998962402,14.8275995254517",47.3987998962402,14.8275995254517,1,"ARBÖ","INFT-AK7FRZ","Genol"
"47.3998985290527,9.73569965362549",47.3998985290527,9.73569965362549,1,"ARBÖ","INFT-AJJKMN","Disk + Tankautomat"
"47.4034996032715,11.8031997680664",47.4034996032715,11.8031997680664,1,"ARBÖ","INFT-AKQG3K","ENI"
"47.4040985107422,13.5742998123169",47.4040985107422,13.5742998123169,1,"ARBÖ","INFT-C73EZ3","Shell"
"47.4062004089355,13.2178001403809",47.4062004089355,13.2178001403809,2,"ARBÖ;JET","INFT-ATUGAJ;5c33a2f432","JET TANKSTELLE;JET Tankstelle"
"47.4063987731934,16.2609996795654",47.4063987731934,16.2609996795654,1,"ARBÖ","INFT-AJJU6T","St<U+00F6>ckl "
"47.4070014953613,9.73480033874512",47.4070014953613,9.73480033874512,1,"ARBÖ","INFT-AZWGE4","AVANTI - Dornbirn Lustenauer Stra<U+00DF>e 24"
"47.407299041748,10.8690996170044",47.407299041748,10.8690996170044,1,"ARBÖ","INFT-AJRG7Q","BP"
"47.4077987670898,12.8942003250122",47.4077987670898,12.8942003250122,2,"ARBÖ;ÖAMTC","INFT-AKB9UL;1208588","BP Maria Alm;BP Stiglechner"
"47.4095001220703,15.7186002731323",47.4095001220703,15.7186002731323,2,"ARBÖ;ÖAMTC","INFT-ALZFC5;1209016","Genol Landring;Genol"
"47.410400390625,9.72080039978027",47.410400390625,9.72080039978027,1,"ARBÖ","INFT-CCASM6","eni"
"47.410400390625,10.9156999588013",47.410400390625,10.9156999588013,1,"ARBÖ","INFT-AJJKVU","Amort Tankstelle"
"47.4104995727539,16.4151992797852",47.4104995727539,16.4151992797852,1,"ARBÖ","INFT-AXYF9F","ENI"
"47.4117012023926,9.71570014953613",47.4117012023926,9.71570014953613,1,"ARBÖ","INFT-AJN39J","Shell Austria"
"47.4124984741211,9.71450042724609",47.4124984741211,9.71450042724609,2,"ARBÖ;ÖAMTC","INFT-AJJU4J;1061869","BP;BP"
"47.4132995605469,13.2182998657227",47.4132995605469,13.2182998657227,1,"ARBÖ","INFT-AJJU5M","fillup 24 h - 5500"
"47.415599822998,13.8078002929688",47.415599822998,13.8078002929688,2,"ARBÖ;ÖAMTC","INFT-BDSARA;1210308","Turm<U+00F6>l Quick;Turm<U+00F6>l Quick"
"47.4184989929199,12.4215002059937",47.4184989929199,12.4215002059937,1,"ARBÖ","INFT-ALV965","BP"
"47.4191017150879,9.66100025177002",47.4191017150879,9.66100025177002,2,"ARBÖ;ÖAMTC","INFT-CCB399;1208671","eni;Eni"
"47.4194984436035,9.65929985046387",47.4194984436035,9.65929985046387,3,"ARBÖ;ÖAMTC;JET","INFT-AUWFSB;1209730;22f07d078e","JET TANKSTELLE;JET;JET Tankstelle"
"47.4194984436035,15.0015001296997",47.4194984436035,15.0015001296997,2,"ARBÖ;ÖAMTC","INFT-AJKHQ2;1209097","Dieselkraftstoff;Tankstelle Brandl"
"47.4201011657715,9.65869998931885",47.4201011657715,9.65869998931885,1,"ARBÖ","INFT-AVRUCC","OMV - Lustenau Grindlstra<U+00DF>e 14"
"47.4202995300293,15.0139999389648",47.4202995300293,15.0139999389648,2,"ARBÖ;ÖAMTC","INFT-BB4HJK;1004565","BP;BP"
"47.4207000732422,13.6628999710083",47.4207000732422,13.6628999710083,2,"ARBÖ;ÖAMTC","INFT-C7RCQB;1211041","Turm<U+00F6>l Quick;Turm<U+00F6>l Quick"
"47.4229011535645,10.7828998565674",47.4229011535645,10.7828998565674,1,"ARBÖ","INFT-AJJKW2","OIL! Tankstelle"
"47.4229011535645,13.2164001464844",47.4229011535645,13.2164001464844,1,"ARBÖ","INFT-B5MEYG","BP"
"47.4230003356934,12.8500995635986",47.4230003356934,12.8500995635986,1,"ARBÖ","INFT-AJJKQE","AVANTI - Saalfelden Almerstra<U+00DF>e 23"
"47.4233016967773,14.7615995407104",47.4233016967773,14.7615995407104,1,"ARBÖ","INFT-ALKGJE","Viertler"
"47.4235000610352,11.7517995834351",47.4235000610352,11.7517995834351,3,"ARBÖ;ÖAMTC;JET","INFT-ATVMR8;1099270;204e49a472","JET TANKSTELLE;JET;JET Tankstelle"
"47.4243011474609,9.6515998840332",47.4243011474609,9.6515998840332,2,"ARBÖ;ÖAMTC","INFT-BT3EXZ;1201636","BP;BP"
"47.4249992370605,13.2145004272461",47.4249992370605,13.2145004272461,1,"ARBÖ","INFT-C99MNE","Turm<U+00F6>l"
"47.4255981445312,9.74139976501465",47.4255981445312,9.74139976501465,2,"ARBÖ;ÖAMTC","INFT-AJK39K;1146439","Shell Austria;Shell"
"47.4262008666992,12.8401002883911",47.4262008666992,12.8401002883911,2,"ARBÖ;ÖAMTC","INFT-AKHMCQ;1128887","Gutmann ENI Tankstelle;Eni Gutmann"
"47.426700592041,9.74120044708252",47.426700592041,9.74120044708252,2,"ARBÖ;JET","INFT-ATSHWK;f03e958fa2","JET TANKSTELLE;JET Tankstelle"
"47.4280014038086,9.73999977111816",47.4280014038086,9.73999977111816,1,"ARBÖ","INFT-ATT35V","OMV - Dornbirn Schwefel 53"
"47.4280014038086,12.8422002792358",47.4280014038086,12.8422002792358,2,"ARBÖ;ÖAMTC","INFT-CCW8H2;1000727","eni;Eni"
"47.4290008544922,12.8427000045776",47.4290008544922,12.8427000045776,1,"ARBÖ","INFT-ALXGFZ","OMV - Saalfelden Bundesstra<U+00DF>e 2"
"47.4296989440918,9.73999977111816",47.4296989440918,9.73999977111816,1,"ARBÖ","INFT-CCALZZ","eni"
"47.4297981262207,12.8424997329712",47.4297981262207,12.8424997329712,2,"ARBÖ;JET","INFT-ATSHWX;ba0d7adb3b","JET TANKSTELLE;JET Tankstelle"
"47.4303016662598,9.64949989318848",47.4303016662598,9.64949989318848,1,"ARBÖ","INFT-AVLVV4","Eni Oberscheider Lustenau"
"47.4309997558594,12.8449001312256",47.4309997558594,12.8449001312256,2,"ARBÖ;ÖAMTC","INFT-AJR6UG;1128885","Shell Austria;Shell"
"47.432201385498,10.9184999465942",47.432201385498,10.9184999465942,1,"ARBÖ","INFT-AJJKVT","Gutmann ENI Tankstelle"
"47.4324989318848,9.89540004730225",47.4324989318848,9.89540004730225,1,"ARBÖ","INFT-AM8LLN","BP"
"47.4325981140137,11.8788995742798",47.4325981140137,11.8788995742798,1,"ARBÖ","INFT-CDXLK6","eni"
"47.4332008361816,11.8803997039795",47.4332008361816,11.8803997039795,1,"ARBÖ","INFT-B9LKJT","OMV - Brixlegg Innsbrucker Stra<U+00DF>e 34"
"47.434700012207,11.8824996948242",47.434700012207,11.8824996948242,1,"ARBÖ","INFT-AJJL24","Rissbacher Walter GmbH"
"47.4357986450195,10.7672004699707",47.4357986450195,10.7672004699707,1,"ARBÖ","INFT-C9Y9EA","BP"
"47.4370994567871,11.8807001113892",47.4370994567871,11.8807001113892,1,"ARBÖ","INFT-AJJL25","AP Brixlegg"
"47.4373016357422,11.885199546814",47.4373016357422,11.885199546814,1,"ARBÖ","INFT-AJJU97","Disk TANKAUTOMAT"
"47.4388999938965,9.65659999847412",47.4388999938965,9.65659999847412,1,"ARBÖ","INFT-ATXC8G","AVANTI - Lustenau Bahnhofstra<U+00DF>e 8"
"47.4390983581543,12.7642002105713",47.4390983581543,12.7642002105713,1,"ARBÖ","INFT-AMFEV5","Lagerhaus Leogang"
"47.4393005371094,12.042799949646",47.4393005371094,12.042799949646,1,"ARBÖ","INFT-AJYDR7","Gutmann ENI Tankstelle + TANKAUTOMAT"
"47.4394989013672,12.7581996917725",47.4394989013672,12.7581996917725,1,"ARBÖ","INFT-AJJKQF","AVANTI - Leogang 130"
"47.439998626709,9.75669956207275",47.439998626709,9.75669956207275,1,"ARBÖ","INFT-AJJKM9","Gutmann ENI Tankstelle"
"47.4413986206055,10.6422996520996",47.4413986206055,10.6422996520996,1,"ARBÖ","INFT-ATT363","avanti - Wei<U+00DF>enbach am Lech 46"
"47.4416007995605,12.2237997055054",47.4416007995605,12.2237997055054,1,"ARBÖ","INFT-AL4ETB","UNSER LAGERHAUS WESTENDORF"
"47.4429016113281,15.6498003005981",47.4429016113281,15.6498003005981,1,"ARBÖ","INFT-AME23X","   SOMA      gut und g<U+00FC>nstig tanken..."
"47.4445991516113,12.3987998962402",47.4445991516113,12.3987998962402,1,"ARBÖ","INFT-AJJU9A","Shell Austria"
"47.4448013305664,12.2334003448486",47.4448013305664,12.2334003448486,1,"ARBÖ","INFT-AKMAEU","BP"
"47.4463996887207,13.9125003814697",47.4463996887207,13.9125003814697,1,"ARBÖ","INFT-AJJKUA","OMV Fast Lane - Gr<U+00F6>bming Mitterberg 180"
"47.4480018615723,11.8837995529175",47.4480018615723,11.8837995529175,1,"ARBÖ","INFT-AJKHS8","Tankstelle Duftner"
"47.4482002258301,16.4176998138428",47.4482002258301,16.4176998138428,1,"ARBÖ","INFT-ASVFV6","TURM<U+00D6>L"
"47.448299407959,12.0869998931885",47.448299407959,12.0869998931885,1,"ARBÖ","INFT-ANQF8N","Shell"
"47.4487991333008,12.3243999481201",47.4487991333008,12.3243999481201,1,"ARBÖ","INFT-AZSBPJ","Shell Austria"
"47.4491004943848,9.90620040893555",47.4491004943848,9.90620040893555,1,"ARBÖ","INFT-AJJKMG","Johann Meusburger GmbH"
"47.4491996765137,9.90489959716797",47.4491996765137,9.90489959716797,2,"ARBÖ;ÖAMTC","INFT-AJJKMH;1209595","SCHW<U+00C4>RZLER;Tankstelle Schw<U+00E4>rzler"
"47.4491996765137,13.9038000106812",47.4491996765137,13.9038000106812,2,"ARBÖ;ÖAMTC","INFT-CKXKN5;1208233","eni;Eni"
"47.4494018554688,9.66479969024658",47.4494018554688,9.66479969024658,1,"ARBÖ","INFT-BC5T9Q","OMV - Lustenau Hagstra<U+00DF>e 27"
"47.4496002197266,9.90460014343262",47.4496002197266,9.90460014343262,2,"ARBÖ;ÖAMTC","INFT-AJJKMF;1209662","Wema  GmbH;WEMA Tankstelle"
"47.4499015808105,9.92339992523193",47.4499015808105,9.92339992523193,1,"ARBÖ","INFT-CDTCHZ","JP Mennel "
"47.4500999450684,12.3910999298096",47.4500999450684,12.3910999298096,2,"ARBÖ;JET","INFT-ATSHY7;de6cb38b8b","JET TANKSTELLE;JET Tankstelle"
"47.4508018493652,9.8277997970581",47.4508018493652,9.8277997970581,2,"ARBÖ;ÖAMTC","INFT-ATSMQ4;1207764","OMV - Alberschwende Hof 978;OMV"
"47.4508018493652,9.92479991912842",47.4508018493652,9.92479991912842,1,"ARBÖ","INFT-AJJKM8","KOBRAS Edwin .. Mit Personal .. Weitere INFO > "
"47.4527015686035,12.1517000198364",47.4527015686035,12.1517000198364,2,"ARBÖ;ÖAMTC","INFT-AKHMD3;1209395","LAGERHAUS   Hopfgarten - W<U+00F6>rgl und Umgebung reg.Gen.m.b.H.;Lagerhaus"
"47.4530982971191,12.15149974823",47.4530982971191,12.15149974823,2,"ARBÖ;ÖAMTC","INFT-AKG6Y2;1209394","OMV - Hopfgarten Bahnhofstra<U+00DF>e 11;OMV"
"47.4541015625,9.7548999786377",47.4541015625,9.7548999786377,2,"ARBÖ;ÖAMTC","INFT-ATSMQ3;1201408","OMV - Wolfurt Dornbirner Stra<U+00DF>e 22;OMV"
"47.4561004638672,12.3864002227783",47.4561004638672,12.3864002227783,1,"ARBÖ","INFT-AJJU9B","OMV - Kitzb<U+00FC>hel St.Johanner Stra<U+00DF>e 15a"
"47.4576988220215,13.2068004608154",47.4576988220215,13.2068004608154,1,"ARBÖ","INFT-AJMGD5","IQ-Tankstelle"
"47.4580993652344,9.95489978790283",47.4580993652344,9.95489978790283,1,"ARBÖ","INFT-ATSMQ2","AVANTI - Hittisau Windern 379"
"47.459098815918,13.2033996582031",47.459098815918,13.2033996582031,1,"ARBÖ","INFT-AJMGD5","IQ-Tankstelle"
"47.459300994873,9.64410018920898",47.459300994873,9.64410018920898,1,"ARBÖ","INFT-B4T926","Shell Austria"
"47.4597015380859,9.64490032196045",47.4597015380859,9.64490032196045,1,"ARBÖ","INFT-B23J4A","ESW Dieselkraftstoff"
"47.4597015380859,12.3868999481201",47.4597015380859,12.3868999481201,1,"ARBÖ","INFT-ALV963","BP"
"47.4600982666016,13.9854001998901",47.4600982666016,13.9854001998901,2,"ARBÖ;ÖAMTC","INFT-AK8FTD;1208556","SB- Tankstelle Knerzl Thomas;Tankstelle Knerzl"
"47.4616012573242,13.9898996353149",47.4616012573242,13.9898996353149,1,"ARBÖ","INFT-ASXFZ7","Landmarkt Lagerhaus"
"47.4630012512207,9.72749996185303",47.4630012512207,9.72749996185303,1,"ARBÖ","INFT-BL4JVV","BayWa Tankstelle"
"47.4636001586914,16.6320991516113",47.4636001586914,16.6320991516113,1,"ARBÖ","INFT-B4L2K5","GENOL-Lagerhaustankstelle - Lutzmannsburg"
"47.4636993408203,14.9913997650146",47.4636993408203,14.9913997650146,2,"ARBÖ;ÖAMTC","INFT-AJJKP3;1209572","Rumpold;Rumpold"
"47.4654998779297,13.1976003646851",47.4654998779297,13.1976003646851,1,"ARBÖ","INFT-B5MEYF","BP"
"47.4659004211426,11.9872999191284",47.4659004211426,11.9872999191284,1,"ARBÖ","INFT-AJJL27","avanti - Kundl Klammstra<U+00DF>e 14"
"47.4668998718262,11.9897003173828",47.4668998718262,11.9897003173828,1,"ARBÖ","INFT-B4C8XB","BP"
"47.4674987792969,9.65820026397705",47.4674987792969,9.65820026397705,1,"ARBÖ","INFT-AJJU4E","BP"
"47.4701995849609,9.72879981994629",47.4701995849609,9.72879981994629,1,"ARBÖ","INFT-AJSBRZ","Disk"
"47.4724998474121,9.90040016174316",47.4724998474121,9.90040016174316,1,"ARBÖ","INFT-AJK39G","W<U+00E4>lderhaus"
"47.4733009338379,11.9790000915527",47.4733009338379,11.9790000915527,1,"ARBÖ","INFT-AJKA7S","Freie Tankstelle"
"47.4734001159668,11.9790000915527",47.4734001159668,11.9790000915527,2,"ARBÖ;ÖAMTC","INFT-DFDCKU;1214080","DISK Tankstelle Kundl;Diskont Gutmann"
"47.4751014709473,10.693699836731",47.4751014709473,10.693699836731,1,"ARBÖ","INFT-AJRA3B","Gutmann ENI Tankstelle"
"47.4776000976562,9.67940044403076",47.4776000976562,9.67940044403076,2,"ARBÖ;JET","INFT-ATSHWJ;df242fb2e5","JET TANKSTELLE;JET Tankstelle"
"47.4776992797852,12.0453996658325",47.4776992797852,12.0453996658325,1,"ARBÖ","INFT-AJKF27","Gutmann ENI Tankstelle+TANKAUTOMAT"
"47.4786987304688,10.7334995269775",47.4786987304688,10.7334995269775,1,"ARBÖ","INFT-AJJU78","Gutmann ENI Tankstelle"
"47.4796981811523,10.730299949646",47.4796981811523,10.730299949646,1,"ARBÖ","INFT-AJJU77","Shell Austria"
"47.4796981811523,12.5389003753662",47.4796981811523,12.5389003753662,1,"ARBÖ","INFT-CCBGB3","eni"
"47.4814987182617,9.74610042572021",47.4814987182617,9.74610042572021,1,"ARBÖ","INFT-CCMG63","eni"
"47.4818000793457,12.0566997528076",47.4818000793457,12.0566997528076,3,"ARBÖ;ÖAMTC;JET","INFT-ATTD72;1099272;a97bf3efa0","JET TANKSTELLE;JET;JET Tankstelle"
"47.4822006225586,9.73159980773926",47.4822006225586,9.73159980773926,1,"ARBÖ","INFT-CCMG62","eni"
"47.4824981689453,10.7236995697021",47.4824981689453,10.7236995697021,3,"ARBÖ;ÖAMTC;JET","INFT-ATXC8N;1099278;a9ffad5c30","JET TANKSTELLE;JET;JET Tankstelle"
"47.4827003479004,12.0586996078491",47.4827003479004,12.0586996078491,1,"ARBÖ","INFT-CCD92Y","eni"
"47.4830017089844,12.1485996246338",47.4830017089844,12.1485996246338,1,"ARBÖ","INFT-AKDM6X","ENI"
"47.484001159668,12.5348997116089",47.484001159668,12.5348997116089,1,"ARBÖ","INFT-AJLMYR","Disk"
"47.4851989746094,11.9739999771118",47.4851989746094,11.9739999771118,1,"ARBÖ","INFT-AJJL26","Disk TANKAUTOMAT"
"47.4859008789062,13.9832000732422",47.4859008789062,13.9832000732422,1,"ARBÖ","INFT-AJLGCT","Land lebt auf"
"47.4874992370605,9.69960021972656",47.4874992370605,9.69960021972656,2,"ARBÖ;ÖAMTC","INFT-ATT35U;1207669","OMV - Hard Rheinstra<U+00DF>e 24;OMV"
"47.4878005981445,9.73320007324219",47.4878005981445,9.73320007324219,1,"ARBÖ","INFT-ATT35T","OMV - Bregenz Arlbergstra<U+00DF>e 135"
"47.4878997802734,9.70240020751953",47.4878997802734,9.70240020751953,1,"ARBÖ","INFT-AJJKMA","Diskont Tankstelle"
"47.4886016845703,9.70219993591309",47.4886016845703,9.70219993591309,2,"ARBÖ;ÖAMTC","INFT-CCAMVR;1207861","eni;Eni"
"47.4886016845703,12.3768997192383",47.4886016845703,12.3768997192383,1,"ARBÖ","INFT-AJSGFP","HWK Diesel"
"47.4898986816406,14.5271997451782",47.4898986816406,14.5271997451782,1,"ARBÖ","INFT-AKNGQD","AUTO HUBER GmbH"
"47.4901008605957,12.0727996826172",47.4901008605957,12.0727996826172,2,"ARBÖ;ÖAMTC","INFT-ATT369;1140322","AVANTI - W<U+00F6>rgl Salzburger Stra<U+00DF>e 48;Avanti"
"47.4901008605957,14.484299659729",47.4901008605957,14.484299659729,1,"ARBÖ","INFT-BGMF2G","Tank-und Waschcenter Seebacher"
"47.4905014038086,9.70289993286133",47.4905014038086,9.70289993286133,1,"ARBÖ","INFT-ATTAVV","avanti - Hard Hofsteigstra<U+00DF>e 85"
"47.4905014038086,9.85340023040771",47.4905014038086,9.85340023040771,1,"ARBÖ","INFT-AJJKME","www.voegel-trans.at"
"47.4915008544922,14.4861001968384",47.4915008544922,14.4861001968384,1,"ARBÖ","INFT-AJJKU4","TRT Billiger Tanken"
"47.4935989379883,9.71090030670166",47.4935989379883,9.71090030670166,1,"ARBÖ","INFT-AJJU4F","Shell Austria"
"47.4942016601562,12.0910997390747",47.4942016601562,12.0910997390747,1,"ARBÖ","INFT-AJKBDL","Gutmann ENI Tankstelle"
"47.4942016601562,16.2824993133545",47.4942016601562,16.2824993133545,1,"ARBÖ","INFT-AJKHQ5","Diskont"
"47.494800567627,10.5576000213623",47.494800567627,10.5576000213623,1,"ARBÖ","INFT-AJJKVS","avanti - Haldensee Seestra<U+00DF>e 5"
"47.494800567627,12.0885000228882",47.494800567627,12.0885000228882,2,"ARBÖ;ÖAMTC","INFT-ALY8EF;1149787","Shell Austria;Shell"
"47.4953002929688,9.73359966278076",47.4953002929688,9.73359966278076,1,"ARBÖ","INFT-CCMG5Z","eni"
"47.4964981079102,12.3881998062134",47.4964981079102,12.3881998062134,1,"ARBÖ","INFT-AJJL2C","Gutmann ENI Tankstelle + TANKAUTOMAT"
"47.4985008239746,9.73260021209717",47.4985008239746,9.73260021209717,1,"ARBÖ","INFT-CCAMVS","eni"
"47.4987983703613,9.94620037078857",47.4987983703613,9.94620037078857,1,"ARBÖ","INFT-AJL9ZQ","Schindele, Riefensberg"
"47.4987983703613,16.2898998260498",47.4987983703613,16.2898998260498,2,"ARBÖ;ÖAMTC","INFT-CSRG8K;1213429","OMV Fast Lane - Kirchschlag/Bucklige Welt Wiener Stra<U+00DF>e 29;OMV Fast Lane"
"47.4990997314453,10.720100402832",47.4990997314453,10.720100402832,1,"ARBÖ","INFT-CCAKU8","eni"
"47.4990997314453,16.5123996734619",47.4990997314453,16.5123996734619,1,"ARBÖ","INFT-B24JD8","Genol-Lagerhaustankstelle - Oberpullendorf"
"47.4991989135742,10.5167999267578",47.4991989135742,10.5167999267578,1,"ARBÖ","INFT-AJJKVW","OMV - Tannheim H<U+00F6>f 14"
"47.4994010925293,12.1884002685547",47.4994010925293,12.1884002685547,2,"ARBÖ;ÖAMTC","INFT-C4LJUN;1201628","BP;BP LM Energy"
"47.5017013549805,12.0832996368408",47.5017013549805,12.0832996368408,1,"ARBÖ","INFT-AJKBDK","Freie Tankstelle Kirchbichl Disk "
"47.5032997131348,16.2043991088867",47.5032997131348,16.2043991088867,1,"ARBÖ","INFT-AL7FV5","GENOL - Lagerhaus"
"47.5056991577148,9.82269954681396",47.5056991577148,9.82269954681396,1,"ARBÖ","INFT-AJJKM7","B<U+00F6>hler`s Tankstelle"
"47.5066986083984,12.0661001205444",47.5066986083984,12.0661001205444,1,"ARBÖ","INFT-AJKBDM","Disk TANKAUTOMAT"
"47.5085983276367,16.5037994384766",47.5085983276367,16.5037994384766,1,"ARBÖ","INFT-AJJKW9","Tanke Blaguss"
"47.5096015930176,16.5002002716064",47.5096015930176,16.5002002716064,1,"ARBÖ","INFT-AU76WK","OMV - Oberpullendorf Stoob S<U+00FC>d 6"
"47.5105018615723,16.3953990936279",47.5105018615723,16.3953990936279,1,"ARBÖ","INFT-B25E5G","GENOL-Lagerhaustankstelle - Drassmarkt"
"47.5111999511719,9.75310039520264",47.5111999511719,9.75310039520264,1,"ARBÖ","INFT-AJP3DU","BP"
"47.5119018554688,16.13450050354",47.5119018554688,16.13450050354,2,"ARBÖ;ÖAMTC","INFT-AJKLLM;1209095",";Tankstelle"
"47.5144996643066,16.4874992370605",47.5144996643066,16.4874992370605,1,"ARBÖ","INFT-CCLG22","Diskont Tankstelle"
"47.5149993896484,9.86410045623779",47.5149993896484,9.86410045623779,1,"ARBÖ","INFT-AKN3A7","Geist Transporte"
"47.5154991149902,9.84379959106445",47.5154991149902,9.84379959106445,1,"ARBÖ","INFT-AJRG7K","Shell"
"47.5158996582031,12.3185997009277",47.5158996582031,12.3185997009277,1,"ARBÖ","INFT-C4JG2H","BP"
"47.5161018371582,11.7082996368408",47.5161018371582,11.7082996368408,2,"ARBÖ;ÖAMTC","INFT-AJJL23;1209593","Egger Wolfgang Internationale Transporte;Tankstelle Egger"
"47.516300201416,10.4562997817993",47.516300201416,10.4562997817993,1,"ARBÖ","INFT-AJJKVV","Gutmann ENI Tankstelle"
"47.5168991088867,12.1970996856689",47.5168991088867,12.1970996856689,2,"ARBÖ;ÖAMTC","INFT-AKDAK8;1209392","Freie Tankstelle Haselsberger;Tankstelle Haselsberger"
"47.5195999145508,12.4179000854492",47.5195999145508,12.4179000854492,1,"ARBÖ","INFT-AJJU99","Disk TANKAUTOMAT"
"47.5196990966797,16.1928997039795",47.5196990966797,16.1928997039795,2,"ARBÖ;ÖAMTC","INFT-AJK39L;1082919","Diskont Gras;Tankstelle Gras"
"47.5199012756348,12.4319000244141",47.5199012756348,12.4319000244141,2,"ARBÖ;ÖAMTC","INFT-AJJL2G;1209397","Unser Lagerhaus St. Johann;Lagerhaus"
"47.5205001831055,9.90939998626709",47.5205001831055,9.90939998626709,1,"ARBÖ","INFT-AKNGQ7","Geist Transporte"
"47.5210990905762,12.2510004043579",47.5210990905762,12.2510004043579,2,"ARBÖ;ÖAMTC","INFT-CHACLY;1211625","eni;Eni"
"47.5213012695312,12.2688999176025",47.5213012695312,12.2688999176025,2,"ARBÖ;ÖAMTC","INFT-B6J73E;1207997","OMV - Ellmau Oberachen 13;OMV"
"47.5228004455566,14.0832996368408",47.5228004455566,14.0832996368408,1,"ARBÖ","INFT-AKALZV","Shell Austria"
"47.5232009887695,14.3235998153687",47.5232009887695,14.3235998153687,1,"ARBÖ","INFT-AKEFHK","Autoservice Lemmerer"
"47.524600982666,14.1471996307373",47.524600982666,14.1471996307373,2,"ARBÖ;ÖAMTC","INFT-AN3EPT;1209461","Landmarkt Lagerhaus;Lagerhaus"
"47.5252990722656,12.4229001998901",47.5252990722656,12.4229001998901,1,"ARBÖ","INFT-B7FL3S","BP"
"47.5252990722656,14.3401002883911",47.5252990722656,14.3401002883911,2,"ARBÖ;ÖAMTC","INFT-AKM42R;1139166","Shell Austria;Shell"
"47.5261001586914,12.423999786377",47.5261001586914,12.423999786377,1,"ARBÖ","INFT-BR9F7S","Disk"
"47.527099609375,12.4242000579834",47.527099609375,12.4242000579834,1,"ARBÖ","INFT-CCAMVN","eni"
"47.5289993286133,11.7080001831055",47.5289993286133,11.7080001831055,1,"ARBÖ","INFT-AJML7H","OMV - Achenkirch Achenseestra<U+00DF>e B181 385a"
"47.532901763916,12.4371004104614",47.532901763916,12.4371004104614,1,"ARBÖ","INFT-AJKLM7","Shell St.Johann"
"47.5332984924316,9.73939990997314",47.5332984924316,9.73939990997314,1,"ARBÖ","INFT-AJK6RE","Schindele, H<U+00F6>rbranz"
"47.5349006652832,9.73770046234131",47.5349006652832,9.73770046234131,1,"ARBÖ","INFT-AJK39H","Deuring"
"47.535099029541,12.0934000015259",47.535099029541,12.0934000015259,1,"ARBÖ","INFT-BRPLZZ","INN-TANK"
"47.5381011962891,16.4330997467041",47.5381011962891,16.4330997467041,1,"ARBÖ","INFT-AJJKWC","Tanken an der S31"
"47.5381011962891,16.56130027771",47.5381011962891,16.56130027771,2,"ARBÖ;ÖAMTC","INFT-B4L2K4;1210016","GENOL-Lagerhaustankstelle - Grosswarasdorf;Genol"
"47.538501739502,12.4407997131348",47.538501739502,12.4407997131348,1,"ARBÖ","INFT-AJJL2F","OMV Tankstelle,  Eurotank Sinnesberger"
"47.5411987304688,16.1548004150391",47.5411987304688,16.1548004150391,1,"ARBÖ","INFT-BU6CTB","P<U+00FC>rrer Trans GmbH."
"47.5425987243652,16.6585998535156",47.5425987243652,16.6585998535156,1,"ARBÖ","INFT-B4L2K6","GENOL-Lagerhaustankstelle - Nikitsch"
"47.5432014465332,9.74479961395264",47.5432014465332,9.74479961395264,1,"ARBÖ","INFT-B2C2AS","Schindele Autobahnrastst<U+00E4>tte"
"47.5432014465332,9.75129985809326",47.5432014465332,9.75129985809326,1,"ARBÖ","INFT-AKCTK2","TK Tankstellen GmbH"
"47.5442008972168,12.4490003585815",47.5442008972168,12.4490003585815,2,"ARBÖ;ÖAMTC","INFT-AJJL2B;1201389","AVANTI - Kirchdorf in Tirol Innsbrucker Stra<U+00DF>e 51;Avanti"
"47.5476989746094,12.1017999649048",47.5476989746094,12.1017999649048,1,"ARBÖ","INFT-AK39SX","AVIA Xpress (Automaten-Tankstelle)"
"47.5502014160156,10.6575002670288",47.5502014160156,10.6575002670288,1,"ARBÖ","INFT-AJJU79","Autohof Huter GmbH"
"47.5513000488281,13.943699836731",47.5513000488281,13.943699836731,1,"ARBÖ","INFT-AKUEPW","Landmarkt Lagerhaus"
"47.551399230957,10.6709003448486",47.551399230957,10.6709003448486,1,"ARBÖ","INFT-AJZFHR","Freie Tankstelle (AVIA Treibstoffe)"
"47.551399230957,11.6885995864868",47.551399230957,11.6885995864868,2,"ARBÖ;ÖAMTC","INFT-ATSMQS;1209582","avanti - Achenkirch 588;Avanti"
"47.5527992248535,13.6482000350952",47.5527992248535,13.6482000350952,2,"ARBÖ;ÖAMTC","INFT-DJ28RX;1214120","K&K Tankstelle Hallstatt;K&K Tankstelle Hallstatt"
"47.5564002990723,13.6476001739502",47.5564002990723,13.6476001739502,1,"ARBÖ","INFT-AMNFKP","Freie Tankstelle Hallstatt"
"47.5591011047363,16.4325008392334",47.5591011047363,16.4325008392334,1,"ARBÖ","INFT-AJJKW8","Turm<U+00F6>l Quick"
"47.5592994689941,14.2532997131348",47.5592994689941,14.2532997131348,1,"ARBÖ","INFT-AK8FTE","ENI"
"47.5596008300781,14.2437000274658",47.5596008300781,14.2437000274658,1,"ARBÖ","INFT-C8ENRL","Seebacher Tank- u. Waschcenter"
"47.5603981018066,14.2585000991821",47.5603981018066,14.2585000991821,2,"ARBÖ;JET","INFT-ATSHXE;a435e1b80f","JET TANKSTELLE;JET Tankstelle"
"47.5605010986328,13.9210996627808",47.5605010986328,13.9210996627808,1,"ARBÖ","INFT-AJJU6V","OMV Fast Lane - Bad Mitterndorf Bundesstra<U+00DF>e 56"
"47.5615997314453,14.2484998703003",47.5615997314453,14.2484998703003,1,"ARBÖ","INFT-CCQTME","Diskont Tankstelle"
"47.5637016296387,14.2423000335693",47.5637016296387,14.2423000335693,1,"ARBÖ","INFT-AKALZU","Shell Austria"
"47.5657997131348,12.1501998901367",47.5657997131348,12.1501998901367,1,"ARBÖ","INFT-AJN39T","INNTALER Logistik Park GmbH"
"47.5662994384766,12.1562995910645",47.5662994384766,12.1562995910645,1,"ARBÖ","INFT-CCALZX","eni"
"47.5663986206055,13.3408002853394",47.5663986206055,13.3408002853394,2,"ARBÖ;ÖAMTC","INFT-CCANMA;1207930","eni;Eni"
"47.5666007995605,13.3387002944946",47.5666007995605,13.3387002944946,1,"ARBÖ","INFT-AJKLMC","LMEnergy"
"47.5667991638184,12.1559000015259",47.5667991638184,12.1559000015259,1,"ARBÖ","INFT-AKEA28","AP-Kufstein GmbH"
"47.5672988891602,16.097900390625",47.5672988891602,16.097900390625,1,"ARBÖ","INFT-B2425U","BP"
"47.5681991577148,14.2290000915527",47.5681991577148,14.2290000915527,1,"ARBÖ","INFT-ASHLC8","BP Liezen"
"47.5699005126953,14.2104997634888",47.5699005126953,14.2104997634888,1,"ARBÖ","INFT-BWHP2X","Rumpold"
"47.5742988586426,12.1578998565674",47.5742988586426,12.1578998565674,2,"ARBÖ;JET","INFT-ATVGSQ;2c2439fea1","JET TANKSTELLE;JET Tankstelle"
"47.5749015808105,12.1577997207642",47.5749015808105,12.1577997207642,2,"ARBÖ;JET","INFT-ATVGSR;910b729813","JET TANKSTELLE;JET Tankstelle"
"47.5754013061523,12.7005996704102",47.5754013061523,12.7005996704102,1,"ARBÖ","INFT-AJLGCH","Lagerhaus-Tankstelle 24h"
"47.5764007568359,12.160400390625",47.5764007568359,12.160400390625,1,"ARBÖ","INFT-CCAKU6","eni"
"47.5764007568359,16.4265003204346",47.5764007568359,16.4265003204346,1,"ARBÖ","INFT-AJKHRH","PPSKONT"
"47.5788993835449,12.1687002182007",47.5788993835449,12.1687002182007,2,"ARBÖ;ÖAMTC","INFT-AKEAPB;1208547","Disk;Disk"
"47.5796012878418,13.5315999984741",47.5796012878418,13.5315999984741,1,"ARBÖ","INFT-AJKTMR","avanti - Gosau 705"
"47.5820007324219,14.4547004699707",47.5820007324219,14.4547004699707,2,"ARBÖ;ÖAMTC","INFT-AN3EPS;1209460","Landmarkt Lagerhaus;Lagerhaus"
"47.5820999145508,14.4561004638672",47.5820999145508,14.4561004638672,1,"ARBÖ","INFT-AV3D9E","OMV - Admont Hall 360"
"47.5830001831055,16.4608993530273",47.5830001831055,16.4608993530273,1,"ARBÖ","INFT-AJKHRJ","Tanktreff Josef Bernd Prokopetz"
"47.5852012634277,12.6972999572754",47.5852012634277,12.6972999572754,2,"ARBÖ;ÖAMTC","INFT-B65E8V;1160097","Shell Austria;Shell"
"47.5853004455566,12.1617002487183",47.5853004455566,12.1617002487183,1,"ARBÖ","MFRY-BNE9EX","BP"
"47.5863990783691,12.1621999740601",47.5863990783691,12.1621999740601,1,"ARBÖ","INFT-AK2TYF","AVANTI - Kufstein Schubertstra<U+00DF>e 20"
"47.5863990783691,12.5848999023438",47.5863990783691,12.5848999023438,1,"ARBÖ","INFT-AJKF28","SOCAR Waidring"
"47.5890998840332,12.1743001937866",47.5890998840332,12.1743001937866,1,"ARBÖ","INFT-AQ8BVM","OMV - Kufstein Oskar Pirlo-Stra<U+00DF>e 32"
"47.5890998840332,13.4640998840332",47.5890998840332,13.4640998840332,1,"ARBÖ","INFT-AJLGDM","Schwaighofer Hans Josef"
"47.5906982421875,16.5795001983643",47.5906982421875,16.5795001983643,1,"ARBÖ","INFT-AJJU7F","Diskont P<U+00F6>ltl"
"47.5914001464844,16.5393009185791",47.5914001464844,16.5393009185791,1,"ARBÖ","INFT-B24JD9","GENOL-Lagerhaustankstelle - Horitschon"
"47.5915985107422,12.1321001052856",47.5915985107422,12.1321001052856,1,"ARBÖ","INFT-AN3EPZ","INN-TANK"
"47.5919990539551,13.1754999160767",47.5919990539551,13.1754999160767,1,"ARBÖ","INFT-AJKA8H","ENI"
"47.5937995910645,12.1773996353149",47.5937995910645,12.1773996353149,1,"ARBÖ","INFT-CAZ52B","BP"
"47.597599029541,16.6278991699219",47.597599029541,16.6278991699219,1,"ARBÖ","INFT-CF8FYL","Socar DORNER"
"47.5999984741211,16.19700050354",47.5999984741211,16.19700050354,1,"ARBÖ","INFT-AJJU5D","Gemeinde Lichtenegg"
"47.600700378418,16.1965999603271",47.600700378418,16.1965999603271,1,"ARBÖ","INFT-AJJU5D","Gemeinde Lichtenegg"
"47.6029014587402,16.1187000274658",47.6029014587402,16.1187000274658,1,"ARBÖ","INFT-AJL3A9","GENOL - Lagerhaus"
"47.6048011779785,13.7826995849609",47.6048011779785,13.7826995849609,1,"ARBÖ","INFT-AJKA7L","Shell Austria"
"47.6081008911133,13.1663999557495",47.6081008911133,13.1663999557495,1,"ARBÖ","INFT-AJKA8K","Hettegger Diesel-Automatentankstelle"
"47.6129989624023,13.7665004730225",47.6129989624023,13.7665004730225,2,"ARBÖ;ÖAMTC","INFT-C99CSC;1211133","Turm<U+00F6>l;Turm<U+00F6>l"
"47.61669921875,15.9663000106812",47.61669921875,15.9663000106812,2,"ARBÖ;ÖAMTC","INFT-DJMDG5;1214128","Turm<U+00F6>l Quick;Turm<U+00F6>l Quick"
"47.619800567627,16.1282997131348",47.619800567627,16.1282997131348,1,"ARBÖ","INFT-B62GB2","eni"
"47.6240005493164,13.6456003189087",47.6240005493164,13.6456003189087,1,"ARBÖ","INFT-B6DA34","BP Tankstelle"
"47.6347007751465,13.1387996673584",47.6347007751465,13.1387996673584,1,"ARBÖ","INFT-AJJLAD","Shell Austria"
"47.6379013061523,13.137900352478",47.6379013061523,13.137900352478,1,"ARBÖ","INFT-C9BG5S","Diskont Tankstelle"
"47.6422996520996,13.2040996551514",47.6422996520996,13.2040996551514,1,"ARBÖ","INFT-BT2FJ5","Lagerhaus Tankstelle"
"47.6472015380859,16.1264991760254",47.6472015380859,16.1264991760254,1,"ARBÖ","INFT-AJJU3Z","Tankstelle Holzgethan"
"47.6481018066406,12.4043998718262",47.6481018066406,12.4043998718262,1,"ARBÖ","INFT-AJJL2D","BELLINGER, freie Tankstelle"
"47.6488990783691,12.1964998245239",47.6488990783691,12.1964998245239,2,"ARBÖ;ÖAMTC","INFT-AKBKV2;1085873","Thrainer;Thrainer"
"47.6495018005371,12.3131999969482",47.6495018005371,12.3131999969482,1,"ARBÖ","INFT-BJWG4T","BP"
"47.6497993469238,13.6129999160767",47.6497993469238,13.6129999160767,1,"ARBÖ","INFT-ALL9EM","SOCAR Bad Goisern"
"47.6553001403809,14.7666997909546",47.6553001403809,14.7666997909546,1,"ARBÖ","INFT-AJMGDD","AVIA XPress (unser Service: Luft und Wasser)"
"47.657299041748,12.7426996231079",47.657299041748,12.7426996231079,1,"ARBÖ","INFT-CCAJSZ","eni"
"47.6618003845215,12.4128999710083",47.6618003845215,12.4128999710083,2,"ARBÖ;ÖAMTC","INFT-AJKHSA;1082438","BP;BP"
"47.6618995666504,16.1294994354248",47.6618995666504,16.1294994354248,1,"ARBÖ","INFT-B62GB3","Eni"
"47.6621017456055,12.4252996444702",47.6621017456055,12.4252996444702,1,"ARBÖ","INFT-AJKHS9","AVIA"
"47.6627006530762,14.9877004623413",47.6627006530762,14.9877004623413,1,"ARBÖ","INFT-AJJKU8","OIL! Tankstelle"
"47.6652984619141,12.752799987793",47.6652984619141,12.752799987793,1,"ARBÖ","INFT-B2RE8D","BP"
"47.665699005127,14.7160997390747",47.665699005127,14.7160997390747,1,"ARBÖ","INFT-BLNE6V","Turm<U+00F6>l Quick"
"47.6727981567383,15.9573001861572",47.6727981567383,15.9573001861572,2,"ARBÖ;ÖAMTC","INFT-AJJKKZ;1140213","Turm<U+00F6>l Quick;Turm<U+00F6>l Quick"
"47.6730003356934,15.995400428772",47.6730003356934,15.995400428772,1,"ARBÖ","INFT-AK9EF3","eni Hochhauser"
"47.6735000610352,15.9460000991821",47.6735000610352,15.9460000991821,2,"ARBÖ;ÖAMTC","INFT-AK4R2F;1201655","eni Hochhauser;Eni Hochhauser"
"47.6738014221191,15.9697999954224",47.6738014221191,15.9697999954224,1,"ARBÖ","INFT-AJJKL6","RHD Richard Hofer Diskont"
"47.6763000488281,12.184700012207",47.6763000488281,12.184700012207,1,"ARBÖ","INFT-AJJL2A","Pfluger Trans"
"47.6785011291504,12.2543001174927",47.6785011291504,12.2543001174927,2,"ARBÖ;ÖAMTC","INFT-B42G8Z;1209393","Reinpold Tankstelle Niederndorferberg;Tankstelle Reinpold"
"47.6796989440918,13.1044998168945",47.6796989440918,13.1044998168945,2,"ARBÖ;ÖAMTC","INFT-CCB9B8;1208818","eni;Eni"
"47.682300567627,13.1005001068115",47.682300567627,13.1005001068115,1,"ARBÖ","INFT-AU4B3N","Turm<U+00F6>l Quick"
"47.6842002868652,14.614800453186",47.6842002868652,14.614800453186,1,"ARBÖ","INFT-AL4ET6","deine Tankstelle"
"47.6846008300781,13.1035995483398",47.6846008300781,13.1035995483398,3,"ARBÖ;ÖAMTC;JET","INFT-ATSHZ3;1099239;3270ac3649","JET TANKSTELLE;JET;JET Tankstelle"
"47.6865005493164,13.09850025177",47.6865005493164,13.09850025177,1,"ARBÖ","INFT-AJKHSY","Lagerhaus-Tankstelle"
"47.6904983520508,13.6232995986938",47.6904983520508,13.6232995986938,1,"ARBÖ","INFT-B5NK9K","Turm<U+00F6>l Quick"
"47.6917991638184,13.1005001068115",47.6917991638184,13.1005001068115,1,"ARBÖ","INFT-AJJUCC","Shell Austria"
"47.698299407959,15.8362998962402",47.698299407959,15.8362998962402,2,"ARBÖ;ÖAMTC","INFT-AUVMP3;1100597","BP;BP"
"47.7004013061523,16.9078998565674",47.7004013061523,16.9078998565674,1,"ARBÖ","INFT-AJJL9H","MOSONYI DISKONT"
"47.7027015686035,16.9034996032715",47.7027015686035,16.9034996032715,1,"ARBÖ","INFT-AJJL9G","Lagerhaus-Genol"
"47.7042999267578,16.0349998474121",47.7042999267578,16.0349998474121,1,"ARBÖ","INFT-AK4R2E","eni Hochhauser"
"47.7047004699707,14.1674995422363",47.7047004699707,14.1674995422363,1,"ARBÖ","INFT-D5SERC","Genol Lagerhaus Innviertel-Traunviertel-Urfahr"
"47.7065010070801,14.1637001037598",47.7065010070801,14.1637001037598,1,"ARBÖ","INFT-AKWES4","PS Tankstelle & Reifenhandel Schmei<U+00DF>l KG PS TANK hoch 3"
"47.7066993713379,16.1023006439209",47.7066993713379,16.1023006439209,1,"ARBÖ","INFT-B5N2WR","BP"
"47.7117004394531,16.0405006408691",47.7117004394531,16.0405006408691,2,"ARBÖ;JET","INFT-ATSHWB;35ff3dc850","JET TANKSTELLE;JET Tankstelle"
"47.7117004394531,16.0970001220703",47.7117004394531,16.0970001220703,1,"ARBÖ","INFT-BN2JD8","HEIPOIL FUTURE DISKONT"
"47.7120018005371,13.1948003768921",47.7120018005371,13.1948003768921,1,"ARBÖ","INFT-APDJBP","Eibl Werner"
"47.712100982666,16.5121994018555",47.712100982666,16.5121994018555,1,"ARBÖ","INFT-AJJL48","Diskont-Tankstelle"
"47.7131004333496,13.4865999221802",47.7131004333496,13.4865999221802,1,"ARBÖ","INFT-BZFG2J","Autohaus Resch GmbH"
"47.7179985046387,13.5964002609253",47.7179985046387,13.5964002609253,3,"ARBÖ;ÖAMTC;JET","INFT-ATSHXC;1142332;4ba4af803c","JET TANKSTELLE;JET;JET Tankstelle"
"47.7190017700195,13.6119003295898",47.7190017700195,13.6119003295898,1,"ARBÖ","INFT-AJS3BM","Turm<U+00F6>l Quick"
"47.7192993164062,14.6540002822876",47.7192993164062,14.6540002822876,2,"ARBÖ;ÖAMTC","INFT-AKXTMW;1201621","ENI AUSTRIA;Eni"
"47.7193984985352,13.6091003417969",47.7193984985352,13.6091003417969,1,"ARBÖ","INFT-B5ML45","Shell Austria"
"47.719799041748,13.3933000564575",47.719799041748,13.3933000564575,1,"ARBÖ","INFT-ALKDWR","Shell Abersee"
"47.7212982177734,13.5978002548218",47.7212982177734,13.5978002548218,1,"ARBÖ","INFT-CCFDFZ","Turm<U+00F6>l"
"47.7219009399414,13.0906000137329",47.7219009399414,13.0906000137329,1,"ARBÖ","INFT-CCAKTY","eni"
"47.7248001098633,14.3079996109009",47.7248001098633,14.3079996109009,1,"ARBÖ","INFT-CQNVJF","Genol Lagerhaus Innviertel-Traunviertel-Urfahr"
"47.7248001098633,16.082799911499",47.7248001098633,16.082799911499,1,"ARBÖ","INFT-AJKA6M","GENOL - Lagerhaus"
"47.7257995605469,16.9349002838135",47.7257995605469,16.9349002838135,1,"ARBÖ","INFT-AJJL99","Turm<U+00F6>l Quick"
"47.7261009216309,16.0730991363525",47.7261009216309,16.0730991363525,2,"ARBÖ;ÖAMTC","INFT-AJJU42;1208039","eni Hochhauser;Eni Hochhauser"
"47.7277984619141,12.9152002334595",47.7277984619141,12.9152002334595,1,"ARBÖ","INFT-BC8CK2","BP Gro<U+00DF>gmain"
"47.7285995483398,16.0930004119873",47.7285995483398,16.0930004119873,1,"ARBÖ","INFT-CCEJZU","eni"
"47.7299995422363,16.4127006530762",47.7299995422363,16.4127006530762,1,"ARBÖ","INFT-CCLFZY","Diskont Tankstelle"
"47.7304000854492,16.0956001281738",47.7304000854492,16.0956001281738,2,"ARBÖ;ÖAMTC","INFT-AJMGCW;1208162","Shell Fellner;Shell"
"47.7313003540039,13.0642004013062",47.7313003540039,13.0642004013062,1,"ARBÖ","INFT-AJJKLE","LMEnergy Express"
"47.7318992614746,16.4123992919922",47.7318992614746,16.4123992919922,2,"ARBÖ;JET","INFT-ATTD73;de235a8768","JET TANKSTELLE;JET Tankstelle"
"47.7322006225586,13.086199760437",47.7322006225586,13.086199760437,1,"ARBÖ","INFT-CCAKTZ","eni"
"47.7327003479004,16.0869998931885",47.7327003479004,16.0869998931885,1,"ARBÖ","INFT-AJJKL5","SB-Tankstelle Ofenb<U+00F6>ck"
"47.7327995300293,13.0656003952026",47.7327995300293,13.0656003952026,1,"ARBÖ","INFT-CCASLX","eni"
"47.7336006164551,16.9311008453369",47.7336006164551,16.9311008453369,1,"ARBÖ","INFT-AJJL9J","MOSONYI DISKONT"
"47.7351989746094,16.9295997619629",47.7351989746094,16.9295997619629,1,"ARBÖ","INFT-AJJL9K","Lagerhaus-Genol"
"47.7360000610352,16.4067993164062",47.7360000610352,16.4067993164062,1,"ARBÖ","INFT-AKCDB4","IQ Tankstelle"
"47.736499786377,13.0507001876831",47.736499786377,13.0507001876831,1,"ARBÖ","INFT-AKEFHD","BP"
"47.7365989685059,16.4046993255615",47.7365989685059,16.4046993255615,1,"ARBÖ","INFT-AM4CLG","Turm<U+00F6>l Quick"
"47.7378005981445,13.0683002471924",47.7378005981445,13.0683002471924,1,"ARBÖ","INFT-ATSHWC","MAXI TANK TANKSTELLE"
"47.7388000488281,13.0506000518799",47.7388000488281,13.0506000518799,1,"ARBÖ","INFT-C9FKD5","Diskont Tankstelle"
"47.7397003173828,16.497200012207",47.7397003173828,16.497200012207,1,"ARBÖ","INFT-B25E5C","GENOL-Lagerhaustankstelle - Baumgarten"
"47.7405014038086,13.0825996398926",47.7405014038086,13.0825996398926,1,"ARBÖ","INFT-AJJUCD","AP Urstein"
"47.7406997680664,16.4087009429932",47.7406997680664,16.4087009429932,1,"ARBÖ","INFT-AUR7L3","OMV - Mattersburg Michael Koch-Stra<U+00DF>e 65"
"47.7407989501953,16.3379001617432",47.7407989501953,16.3379001617432,2,"ARBÖ;ÖAMTC","INFT-B25E5E;1208874","GENOL-Lagerhaustankstelle - Wiesen;Genol"
"47.7420997619629,16.24049949646",47.7420997619629,16.24049949646,1,"ARBÖ","INFT-AJM2XK","GENOL - Lagerhaus"
"47.7453002929688,16.8292007446289",47.7453002929688,16.8292007446289,1,"ARBÖ","INFT-AJJL9X","Lagerhaus-Genol"
"47.7481994628906,13.0682001113892",47.7481994628906,13.0682001113892,1,"ARBÖ","INFT-CB8EPP","AP Anif"
"47.7482986450195,16.4192008972168",47.7482986450195,16.4192008972168,1,"ARBÖ","INFT-AJJU9X","Treibstoffparadies"
"47.7494010925293,13.0694999694824",47.7494010925293,13.0694999694824,1,"ARBÖ","INFT-AJK39E","Shell Austria"
"47.7550010681152,16.2530002593994",47.7550010681152,16.2530002593994,1,"ARBÖ","INFT-AJJU5C","BP"
"47.755298614502,13.0364999771118",47.755298614502,13.0364999771118,1,"ARBÖ","INFT-ASWGFQ","Lagerhaus-Tankstelle 24 h"
"47.7602005004883,16.8076992034912",47.7602005004883,16.8076992034912,1,"ARBÖ","INFT-AJJL9Q","Lagerhaus-Genol"
"47.763801574707,16.99049949646",47.763801574707,16.99049949646,1,"ARBÖ","INFT-AJJL9D","Lagerhaus-Genol"
"47.7644004821777,13.3641004562378",47.7644004821777,13.3641004562378,2,"ARBÖ;ÖAMTC","INFT-CAN35P;1211357","Turm<U+00F6>l Quick;Turm<U+00F6>l Quick"
"47.7654991149902,16.9832000732422",47.7654991149902,16.9832000732422,1,"ARBÖ","INFT-AJJL97","Karl Bors GmbH"
"47.7658996582031,13.0712003707886",47.7658996582031,13.0712003707886,2,"ARBÖ;JET","INFT-ATSHYB;27a8add058","JET TANKSTELLE;JET Tankstelle"
"47.7661018371582,16.8020000457764",47.7661018371582,16.8020000457764,1,"ARBÖ","INFT-CUGJWK","Turm<U+00F6>l Quick"
"47.7672004699707,17.0277996063232",47.7672004699707,17.0277996063232,1,"ARBÖ","INFT-AYC97J","Martin Mosonyi"
"47.7695999145508,13.0854997634888",47.7695999145508,13.0854997634888,1,"ARBÖ","INFT-AJLMYJ","BP"
"47.7697982788086,16.4638996124268",47.7697982788086,16.4638996124268,1,"ARBÖ","INFT-B25E5D","GENOL-Lagerhaustankstelle - St<U+00F6>ttera"
"47.7713012695312,12.9441003799438",47.7713012695312,12.9441003799438,2,"ARBÖ;ÖAMTC","INFT-ANJFCL;1097822","AP Walserberg;AP Diskont"
"47.7743988037109,16.3943996429443",47.7743988037109,16.3943996429443,1,"ARBÖ","INFT-AJJL4C","O-Tank"
"47.7761993408203,13.0683002471924",47.7761993408203,13.0683002471924,2,"ARBÖ;ÖAMTC","INFT-AJJU9S;1208999","OMV - Salzburg Alpenstra<U+00DF>e 106;OMV"
"47.7761993408203,17.0345993041992",47.7761993408203,17.0345993041992,1,"ARBÖ","INFT-AJJUC3","Gelbmann GmbH / freie Tankstelle / 24 Std. SB-Tankstelle"
"47.7807006835938,16.9475994110107",47.7807006835938,16.9475994110107,1,"ARBÖ","INFT-AJJL9C","Lagerhaus-Genol"
"47.7812995910645,16.1914005279541",47.7812995910645,16.1914005279541,2,"ARBÖ;ÖAMTC","INFT-AJJL6N;1209809","avanti - Wiener Neustadt Neunkirchner Stra<U+00DF>e 118;Avanti"
"47.7813987731934,13.2406997680664",47.7813987731934,13.2406997680664,1,"ARBÖ","INFT-ANWH5A","LMEnergy"
"47.7836990356445,13.0665998458862",47.7836990356445,13.0665998458862,1,"ARBÖ","INFT-CCALZR","eni"
"47.7845001220703,13.0524997711182",47.7845001220703,13.0524997711182,2,"ARBÖ;ÖAMTC","INFT-AK3BS2;1208369","BP;BP"
"47.785701751709,12.9753999710083",47.785701751709,12.9753999710083,1,"ARBÖ","INFT-AT4MPY","BP"
"47.7869987487793,13.0517997741699",47.7869987487793,13.0517997741699,1,"ARBÖ","INFT-AJLMYT","OMV - Salzburg Nonntaler Hauptstra<U+00DF>e 53a"
"47.7877998352051,12.9734001159668",47.7877998352051,12.9734001159668,2,"ARBÖ;ÖAMTC","INFT-AM2FU2;1209357","Lagerhaus-Tankstelle 24 h;Lagerhaus"
"47.7887992858887,15.9090995788574",47.7887992858887,15.9090995788574,2,"ARBÖ;ÖAMTC","INFT-AJJKL2;1208123","M3 Puchberg ;M3 Tankstelle"
"47.7918014526367,15.8961000442505",47.7918014526367,15.8961000442505,1,"ARBÖ","INFT-AJJKL3","Paulischin"
"47.793098449707,13.0599002838135",47.793098449707,13.0599002838135,1,"ARBÖ","INFT-AJXHC5","Shell Austria"
"47.793399810791,12.9843997955322",47.793399810791,12.9843997955322,1,"ARBÖ","INFT-CCM3CS","Diskont Tankstelle"
"47.7934989929199,12.9961004257202",47.7934989929199,12.9961004257202,2,"ARBÖ;ÖAMTC","INFT-CDVJTE;1210765","Turm<U+00F6>l;Turm<U+00F6>l"
"47.793701171875,13.029299736023",47.793701171875,13.029299736023,1,"ARBÖ","INFT-CCBGAT","eni"
"47.7957000732422,13.3046998977661",47.7957000732422,13.3046998977661,1,"ARBÖ","INFT-AK4MY8","TURM<U+00D6>L"
"47.7966003417969,15.9937000274658",47.7966003417969,15.9937000274658,1,"ARBÖ","INFT-AKDAJV","eni Hochhauser"
"47.7967987060547,13.0059995651245",47.7967987060547,13.0059995651245,2,"ARBÖ;ÖAMTC","INFT-CSDEXQ;1213417","Eni Oberscheider Salzburg;Eni"
"47.7971000671387,13.0677003860474",47.7971000671387,13.0677003860474,2,"ARBÖ;ÖAMTC","INFT-CECAEE;1212765","Turm<U+00F6>l;Turm<U+00F6>l"
"47.7980003356934,13.0060997009277",47.7980003356934,13.0060997009277,1,"ARBÖ","INFT-AJL3AT","OMV - Salzburg Innsbrucker Bundesstra<U+00DF>e 142"
"47.7985992431641,16.2395000457764",47.7985992431641,16.2395000457764,2,"ARBÖ;JET","INFT-ATSHYS;6e9a977c0c","JET TANKSTELLE;JET Tankstelle"
"47.8011016845703,16.282600402832",47.8011016845703,16.282600402832,1,"ARBÖ","INFT-AJJU9V","Turm<U+00F6>l Quick"
"47.8013000488281,13.0149002075195",47.8013000488281,13.0149002075195,2,"ARBÖ;ÖAMTC","INFT-ATSHYC;1099236","JET TANKSTELLE;JET"
"47.801399230957,13.0142002105713",47.801399230957,13.0142002105713,1,"ARBÖ","INFT-AJM2XT","Shell Austria"
"47.8041000366211,16.242000579834",47.8041000366211,16.242000579834,1,"ARBÖ","INFT-BW7DVF","Turm<U+00F6>l Quick"
"47.8042984008789,13.0283002853394",47.8042984008789,13.0283002853394,1,"ARBÖ","INFT-AK2GFC","BP"
"47.8042984008789,16.2369995117188",47.8042984008789,16.2369995117188,1,"ARBÖ","INFT-ATSHYR","SCHNELL UND GUENSTIG TANKSTELLE"
"47.8046989440918,16.2679996490479",47.8046989440918,16.2679996490479,1,"ARBÖ","INFT-ATT36F","OMV - Wiener Neustadt Neud<U+00F6>rfler Stra<U+00DF>e 70"
"47.8053016662598,16.2112007141113",47.8053016662598,16.2112007141113,2,"ARBÖ;JET","INFT-ATSHYT;07104c599a","JET TANKSTELLE;JET Tankstelle"
"47.8059997558594,16.1805000305176",47.8059997558594,16.1805000305176,1,"ARBÖ","INFT-AJL3AC","Paulischin "
"47.8063011169434,13.7805995941162",47.8063011169434,13.7805995941162,1,"ARBÖ","INFT-B82KTC","eni"
"47.8064994812012,16.2059993743896",47.8064994812012,16.2059993743896,1,"ARBÖ","INFT-ATSMR2","avanti - Wiener Neustadt Puchberger Stra<U+00DF>e 44"
"47.8068008422852,16.3621006011963",47.8068008422852,16.3621006011963,1,"ARBÖ","INFT-AJJU9W","Turm<U+00F6>l Quick"
"47.8075981140137,14.9371995925903",47.8075981140137,14.9371995925903,2,"ARBÖ;ÖAMTC","INFT-C9RL8E;1211305","Turm<U+00F6>l Quick;Turm<U+00F6>l Quick"
"47.8077011108398,13.0623998641968",47.8077011108398,13.0623998641968,1,"ARBÖ","INFT-CCB9B7","eni"
"47.8084983825684,13.0530996322632",47.8084983825684,13.0530996322632,2,"ARBÖ;ÖAMTC","INFT-BZS8PF;1210793","BP;BP LM Energy"
"47.8101997375488,13.0466003417969",47.8101997375488,13.0466003417969,1,"ARBÖ","INFT-CCB392","eni"
"47.8109016418457,13.042799949646",47.8109016418457,13.042799949646,2,"ARBÖ;ÖAMTC","INFT-AJK3AJ;1000678","Shell Austria;Shell"
"47.8120994567871,13.0240001678467",47.8120994567871,13.0240001678467,1,"ARBÖ","INFT-CCBGAU","eni"
"47.8120994567871,16.2502994537354",47.8120994567871,16.2502994537354,1,"ARBÖ","INFT-CALJHZ","Turm<U+00F6>l"
"47.8125,13.7733001708984",47.8125,13.7733001708984,1,"ARBÖ","INFT-AJKA7G","AVANTI - Ebensee Hauptstra<U+00DF>e 21"
"47.8129997253418,16.1124992370605",47.8129997253418,16.1124992370605,2,"ARBÖ;ÖAMTC","INFT-AK3GJP;1209275","GENOL - Lagerhaus;Genol"
"47.8130989074707,13.0694999694824",47.8130989074707,13.0694999694824,1,"ARBÖ","INFT-AJWJ8U","OMV - Salzburg Minnesheimstra<U+00DF>e 10"
"47.8137016296387,13.021900177002",47.8137016296387,13.021900177002,1,"ARBÖ","INFT-AKFMFR","Shell Austria"
"47.8157997131348,13.0497999191284",47.8157997131348,13.0497999191284,1,"ARBÖ","INFT-AJJL47","Wildenhofer Diesel Tankstelle"
"47.8162994384766,15.2958002090454",47.8162994384766,15.2958002090454,2,"ARBÖ;ÖAMTC","INFT-BBCK2B;1210271","Turm<U+00F6>l Quick;Turm<U+00F6>l Quick"
"47.8167991638184,13.0595998764038",47.8167991638184,13.0595998764038,1,"ARBÖ","INFT-AK32ZQ","dts Trading  GmbH"
"47.8170013427734,13.0536003112793",47.8170013427734,13.0536003112793,2,"ARBÖ;ÖAMTC","INFT-AJK3AM;1208443","OMV - Salzburg Vogelweider Stra<U+00DF>e 86;OMV"
"47.817798614502,12.9799995422363",47.817798614502,12.9799995422363,1,"ARBÖ","INFT-AK4H6H","W<U+00F6>lfl"
"47.8179016113281,13.0186996459961",47.8179016113281,13.0186996459961,2,"ARBÖ;JET","INFT-ATSHYD;7aa2b61915","JET TANKSTELLE;JET Tankstelle"
"47.8189010620117,13.0564002990723",47.8189010620117,13.0564002990723,1,"ARBÖ","INFT-AJJL42","Diskont Tankstelle"
"47.8190994262695,13.1947002410889",47.8190994262695,13.1947002410889,1,"ARBÖ","INFT-AKYFKG","BP"
"47.8195991516113,13.0176000595093",47.8195991516113,13.0176000595093,1,"ARBÖ","INFT-CCBGAS","eni"
"47.8199996948242,13.0532999038696",47.8199996948242,13.0532999038696,1,"ARBÖ","INFT-AJK3AK","Shell Austria"
"47.8203010559082,13.1113004684448",47.8203010559082,13.1113004684448,1,"ARBÖ","INFT-AJJKLD","Freie Tankstelle Nockenstein"
"47.8222999572754,13.0397996902466",47.8222999572754,13.0397996902466,1,"ARBÖ","INFT-AJLA23","OMV - Salzburg Schiller Stra<U+00DF>e 28"
"47.8227005004883,16.2418994903564",47.8227005004883,16.2418994903564,1,"ARBÖ","INFT-AJK3B4","eni"
"47.8230018615723,16.2154006958008",47.8230018615723,16.2154006958008,2,"ARBÖ;ÖAMTC","INFT-AJLGDH;1201332","eni;Eni"
"47.823299407959,13.2000999450684",47.823299407959,13.2000999450684,1,"ARBÖ","INFT-B6XGCQ","Lagerhaus-Tankstelle 24 h mit Waschportal"
"47.8246002197266,16.2110004425049",47.8246002197266,16.2110004425049,1,"ARBÖ","INFT-CCQCJM","Eni Oberscheider Wiener Neustadt"
"47.8250007629395,16.5319004058838",47.8250007629395,16.5319004058838,1,"ARBÖ","INFT-CCLFZX","Diskont Tankstelle"
"47.8277015686035,13.0087003707886",47.8277015686035,13.0087003707886,1,"ARBÖ","INFT-AJJU9U","OMV - Salzburg M<U+00FC>nchner Bundesstra<U+00DF>e 85"
"47.8291015625,16.244499206543",47.8291015625,16.244499206543,2,"ARBÖ;ÖAMTC","INFT-CALJHY;1211333","Turm<U+00F6>l;Turm<U+00F6>l"
"47.8292007446289,16.5216999053955",47.8292007446289,16.5216999053955,2,"ARBÖ;JET","INFT-ATSMPY;c2f7f94a52","JET TANKSTELLE;JET Tankstelle"
"47.8300018310547,13.082200050354",47.8300018310547,13.082200050354,1,"ARBÖ","INFT-C9PG7U","Diskont Tankstelle"
"47.8317985534668,13.3959999084473",47.8317985534668,13.3959999084473,2,"ARBÖ;ÖAMTC","INFT-AL6FYQ;1209563","Turm<U+00F6>l;Turm<U+00F6>l"
"47.8325004577637,13.0860004425049",47.8325004577637,13.0860004425049,3,"ARBÖ;ÖAMTC;JET","INFT-ATUM9W;1099238;6da87a3858","JET TANKSTELLE;JET;JET Tankstelle"
"47.8328018188477,16.5335998535156",47.8328018188477,16.5335998535156,1,"ARBÖ","INFT-AJJKKU","Tanke Blaguss"
"47.8331985473633,12.9981002807617",47.8331985473633,12.9981002807617,1,"ARBÖ","INFT-AJM2XU","BP Liefering"
"47.8331985473633,16.5231990814209",47.8331985473633,16.5231990814209,1,"ARBÖ","INFT-AWUDYQ","OMV - Eisenstadt Mattersburger Stra<U+00DF>e 28"
"47.8347015380859,12.997799873352",47.8347015380859,12.997799873352,1,"ARBÖ","INFT-AJJU9T","IQ Tankstelle"
"47.8358993530273,16.5237998962402",47.8358993530273,16.5237998962402,1,"ARBÖ","INFT-AK7TPZ","eni"
"47.8358993530273,16.5244998931885",47.8358993530273,16.5244998931885,1,"ARBÖ","INFT-BWL9SP","Direct"
"47.8372001647949,16.9176006317139",47.8372001647949,16.9176006317139,1,"ARBÖ","INFT-AJJL9W","Lagerhaus-Genol"
"47.8395004272461,14.1586999893188",47.8395004272461,14.1586999893188,1,"ARBÖ","INFT-C9H2XX","Turm<U+00F6>l"
"47.8404006958008,16.9316997528076",47.8404006958008,16.9316997528076,2,"ARBÖ;ÖAMTC","INFT-CNGHNS;1213237","Turm<U+00F6>l Quick;Turm<U+00F6>l Quick"
"47.8408012390137,13.5474004745483",47.8408012390137,13.5474004745483,1,"ARBÖ","INFT-ALCFBH","Autohaus Grasmann GmbH"
"47.8410987854004,16.2826995849609",47.8410987854004,16.2826995849609,2,"ARBÖ;ÖAMTC","INFT-ATSMQ8;1140293","avanti - Eggendorf Pottendorferstra<U+00DF>e 280;Avanti"
"47.8413009643555,13.2486000061035",47.8413009643555,13.2486000061035,2,"ARBÖ;ÖAMTC","INFT-AJLKFM;1151498","AVANTI - Thalgau Salzburger Stra<U+00DF>e 49;Avanti"
"47.8415985107422,13.0256996154785",47.8415985107422,13.0256996154785,1,"ARBÖ","INFT-AKFGET","Lagerhaus-Tankstelle 24 h mit Waschportal"
"47.8432006835938,16.2462997436523",47.8432006835938,16.2462997436523,1,"ARBÖ","INFT-ATT36E","OMV - Wiener Neustadt Wiener Stra<U+00DF>e 126"
"47.8437995910645,16.923900604248",47.8437995910645,16.923900604248,1,"ARBÖ","INFT-AJJL9L","LSC Wenzl GmbH"
"47.844898223877,16.5077991485596",47.844898223877,16.5077991485596,2,"ARBÖ;ÖAMTC","INFT-AK4H6G;1201568","E10-Aktionspreis bis 12:00 Uhr;CP-Tankstelle"
"47.8461990356445,16.540599822998",47.8461990356445,16.540599822998,2,"ARBÖ;ÖAMTC","INFT-AQ6H5U;1134150","Shell Austria;Shell"
"47.8462982177734,16.2465000152588",47.8462982177734,16.2465000152588,2,"ARBÖ;JET","INFT-ATSHWU;be423ebcc6","JET TANKSTELLE;JET Tankstelle"
"47.8465003967285,16.2443008422852",47.8465003967285,16.2443008422852,1,"ARBÖ","INFT-CCC3E5","Diskont Tankstelle"
"47.8470001220703,13.3390998840332",47.8470001220703,13.3390998840332,1,"ARBÖ","INFT-ANYH69","Shell Austria"
"47.8480987548828,13.2216997146606",47.8480987548828,13.2216997146606,2,"ARBÖ;JET","INFT-CNVNV2;2640f98f48","JET TANKSTELLE;JET Tankstelle"
"47.853401184082,13.3486995697021",47.853401184082,13.3486995697021,1,"ARBÖ","INFT-AMMJQJ","Tankstelle Mondsee"
"47.8535003662109,13.3442001342773",47.8535003662109,13.3442001342773,1,"ARBÖ","INFT-B4U8KE","OMV - Mondsee Salzburger Stra<U+00DF>e 8"
"47.8564987182617,16.8369007110596",47.8564987182617,16.8369007110596,1,"ARBÖ","INFT-AJJL9F","Lagerhaus-Genol"
"47.8580017089844,13.1202001571655",47.8580017089844,13.1202001571655,1,"ARBÖ","INFT-AJLGCC","Lagerhaus-Tankstelle"
"47.858699798584,16.8432998657227",47.858699798584,16.8432998657227,1,"ARBÖ","INFT-AJKCSA","boesch energy, turm<U+00F6>l Quick"
"47.8588981628418,16.1828002929688",47.8588981628418,16.1828002929688,1,"ARBÖ","INFT-AJMTRW","BP"
"47.8596000671387,13.059100151062",47.8596000671387,13.059100151062,1,"ARBÖ","INFT-AN3EPK","Eni Service Station"
"47.8608016967773,13.4373998641968",47.8608016967773,13.4373998641968,2,"ARBÖ;ÖAMTC","INFT-AJM6TU;1017430","Tankstelle Roither KG, Freie TS;Tankstelle Roither"
"47.861400604248,13.3341999053955",47.861400604248,13.3341999053955,2,"ARBÖ;JET","INFT-ATTJ5P;f734134edb","JET TANKSTELLE;JET Tankstelle"
"47.8615989685059,13.128399848938",47.8615989685059,13.128399848938,2,"ARBÖ;ÖAMTC","INFT-C7JE2N;1000694","BP;BP"
"47.8641014099121,15.0385999679565",47.8641014099121,15.0385999679565,2,"ARBÖ;ÖAMTC","INFT-AYJBRW;1006315","Genol;Genol"
"47.8647994995117,13.0139999389648",47.8647994995117,13.0139999389648,1,"ARBÖ","INFT-AKHMCL","AP Anthering"
"47.8683013916016,16.1564998626709",47.8683013916016,16.1564998626709,1,"ARBÖ","INFT-AJJKPN","EMC Tankstelle"
"47.8684005737305,15.5935001373291",47.8684005737305,15.5935001373291,1,"ARBÖ","INFT-AKUEQ2","disk Tankstelle Heindl"
"47.8689994812012,13.3247003555298",47.8689994812012,13.3247003555298,2,"ARBÖ;ÖAMTC","INFT-CCM3CR;1209681","Diskont Tankstelle;DISKONT Tankstelle (HOFER Parkplatz)"
"47.8703002929688,16.9759998321533",47.8703002929688,16.9759998321533,1,"ARBÖ","INFT-AJJL9B","Lagerhaus-Genol"
"47.8711013793945,13.0659999847412",47.8711013793945,13.0659999847412,2,"ARBÖ;JET","INFT-ATUM9X;c639d86e7b","JET TANKSTELLE;JET Tankstelle"
"47.8771018981934,16.9444999694824",47.8771018981934,16.9444999694824,1,"ARBÖ","INFT-AKEMJ5","DISKONT-TANKSTELLE LIQUI MOLY "
"47.8777008056641,16.2357997894287",47.8777008056641,16.2357997894287,1,"ARBÖ","INFT-AJJKPJ","Speedytankstelle "
"47.8783988952637,13.1639003753662",47.8783988952637,13.1639003753662,2,"ARBÖ;ÖAMTC","INFT-ASMGBS;1208590","Shell;Shell"
"47.8796997070312,16.0226993560791",47.8796997070312,16.0226993560791,1,"ARBÖ","INFT-AJKA72","Diskont Tankstelle H<U+00FC>tterer"
"47.8804016113281,16.363000869751",47.8804016113281,16.363000869751,1,"ARBÖ","INFT-AJJU5E","LAGERHAUS Genol mit Tankkartensystem"
"47.8809013366699,16.2504997253418",47.8809013366699,16.2504997253418,1,"ARBÖ","INFT-AJKLLQ","eni"
"47.8843002319336,13.7714004516602",47.8843002319336,13.7714004516602,1,"ARBÖ","INFT-AJJKT4","Turm<U+00F6>l Quick"
"47.8860015869141,16.9489994049072",47.8860015869141,16.9489994049072,1,"ARBÖ","INFT-AJJL9V","Lagerhaus-Genol"
"47.8862991333008,13.5241003036499",47.8862991333008,13.5241003036499,2,"ARBÖ;ÖAMTC","INFT-BHXGPF;1210391","Turm<U+00F6>l Quick;Turm<U+00F6>l Quick"
"47.8863983154297,16.2507991790771",47.8863983154297,16.2507991790771,1,"ARBÖ","INFT-CAX9UX","Turm<U+00F6>l"
"47.8872985839844,13.760199546814",47.8872985839844,13.760199546814,1,"ARBÖ","INFT-CL2G79","Lagerhaus Altm<U+00FC>nster"
"47.8874015808105,16.2196006774902",47.8874015808105,16.2196006774902,1,"ARBÖ","INFT-AJJKPH","Turm<U+00F6>l Quick"
"47.8875007629395,13.1218996047974",47.8875007629395,13.1218996047974,2,"ARBÖ;JET","INFT-AU6L2H;91c55c9d3b","JET TANKSTELLE;JET Tankstelle"
"47.888599395752,14.2389001846313",47.888599395752,14.2389001846313,1,"ARBÖ","INFT-CQMJFM","Genol Lagerhaus Innviertel-Traunviertel-Urfahr"
"47.8893013000488,13.121600151062",47.8893013000488,13.121600151062,1,"ARBÖ","INFT-AJKA6N","Avanti - Seekirchen Rupertusstra<U+00DF>e 40"
"47.8894996643066,14.1281003952026",47.8894996643066,14.1281003952026,1,"ARBÖ","INFT-CCLK9Z","Diskont Tankstelle"
"47.8930015563965,16.9186000823975",47.8930015563965,16.9186000823975,1,"ARBÖ","INFT-B4TQ6H","M3 Gols"
"47.894100189209,14.1300001144409",47.894100189209,14.1300001144409,2,"ARBÖ;ÖAMTC","INFT-AJJL7J;1152531","AVIA Xpress (Automaten-Tankstelle);Avia XPress"
"47.8941993713379,15.9547996520996",47.8941993713379,15.9547996520996,1,"ARBÖ","INFT-AJJU5F","GENOL - Lagerhaus"
"47.8964004516602,15.9685001373291",47.8964004516602,15.9685001373291,1,"ARBÖ","INFT-CCTLZW","eni"
"47.8969993591309,14.1268997192383",47.8969993591309,14.1268997192383,2,"ARBÖ;JET","INFT-ATSHYW;b07d0fa4c2","JET TANKSTELLE;JET Tankstelle"
"47.8977012634277,14.2313995361328",47.8977012634277,14.2313995361328,1,"ARBÖ","INFT-AWTG9T","Tankstelle Riener GmbH"
"47.898998260498,13.9509000778198",47.898998260498,13.9509000778198,1,"ARBÖ","INFT-CKYKXM","Lagerhaus Almtal"
"47.9021987915039,13.7678003311157",47.9021987915039,13.7678003311157,2,"ARBÖ;ÖAMTC","INFT-C9GHG7;1211129","Turm<U+00F6>l;Turm<U+00F6>l"
"47.9030990600586,13.5724000930786",47.9030990600586,13.5724000930786,1,"ARBÖ","INFT-AK9GZ4","Turm<U+00F6>l Quick - Eder Autohaus"
"47.9038009643555,14.1220998764038",47.9038009643555,14.1220998764038,1,"ARBÖ","INFT-AJKA8C","SOCAR Kirchdorf a. d. Krems"
"47.9039001464844,13.1202001571655",47.9039001464844,13.1202001571655,2,"ARBÖ;ÖAMTC","INFT-AK2HVM;1208011","BP;BP LM Energy"
"47.9043998718262,16.919900894165",47.9043998718262,16.919900894165,1,"ARBÖ","INFT-AJJL9U","Lagerhaus-Genol"
"47.9056015014648,16.9235992431641",47.9056015014648,16.9235992431641,1,"ARBÖ","INFT-AJJL9M","LSC Wenzl GmbH"
"47.9090995788574,13.7840003967285",47.9090995788574,13.7840003967285,1,"ARBÖ","INFT-C7YGK4","Turm<U+00F6>l Quick"
"47.9108009338379,13.9039001464844",47.9108009338379,13.9039001464844,1,"ARBÖ","INFT-AKS3RE","M<U+00FC>ller Tankstellen GesmbH"
"47.9112014770508,16.255500793457",47.9112014770508,16.255500793457,2,"ARBÖ;ÖAMTC","INFT-D6UCMQ;1213940","Rumpold;Rumpold"
"47.9119987487793,14.1145000457764",47.9119987487793,14.1145000457764,1,"ARBÖ","INFT-AJS7F3","Shell Austria"
"47.9127998352051,16.3862991333008",47.9127998352051,16.3862991333008,1,"ARBÖ","INFT-ATTJ5U","AVANTI - Pottendorf Wiener Stra<U+00DF>e 8"
"47.9168014526367,13.5321998596191",47.9168014526367,13.5321998596191,2,"ARBÖ;ÖAMTC","INFT-CRAL3A;1213365","Turm<U+00F6>l Quick;Turm<U+00F6>l Quick"
"47.9193000793457,15.0785999298096",47.9193000793457,15.0785999298096,1,"ARBÖ","INFT-B5LLNY","eni"
"47.9206008911133,13.8052997589111",47.9206008911133,13.8052997589111,1,"ARBÖ","INFT-AJKEZY","SOCAR Gmunden"
"47.9231986999512,16.5571002960205",47.9231986999512,16.5571002960205,1,"ARBÖ","INFT-AJJU8Q","LAGERHAUS Genol mit Tankkartensystem"
"47.9233016967773,13.2166004180908",47.9233016967773,13.2166004180908,1,"ARBÖ","INFT-AKNLHL","OMV - Neumarkt am Wallersee Neufahrn 71"
"47.9253005981445,13.7870998382568",47.9253005981445,13.7870998382568,1,"ARBÖ","INFT-C9GHG8","Turm<U+00F6>l"
"47.9253005981445,13.7883996963501",47.9253005981445,13.7883996963501,2,"ARBÖ;ÖAMTC","INFT-AS4KZX;1133975","Turm<U+00F6>l Quick;Turm<U+00F6>l Quick"
"47.9258003234863,16.194299697876",47.9258003234863,16.194299697876,1,"ARBÖ","INFT-AJSGFX","L&S Tankstelle mit Kundenkarte 3 cent/Liter Nachlass"
"47.9276008605957,16.8749008178711",47.9276008605957,16.8749008178711,1,"ARBÖ","INFT-AJJL9A","Lagerhaus-Genol"
"47.9294013977051,13.5017004013062",47.9294013977051,13.5017004013062,1,"ARBÖ","INFT-CNVG7J","OMV-Mobility Center St.Georgen im A"
"47.9294013977051,13.5024003982544",47.9294013977051,13.5024003982544,1,"ARBÖ","INFT-AJK3AC","IQ Tankstelle"
"47.9303016662598,14.0866003036499",47.9303016662598,14.0866003036499,2,"ARBÖ;ÖAMTC","INFT-DHZLCH;1214124","AVIA Xpress (Automaten-Tankstelle);AVIA Xpress (Automaten-Tankstelle)"
"47.9309005737305,13.496600151062",47.9309005737305,13.496600151062,1,"ARBÖ","INFT-C3REJJ","PINK - so pink, so clever"
"47.9314994812012,16.1956996917725",47.9314994812012,16.1956996917725,1,"ARBÖ","INFT-AZNPU4","OMV - Hirtenberg Leobersdorfer Stra<U+00DF>e 96"
"47.9318008422852,16.2047996520996",47.9318008422852,16.2047996520996,3,"ARBÖ;ÖAMTC;JET","INFT-AUT6VT;1099212;0aaa17d5db","JET TANKSTELLE;JET;JET Tankstelle"
"47.9325981140137,13.4921998977661",47.9325981140137,13.4921998977661,1,"ARBÖ","INFT-B3AG5R","OMV - Sankt Georgen im Attergau Attergauerstra<U+00DF>e 11"
"47.9329986572266,13.7771997451782",47.9329986572266,13.7771997451782,1,"ARBÖ","INFT-CCAJSU","eni"
"47.9346008300781,13.7864999771118",47.9346008300781,13.7864999771118,2,"ARBÖ;JET","INFT-ATSHXB;ca52024213","JET TANKSTELLE;JET Tankstelle"
"47.9355010986328,13.0806999206543",47.9355010986328,13.0806999206543,1,"ARBÖ","INFT-AJKHPX","OMV - Obertrum Salzburger Stra<U+00DF>e 2"
"47.9356002807617,12.9465999603271",47.9356002807617,12.9465999603271,1,"ARBÖ","INFT-B4VSMC","BP Oberndorf/Sbg"
"47.9361991882324,13.0824003219604",47.9361991882324,13.0824003219604,1,"ARBÖ","INFT-AJJU43","Diskont Tankstelle"
"47.9366989135742,13.0841999053955",47.9366989135742,13.0841999053955,1,"ARBÖ","INFT-AJJKL9","Lagerhaus-Tankstelle 24 h mit Waschportal"
"47.937198638916,13.4886999130249",47.937198638916,13.4886999130249,1,"ARBÖ","INFT-CKYDF3","Lagerhaus St. Georgen"
"47.937198638916,15.4974002838135",47.937198638916,15.4974002838135,1,"ARBÖ","INFT-AJJU8U","Genol - Raiffeisenlagerhaus St. P<U+00F6>lten"
"47.9375,13.7569999694824",47.9375,13.7569999694824,1,"ARBÖ","INFT-AR9CLA","Turm<U+00F6>l Quick"
"47.9385986328125,14.000599861145",47.9385986328125,14.000599861145,1,"ARBÖ","INFT-AJJL7H","Turm<U+00F6>l Quick"
"47.9385986328125,17.0701999664307",47.9385986328125,17.0701999664307,2,"ARBÖ;ÖAMTC","INFT-B2ELFU;1208786","Pamer GmbH;Tankstelle Pamer"
"47.9411010742188,13.7929000854492",47.9411010742188,13.7929000854492,1,"ARBÖ","INFT-CKYGQP","Lagerhaus Ohlsdorf"
"47.942798614502,17.0615997314453",47.942798614502,17.0615997314453,1,"ARBÖ","INFT-CCAFRR","eni"
"47.943000793457,14.8073997497559",47.943000793457,14.8073997497559,1,"ARBÖ","INFT-AVZGAC","AVIA XPress (unser Service: Luft und Wasser)"
"47.9430999755859,16.8505992889404",47.9430999755859,16.8505992889404,1,"ARBÖ","INFT-BPNKUD","Turm<U+00F6>l Quick"
"47.9443016052246,13.5950002670288",47.9443016052246,13.5950002670288,2,"ARBÖ;ÖAMTC","INFT-CKYDF2;1209348","Lagerhaus Kammer - Sch<U+00F6>rfling;Genol"
"47.9453010559082,16.5673999786377",47.9453010559082,16.5673999786377,1,"ARBÖ","INFT-AJJU8R","LAGERHAUS Genol mit Tankkartensystem"
"47.9462013244629,15.3837995529175",47.9462013244629,15.3837995529175,1,"ARBÖ","INFT-AWDFCY","Isbary Bioland"
"47.9474983215332,16.4095993041992",47.9474983215332,16.4095993041992,2,"ARBÖ;ÖAMTC","INFT-B4L8P6;1208266","eni;Eni"
"47.9483985900879,14.7929000854492",47.9483985900879,14.7929000854492,1,"ARBÖ","INFT-AK52FA","Lagerhaus-Genol"
"47.9491004943848,16.8490009307861",47.9491004943848,16.8490009307861,1,"ARBÖ","INFT-AJJL9T","Lagerhaus-Genol"
"47.9492988586426,16.2222003936768",47.9492988586426,16.2222003936768,1,"ARBÖ","INFT-AWZ48G","OMV - Kottingbrunn Badner Stra<U+00DF>e 1"
"47.9504013061523,16.7516002655029",47.9504013061523,16.7516002655029,1,"ARBÖ","INFT-AJJL9P","Lagerhaus-Genol"
"47.9511985778809,16.7509994506836",47.9511985778809,16.7509994506836,2,"ARBÖ;ÖAMTC","INFT-CFBCKM;1212797","AVANTI - Winden am See, Eisenst<U+00E4>dter Stra<U+00DF>e 9;Avanti"
"47.9519996643066,13.5862998962402",47.9519996643066,13.5862998962402,2,"ARBÖ;ÖAMTC","INFT-B69HC5;1068547","eni;Eni"
"47.9532012939453,16.2206001281738",47.9532012939453,16.2206001281738,2,"ARBÖ;ÖAMTC","INFT-BHLMFH;1210379","Rumpold;Rumpold"
"47.9547004699707,13.7298002243042",47.9547004699707,13.7298002243042,1,"ARBÖ","INFT-C4EA8S","Shell Austria"
"47.9550018310547,13.7362003326416",47.9550018310547,13.7362003326416,1,"ARBÖ","INFT-AJJU6D","AVANTI - Rutzenmoos Autobahnzubringer Gmunden"
"47.9550018310547,16.2199001312256",47.9550018310547,16.2199001312256,2,"ARBÖ;ÖAMTC","INFT-CCYMNL;1208013","eni;Eni"
"47.9551010131836,16.0951995849609",47.9551010131836,16.0951995849609,1,"ARBÖ","INFT-ATXL4N","avanti - Pottenstein Bundesstra<U+00DF>e 12"
"47.9557991027832,16.2203006744385",47.9557991027832,16.2203006744385,1,"ARBÖ","INFT-AJJUC9","LAGERHAUS Genol mit Tankkartensystem"
"47.956600189209,12.9427003860474",47.956600189209,12.9427003860474,1,"ARBÖ","INFT-ALLG3B","Lagerhaus-Tankstelle 24 h mit Waschportal"
"47.9566993713379,16.3066005706787",47.9566993713379,16.3066005706787,1,"ARBÖ","INFT-AJJUC7","LAGERHAUS Genol mit Tankkartensystem"
"47.956901550293,13.2353000640869",47.956901550293,13.2353000640869,2,"ARBÖ;ÖAMTC","INFT-AJKHPV;1209219","Lagerhaus-Tankstelle 24 h mit Waschportal;Lagerhaus"
"47.9580993652344,13.2367000579834",47.9580993652344,13.2367000579834,2,"ARBÖ;JET","INFT-AUA6VC;f108e55897","JET TANKSTELLE;JET Tankstelle"
"47.9586982727051,14.2543001174927",47.9586982727051,14.2543001174927,1,"ARBÖ","INFT-AJJL7G"," Diskonttankstelle Br<U+00FC>llmeir"
"47.9597015380859,16.5188007354736",47.9597015380859,16.5188007354736,1,"ARBÖ","INFT-AJZFJ4","LAGERHAUS Genol mit Tankkartensystem"
"47.9603996276855,16.3976993560791",47.9603996276855,16.3976993560791,1,"ARBÖ","INFT-AUAUJ8","OMV - Ebreichsdorf Wiener Neust<U+00E4>dter Stra<U+00DF>e 2"
"47.9611015319824,16.4447994232178",47.9611015319824,16.4447994232178,1,"ARBÖ","INFT-AJZFJ6","LAGERHAUS Genol mit Tankkartensystem"
"47.9641990661621,14.0111999511719",47.9641990661621,14.0111999511719,2,"ARBÖ;ÖAMTC","INFT-CQN355;1208635","Genol Lagerhaus Innviertel-Traunviertel-Urfahr;Genol"
"47.964298248291,16.4069995880127",47.964298248291,16.4069995880127,1,"ARBÖ","INFT-AJVMAY","LAGERHAUS Genol mit Tankkartensystem"
"47.964900970459,16.7971992492676",47.964900970459,16.7971992492676,1,"ARBÖ","INFT-AJJL9S","Lagerhaus-Genol"
"47.9667015075684,14.7693004608154",47.9667015075684,14.7693004608154,1,"ARBÖ","INFT-B4HLNG","OMV - Waidhofen an der Ybbs Wiener Stra<U+00DF>e 2a"
"47.9678993225098,13.2763996124268",47.9678993225098,13.2763996124268,1,"ARBÖ","INFT-AJKHPW","TURMTANKSTELLE"
"47.9690017700195,16.2129993438721",47.9690017700195,16.2129993438721,2,"ARBÖ;ÖAMTC","INFT-ATT36J;1140196","AVANTI - Bad V<U+00F6>slau Badner Stra<U+00DF>e 11;Avanti"
"47.9696998596191,13.2461004257202",47.9696998596191,13.2461004257202,1,"ARBÖ","INFT-AJJKLB","avanti - Strasswalchen Salzburger Stra<U+00DF>e 70"
"47.9702987670898,14.7634000778198",47.9702987670898,14.7634000778198,1,"ARBÖ","INFT-AZ3JYW","eni Hochhauser"
"47.9712982177734,16.5983009338379",47.9712982177734,16.5983009338379,1,"ARBÖ","INFT-AJKA7Q","avanti - Mannersdorf/Leithagebirge Halterzeile 3"
"47.9719009399414,13.899299621582",47.9719009399414,13.899299621582,1,"ARBÖ","INFT-AJKHQT","Beiskammer"
"47.9724006652832,16.8391990661621",47.9724006652832,16.8391990661621,2,"ARBÖ;JET","INFT-ATVTV5;108d433dd5","JET TANKSTELLE;JET Tankstelle"
"47.9734001159668,16.3278999328613",47.9734001159668,16.3278999328613,1,"ARBÖ","INFT-AK4H6Z","eni Hochhauser"
"47.9739990234375,12.8936996459961",47.9739990234375,12.8936996459961,1,"ARBÖ","INFT-AK3GJM","Land lebt auf"
"47.9747009277344,16.2807006835938",47.9747009277344,16.2807006835938,1,"ARBÖ","INFT-CCKM2U","Diskont Tankstelle"
"47.9756011962891,13.8203001022339",47.9756011962891,13.8203001022339,1,"ARBÖ","INFT-AJJKT5","Turm<U+00F6>l Quick"
"47.9758987426758,14.7550001144409",47.9758987426758,14.7550001144409,1,"ARBÖ","INFT-CCKM2T","Diskont Tankstelle"
"47.976001739502,16.6039009094238",47.976001739502,16.6039009094238,1,"ARBÖ","INFT-AJJU8T","LAGERHAUS Genol mit Tankkartensystem"
"47.9768981933594,16.2210998535156",47.9768981933594,16.2210998535156,2,"ARBÖ;JET","INFT-ATTGDW;5af6b68d8e","JET TANKSTELLE;JET Tankstelle"
"47.9785003662109,15.1821002960205",47.9785003662109,15.1821002960205,1,"ARBÖ","INFT-CDQ6MB","Shell Station St. Anton "
"47.9804992675781,17.0060005187988",47.9804992675781,17.0060005187988,2,"ARBÖ;ÖAMTC","INFT-B2ELFT;1210056","Pamer GmbH;Tankstelle Pamer"
"47.980598449707,16.8540992736816",47.980598449707,16.8540992736816,1,"ARBÖ","INFT-CCLFZZ","Diskont Tankstelle"
"47.9813003540039,16.8484992980957",47.9813003540039,16.8484992980957,2,"ARBÖ;JET","INFT-ATV74R;1248c994f0","JET TANKSTELLE;JET Tankstelle"
"47.9819984436035,16.288200378418",47.9819984436035,16.288200378418,1,"ARBÖ","INFT-BE4A8P","Turm<U+00F6>l Quick"
"47.9823989868164,13.6989002227783",47.9823989868164,13.6989002227783,1,"ARBÖ","INFT-CC6DD6","Diskont Tankstelle"
"47.9824981689453,16.2206001281738",47.9824981689453,16.2206001281738,1,"ARBÖ","INFT-AJJLA7","SOCAR Soo<U+00DF>"
"47.9828987121582,16.2859992980957",47.9828987121582,16.2859992980957,1,"ARBÖ","INFT-AJJL9Z","Paulischin"
"47.9838981628418,17.0053997039795",47.9838981628418,17.0053997039795,1,"ARBÖ","INFT-AJJL9R","Pamer GmbH"
"47.9842987060547,16.0491008758545",47.9842987060547,16.0491008758545,1,"ARBÖ","INFT-AS7EPK","Turm<U+00F6>l Quick"
"47.9856986999512,13.8232002258301",47.9856986999512,13.8232002258301,1,"ARBÖ","INFT-CKYGQN","Lagerhaus Laakirchen"
"47.9860992431641,16.2908000946045",47.9860992431641,16.2908000946045,1,"ARBÖ","INFT-AJJLA4","avanti - Oeynhausen Ebreichsdorfer Stra<U+00DF>e 28"
"47.986400604248,12.954400062561",47.986400604248,12.954400062561,1,"ARBÖ","INFT-AL6K73","OMV - Lamprechtshausen Salzburger Stra<U+00DF>e 12"
"47.9865989685059,15.023699760437",47.9865989685059,15.023699760437,2,"ARBÖ;ÖAMTC","INFT-AKFEVR;1208166","Shell;BP Stiglechner"
"47.9869003295898,15.0235996246338",47.9869003295898,15.0235996246338,2,"ARBÖ;ÖAMTC","INFT-DCPG54;1214028","Ferdinand Stuckenberger GesmbH;Ferdinand Stuckenberger GesmbH"
"47.9875984191895,16.2859992980957",47.9875984191895,16.2859992980957,2,"ARBÖ;JET","INFT-BJKNN7;d8b8f495d4","JET TANKSTELLE;JET Tankstelle"
"47.9883995056152,13.3929996490479",47.9883995056152,13.3929996490479,1,"ARBÖ","INFT-CKYDEZ","Lagerhaus Frankenmarkt"
"47.9900016784668,14.1209001541138",47.9900016784668,14.1209001541138,1,"ARBÖ","INFT-CQMJFL","Genol Lagerhaus Innviertel-Traunviertel-Urfahr"
"47.9906005859375,13.8126001358032",47.9906005859375,13.8126001358032,1,"ARBÖ","INFT-AUMMPD","BP"
"47.9911003112793,13.684700012207",47.9911003112793,13.684700012207,2,"ARBÖ;ÖAMTC","INFT-AJKHRY;1208440","IQ Tankstelle;IQ Stiglechner"
"47.9912986755371,13.8079996109009",47.9912986755371,13.8079996109009,2,"ARBÖ;ÖAMTC","INFT-AKCTK5;1151670","Shell Austria;Shell"
"47.9917984008789,16.6602993011475",47.9917984008789,16.6602993011475,1,"ARBÖ","INFT-AJJKZ4","MTS"
"47.9925003051758,13.3556995391846",47.9925003051758,13.3556995391846,1,"ARBÖ","INFT-ARSEFW","IQ Poendorf"
"47.9925994873047,16.2710990905762",47.9925994873047,16.2710990905762,1,"ARBÖ","INFT-AJKMLM","SOCAR Tribuswinkel"
"47.9926986694336,16.2688999176025",47.9926986694336,16.2688999176025,1,"ARBÖ","INFT-AP2G5U","Turm<U+00F6>l Quick"
"47.9926986694336,16.6562004089355",47.9926986694336,16.6562004089355,1,"ARBÖ","INFT-AJLGDC","LAGERHAUS Genol mit Tankkartensystem"
"47.9930992126465,16.4726009368896",47.9930992126465,16.4726009368896,1,"ARBÖ","INFT-AK52FD","LAGERHAUS Genol mit Tankkartensystem"
"47.9930992126465,16.8586006164551",47.9930992126465,16.8586006164551,1,"ARBÖ","INFT-B65E8J","Shell Austria"
"47.9966011047363,16.2283992767334",47.9966011047363,16.2283992767334,1,"ARBÖ","INFT-C9RG87","Turm<U+00F6>l"
"47.996898651123,16.3001003265381",47.996898651123,16.3001003265381,1,"ARBÖ","INFT-AJP3EB","eni"
"47.9970016479492,12.8794002532959",47.9970016479492,12.8794002532959,1,"ARBÖ","INFT-AJMGD4","Turm<U+00F6>l - Tankstelle HABERL"
"47.9973983764648,13.6217002868652",47.9973983764648,13.6217002868652,3,"ARBÖ;ÖAMTC;JET","INFT-ATTMPE;1201437;694f54d5ef","JET TANKSTELLE;JET;JET Tankstelle"
"47.9976997375488,16.2509994506836",47.9976997375488,16.2509994506836,1,"ARBÖ","INFT-ATV74S","OMV - Baden Haidhofstra<U+00DF>e 4"
"47.9977989196777,13.6211004257202",47.9977989196777,13.6211004257202,1,"ARBÖ","INFT-CCLKA8","Diskont Tankstelle"
"47.9991989135742,16.8708992004395",47.9991989135742,16.8708992004395,2,"ARBÖ;ÖAMTC","INFT-AJJL9N;1208012","LSC Wenzl GmbH;LSC Wenzl GmbH"
"48.0005989074707,16.2693004608154",48.0005989074707,16.2693004608154,1,"ARBÖ","INFT-AJQGMF","eni"
"48.0009002685547,13.9291000366211",48.0009002685547,13.9291000366211,1,"ARBÖ","INFT-CKYGQQ","Lagerhaus Vorchdorf"
"48.0018005371094,13.6035003662109",48.0018005371094,13.6035003662109,2,"ARBÖ;ÖAMTC","INFT-AJJKZL;1201685","AVIA Xpress (Automaten-Tankstelle);Avia XPress"
"48.0018997192383,16.2416000366211",48.0018997192383,16.2416000366211,1,"ARBÖ","INFT-CF7G3H","eni"
"48.0032997131348,13.6583995819092",48.0032997131348,13.6583995819092,1,"ARBÖ","INFT-B2HEKL","eni"
"48.0032997131348,13.6624002456665",48.0032997131348,13.6624002456665,1,"ARBÖ","INFT-AJJKZN","Turm<U+00F6>l Quick"
"48.0036010742188,16.5646991729736",48.0036010742188,16.5646991729736,2,"ARBÖ;ÖAMTC","INFT-AJJU8S;1209259","LAGERHAUS Genol mit Tankkartensystem;Genol"
"48.0041007995605,13.6386995315552",48.0041007995605,13.6386995315552,1,"ARBÖ","INFT-CCCU35","eni"
"48.0046997070312,13.6726999282837",48.0046997070312,13.6726999282837,3,"ARBÖ;ÖAMTC;JET","INFT-ATTMPF;1099234;0f7c794320","JET TANKSTELLE;JET;JET Tankstelle"
"48.0047988891602,16.2315006256104",48.0047988891602,16.2315006256104,1,"ARBÖ","INFT-AJSMPR","Shell Austria"
"48.0051002502441,13.9188995361328",48.0051002502441,13.9188995361328,2,"ARBÖ;ÖAMTC","INFT-AJJKSZ;1208616","DICKINGER Agrarhandel GmbH;Dickinger KG"
"48.0054016113281,13.8450002670288",48.0054016113281,13.8450002670288,2,"ARBÖ;ÖAMTC","INFT-B2MK6K;1209968","Eni Laakirchen;Eni Stiglechner"
"48.00830078125,13.9195003509521",48.00830078125,13.9195003509521,1,"ARBÖ","INFT-CCNDQ2","Diskont Tankstelle"
"48.00830078125,13.9235000610352",48.00830078125,13.9235000610352,1,"ARBÖ","INFT-B2TCP2","BP"
"48.0089988708496,13.1834001541138",48.0089988708496,13.1834001541138,1,"ARBÖ","INFT-AJJKPT","AVIA "
"48.0093002319336,13.1823997497559",48.0093002319336,13.1823997497559,2,"ARBÖ;ÖAMTC","INFT-D93GBB;1213984","Bauprofi Aigner;Bauprofi Aigner"
"48.0108985900879,13.9244003295898",48.0108985900879,13.9244003295898,1,"ARBÖ","INFT-CCRGWS","eni"
"48.0113983154297,16.2975006103516",48.0113983154297,16.2975006103516,1,"ARBÖ","INFT-CJSF4P","eni"
"48.0120010375977,12.8617000579834",48.0120010375977,12.8617000579834,1,"ARBÖ","INFT-AJZFHJ","TURM<U+00D6>L Brigitte Ruderstaller"
"48.0127983093262,16.2565994262695",48.0127983093262,16.2565994262695,1,"ARBÖ","INFT-CCLHWW","Diskont Tankstelle"
"48.0134010314941,15.1571998596191",48.0134010314941,15.1571998596191,1,"ARBÖ","INFT-CJYGAN","AVIA XPress (unser Service: Luft und Wasser)"
"48.0141983032227,15.5965003967285",48.0141983032227,15.5965003967285,2,"ARBÖ;ÖAMTC","INFT-C9W7R6;1211309","Direct;Direct"
"48.0154991149902,16.2735996246338",48.0154991149902,16.2735996246338,2,"ARBÖ;ÖAMTC","INFT-AJJUC6;1002914","Shell Austria;Shell"
"48.0158004760742,13.7244997024536",48.0158004760742,13.7244997024536,1,"ARBÖ","INFT-BV3GDU","SOCAR Attnang - Puchheim"
"48.016300201416,16.8083000183105",48.016300201416,16.8083000183105,1,"ARBÖ","INFT-D4ECEC","Rumpold"
"48.0172004699707,13.2463998794556",48.0172004699707,13.2463998794556,1,"ARBÖ","INFT-BWCF8T","Genol Lagerhaus Innviertel-Traunviertel-Urfahr"
"48.0189018249512,13.0298004150391",48.0189018249512,13.0298004150391,2,"ARBÖ;ÖAMTC","INFT-ALCFB7;1209359","Lagerhaus-Tankstelle 24 h;Lagerhaus"
"48.0201988220215,16.4610996246338",48.0201988220215,16.4610996246338,1,"ARBÖ","INFT-AK52FC","LAGERHAUS Genol mit Tankkartensystem"
"48.0209007263184,13.7912998199463",48.0209007263184,13.7912998199463,1,"ARBÖ","INFT-AJJU8Z","AVIA Xpress (Automaten-Tankstelle)"
"48.0214004516602,16.2982006072998",48.0214004516602,16.2982006072998,1,"ARBÖ","INFT-BYXL68","BP"
"48.0214004516602,16.7665004730225",48.0214004516602,16.7665004730225,1,"ARBÖ","INFT-ATT367","avanti - Bruck / Leitha Alte Wiener Stra<U+00DF>e 57"
"48.0214996337891,16.7831001281738",48.0214996337891,16.7831001281738,1,"ARBÖ","INFT-AJKHRW","eni"
"48.021598815918,16.7672996520996",48.021598815918,16.7672996520996,2,"ARBÖ;ÖAMTC","INFT-AJKLLX;1207982","eni;Eni"
"48.0222015380859,15.1534996032715",48.0222015380859,15.1534996032715,2,"ARBÖ;ÖAMTC","INFT-BKUGLD;1210451","MS Tankstelle Sunk;MS Tankstelle Sunk"
"48.0253982543945,15.7221002578735",48.0253982543945,15.7221002578735,2,"ARBÖ;ÖAMTC","INFT-AJJKZG;1209101","Freie Tankstelle;Freie Tankstelle"
"48.0256996154785,14.0752000808716",48.0256996154785,14.0752000808716,1,"ARBÖ","INFT-AJVG6H","IQ Tankstelle"
"48.0264015197754,13.5108003616333",48.0264015197754,13.5108003616333,1,"ARBÖ","INFT-CKYDEY","Lagerhaus Zipf"
"48.0265998840332,15.4349002838135",48.0265998840332,15.4349002838135,2,"ARBÖ;ÖAMTC","INFT-AT4FUH;1209850","Turm<U+00F6>l;Turm<U+00F6>l"
"48.027400970459,13.1408996582031",48.027400970459,13.1408996582031,1,"ARBÖ","INFT-AL3LJ6","BP Lochen"
"48.0280990600586,16.2870006561279",48.0280990600586,16.2870006561279,1,"ARBÖ","INFT-AJJLA5","SOCAR Traiskirchen"
"48.0281982421875,16.4892997741699",48.0281982421875,16.4892997741699,1,"ARBÖ","INFT-AL4ETH","Avia"
"48.0335006713867,16.4941997528076",48.0335006713867,16.4941997528076,1,"ARBÖ","INFT-AJVMAX","LAGERHAUS Genol mit Tankkartensystem"
"48.0336990356445,15.7788000106812",48.0336990356445,15.7788000106812,2,"ARBÖ;ÖAMTC","INFT-ATT368;1208015","avanti - Hainfeld Wiener Stra<U+00DF>e 24;Avanti"
"48.0337982177734,16.7985000610352",48.0337982177734,16.7985000610352,1,"ARBÖ","INFT-AJJU8P","GENOL - Lagerhaus"
"48.0344009399414,16.3794994354248",48.0344009399414,16.3794994354248,2,"ARBÖ;ÖAMTC","INFT-B2LCLD;1140292","avanti - M<U+00FC>nchendorf Bundesstra<U+00DF>e B16;Avanti"
"48.0373992919922,14.4210996627808",48.0373992919922,14.4210996627808,2,"ARBÖ;JET","INFT-ATSHXJ;cc010d73b8","JET TANKSTELLE;JET Tankstelle"
"48.0381011962891,15.762900352478",48.0381011962891,15.762900352478,2,"ARBÖ;ÖAMTC","INFT-CCBGAH;1004558","eni;Eni"
"48.0391006469727,12.9885997772217",48.0391006469727,12.9885997772217,1,"ARBÖ","INFT-AJJU5G","Disconttankstelle Huber Petrol"
"48.0391998291016,15.1434001922607",48.0391998291016,15.1434001922607,1,"ARBÖ","INFT-B6B7RX","BP"
"48.0397987365723,16.4447994232178",48.0397987365723,16.4447994232178,1,"ARBÖ","INFT-AJZFHE","LAGERHAUS Genol mit Tankkartensystem"
"48.040599822998,15.0241003036499",48.040599822998,15.0241003036499,1,"ARBÖ","INFT-AJJL2K","<U+00D6>llinger GmbH"
"48.0414009094238,13.5377998352051",48.0414009094238,13.5377998352051,1,"ARBÖ","INFT-ALCFBJ","Freie Tankstelle"
"48.0414009094238,14.4286003112793",48.0414009094238,14.4286003112793,2,"ARBÖ;ÖAMTC","INFT-CAMJHD;1211373","Turm<U+00F6>l;Turm<U+00F6>l"
"48.0429992675781,15.6721000671387",48.0429992675781,15.6721000671387,1,"ARBÖ","INFT-AJKBDJ","eni24"
"48.043399810791,14.3874998092651",48.043399810791,14.3874998092651,2,"ARBÖ;ÖAMTC","INFT-AJJKUV;1208224","AVANTI - Steyr Sierninger Stra<U+00DF>e 178;Avanti"
"48.043701171875,16.3251991271973",48.043701171875,16.3251991271973,1,"ARBÖ","INFT-AJVTTZ","LAGERHAUS Genol mit Tankkartensystem"
"48.0449981689453,15.609299659729",48.0449981689453,15.609299659729,2,"ARBÖ;ÖAMTC","INFT-D45GM8;1214104","Turm<U+00F6>l;Turm<U+00F6>l"
"48.0460014343262,15.72350025177",48.0460014343262,15.72350025177,1,"ARBÖ","INFT-AJJU8W","BICHLER premiumDIESEL"
"48.0467987060547,13.7594003677368",48.0467987060547,13.7594003677368,1,"ARBÖ","INFT-CCLKA7","Diskont Tankstelle"
"48.0467987060547,16.3059997558594",48.0467987060547,16.3059997558594,2,"ARBÖ;JET","INFT-AURLRD;e4807da8d7","JET TANKSTELLE;JET Tankstelle"
"48.0476989746094,14.0598001480103",48.0476989746094,14.0598001480103,2,"ARBÖ;ÖAMTC","INFT-D97EY6;1213988","Autohof Grossendorf;Autohof Grossendorf"
"48.0480003356934,13.7617998123169",48.0480003356934,13.7617998123169,1,"ARBÖ","INFT-AKEKKS","Eni Schwanenstadt"
"48.0480995178223,13.7617998123169",48.0480995178223,13.7617998123169,2,"ARBÖ;ÖAMTC","INFT-DF8ELV;1214068","eni Tankstelle Schwanenstadt;Eni"
"48.0480995178223,15.322699546814",48.0480995178223,15.322699546814,1,"ARBÖ","INFT-AKMGAR","Eni-Tankstelle"
"48.0485992431641,15.6098003387451",48.0485992431641,15.6098003387451,1,"ARBÖ","INFT-ATSHY5","AVANTI - Traisen Mariazeller Stra<U+00DF>e 38a"
"48.0490989685059,14.4153003692627",48.0490989685059,14.4153003692627,1,"ARBÖ","INFT-AJKHR8","Turm<U+00F6>l"
"48.0497016906738,12.8296003341675",48.0497016906738,12.8296003341675,1,"ARBÖ","INFT-CF6F3M","AVIA"
"48.0499000549316,15.611499786377",48.0499000549316,15.611499786377,1,"ARBÖ","INFT-CCKM2W","Diskont Tankstelle"
"48.0513000488281,13.7656002044678",48.0513000488281,13.7656002044678,1,"ARBÖ","INFT-CKYDF4","Lagerhaus Schwanenstadt"
"48.0517997741699,13.7770004272461",48.0517997741699,13.7770004272461,2,"ARBÖ;ÖAMTC","INFT-AJL6YW;1013360","Shell Austria;Shell"
"48.0518989562988,14.1241998672485",48.0518989562988,14.1241998672485,1,"ARBÖ","INFT-ALCFBP","Shell Austria"
"48.0527992248535,12.9124002456665",48.0527992248535,12.9124002456665,1,"ARBÖ","INFT-ALCFBA","Turm<U+00F6>l KFZ-Renzl"
"48.0545997619629,14.4214000701904",48.0545997619629,14.4214000701904,1,"ARBÖ","INFT-B7A3NK","BP"
"48.0551986694336,14.4492998123169",48.0551986694336,14.4492998123169,1,"ARBÖ","INFT-B65LGK","OMV - Steyr Haagerstra<U+00DF>e 38A"
"48.0560989379883,14.4498996734619",48.0560989379883,14.4498996734619,1,"ARBÖ","INFT-BLJNBZ","IQ Tankautomat Steyr"
"48.0560989379883,15.6051998138428",48.0560989379883,15.6051998138428,1,"ARBÖ","INFT-AJJKZF","SOCAR Traisen"
"48.0564002990723,16.1282997131348",48.0564002990723,16.1282997131348,1,"ARBÖ","INFT-AMHLCS","Shell"
"48.0573997497559,14.420599937439",48.0573997497559,14.420599937439,1,"ARBÖ","INFT-AJJKUX","AVANTI - Steyr Ennser Stra<U+00DF>e 16"
"48.0574989318848,16.0869998931885",48.0574989318848,16.0869998931885,1,"ARBÖ","INFT-AUAGGR","avanti - Alland Bundesstra<U+00DF>e 11"
"48.0574989318848,16.5457000732422",48.0574989318848,16.5457000732422,1,"ARBÖ","INFT-D6EEYD","Turm<U+00F6>l"
"48.0575981140137,13.7804002761841",48.0575981140137,13.7804002761841,1,"ARBÖ","INFT-AJKLM2","avanti - Schwanenstadt Linzer Stra<U+00DF>e 22"
"48.0579986572266,16.8444995880127",48.0579986572266,16.8444995880127,1,"ARBÖ","INFT-BDSF3C","GENOL - Lagerhaus"
"48.0620994567871,15.1391000747681",48.0620994567871,15.1391000747681,2,"ARBÖ;ÖAMTC","INFT-ATSMQT;1208211","AVANTI - Purgstall Erlauftalstra<U+00DF>e 34;Avanti"
"48.0647010803223,16.2147006988525",48.0647010803223,16.2147006988525,1,"ARBÖ","INFT-AJJU7T","Turm<U+00F6>l Quick"
"48.0651016235352,15.131199836731",48.0651016235352,15.131199836731,1,"ARBÖ","INFT-DA4LB2","Lagerhaus Genol"
"48.0652008056641,16.5870990753174",48.0652008056641,16.5870990753174,1,"ARBÖ","INFT-AJLMYF","GENOL - Lagerhaus"
"48.0653991699219,15.1321001052856",48.0653991699219,15.1321001052856,1,"ARBÖ","INFT-AJJL2P","Genol"
"48.0658988952637,15.2161998748779",48.0658988952637,15.2161998748779,1,"ARBÖ","INFT-BKTBBN","BP"
"48.0661010742188,15.4718999862671",48.0661010742188,15.4718999862671,1,"ARBÖ","INFT-AJJKT7","SOCAR Rabenstein"
"48.0668983459473,15.0503997802734",48.0668983459473,15.0503997802734,1,"ARBÖ","INFT-AJJL2L","Genol Lagerhaus Tankstelle"
"48.0698013305664,13.4921998977661",48.0698013305664,13.4921998977661,1,"ARBÖ","INFT-BF8GE3","AVIA Xpress (Automaten-Tankstelle)"
"48.0709991455078,15.0537004470825",48.0709991455078,15.0537004470825,1,"ARBÖ","INFT-AJJL2J","Tankstelle Hintersteiner - Qualit<U+00E4>tsprodukte - Shell-Motoren<U+00F6>le"
"48.0717010498047,16.4575004577637",48.0717010498047,16.4575004577637,1,"ARBÖ","INFT-CCKM2V","Diskont Tankstelle"
"48.0718994140625,15.0577001571655",48.0718994140625,15.0577001571655,1,"ARBÖ","INFT-AJJL2M","Genol"
"48.0718994140625,15.1371002197266",48.0718994140625,15.1371002197266,1,"ARBÖ","INFT-AKS3RL","Turm<U+00F6>l Eisinger"
"48.0727005004883,15.3200998306274",48.0727005004883,15.3200998306274,1,"ARBÖ","INFT-ANXE4N","Lagerhaus Kirnberg GENOL"
"48.0732002258301,12.9905996322632",48.0732002258301,12.9905996322632,2,"ARBÖ;ÖAMTC","INFT-CTELHT;1213433","avanti - KREUZUNG B156/IBMER-MOOR-STR.;Avanti"
"48.0744018554688,13.1780004501343",48.0744018554688,13.1780004501343,1,"ARBÖ","INFT-AJJKPR","Disk TANKAUTOMAT"
"48.0744018554688,16.3229999542236",48.0744018554688,16.3229999542236,2,"ARBÖ;JET","INFT-AUA6VJ;74f1cc295e","JET TANKSTELLE;JET Tankstelle"
"48.0750007629395,16.9564990997314",48.0750007629395,16.9564990997314,2,"ARBÖ;ÖAMTC","INFT-AJK3AA;1209268","GENOL - Lagerhaus;Genol"
"48.0759010314941,16.913200378418",48.0759010314941,16.913200378418,1,"ARBÖ","INFT-AXYF9J","GENOL - Lagerhaus"
"48.0769004821777,16.9465999603271",48.0769004821777,16.9465999603271,1,"ARBÖ","INFT-AJJKZA","Turm<U+00F6>l Quick"
"48.0783004760742,16.4421005249023",48.0783004760742,16.4421005249023,1,"ARBÖ","INFT-AJJKKF","Turm<U+00F6>l Quick"
"48.078498840332,12.8268995285034",48.078498840332,12.8268995285034,1,"ARBÖ","INFT-AJMTRX","AVIA"
"48.0794982910156,16.4412994384766",48.0794982910156,16.4412994384766,1,"ARBÖ","INFT-AJXHBT","OMV - Himberg Gutenhofer Stra<U+00DF>e 9"
"48.0806999206543,13.5637998580933",48.0806999206543,13.5637998580933,1,"ARBÖ","INFT-AJJU8X","avanti - Ampflwang Siedlung 170"
"48.0816993713379,16.2845001220703",48.0816993713379,16.2845001220703,1,"ARBÖ","INFT-AKLD2T","eni"
"48.0831985473633,16.4486999511719",48.0831985473633,16.4486999511719,1,"ARBÖ","INFT-AJKLLL","ac DieselDiskont"
"48.0834007263184,16.4454002380371",48.0834007263184,16.4454002380371,2,"ARBÖ;ÖAMTC","INFT-AJLKFL;1208832","LAGERHAUS Genol mit Tankkartensystem;Genol"
"48.0848007202148,16.5247001647949",48.0848007202148,16.5247001647949,1,"ARBÖ","INFT-AJZFHF","LAGERHAUS Genol mit Tankkartensystem"
"48.0862007141113,16.3181991577148",48.0862007141113,16.3181991577148,2,"ARBÖ;ÖAMTC","INFT-CC5G5U;1211441","eni24;Eni"
"48.0876007080078,16.2956008911133",48.0876007080078,16.2956008911133,1,"ARBÖ","INFT-ATSMQQ","avanti - M<U+00F6>dling Gabrieler Stra<U+00DF>e 11-13"
"48.0891990661621,12.9917001724243",48.0891990661621,12.9917001724243,1,"ARBÖ","INFT-AX3FP4","Genol Lagerhaus Innviertel-Traunviertel-Urfahr"
"48.0891990661621,16.305700302124",48.0891990661621,16.305700302124,2,"ARBÖ;JET","INFT-ATSHXS;24834deadc","JET TANKSTELLE;JET Tankstelle"
"48.0906982421875,16.4113006591797",48.0906982421875,16.4113006591797,1,"ARBÖ","INFT-AKMK7P","ENI Achau"
"48.0909004211426,16.3090000152588",48.0909004211426,16.3090000152588,1,"ARBÖ","INFT-AJNTT4","Shell Austria"
"48.0913009643555,13.6667003631592",48.0913009643555,13.6667003631592,1,"ARBÖ","INFT-CL7BRS","Lagerhaus Ottnang"
"48.092700958252,17.0590991973877",48.092700958252,17.0590991973877,2,"ARBÖ;ÖAMTC","INFT-C63KC7;1140291","Turm<U+00F6>l Quick;Turm<U+00F6>l Quick"
"48.0943984985352,17.0662002563477",48.0943984985352,17.0662002563477,2,"ARBÖ;ÖAMTC","INFT-AJUJFB;1209270","GENOL - Lagerhaus;Genol"
"48.095401763916,16.7954998016357",48.095401763916,16.7954998016357,1,"ARBÖ","INFT-BCFEYH","GENOL - Lagerhaus"
"48.0966987609863,13.6673002243042",48.0966987609863,13.6673002243042,1,"ARBÖ","INFT-BU5LB8","OMV - Ottnang a. H. Hauptstra<U+00DF>e 32"
"48.0985984802246,16.4188003540039",48.0985984802246,16.4188003540039,1,"ARBÖ","INFT-AJJKKJ","SOCAR Maria Lanzendorf"
"48.1002006530762,15.6005001068115",48.1002006530762,15.6005001068115,1,"ARBÖ","INFT-CGY28R","Turm<U+00F6>l Quick"
"48.1004981994629,13.7666997909546",48.1004981994629,13.7666997909546,1,"ARBÖ","INFT-CKYDF5","Lagerhaus Niederthalheim"
"48.101001739502,15.4049997329712",48.101001739502,15.4049997329712,2,"ARBÖ;ÖAMTC","INFT-AWTG9Q;1208270","Eni;Eni"
"48.1021003723145,15.4038000106812",48.1021003723145,15.4038000106812,1,"ARBÖ","INFT-AJJL2T","GENOL"
"48.1022987365723,12.9686002731323",48.1022987365723,12.9686002731323,1,"ARBÖ","INFT-AXNFG8","Turm<U+00F6>l"
"48.1024017333984,15.5195999145508",48.1024017333984,15.5195999145508,1,"ARBÖ","INFT-AJJKTB","AVIA XPress (unser Service: Luft und Wasser)"
"48.1025009155273,13.177300453186",48.1025009155273,13.177300453186,1,"ARBÖ","INFT-AJJKPV","Franz Rie<U+00DF>"
"48.1027984619141,15.8810997009277",48.1027984619141,15.8810997009277,1,"ARBÖ","INFT-AJJU6L","AVIA XPress (unser Service: Luft und Wasser)"
"48.1035003662109,16.2852001190186",48.1035003662109,16.2852001190186,1,"ARBÖ","INFT-C9GMP8","Turm<U+00F6>l"
"48.1041984558105,16.2854995727539",48.1041984558105,16.2854995727539,1,"ARBÖ","INFT-ALKDWY","eni"
"48.1050987243652,16.3101005554199",48.1050987243652,16.3101005554199,1,"ARBÖ","INFT-CCBDY2","Diskont Tankstelle"
"48.105598449707,13.6232004165649",48.105598449707,13.6232004165649,1,"ARBÖ","INFT-AJKLLY","AVIA"
"48.105899810791,13.1525001525879",48.105899810791,13.1525001525879,2,"ARBÖ;ÖAMTC","INFT-AJMGD3;1208972","Genol Lagerhaus Innviertel-Traunviertel-Urfahr;Genol"
"48.105899810791,14.1891002655029",48.105899810791,14.1891002655029,2,"ARBÖ;ÖAMTC","INFT-AKJ36H;1209540","Turm<U+00F6>l Schmidberger;Turm<U+00F6>l"
"48.1077003479004,16.8092002868652",48.1077003479004,16.8092002868652,2,"ARBÖ;ÖAMTC","INFT-AJJKZ6;1208199","AVANTI - Wildungsmauer Untere Carnuntumer Stra<U+00DF>e 6;Avanti"
"48.1086006164551,13.1503000259399",48.1086006164551,13.1503000259399,2,"ARBÖ;JET","INFT-ATUM9Y;0019cedd22","JET TANKSTELLE;JET Tankstelle"
"48.1100997924805,14.0129995346069",48.1100997924805,14.0129995346069,1,"ARBÖ","INFT-CCLHX7","Diskont Tankstelle"
"48.1122016906738,16.3680992126465",48.1122016906738,16.3680992126465,1,"ARBÖ","INFT-APGHZD","LAGERHAUS Genol mit Tankkartensystem"
"48.1123008728027,16.3162994384766",48.1123008728027,16.3162994384766,1,"ARBÖ","INFT-AJJKX7","SPRITK<U+00D6>NIG SCS"
"48.1124000549316,15.6078996658325",48.1124000549316,15.6078996658325,1,"ARBÖ","INFT-BMZG5U","eni Hochhauser"
"48.1124000549316,16.2994003295898",48.1124000549316,16.2994003295898,1,"ARBÖ","INFT-AQ58Y3","eni"
"48.1141014099121,13.1513996124268",48.1141014099121,13.1513996124268,1,"ARBÖ","INFT-CCLK9X","Diskont Tankstelle"
"48.1146011352539,15.3325996398926",48.1146011352539,15.3325996398926,1,"ARBÖ","INFT-AJJU9D","AVIA XPress (unser Service: Luft und Wasser)"
"48.1150016784668,13.1522998809814",48.1150016784668,13.1522998809814,1,"ARBÖ","INFT-CCASLS","eni"
"48.1152000427246,16.3973999023438",48.1152000427246,16.3973999023438,2,"ARBÖ;ÖAMTC","INFT-CXYMLL;1213848","Turm<U+00F6>l;Turm<U+00F6>l"
"48.1170997619629,16.4533996582031",48.1170997619629,16.4533996582031,3,"ARBÖ;ÖAMTC;JET","INFT-AUAJTB;1143139;ac11a34149","JET TANKSTELLE;JET;JET Tankstelle"
"48.1175994873047,15.6085996627808",48.1175994873047,15.6085996627808,2,"ARBÖ;JET","INFT-BRKJG9;7cdadfe1ea","JET TANKSTELLE;JET Tankstelle"
"48.1199989318848,16.944299697876",48.1199989318848,16.944299697876,1,"ARBÖ","INFT-AJRG7R","GENOL - Lagerhaus"
"48.1211013793945,16.601900100708",48.1211013793945,16.601900100708,2,"ARBÖ;ÖAMTC","INFT-AX8JN8;1201271","eni;Eni"
"48.1216011047363,16.5984992980957",48.1216011047363,16.5984992980957,2,"ARBÖ;ÖAMTC","INFT-AUAGG9;1140290","AVANTI - Fischamend Reichsstra<U+00DF>e 2;Avanti"
"48.1221008300781,16.2940006256104",48.1221008300781,16.2940006256104,1,"ARBÖ","INFT-C9GMP7","Turm<U+00F6>l"
"48.1230010986328,16.2931995391846",48.1230010986328,16.2931995391846,1,"ARBÖ","INFT-AJK3A2","eni"
"48.125301361084,15.1491003036499",48.125301361084,15.1491003036499,2,"ARBÖ;ÖAMTC","INFT-B4GSSL;1210144","24 tanken + shop;24 tanken + shop"
"48.125301361084,16.3229999542236",48.125301361084,16.3229999542236,1,"ARBÖ","INFT-AJJU7W","avanti - V<U+00F6>sendorf Metro Platz 1"
"48.1254997253418,14.9813995361328",48.1254997253418,14.9813995361328,1,"ARBÖ","INFT-AJJU9F","Essmeister Diskont"
"48.1264991760254,16.4727001190186",48.1264991760254,16.4727001190186,2,"ARBÖ;ÖAMTC","INFT-CX7NX9;1213591","SOCAR Schwechat;SOCAR"
"48.1268997192383,15.0082998275757",48.1268997192383,15.0082998275757,1,"ARBÖ","INFT-C7ASYR","OMV - Blindenmarkt"
"48.1277008056641,16.3055992126465",48.1277008056641,16.3055992126465,2,"ARBÖ;ÖAMTC","INFT-AL7FVG;1208487","eni Hochhauser;Eni Hochhauser"
"48.130199432373,16.2919006347656",48.130199432373,16.2919006347656,1,"ARBÖ","INFT-AJML7F","SOCAR Perchtoldsdorf"
"48.130500793457,12.8768997192383",48.130500793457,12.8768997192383,1,"ARBÖ","INFT-AJKTMP","LP"
"48.1305999755859,17.0209999084473",48.1305999755859,17.0209999084473,1,"ARBÖ","INFT-ATSHY3","avanti - Wolfsthal Hauptstra<U+00DF>e (Wolfsthal) 63"
"48.1306991577148,16.2894992828369",48.1306991577148,16.2894992828369,2,"ARBÖ;JET","INFT-ATSHYL;99eacb93c2","JET TANKSTELLE;JET Tankstelle"
"48.1307983398438,16.3262996673584",48.1307983398438,16.3262996673584,2,"ARBÖ;ÖAMTC","INFT-ATTGDN;1140271","avanti - V<U+00F6>sendorf Sch<U+00F6>nbrunner Allee 20;Avanti"
"48.1310997009277,14.2204999923706",48.1310997009277,14.2204999923706,1,"ARBÖ","INFT-AJKA8A","AVIA Xpress (Automaten-Tankstelle)"
"48.1310997009277,16.3216991424561",48.1310997009277,16.3216991424561,2,"ARBÖ;JET","INFT-ATSHYM;f4ab026e2d","JET TANKSTELLE;JET Tankstelle"
"48.1318016052246,16.4382991790771",48.1318016052246,16.4382991790771,1,"ARBÖ","INFT-B9KGKP","Champion"
"48.1319999694824,16.3544006347656",48.1319999694824,16.3544006347656,1,"ARBÖ","INFT-AJK3AS","masterDIESEL"
"48.1333999633789,16.2985000610352",48.1333999633789,16.2985000610352,2,"ARBÖ;ÖAMTC","INFT-ATT36C;1201114","OMV - Wien Brunner Stra<U+00DF>e 77-79;OMV"
"48.1351013183594,13.7281999588013",48.1351013183594,13.7281999588013,2,"ARBÖ;ÖAMTC","INFT-AJJLB4;1000589","Asp<U+00F6>ck - Freie Tankstelle;Asp<U+00F6>ck Diskonttankstelle"
"48.1353988647461,15.1420001983643",48.1353988647461,15.1420001983643,1,"ARBÖ","INFT-AJKTMW","BP"
"48.1357002258301,16.1940994262695",48.1357002258301,16.1940994262695,1,"ARBÖ","INFT-BLZFEJ","AVIA XPress (SB-Carwash, SB-Sauger, Wasser gratis) "
"48.1357002258301,16.3561992645264",48.1357002258301,16.3561992645264,2,"ARBÖ;JET","INFT-ATT36B;259741ea9d","JET TANKSTELLE;JET Tankstelle"
"48.1365013122559,16.3834991455078",48.1365013122559,16.3834991455078,1,"ARBÖ","INFT-AJJKYS","OIL! Tankstelle"
"48.1377983093262,16.2574996948242",48.1377983093262,16.2574996948242,1,"ARBÖ","INFT-BGHG73","Turm<U+00F6>l Quick"
"48.1380004882812,14.2393999099731",48.1380004882812,14.2393999099731,1,"ARBÖ","INFT-CQNF2Y","Genol Lagerhaus Innviertel-Traunviertel-Urfahr"
"48.1381988525391,16.2038993835449",48.1381988525391,16.2038993835449,1,"ARBÖ","INFT-AJKHRM","Vivod GmbH"
"48.138801574707,16.3579998016357",48.138801574707,16.3579998016357,1,"ARBÖ","INFT-AJUL36","OIL! Tankstelle"
"48.1389007568359,15.9105997085571",48.1389007568359,15.9105997085571,1,"ARBÖ","INFT-BTS23L","Tankstelle D<U+00FC>rer"
"48.1389999389648,16.4873008728027",48.1389999389648,16.4873008728027,2,"ARBÖ;JET","INFT-ATUEUJ;0d59286233","JET TANKSTELLE;JET Tankstelle"
"48.1394996643066,13.7323999404907",48.1394996643066,13.7323999404907,1,"ARBÖ","INFT-AKJGFM","AVIA"
"48.1397018432617,15.2819004058838",48.1397018432617,15.2819004058838,2,"ARBÖ;ÖAMTC","INFT-ATTGDR;1208798","avanti - Ruprechtshofen Hauptstra<U+00DF>e 24;Avanti"
"48.1397018432617,16.4855003356934",48.1397018432617,16.4855003356934,1,"ARBÖ","INFT-AJJU3W","AVANTI - Schwechat Bruck-Hainburger Stra<U+00DF>e 24a"
"48.1397018432617,16.9195003509521",48.1397018432617,16.9195003509521,2,"ARBÖ;JET","INFT-ATSHY4;70a73ab226","JET TANKSTELLE;JET Tankstelle"
"48.1400985717773,16.3236999511719",48.1400985717773,16.3236999511719,2,"ARBÖ;ÖAMTC","INFT-AJKA89;1007780","SOCAR Wien-Altmannsdorferstra<U+00DF>e;SOCAR"
"48.1403999328613,13.4125003814697",48.1403999328613,13.4125003814697,2,"ARBÖ;ÖAMTC","INFT-AKYFKQ;1209213","Genol Lagerhaus Innviertel-Traunviertel-Urfahr;Genol"
"48.1403999328613,16.9206008911133",48.1403999328613,16.9206008911133,1,"ARBÖ","INFT-C9J36X","Diskont Tankstelle"
"48.1404991149902,16.4796009063721",48.1404991149902,16.4796009063721,1,"ARBÖ","INFT-AJQ3EG","Shell Austria"
"48.1404991149902,16.4838008880615",48.1404991149902,16.4838008880615,1,"ARBÖ","INFT-AJUEML","eni"
"48.1408004760742,16.3292007446289",48.1408004760742,16.3292007446289,1,"ARBÖ","INFT-CCBGB9","eni"
"48.1408004760742,16.9246997833252",48.1408004760742,16.9246997833252,1,"ARBÖ","INFT-CDZCN5","Turm<U+00F6>l"
"48.1408996582031,16.9228000640869",48.1408996582031,16.9228000640869,1,"ARBÖ","INFT-AJTDLM","eni"
"48.141300201416,13.0150003433228",48.141300201416,13.0150003433228,1,"ARBÖ","INFT-AVYGJ8","ENI"
"48.1431007385254,16.2924995422363",48.1431007385254,16.2924995422363,1,"ARBÖ","INFT-CCBGB8","eni"
"48.1433982849121,13.4064998626709",48.1433982849121,13.4064998626709,1,"ARBÖ","INFT-AL4ETD","Genol (Gadermeier GmbH)"
"48.1435012817383,15.2825002670288",48.1435012817383,15.2825002670288,1,"ARBÖ","INFT-AJJL2S","Genol"
"48.1436996459961,13.9715003967285",48.1436996459961,13.9715003967285,1,"ARBÖ","INFT-CCLHX8","Diskont Tankstelle"
"48.1439018249512,14.2284002304077",48.1439018249512,14.2284002304077,1,"ARBÖ","INFT-B99E5Z","BP Tankautomat Neuhofen"
"48.1453018188477,14.4651002883911",48.1453018188477,14.4651002883911,1,"ARBÖ","INFT-AJJL6W","AVANTI - Kronstorf Hauptstra<U+00DF>e 19"
"48.1467018127441,15.0315999984741",48.1467018127441,15.0315999984741,2,"ARBÖ;ÖAMTC","INFT-AKBKV3;1208078","AVIA Ennsbach;Avia"
"48.146900177002,16.3668003082275",48.146900177002,16.3668003082275,2,"ARBÖ;JET","INFT-ATX7CF;487bff2c4e","JET TANKSTELLE;JET Tankstelle"
"48.1472015380859,13.9739999771118",48.1472015380859,13.9739999771118,2,"ARBÖ;ÖAMTC","INFT-ATSHY9;1160903","MAXI TANK TANKSTELLE;maxi.tank"
"48.1473999023438,16.4629993438721",48.1473999023438,16.4629993438721,2,"ARBÖ;JET","INFT-ATSHXY;bdce73818e","JET TANKSTELLE;JET Tankstelle"
"48.1478996276855,16.4620990753174",48.1478996276855,16.4620990753174,1,"ARBÖ","INFT-AJJKYV","Diskont Tankstelle"
"48.1482009887695,16.3966007232666",48.1482009887695,16.3966007232666,1,"ARBÖ","INFT-ATTAW5","OMV - Wien Laaer Berg-Stra<U+00DF>e 240"
"48.1482009887695,16.7112007141113",48.1482009887695,16.7112007141113,2,"ARBÖ;ÖAMTC","INFT-CC7NLG;1209252","RLH Marchfeld;Genol"
"48.1483993530273,16.4622993469238",48.1483993530273,16.4622993469238,1,"ARBÖ","INFT-ATSMQR","AVANTI - Wien Simmeringer Hauptstra<U+00DF>e 489"
"48.1486015319824,13.9766998291016",48.1486015319824,13.9766998291016,2,"ARBÖ;JET","INFT-ATVTUY;eb13906ac9","JET TANKSTELLE;JET Tankstelle"
"48.1486015319824,16.2777996063232",48.1486015319824,16.2777996063232,1,"ARBÖ","INFT-AJKA88","SOCAR Wien-Endresstra<U+00DF>e"
"48.1488990783691,16.338399887085",48.1488990783691,16.338399887085,1,"ARBÖ","INFT-AJK3AR","OMV - Wien Sterngasse 13"
"48.1497001647949,15.5495004653931",48.1497001647949,15.5495004653931,1,"ARBÖ","INFT-AQ78V4","BP"
"48.1498985290527,16.6874008178711",48.1498985290527,16.6874008178711,1,"ARBÖ","INFT-AK8386","AVANTI - Orth an der Donau Wiener Stra<U+00DF>e 76"
"48.1501007080078,14.1789999008179",48.1501007080078,14.1789999008179,1,"ARBÖ","INFT-C9GHG9","Turm<U+00F6>l"
"48.1507987976074,13.1999998092651",48.1507987976074,13.1999998092651,1,"ARBÖ","INFT-ANRELG","AVIA"
"48.1511001586914,16.3006992340088",48.1511001586914,16.3006992340088,1,"ARBÖ","INFT-C87HQQ","Diskont Tankstelle"
"48.1515998840332,13.5374002456665",48.1515998840332,13.5374002456665,1,"ARBÖ","INFT-AJZFHZ","Genol Lagerhaus Innviertel-Traunviertel-Urfahr"
"48.1515998840332,16.3967990875244",48.1515998840332,16.3967990875244,2,"ARBÖ;ÖAMTC","INFT-CAMH92;1211349","Turm<U+00F6>l;Turm<U+00F6>l"
"48.1530990600586,14.1583003997803",48.1530990600586,14.1583003997803,1,"ARBÖ","INFT-AJJUB6","IQ  Tankomat Allhaming"
"48.1534996032715,13.9872999191284",48.1534996032715,13.9872999191284,1,"ARBÖ","INFT-C9CSSF","Turm<U+00F6>l"
"48.1538009643555,13.6344995498657",48.1538009643555,13.6344995498657,1,"ARBÖ","INFT-ALCFBQ","Jedinger, Freie Tankstelle"
"48.1538009643555,14.0367002487183",48.1538009643555,14.0367002487183,1,"ARBÖ","INFT-C9DJLG","Turm<U+00F6>l"
"48.1539001464844,16.3013000488281",48.1539001464844,16.3013000488281,2,"ARBÖ;JET","INFT-ATSHYN;f2d22732a1","JET TANKSTELLE;JET Tankstelle"
"48.1547012329102,15.9033002853394",48.1547012329102,15.9033002853394,1,"ARBÖ","INFT-B36ANC","OIL! Tankstelle"
"48.1548004150391,16.319299697876",48.1548004150391,16.319299697876,1,"ARBÖ","INFT-CGJK7B","Turm<U+00F6>l"
"48.154899597168,15.092399597168",48.154899597168,15.092399597168,1,"ARBÖ","INFT-AJJU9G","Essmeister Diskont"
"48.1562004089355,15.1141004562378",48.1562004089355,15.1141004562378,1,"ARBÖ","INFT-B2KEEC","IQ"
"48.1565017700195,15.4131002426147",48.1565017700195,15.4131002426147,1,"ARBÖ","INFT-ANLEV8","AVIA XPress (unser Service: Luft und Wasser)"
"48.1566009521484,14.0010004043579",48.1566009521484,14.0010004043579,2,"ARBÖ;ÖAMTC","INFT-C9GHG6;1211217","Turm<U+00F6>l;Turmstrom"
"48.1567001342773,16.342399597168",48.1567001342773,16.342399597168,1,"ARBÖ","INFT-AK629E","BP"
"48.1567993164062,13.5618000030518",48.1567993164062,13.5618000030518,1,"ARBÖ","INFT-AJKA83","Turm<U+00F6>l Quick"
"48.1568984985352,16.3052997589111",48.1568984985352,16.3052997589111,2,"ARBÖ;ÖAMTC","INFT-CCBGBA;1208826","eni;Eni"
"48.1571006774902,12.8402004241943",48.1571006774902,12.8402004241943,1,"ARBÖ","INFT-BNWEER","BP"
"48.1571998596191,16.3411998748779",48.1571998596191,16.3411998748779,1,"ARBÖ","INFT-AK629F","BP"
"48.1575012207031,15.6141004562378",48.1575012207031,15.6141004562378,1,"ARBÖ","INFT-AJJU48","BP"
"48.1577987670898,14.0106000900269",48.1577987670898,14.0106000900269,1,"ARBÖ","INFT-ANXFLM","BP Tankstelle"
"48.1585006713867,15.1057996749878",48.1585006713867,15.1057996749878,3,"ARBÖ;ÖAMTC;JET","INFT-DK4DFY;1214136;52f2d6f514","JET TANKSTELLE;JET;JET Tankstelle"
"48.1589012145996,13.9801998138428",48.1589012145996,13.9801998138428,2,"ARBÖ;ÖAMTC","INFT-CRFR9W;1213373","Turm<U+00F6>l Quick;Turm<U+00F6>l Quick"
"48.1590003967285,15.6848001480103",48.1590003967285,15.6848001480103,1,"ARBÖ","INFT-AJJKTD","Tankstopp"
"48.1590995788574,16.3871994018555",48.1590995788574,16.3871994018555,1,"ARBÖ","INFT-AJK3A7","BP"
"48.1599006652832,16.4577007293701",48.1599006652832,16.4577007293701,1,"ARBÖ","INFT-AMEE86","BP"
"48.1599998474121,14.0459995269775",48.1599998474121,14.0459995269775,2,"ARBÖ;ÖAMTC","INFT-AJKA7Y;1059206","ECODROM - 24h Tanken & CAR WASH CLUB;Eco Drom"
"48.1599998474121,16.4326992034912",48.1599998474121,16.4326992034912,2,"ARBÖ;JET","INFT-ATSHXX;b893247d22","JET TANKSTELLE;JET Tankstelle"
"48.1604995727539,16.3094997406006",48.1604995727539,16.3094997406006,2,"ARBÖ;ÖAMTC","INFT-B6HMPS;1210191","BP;BP"
"48.1608009338379,15.1057996749878",48.1608009338379,15.1057996749878,1,"ARBÖ","INFT-APESSQ","Genol"
"48.1609001159668,16.3185005187988",48.1609001159668,16.3185005187988,1,"ARBÖ","INFT-AJXUG5","BP"
"48.1612014770508,16.471399307251",48.1612014770508,16.471399307251,1,"ARBÖ","INFT-B6WHML","BP"
"48.1618003845215,16.3174991607666",48.1618003845215,16.3174991607666,1,"ARBÖ","INFT-C2NB72","Turm<U+00F6>l Quick"
"48.1619987487793,14.0371999740601",48.1619987487793,14.0371999740601,2,"ARBÖ;ÖAMTC","INFT-B6SBAS;1210195","eww-Tankstation;eww-Tankstation"
"48.1623992919922,16.3171997070312",48.1623992919922,16.3171997070312,1,"ARBÖ","INFT-AJXUG6","BP"
"48.162899017334,16.3796005249023",48.162899017334,16.3796005249023,2,"ARBÖ;ÖAMTC","INFT-CAMDWQ;1211345","Turm<U+00F6>l;Turm<U+00F6>l"
"48.1633987426758,15.0992002487183",48.1633987426758,15.0992002487183,1,"ARBÖ","INFT-B7FUDC","eni"
"48.163501739502,16.3771991729736",48.163501739502,16.3771991729736,2,"ARBÖ;ÖAMTC","INFT-CCAJT9;1208685","eni;Eni"
"48.1636009216309,16.7525997161865",48.1636009216309,16.7525997161865,1,"ARBÖ","INFT-CC7NLH","RLH Marchfeld"
"48.1641998291016,16.3910007476807",48.1641998291016,16.3910007476807,1,"ARBÖ","INFT-AJJU8G","Shell Austria"
"48.1645011901855,14.3394002914429",48.1645011901855,14.3394002914429,1,"ARBÖ","INFT-AJK3B7","AVIA Xpress (Automaten-Tankstelle)"
"48.1647987365723,16.4106006622314",48.1647987365723,16.4106006622314,1,"ARBÖ","INFT-AJJKYX","IQ Tankstelle"
"48.1651992797852,14.0431003570557",48.1651992797852,14.0431003570557,2,"ARBÖ;ÖAMTC","INFT-AJJL3P;1063431","Turm<U+00F6>l Quick;Turm<U+00F6>l Quick"
"48.1651992797852,16.3652000427246",48.1651992797852,16.3652000427246,2,"ARBÖ;JET","INFT-ATSHXV;171c342252","JET TANKSTELLE;JET Tankstelle"
"48.165699005127,14.0390996932983",48.165699005127,14.0390996932983,1,"ARBÖ","INFT-AJKTMX","OMV - Wels Eisenfeldstra<U+00DF>e 2"
"48.165699005127,16.346700668335",48.165699005127,16.346700668335,1,"ARBÖ","INFT-AK629G","BP"
"48.1657981872559,15.890700340271",48.1657981872559,15.890700340271,1,"ARBÖ","INFT-AK4F3F","eni24"
"48.1664009094238,16.4109001159668",48.1664009094238,16.4109001159668,2,"ARBÖ;ÖAMTC","INFT-CDXCEE;1212741","Turm<U+00F6>l Quick;Turm<U+00F6>l Quick"
"48.1668014526367,16.4102001190186",48.1668014526367,16.4102001190186,2,"ARBÖ;JET","INFT-ATSHXZ;f932c7144a","JET TANKSTELLE;JET Tankstelle"
"48.1669998168945,14.0346002578735",48.1669998168945,14.0346002578735,2,"ARBÖ;ÖAMTC","INFT-AJJL3N;1011874","AVIA Xpress;Avia XPress"
"48.1674003601074,16.4269008636475",48.1674003601074,16.4269008636475,1,"ARBÖ","INFT-CCBGB7","eni"
"48.1675987243652,16.3551006317139",48.1675987243652,16.3551006317139,1,"ARBÖ","INFT-CCAJTA","eni"
"48.1684989929199,15.0865001678467",48.1684989929199,15.0865001678467,1,"ARBÖ","INFT-CCNA8V","Diskont Tankstelle"
"48.1688003540039,16.4596004486084",48.1688003540039,16.4596004486084,2,"ARBÖ;JET","INFT-ATSHY2;e3fec82d80","JET TANKSTELLE;JET Tankstelle"
"48.1692008972168,14.0248003005981",48.1692008972168,14.0248003005981,1,"ARBÖ","INFT-AJJL3M","Turm<U+00F6>l Quick"
"48.1698989868164,16.8111991882324",48.1698989868164,16.8111991882324,1,"ARBÖ","INFT-AT7J5E","RLH Marchfeld"
"48.1699981689453,16.4095001220703",48.1699981689453,16.4095001220703,1,"ARBÖ","INFT-ATT366","OMV - Wien Leberstra<U+00DF>e 112-114"
"48.1702003479004,16.3703994750977",48.1702003479004,16.3703994750977,1,"ARBÖ","INFT-BJZNUV","Turm<U+00F6>l Quick"
"48.1703987121582,15.0859003067017",48.1703987121582,15.0859003067017,1,"ARBÖ","INFT-AU4233","AVANTI - Ybbs Bahnhofstra<U+00DF>e 13"
"48.1705017089844,16.4580001831055",48.1705017089844,16.4580001831055,2,"ARBÖ;ÖAMTC","INFT-BJYJ2G;1210423","AVANTI - Wien Jedletzbergerstra<U+00DF>e 7;Avanti"
"48.1707000732422,16.3055992126465",48.1707000732422,16.3055992126465,1,"ARBÖ","INFT-AQ696L","BP"
"48.1710014343262,16.336799621582",48.1710014343262,16.336799621582,1,"ARBÖ","INFT-AK4F3P","BP"
"48.1711006164551,16.388599395752",48.1711006164551,16.388599395752,2,"ARBÖ;ÖAMTC","INFT-CAMH93;1211353","Turm<U+00F6>l;Turm<U+00F6>l"
"48.1711006164551,16.619800567627",48.1711006164551,16.619800567627,1,"ARBÖ","INFT-CC7NLF","RLH Marchfeld"
"48.171199798584,15.0846004486084",48.171199798584,15.0846004486084,2,"ARBÖ;ÖAMTC","INFT-BEL72L;1208214","OMV - Ybbs an der Donau Bahnhofstra<U+00DF>e 18;OMV"
"48.171501159668,14.0235004425049",48.171501159668,14.0235004425049,1,"ARBÖ","INFT-ANGFVW","eni"
"48.1721992492676,13.3472995758057",48.1721992492676,13.3472995758057,1,"ARBÖ","INFT-AJJL3V","AVIA Xpress (Automaten-Tankstelle)"
"48.1724014282227,16.3194999694824",48.1724014282227,16.3194999694824,2,"ARBÖ;ÖAMTC","INFT-ATSHYH;1140280","avanti - Wien Edelsinnstra<U+00DF>e 16;Avanti"
"48.1727981567383,16.4727001190186",48.1727981567383,16.4727001190186,1,"ARBÖ","INFT-ARNEBZ","GENOL - Lagerhaus"
"48.1729011535645,14.0530004501343",48.1729011535645,14.0530004501343,2,"ARBÖ;ÖAMTC","INFT-C9DJLH;1211181","Turm<U+00F6>l;Turm<U+00F6>l"
"48.173698425293,15.6174001693726",48.173698425293,15.6174001693726,1,"ARBÖ","INFT-CCBDXW","Diskont Tankstelle"
"48.1743011474609,16.3656005859375",48.1743011474609,16.3656005859375,2,"ARBÖ;JET","INFT-ATSHXW;c71684afe5","JET TANKSTELLE;JET Tankstelle"
"48.1745986938477,13.6933002471924",48.1745986938477,13.6933002471924,2,"ARBÖ;ÖAMTC","INFT-AJJLBA;1209332","GENOL-LH EFERDING-O<U+00D6>. MITTE eGen;Genol"
"48.1748008728027,16.4081001281738",48.1748008728027,16.4081001281738,1,"ARBÖ","INFT-B329N5","BP"
"48.1753997802734,15.0848999023438",48.1753997802734,15.0848999023438,1,"ARBÖ","INFT-AKMGAS","ESSMEISTER Full-Service Tankstelle"
"48.176399230957,13.8589000701904",48.176399230957,13.8589000701904,1,"ARBÖ","INFT-AJJLB5","Daxl (Freie Tankstelle)"
"48.1767997741699,15.9982995986938",48.1767997741699,15.9982995986938,1,"ARBÖ","INFT-AJLGCP","Matzinger GmbH"
"48.1773986816406,16.3565006256104",48.1773986816406,16.3565006256104,2,"ARBÖ;ÖAMTC","INFT-ATT365;1015437","OMV - Wien Triester Stra<U+00DF>e 38;OMV"
"48.1776008605957,16.0615005493164",48.1776008605957,16.0615005493164,2,"ARBÖ;JET","INFT-ATSHW9;d7f4b8c61f","JET TANKSTELLE;JET Tankstelle"
"48.1780014038086,16.3444004058838",48.1780014038086,16.3444004058838,2,"ARBÖ;ÖAMTC","INFT-ANEBQC;1208135","Turm<U+00F6>l Quick;Turm<U+00F6>l Quick"
"48.1781005859375,16.3785991668701",48.1781005859375,16.3785991668701,1,"ARBÖ","INFT-CCBGB6","eni"
"48.1781997680664,16.3460006713867",48.1781997680664,16.3460006713867,1,"ARBÖ","INFT-ATSHYG","AVANTI - Wien Eichenstra<U+00DF>e 3a"
"48.1786003112793,16.6695995330811",48.1786003112793,16.6695995330811,2,"ARBÖ;ÖAMTC","INFT-CC7NLE;1209239","RLH Marchfeld;Lagerhaus"
"48.1786994934082,13.0509004592896",48.1786994934082,13.0509004592896,1,"ARBÖ","INFT-AJJKPQ","Turm<U+00F6>l Quick"
"48.1790008544922,16.3579998016357",48.1790008544922,16.3579998016357,1,"ARBÖ","INFT-AJX3A2","Shell Austria"
"48.1791000366211,16.3264999389648",48.1791000366211,16.3264999389648,1,"ARBÖ","INFT-CCAJTB","eni"
"48.1792984008789,14.0625",48.1792984008789,14.0625,3,"ARBÖ;ÖAMTC;JET","INFT-ATXML5;1099231;ad3c14994a","JET TANKSTELLE;JET;JET Tankstelle"
"48.1795997619629,15.6141996383667",48.1795997619629,15.6141996383667,2,"ARBÖ;ÖAMTC","INFT-BQ7SXH;1210539","Eni Oberscheider St. P<U+00F6>lten;Eni"
"48.1795997619629,16.3518009185791",48.1795997619629,16.3518009185791,1,"ARBÖ","INFT-AJJUAN","BP"
"48.1800003051758,16.0778999328613",48.1800003051758,16.0778999328613,1,"ARBÖ","INFT-ALUH5N","BP"
"48.1808013916016,14.0187997817993",48.1808013916016,14.0187997817993,2,"ARBÖ;ÖAMTC","INFT-AVDEVM;1201086","Turm<U+00F6>l Quick;Turm<U+00F6>l Quick"
"48.1810989379883,13.6982002258301",48.1810989379883,13.6982002258301,2,"ARBÖ;ÖAMTC","INFT-AJJKUR;1034197","AVIA Xpress (Automaten-Tankstelle);Avia XPress"
"48.1810989379883,14.0270004272461",48.1810989379883,14.0270004272461,2,"ARBÖ;ÖAMTC","INFT-C9GHG5;1211213","Turm<U+00F6>l;Turm<U+00F6>l"
"48.1820983886719,14.015700340271",48.1820983886719,14.015700340271,1,"ARBÖ","INFT-AJKA7Z","ECODROM - 24h Tanken & CAR WASH CLUB"
"48.1823997497559,13.2944002151489",48.1823997497559,13.2944002151489,1,"ARBÖ","INFT-AJL6YL","Genol Lagerhaus Innviertel-Traunviertel-Urfahr"
"48.1829986572266,13.7822999954224",48.1829986572266,13.7822999954224,1,"ARBÖ","INFT-BHAHWD","GENOL-LH EFERDING-O<U+00D6>. MITTE eGen"
"48.1832008361816,13.1315002441406",48.1832008361816,13.1315002441406,2,"ARBÖ;ÖAMTC","INFT-AJJKPP;1207802","Turm<U+00F6>l Quick;Turm<U+00F6>l Quick"
"48.1834983825684,16.3733997344971",48.1834983825684,16.3733997344971,1,"ARBÖ","INFT-AJJU8L","BP"
"48.1836013793945,14.0249996185303",48.1836013793945,14.0249996185303,2,"ARBÖ;ÖAMTC","INFT-CCLHX7;1210552","Diskont Tankstelle;DISKONT Tankstelle (HOFER Parkplatz)"
"48.1838989257812,16.4058990478516",48.1838989257812,16.4058990478516,1,"ARBÖ","INFT-AJJKYU","avanti - Wien Simmeringer Hauptstra<U+00DF>e 5"
"48.1845016479492,16.3351001739502",48.1845016479492,16.3351001739502,1,"ARBÖ","INFT-AJJL5Q","boesch energy, turm<U+00F6>l"
"48.1851997375488,16.3474006652832",48.1851997375488,16.3474006652832,2,"ARBÖ;ÖAMTC","INFT-AJJL5H;1004355","JVG JOHANNA - GARAGE GmbH;Johanna Garage"
"48.1853981018066,16.3250007629395",48.1853981018066,16.3250007629395,1,"ARBÖ","INFT-CRUEYK","Turm<U+00F6>l"
"48.1866989135742,16.1242008209229",48.1866989135742,16.1242008209229,1,"ARBÖ","INFT-CCNKCE","eni"
"48.1873016357422,14.2496004104614",48.1873016357422,14.2496004104614,1,"ARBÖ","INFT-CCRHS2","eni"
"48.1874008178711,13.7397003173828",48.1874008178711,13.7397003173828,2,"ARBÖ;ÖAMTC","INFT-AJJLB9;1201376","Kreupl, Freie Tankstelle;Tankstelle Kreupl"
"48.1875991821289,16.3395004272461",48.1875991821289,16.3395004272461,2,"ARBÖ;ÖAMTC","INFT-AK4F3Q;1015436","BP;BP"
"48.1876983642578,15.6175003051758",48.1876983642578,15.6175003051758,1,"ARBÖ","INFT-ATV74C","avanti - Sankt P<U+00F6>lten Mariazeller Stra<U+00DF>e 95"
"48.187801361084,15.6169004440308",48.187801361084,15.6169004440308,1,"ARBÖ","INFT-AKMMLA","Shell Austria"
"48.187801361084,16.3470993041992",48.187801361084,16.3470993041992,2,"ARBÖ;ÖAMTC","INFT-CAND2G;1211381","Turm<U+00F6>l;Strohmeier"
"48.1888999938965,15.4067001342773",48.1888999938965,15.4067001342773,3,"ARBÖ;ÖAMTC;JET","INFT-BC3VMD;1209489;92af012193","JET TANKSTELLE;JET;JET Tankstelle"
"48.1889991760254,15.4062995910645",48.1889991760254,15.4062995910645,1,"ARBÖ","INFT-ALSGRB","AP Loosdorf"
"48.1890983581543,13.6427001953125",48.1890983581543,13.6427001953125,1,"ARBÖ","INFT-AJJLB6","DISKONT Grausgruber"
"48.1893005371094,16.3143005371094",48.1893005371094,16.3143005371094,1,"ARBÖ","INFT-AJJKWN","Turm<U+00F6>l Quick"
"48.1894989013672,15.6180000305176",48.1894989013672,15.6180000305176,2,"ARBÖ;JET","INFT-ATSHWE;c982439647","JET TANKSTELLE;JET Tankstelle"
"48.189998626709,15.0963001251221",48.189998626709,15.0963001251221,1,"ARBÖ","INFT-B26EGL","BP"
"48.189998626709,15.4090003967285",48.189998626709,15.4090003967285,1,"ARBÖ","INFT-BMJALC","OMV - Loosdorf Gewerbestra<U+00DF>e 8"
"48.1903991699219,16.2945003509521",48.1903991699219,16.2945003509521,1,"ARBÖ","INFT-AJJU7K","Shell Austria"
"48.1903991699219,16.3216991424561",48.1903991699219,16.3216991424561,1,"ARBÖ","INFT-AJJKWX","Shell Austria"
"48.1926002502441,13.2768001556396",48.1926002502441,13.2768001556396,1,"ARBÖ","INFT-AJJU5H","Freie Tankstelle"
"48.1926002502441,15.894700050354",48.1926002502441,15.894700050354,1,"ARBÖ","INFT-AJJU6K","avanti - Neulengbach, Tullner Stra<U+00DF>e 1b"
"48.192699432373,16.2777004241943",48.192699432373,16.2777004241943,1,"ARBÖ","INFT-AJJU7M","BP"
"48.1932983398438,16.3017997741699",48.1932983398438,16.3017997741699,1,"ARBÖ","INFT-AJJU7L","BP"
"48.1934013366699,16.3209991455078",48.1934013366699,16.3209991455078,1,"ARBÖ","INFT-CCAJTC","eni24"
"48.1941986083984,16.1411991119385",48.1941986083984,16.1411991119385,2,"ARBÖ;ÖAMTC","INFT-ATSMPV;1207686","AVANTI - Purkersdorf Tullnerbachstra<U+00DF>e 77-79;Avanti"
"48.1944007873535,15.4617004394531",48.1944007873535,15.4617004394531,1,"ARBÖ","INFT-AJKHQV","Land lebt auf"
"48.1949005126953,16.2994995117188",48.1949005126953,16.2994995117188,2,"ARBÖ;ÖAMTC","INFT-AJJKWQ;1201589","Disk ;Disk"
"48.1953010559082,16.2812995910645",48.1953010559082,16.2812995910645,2,"ARBÖ;ÖAMTC","INFT-ATSHXR;1140281","AVANTI - Wien Guldengasse 13;Avanti"
"48.1958999633789,13.1051998138428",48.1958999633789,13.1051998138428,1,"ARBÖ","INFT-CSHRHC","BP"
"48.1963005065918,16.358699798584",48.1963005065918,16.358699798584,1,"ARBÖ","INFT-AJJL5K","SPRITINN"
"48.1964988708496,15.8998003005981",48.1964988708496,15.8998003005981,2,"ARBÖ;ÖAMTC","INFT-AJPTQN;1003241","OMV - Tausendblum/Neulengbach Tullner Stra<U+00DF>e 64;OMV"
"48.1971015930176,13.1286001205444",48.1971015930176,13.1286001205444,2,"ARBÖ;ÖAMTC","INFT-AJL6YK;1208982","Genol Lagerhaus Innviertel-Traunviertel-Urfahr;Genol"
"48.1974983215332,15.9032001495361",48.1974983215332,15.9032001495361,1,"ARBÖ","INFT-AJPMXX","AVIA XPress (unser Service: Luft und Wasser)"
"48.1976013183594,15.4834995269775",48.1976013183594,15.4834995269775,1,"ARBÖ","INFT-ATT362","avanti - Mitterau An der Bundesstra<U+00DF>e 1"
"48.1978988647461,14.2517995834351",48.1978988647461,14.2517995834351,1,"ARBÖ","INFT-AJKA8B","AVIA Xpress (Automaten-Tankstelle)"
"48.1978988647461,15.6396999359131",48.1978988647461,15.6396999359131,1,"ARBÖ","INFT-AJJU47","BP"
"48.1978988647461,16.279899597168",48.1978988647461,16.279899597168,1,"ARBÖ","INFT-ATTAW4","OMV - Wien H<U+00FC>tteldorfer Stra<U+00DF>e 216b"
"48.1981010437012,15.2221002578735",48.1981010437012,15.2221002578735,1,"ARBÖ","INFT-AJUJF6","BP P<U+00F6>chlarn"
"48.1982002258301,15.7536001205444",48.1982002258301,15.7536001205444,1,"ARBÖ","INFT-AJWUWA","Genol - Raiffeisenlagerhaus St. P<U+00F6>lten"
"48.1987991333008,13.6049003601074",48.1987991333008,13.6049003601074,2,"ARBÖ;ÖAMTC","INFT-CD7MP3;1212701","BP;BP"
"48.1990013122559,13.4736995697021",48.1990013122559,13.4736995697021,2,"ARBÖ;JET","INFT-ATSHYA;144d410bda","JET TANKSTELLE;JET Tankstelle"
"48.1990013122559,15.6209001541138",48.1990013122559,15.6209001541138,2,"ARBÖ;ÖAMTC","INFT-CAMJH5;1211369","Turm<U+00F6>l;Turm<U+00F6>l"
"48.1991996765137,16.3299007415771",48.1991996765137,16.3299007415771,1,"ARBÖ","INFT-AJJKWV","Tr<U+00F6>tzm<U+00FC>ller Garage"
"48.1996002197266,15.2209997177124",48.1996002197266,15.2209997177124,1,"ARBÖ","INFT-CCMG5G","Diskont Tankstelle"
"48.2005004882812,13.4818000793457",48.2005004882812,13.4818000793457,1,"ARBÖ","INFT-AJJL3X","Bauchinger - Diskonttankstelle"
"48.2005996704102,15.2201995849609",48.2005996704102,15.2201995849609,1,"ARBÖ","INFT-AKBFBK","Wattaul"
"48.201099395752,15.898699760437",48.201099395752,15.898699760437,1,"ARBÖ","INFT-AJNTT2","Lagerhaus - Genol"
"48.2014999389648,13.4863996505737",48.2014999389648,13.4863996505737,1,"ARBÖ","INFT-AJZFHW","Genol Lagerhaus Innviertel-Traunviertel-Urfahr"
"48.2019004821777,16.2362003326416",48.2019004821777,16.2362003326416,1,"ARBÖ","INFT-AVR3C4","OMV - Wien Wientalstra<U+00DF>e/Auhofbr<U+00FC>cke 40"
"48.2019004821777,16.317699432373",48.2019004821777,16.317699432373,1,"ARBÖ","INFT-AJJU7P","Shell Austria"
"48.2020988464355,15.523699760437",48.2020988464355,15.523699760437,1,"ARBÖ","INFT-AK5CXQ","Genol - Raiffeisenlagerhaus St. P<U+00F6>lten"
"48.2024002075195,16.4738006591797",48.2024002075195,16.4738006591797,1,"ARBÖ","INFT-CCAJTH","eni"
"48.2025985717773,15.8921003341675",48.2025985717773,15.8921003341675,1,"ARBÖ","INFT-AJNTSZ","Lagerhaus - Genol"
"48.2027015686035,16.2576007843018",48.2027015686035,16.2576007843018,1,"ARBÖ","INFT-AJJKWS","Shell Austria"
"48.2030982971191,16.2443008422852",48.2030982971191,16.2443008422852,2,"ARBÖ;JET","INFT-ATSHXQ;da59e4f30f","JET TANKSTELLE;JET Tankstelle"
"48.2032012939453,16.4358005523682",48.2032012939453,16.4358005523682,1,"ARBÖ","INFT-CCAJT8","eni"
"48.2033004760742,15.637900352478",48.2033004760742,15.637900352478,1,"ARBÖ","INFT-AJKTML","eni"
"48.2033004760742,16.3029003143311",48.2033004760742,16.3029003143311,1,"ARBÖ","INFT-AJJU7N","BP"
"48.2036018371582,14.6618003845215",48.2036018371582,14.6618003845215,1,"ARBÖ","INFT-AJM6TW","Gusenbauer Andreas e.U."
"48.2037010192871,14.2469997406006",48.2037010192871,14.2469997406006,2,"ARBÖ;ÖAMTC","INFT-BEBSLF;1153388","AVANTI - Haid Kremstalstra<U+00DF>e 30;OMV"
"48.2041015625,13.8038997650146",48.2041015625,13.8038997650146,1,"ARBÖ","INFT-B6BG5E","freie Tankstelle"
"48.2046012878418,16.3348007202148",48.2046012878418,16.3348007202148,1,"ARBÖ","INFT-AJJL7Y","NNB BRUNNENTANKSTELLE"
"48.2052001953125,14.4755001068115",48.2052001953125,14.4755001068115,2,"ARBÖ;ÖAMTC","INFT-CD2HQM;1208028","eni;Eni"
"48.2053985595703,16.1928997039795",48.2053985595703,16.1928997039795,1,"ARBÖ","INFT-AJKHPS","eni24"
"48.2057991027832,13.4829998016357",48.2057991027832,13.4829998016357,1,"ARBÖ","INFT-ATKJ9K","AVIA Xpress (Automaten-Tankstelle)"
"48.2058982849121,13.460599899292",48.2058982849121,13.460599899292,1,"ARBÖ","INFT-CGF8AT","Turm<U+00F6>l"
"48.2060012817383,16.1823997497559",48.2060012817383,16.1823997497559,1,"ARBÖ","INFT-BW3E86","Turm<U+00F6>l Quick"
"48.2061004638672,16.3216991424561",48.2061004638672,16.3216991424561,1,"ARBÖ","INFT-AJJUBL","BP"
"48.2066993713379,15.6412000656128",48.2066993713379,15.6412000656128,1,"ARBÖ","INFT-ATSMPZ","avanti - Sankt P<U+00F6>lten Wiener Stra<U+00DF>e 92"
"48.2067985534668,16.31369972229",48.2067985534668,16.31369972229,1,"ARBÖ","INFT-ATTJ5L","OMV - Wien Gablenzgasse 109"
"48.2070999145508,16.4468994140625",48.2070999145508,16.4468994140625,1,"ARBÖ","INFT-AJJUBU","Shell Austria"
"48.2071990966797,13.4651002883911",48.2071990966797,13.4651002883911,1,"ARBÖ","INFT-CCLKA6","Diskont Tankstelle"
"48.2074012756348,13.6795997619629",48.2074012756348,13.6795997619629,2,"ARBÖ;ÖAMTC","INFT-AJJLB7;1160602","Land lebt auf;Land lebt auf!"
"48.2074012756348,16.5443000793457",48.2074012756348,16.5443000793457,2,"ARBÖ;JET","INFT-AUFU5X;38aafb749f","JET TANKSTELLE;JET Tankstelle"
"48.2079010009766,16.3132991790771",48.2079010009766,16.3132991790771,1,"ARBÖ","INFT-AJJUBK","Shell Austria"
"48.2086982727051,15.2121000289917",48.2086982727051,15.2121000289917,1,"ARBÖ","INFT-AKMK7S","Lagerhaus GENOL"
"48.2089996337891,14.7461996078491",48.2089996337891,14.7461996078491,1,"ARBÖ","INFT-AJJL3E","KK Kaindl AVIA"
"48.2095985412598,15.3802995681763",48.2095985412598,15.3802995681763,1,"ARBÖ","INFT-AJJL2U","Genol"
"48.2098999023438,14.476900100708",48.2098999023438,14.476900100708,1,"ARBÖ","INFT-B2L8HV","Shell Austria"
"48.2099990844727,13.3501996994019",48.2099990844727,13.3501996994019,1,"ARBÖ","INFT-AJMGDV","Land lebt auf"
"48.2099990844727,15.622200012207",48.2099990844727,15.622200012207,1,"ARBÖ","INFT-AJJKLM","Tankstopp"
"48.2102012634277,16.3059005737305",48.2102012634277,16.3059005737305,1,"ARBÖ","INFT-AJJL7Z","Maroltinger Tankstelle"
"48.2111015319824,16.3106994628906",48.2111015319824,16.3106994628906,1,"ARBÖ","INFT-CCAJTD","eni"
"48.2112998962402,14.2809000015259",48.2112998962402,14.2809000015259,2,"ARBÖ;JET","INFT-AUA3P3;935fc96a66","JET TANKSTELLE;JET Tankstelle"
"48.211498260498,16.1730003356934",48.211498260498,16.1730003356934,2,"ARBÖ;JET","INFT-ATSHWA;1e05ab3bfb","JET TANKSTELLE;JET Tankstelle"
"48.2122001647949,13.4827003479004",48.2122001647949,13.4827003479004,1,"ARBÖ","INFT-AJNJJM","AVIA"
"48.2123985290527,16.3743000030518",48.2123985290527,16.3743000030518,1,"ARBÖ","INFT-AJK3AQ","BP"
"48.2131004333496,13.4853000640869",48.2131004333496,13.4853000640869,1,"ARBÖ","INFT-AJJL3U","AVANTI - Ried im Innkreis Sch<U+00E4>rdinger Stra<U+00DF>e 16"
"48.2131996154785,15.5097999572754",48.2131996154785,15.5097999572754,2,"ARBÖ;ÖAMTC","INFT-AJJU6J;1208780","St<U+00F6>ber Tankstelle (unabh<U+00E4>ngige Tankstelle);St<U+00F6>ber"
"48.2135009765625,14.2776002883911",48.2135009765625,14.2776002883911,3,"ARBÖ;ÖAMTC;JET","INFT-AUA3P2;1201178;f4852d3ecc","JET TANKSTELLE;JET;JET Tankstelle"
"48.2135009765625,15.6239995956421",48.2135009765625,15.6239995956421,1,"ARBÖ","INFT-AJJKLP","SOCAR St. P<U+00F6>lten"
"48.2136993408203,14.4024000167847",48.2136993408203,14.4024000167847,1,"ARBÖ","INFT-CCBJLH","eni"
"48.2145004272461,16.5146007537842",48.2145004272461,16.5146007537842,2,"ARBÖ;ÖAMTC","INFT-ATSMR5;1140204","AVANTI - Wien Esslinger Hauptstra<U+00DF>e 32;Avanti"
"48.214599609375,14.2772998809814",48.214599609375,14.2772998809814,1,"ARBÖ","INFT-CCLKA3","Diskont Tankstelle"
"48.214599609375,16.3915996551514",48.214599609375,16.3915996551514,2,"ARBÖ;ÖAMTC","INFT-AJJKPD;1208710","Disk;Disk"
"48.2150993347168,16.324499130249",48.2150993347168,16.324499130249,2,"ARBÖ;ÖAMTC","INFT-AJJUBN;1207876","TURM<U+00D6>L powered by boesch energy;Turm<U+00F6>l"
"48.2160987854004,14.463399887085",48.2160987854004,14.463399887085,2,"ARBÖ;JET","INFT-ATSHYV;d4c66d6bc4","JET TANKSTELLE;JET Tankstelle"
"48.2162017822266,14.4580001831055",48.2162017822266,14.4580001831055,1,"ARBÖ","INFT-CCLKA5","Diskont Tankstelle"
"48.2165985107422,16.4171009063721",48.2165985107422,16.4171009063721,1,"ARBÖ","INFT-AJJU5B","BP"
"48.2165985107422,16.505199432373",48.2165985107422,16.505199432373,1,"ARBÖ","INFT-BK2U3J","Shell Austria"
"48.2168998718262,16.4934997558594",48.2168998718262,16.4934997558594,1,"ARBÖ","INFT-ATV93A","OMV - Wien Gro<U+00DF>-Enzersdorfer Stra<U+00DF>e 24-26"
"48.2169990539551,13.4956998825073",48.2169990539551,13.4956998825073,1,"ARBÖ","INFT-CCLHXA","Diskont Tankstelle"
"48.2172012329102,16.3843994140625",48.2172012329102,16.3843994140625,1,"ARBÖ","INFT-AJJKPE","123tanken.at - Tankstellenbetriebs & Service GmbH"
"48.2173004150391,15.2215995788574",48.2173004150391,15.2215995788574,1,"ARBÖ","INFT-B8HFMK","BP"
"48.217399597168,13.4940004348755",48.217399597168,13.4940004348755,2,"ARBÖ;ÖAMTC","INFT-AJLA22;1207782","SOCAR Ried im Innkreis;SOCAR"
"48.217399597168,13.4946002960205",48.217399597168,13.4946002960205,1,"ARBÖ","INFT-APSFQV","BP Ried-Tumeltsham"
"48.2178001403809,16.3945999145508",48.2178001403809,16.3945999145508,1,"ARBÖ","INFT-AJJU5A","Shell Austria"
"48.2178993225098,15.3496999740601",48.2178993225098,15.3496999740601,2,"ARBÖ;JET","INFT-ATSHY8;4e148eb676","JET TANKSTELLE;JET Tankstelle"
"48.2182006835938,14.424599647522",48.2182006835938,14.424599647522,1,"ARBÖ","INFT-AJKTN8","AVIA"
"48.2188987731934,16.1655006408691",48.2188987731934,16.1655006408691,2,"ARBÖ;ÖAMTC","INFT-ATSMPW;1208205","AVANTI - Gablitz Linzer Stra<U+00DF>e 1a;Avanti"
"48.2191009521484,16.4058990478516",48.2191009521484,16.4058990478516,1,"ARBÖ","INFT-AJJKPF","Baertl GmbH"
"48.2192001342773,15.3482999801636",48.2192001342773,15.3482999801636,1,"ARBÖ","INFT-ATU38V","OMV - Melk Wachbergstra<U+00DF>e 3"
"48.220100402832,14.4621000289917",48.220100402832,14.4621000289917,1,"ARBÖ","INFT-AJK3B5","Genol - Lagerhaus"
"48.220401763916,16.4801998138428",48.220401763916,16.4801998138428,1,"ARBÖ","INFT-AMEE8C","BP"
"48.2220993041992,14.850700378418",48.2220993041992,14.850700378418,1,"ARBÖ","INFT-AYTHWD","Genol LGH Grein_(-TKK Abschlag)"
"48.2223014831543,13.7327003479004",48.2223014831543,13.7327003479004,1,"ARBÖ","INFT-AJJLB8","Easy Tank"
"48.2224006652832,14.4083003997803",48.2224006652832,14.4083003997803,1,"ARBÖ","INFT-AJY2QL","OMV - Asten An der Bundesstra<U+00DF>e 1 ca.1KM"
"48.2224998474121,15.6305999755859",48.2224998474121,15.6305999755859,3,"ARBÖ;ÖAMTC;JET","INFT-ATSHWD;1099216;849aae3779","JET TANKSTELLE;JET;JET Tankstelle"
"48.222599029541,13.9147996902466",48.222599029541,13.9147996902466,1,"ARBÖ","INFT-AJKCSC","AVIA Xpress (Automaten-Tankstelle)"
"48.2226982116699,16.4444007873535",48.2226982116699,16.4444007873535,1,"ARBÖ","INFT-CCB39C","eni"
"48.222900390625,14.8501996994019",48.222900390625,14.8501996994019,1,"ARBÖ","INFT-B74C87","BP"
"48.222900390625,14.9841003417969",48.222900390625,14.9841003417969,1,"ARBÖ","INFT-ANRELP","AVIA mit Bedienung"
"48.2238006591797,15.6344995498657",48.2238006591797,15.6344995498657,1,"ARBÖ","INFT-AJJU46","OMV - Sankt P<U+00F6>lten Dr.Adolf Sch<U+00E4>rf-Stra<U+00DF>e 1"
"48.2243003845215,15.9167995452881",48.2243003845215,15.9167995452881,1,"ARBÖ","INFT-AS9EYU","Direct"
"48.2258987426758,16.3708000183105",48.2258987426758,16.3708000183105,1,"ARBÖ","INFT-ATSHWS","avanti - Wien Gaussplatz 1"
"48.2265014648438,13.8467998504639",48.2265014648438,13.8467998504639,1,"ARBÖ","INFT-AJKBE3","Turm<U+00F6>l Quick"
"48.2270011901855,14.234299659729",48.2270011901855,14.234299659729,1,"ARBÖ","INFT-CHCDYQ","BP"
"48.2270011901855,15.3437004089355",48.2270011901855,15.3437004089355,2,"ARBÖ;ÖAMTC","INFT-BJTJ9S;1210411","Turm<U+00F6>l Quick;Turm<U+00F6>l Quick"
"48.2270011901855,16.4449996948242",48.2270011901855,16.4449996948242,1,"ARBÖ","INFT-AJJUBZ","Shell Austria"
"48.2271003723145,16.3871002197266",48.2271003723145,16.3871002197266,1,"ARBÖ","INFT-AJJL5Z","TAC"
"48.2271995544434,13.8435001373291",48.2271995544434,13.8435001373291,1,"ARBÖ","INFT-CWBGA7","Turm<U+00F6>l"
"48.2272987365723,14.2124004364014",48.2272987365723,14.2124004364014,1,"ARBÖ","INFT-AXJEKQ","PINK - so pink, so clever"
"48.2274017333984,14.3936996459961",48.2274017333984,14.3936996459961,1,"ARBÖ","INFT-CCJG86","Diskont Tankstelle"
"48.2275009155273,13.9258003234863",48.2275009155273,13.9258003234863,1,"ARBÖ","INFT-AJM2XZ","PINK - so pink, so clever"
"48.2280006408691,15.6767997741699",48.2280006408691,15.6767997741699,1,"ARBÖ","INFT-AJJKLN","AVIA "
"48.2289009094238,13.9364995956421",48.2289009094238,13.9364995956421,1,"ARBÖ","INFT-B9LTDS","Rosenauer IQ Tankstelle"
"48.2289009094238,14.7021999359131",48.2289009094238,14.7021999359131,1,"ARBÖ","INFT-AL6FYS","Autohaus Breiteneder "
"48.2300987243652,15.3312997817993",48.2300987243652,15.3312997817993,1,"ARBÖ","INFT-CNVHQA","Turm<U+00F6>l Quick"
"48.2313003540039,13.8410997390747",48.2313003540039,13.8410997390747,1,"ARBÖ","INFT-B5EFJ9","GENOL-LH EFERDING-O<U+00D6>. MITTE eGen"
"48.2317008972168,13.618200302124",48.2317008972168,13.618200302124,2,"ARBÖ;ÖAMTC","INFT-AJK3BC;1208641","GENOL-LH EFERDING-O<U+00D6>. MITTE eGen;Genol"
"48.2318992614746,16.8211002349854",48.2318992614746,16.8211002349854,1,"ARBÖ","INFT-AK9GZ2","Genol"
"48.2327995300293,13.9449996948242",48.2327995300293,13.9449996948242,1,"ARBÖ","INFT-AJKCSB","AVIA Xpress (Automaten-Tankstelle)"
"48.233699798584,16.4204006195068",48.233699798584,16.4204006195068,1,"ARBÖ","INFT-AJJUBT","Shell Austria"
"48.2337989807129,16.3910999298096",48.2337989807129,16.3910999298096,1,"ARBÖ","INFT-ANBJD6","Turm<U+00F6>l"
"48.2341003417969,13.7718000411987",48.2341003417969,13.7718000411987,1,"ARBÖ","INFT-BD8J2L","PINK - so pink, so clever"
"48.2342987060547,14.2671003341675",48.2342987060547,14.2671003341675,1,"ARBÖ","INFT-AJJL6Y","AVIA Xpress (Automaten-Tankstelle)"
"48.2350006103516,16.3705005645752",48.2350006103516,16.3705005645752,1,"ARBÖ","INFT-CCAJTF","eni"
"48.2351989746094,14.2358999252319",48.2351989746094,14.2358999252319,1,"ARBÖ","INFT-CCLKA2","Diskont Tankstelle"
"48.2370986938477,15.3266000747681",48.2370986938477,15.3266000747681,1,"ARBÖ","INFT-AJJL2Z","Tankstelle Prinz "
"48.2380981445312,16.4606990814209",48.2380981445312,16.4606990814209,3,"ARBÖ;ÖAMTC;JET","INFT-ATSHYZ;1099287;15bf59ba94","JET TANKSTELLE;JET;JET Tankstelle"
"48.2382011413574,16.4323997497559",48.2382011413574,16.4323997497559,1,"ARBÖ","INFT-BC58AF","DISKONT TANKSTELLE WIEN 22"
"48.2383003234863,13.5472002029419",48.2383003234863,13.5472002029419,1,"ARBÖ","INFT-CUBMMY","Turm<U+00F6>l"
"48.2383003234863,13.9570999145508",48.2383003234863,13.9570999145508,1,"ARBÖ","INFT-CEJCPL","Diskont Tankstelle"
"48.239200592041,14.2622003555298",48.239200592041,14.2622003555298,1,"ARBÖ","INFT-AJJL73","AVANTI - Traun/St.Martin Leondinger Stra<U+00DF>e 47"
"48.2392997741699,13.3480997085571",48.2392997741699,13.3480997085571,1,"ARBÖ","INFT-AJJU9P","Turm<U+00F6>l Quick"
"48.2394981384277,14.6260004043579",48.2394981384277,14.6260004043579,1,"ARBÖ","INFT-AJPAUU","BP Perg"
"48.2396011352539,14.5283002853394",48.2396011352539,14.5283002853394,1,"ARBÖ","INFT-CFN6GW","Turm<U+00F6>l"
"48.2401008605957,14.5312004089355",48.2401008605957,14.5312004089355,1,"ARBÖ","INFT-CCKM33","Diskont Tankstelle"
"48.2402992248535,16.3418006896973",48.2402992248535,16.3418006896973,1,"ARBÖ","INFT-AJJUBR","BP"
"48.2403984069824,13.3375997543335",48.2403984069824,13.3375997543335,1,"ARBÖ","INFT-AJZFJ2","Genol Lagerhaus Innviertel-Traunviertel-Urfahr"
"48.2406997680664,16.3393001556396",48.2406997680664,16.3393001556396,1,"ARBÖ","INFT-CCAJTE","eni"
"48.2408981323242,16.3747997283936",48.2408981323242,16.3747997283936,1,"ARBÖ","INFT-AJJL62","BP"
"48.2411003112793,14.5443000793457",48.2411003112793,14.5443000793457,1,"ARBÖ","INFT-AJPAUT","BP Mauthausen"
"48.2416000366211,16.361400604248",48.2416000366211,16.361400604248,1,"ARBÖ","INFT-AJJUBP","Shell Austria"
"48.2419013977051,14.2915000915527",48.2419013977051,14.2915000915527,2,"ARBÖ;ÖAMTC","INFT-CHL9C8;1002121","eni;Eni"
"48.2425003051758,15.9259996414185",48.2425003051758,15.9259996414185,1,"ARBÖ","INFT-CXDCX4","Turm<U+00F6>l Quick"
"48.2429008483887,16.4563999176025",48.2429008483887,16.4563999176025,1,"ARBÖ","INFT-ATWBML","OMV - Wien Hirschstettner Stra<U+00DF>e 34"
"48.2430992126465,13.0452003479004",48.2430992126465,13.0452003479004,2,"ARBÖ;JET","INFT-ATT35W;37aa512071","JET TANKSTELLE;JET Tankstelle"
"48.2430992126465,16.3754005432129",48.2430992126465,16.3754005432129,1,"ARBÖ","INFT-ATSHYK","OMV - Wien Adalbert Stifter-Stra<U+00DF>e 67"
"48.2430992126465,16.3843002319336",48.2430992126465,16.3843002319336,1,"ARBÖ","INFT-AJJL5X","BP"
"48.2434997558594,14.5342998504639",48.2434997558594,14.5342998504639,1,"ARBÖ","INFT-AJJL3B","avanti - Mauthausen Machlandstra<U+00DF>e 5"
"48.2435989379883,14.2229995727539",48.2435989379883,14.2229995727539,2,"ARBÖ;ÖAMTC","INFT-CBFGB6;1211161","Turm<U+00F6>l;Turm<U+00F6>l"
"48.2438011169434,16.361400604248",48.2438011169434,16.361400604248,1,"ARBÖ","INFT-AJJUBS","BP"
"48.2440986633301,16.4545001983643",48.2440986633301,16.4545001983643,2,"ARBÖ;ÖAMTC","INFT-AJQAVB;1059957","Shell Austria;Shell"
"48.2442016601562,14.3348999023438",48.2442016601562,14.3348999023438,2,"ARBÖ;ÖAMTC","INFT-AKRHZ5;1151667","Shell Austria;Shell"
"48.2443008422852,14.2768001556396",48.2443008422852,14.2768001556396,1,"ARBÖ","INFT-ATSHWF","MAXI TANK TANKSTELLE"
"48.244701385498,13.0487003326416",48.244701385498,13.0487003326416,1,"ARBÖ","INFT-C87HQ9","Diskont Tankstelle"
"48.244800567627,16.6991004943848",48.244800567627,16.6991004943848,2,"ARBÖ;ÖAMTC","INFT-AKBFBF;1209300","RLH Marchfeld;Lagerhaus"
"48.2453002929688,16.3658008575439",48.2453002929688,16.3658008575439,1,"ARBÖ","INFT-ATT36G","OMV - Wien Gunoldstra<U+00DF>e 7 / Muthgasse 1"
"48.2457008361816,16.3164005279541",48.2457008361816,16.3164005279541,1,"ARBÖ","INFT-C9JG9H","Turm<U+00F6>l"
"48.2462997436523,16.9214992523193",48.2462997436523,16.9214992523193,1,"ARBÖ","INFT-AK9GZ3","Genol"
"48.2463989257812,16.7000999450684",48.2463989257812,16.7000999450684,1,"ARBÖ","INFT-AJKHRL","Agrotech"
"48.2464981079102,14.1823997497559",48.2464981079102,14.1823997497559,1,"ARBÖ","INFT-AJLGDJ","TWS GmbH"
"48.2467002868652,13.0403003692627",48.2467002868652,13.0403003692627,1,"ARBÖ","INFT-AYRB7B","OMV - Braunau Salzburger Stra<U+00DF>e 99"
"48.247200012207,16.3348007202148",48.247200012207,16.3348007202148,2,"ARBÖ;ÖAMTC","INFT-AJJL88;1164078","Shell Austria;Shell"
"48.2476997375488,16.4662990570068",48.2476997375488,16.4662990570068,1,"ARBÖ","INFT-AJNTT9","BP"
"48.2477989196777,14.6253004074097",48.2477989196777,14.6253004074097,1,"ARBÖ","INFT-AJKHSE","Landesprodukte Altzinger Diesel"
"48.2480010986328,13.1899003982544",48.2480010986328,13.1899003982544,1,"ARBÖ","INFT-AL3D4H","PINK - so pink, so clever"
"48.2481002807617,14.6232004165649",48.2481002807617,14.6232004165649,1,"ARBÖ","INFT-AJL6YX","Genol - Lagerhaus"
"48.2486000061035,14.2416000366211",48.2486000061035,14.2416000366211,2,"ARBÖ;JET","INFT-ATSHYU;39feea59b1","JET TANKSTELLE;JET Tankstelle"
"48.2489013671875,14.1906995773315",48.2489013671875,14.1906995773315,2,"ARBÖ;ÖAMTC","INFT-AJKHSV;1119778","Genol - Lagerhaus;Genol"
"48.2489013671875,14.2946996688843",48.2489013671875,14.2946996688843,1,"ARBÖ","INFT-AJJKLX","avanti - Linz Franzosenhausweg 1"
"48.2494010925293,13.2089996337891",48.2494010925293,13.2089996337891,1,"ARBÖ","INFT-ARNJNR","BP Weng"
"48.249698638916,15.2480001449585",48.249698638916,15.2480001449585,1,"ARBÖ","INFT-AJJL2Y",""
"48.2504005432129,13.0476999282837",48.2504005432129,13.0476999282837,1,"ARBÖ","INFT-ANHCGV","ECODROM - 24h Tanken & CAR WASH CLUB"
"48.2504005432129,14.6279001235962",48.2504005432129,14.6279001235962,1,"ARBÖ","INFT-AJJL3D","SOCAR Perg"
"48.2510986328125,14.3232002258301",48.2510986328125,14.3232002258301,2,"ARBÖ;ÖAMTC","INFT-CC2JZ8;1211429","Turm<U+00F6>l;Turm<U+00F6>l"
"48.2510986328125,16.4703998565674",48.2510986328125,16.4703998565674,1,"ARBÖ","INFT-ATVTV4","OMV - Wien Breitenleer Stra<U+00DF>e West B302 108"
"48.2513999938965,16.4720993041992",48.2513999938965,16.4720993041992,1,"ARBÖ","INFT-ATT36H","OMV - Wien Breitenleer Stra<U+00DF>e Ost B302 112"
"48.2518005371094,15.8620004653931",48.2518005371094,15.8620004653931,1,"ARBÖ","INFT-AJMTRZ","Lagerhaus - Genol"
"48.2518997192383,14.6177997589111",48.2518997192383,14.6177997589111,1,"ARBÖ","INFT-CA6NZR","boesch energy, turm<U+00F6>l Quick"
"48.252498626709,14.5960998535156",48.252498626709,14.5960998535156,1,"ARBÖ","INFT-AJJL3F","Petschl Tankstelle"
"48.252498626709,16.4260997772217",48.252498626709,16.4260997772217,2,"ARBÖ;JET","INFT-ATSHX9;cce0bf5504","JET TANKSTELLE;JET Tankstelle"
"48.2526016235352,13.4527997970581",48.2526016235352,13.4527997970581,1,"ARBÖ","INFT-AJNJJL","AVIA"
"48.2526016235352,16.4270000457764",48.2526016235352,16.4270000457764,1,"ARBÖ","INFT-CCQKN5","Diskont Tankstelle"
"48.2540016174316,13.9713001251221",48.2540016174316,13.9713001251221,1,"ARBÖ","INFT-AJJL79","Land-lebt-auf"
"48.2541007995605,13.2363996505737",48.2541007995605,13.2363996505737,1,"ARBÖ","INFT-B3SEXX","OMV - Altheim St. Ulrich 6"
"48.2541007995605,16.7525997161865",48.2541007995605,16.7525997161865,1,"ARBÖ","INFT-BHLG7C","Tankstelle Wiesmahr"
"48.2545013427734,16.0188999176025",48.2545013427734,16.0188999176025,1,"ARBÖ","INFT-ATSMQE","AVANTI - Sieghartskirchen Wiener Stra<U+00DF>e 26"
"48.2546005249023,16.3640003204346",48.2546005249023,16.3640003204346,1,"ARBÖ","INFT-AJJL87","Shell Austria"
"48.2546997070312,13.0364999771118",48.2546997070312,13.0364999771118,1,"ARBÖ","INFT-CWFFBN","M3 Braunau"
"48.2546997070312,13.0452003479004",48.2546997070312,13.0452003479004,1,"ARBÖ","INFT-CCQAWG","eni"
"48.255298614502,13.0770998001099",48.255298614502,13.0770998001099,1,"ARBÖ","INFT-AJJU5L","W<U+00F6>lfl"
"48.2554016113281,14.2537002563477",48.2554016113281,14.2537002563477,1,"ARBÖ","INFT-AJK3B6","PINK Sparen beim Fahren"
"48.2575988769531,15.6410999298096",48.2575988769531,15.6410999298096,1,"ARBÖ","INFT-AJJU4A","Diskonttankstelle Gamsj<U+00E4>ger"
"48.257999420166,13.0493001937866",48.257999420166,13.0493001937866,1,"ARBÖ","INFT-AS3E3G","Diskont RENNER"
"48.257999420166,14.3298997879028",48.257999420166,14.3298997879028,1,"ARBÖ","INFT-AJJKLS","OMV Fast Lane - Linz Lunzerstra<U+00DF>e"
"48.2588996887207,16.4113998413086",48.2588996887207,16.4113998413086,1,"ARBÖ","INFT-ATSHX7","JET TANKSTELLE"
"48.2596015930176,16.4503002166748",48.2596015930176,16.4503002166748,2,"ARBÖ;ÖAMTC","INFT-AJJKSP;1001076","avanti - Wien Wagramer Stra<U+00DF>e 179;Avanti"
"48.2598991394043,16.4116992950439",48.2598991394043,16.4116992950439,1,"ARBÖ","INFT-AJR32R","Shell Austria"
"48.2599983215332,15.8009004592896",48.2599983215332,15.8009004592896,1,"ARBÖ","INFT-AJJU6H","Land lebt auf"
"48.2602996826172,13.0514001846313",48.2602996826172,13.0514001846313,1,"ARBÖ","INFT-AJJU5J","AVANTI - Braunau Laabstra<U+00DF>e"
"48.2602996826172,13.9407997131348",48.2602996826172,13.9407997131348,1,"ARBÖ","INFT-AJJL75","PINK - so pink, so clever"
"48.2620010375977,13.2419996261597",48.2620010375977,13.2419996261597,1,"ARBÖ","INFT-C3DFC5","AVIA Xpress (Automaten-Tankstelle)"
"48.2624015808105,16.4358997344971",48.2624015808105,16.4358997344971,1,"ARBÖ","INFT-CCBBGU","eni"
"48.2631988525391,16.4610996246338",48.2631988525391,16.4610996246338,1,"ARBÖ","INFT-CCAJTG","eni"
"48.2633018493652,14.3232002258301",48.2633018493652,14.3232002258301,1,"ARBÖ","INFT-AJJKLT","avanti - Linz Wahringerstra<U+00DF>e"
"48.2636985778809,16.4596996307373",48.2636985778809,16.4596996307373,2,"ARBÖ;JET","INFT-ATSHYY;f1283ce093","JET TANKSTELLE;JET Tankstelle"
"48.263801574707,13.4174995422363",48.263801574707,13.4174995422363,1,"ARBÖ","INFT-AJZFHY","Turm<U+00F6>l"
"48.2640991210938,16.7124004364014",48.2640991210938,16.7124004364014,2,"ARBÖ;ÖAMTC","INFT-AKBFBG;1209242","RLH Marchfeld;Genol"
"48.2644004821777,16.4549007415771",48.2644004821777,16.4549007415771,1,"ARBÖ","INFT-AJR32S","Shell Austria"
"48.2650985717773,16.3938999176025",48.2650985717773,16.3938999176025,1,"ARBÖ","INFT-B74MN9","OMV - Wien Prager Stra<U+00DF>e 32"
"48.2658004760742,16.403600692749",48.2658004760742,16.403600692749,1,"ARBÖ","INFT-CP57X4","TURM<U+00D6>L Quick powered by boesch energy"
"48.265998840332,16.4619998931885",48.265998840332,16.4619998931885,1,"ARBÖ","INFT-AJJL8D","Diskonttankstelle Jandl"
"48.2663993835449,13.565899848938",48.2663993835449,13.565899848938,1,"ARBÖ","INFT-AU83Q2","AVIA Xpress (Automaten-Tankstelle)"
"48.2667007446289,16.448600769043",48.2667007446289,16.448600769043,2,"ARBÖ;ÖAMTC","INFT-AJJKSN;1003418","avanti - Wien Julius Ficker Stra<U+00DF>e 77;Avanti"
"48.2669982910156,16.4288005828857",48.2669982910156,16.4288005828857,1,"ARBÖ","INFT-AKDEHS","BP Tankstelle"
"48.2676010131836,14.4533996582031",48.2676010131836,14.4533996582031,1,"ARBÖ","INFT-B68GDW","boesch energy,  turm<U+00F6>l Quick"
"48.2678985595703,15.686900138855",48.2678985595703,15.686900138855,1,"ARBÖ","INFT-CD3GGY","SOCAR Herzogenburg"
"48.2697982788086,13.2628002166748",48.2697982788086,13.2628002166748,1,"ARBÖ","INFT-AK67F2","Genol Lagerhaus Innviertel-Traunviertel-Urfahr eGen"
"48.2705001831055,14.4523000717163",48.2705001831055,14.4523000717163,1,"ARBÖ","INFT-B5PEVG","IQ Tankstelle"
"48.2705001831055,16.4120998382568",48.2705001831055,16.4120998382568,1,"ARBÖ","INFT-AUHU7X","OMV - Wien Shuttleworthstra<U+00DF>e 10"
"48.2706985473633,13.1709995269775",48.2706985473633,13.1709995269775,1,"ARBÖ","INFT-AJL6YM","Genol Lagerhaus Innviertel-Traunviertel-Urfahr"
"48.2706985473633,14.314700126648",48.2706985473633,14.314700126648,2,"ARBÖ;ÖAMTC","INFT-AJJKLV;1154897","Turm<U+00F6>l Quick;Turm<U+00F6>l Quick"
"48.2709007263184,16.4309997558594",48.2709007263184,16.4309997558594,2,"ARBÖ;ÖAMTC","INFT-CMPGF5;1213217","Lohberger;Lohberger"
"48.2711982727051,16.4090003967285",48.2711982727051,16.4090003967285,1,"ARBÖ","INFT-CCC3EP","Diskont Tankstelle"
"48.2717018127441,14.2680997848511",48.2717018127441,14.2680997848511,1,"ARBÖ","INFT-CCLKA4","Diskont Tankstelle"
"48.2717018127441,14.3242998123169",48.2717018127441,14.3242998123169,2,"ARBÖ;ÖAMTC","INFT-AJSGFD;1209262","Logistik Service GmbH  ;Logistik Service"
"48.2717018127441,15.6149997711182",48.2717018127441,15.6149997711182,1,"ARBÖ","INFT-AL4ET2","ROBINEAU- Automaten-Tankstelle"
"48.2719993591309,14.2818002700806",48.2719993591309,14.2818002700806,1,"ARBÖ","INFT-AJVG62","SOCAR Linz"
"48.2722015380859,14.9507999420166",48.2722015380859,14.9507999420166,1,"ARBÖ","INFT-AJJL3C","Genol LGH Waldhausen_(-TKK Abschlag)"
"48.2728004455566,13.7391996383667",48.2728004455566,13.7391996383667,1,"ARBÖ","INFT-B5EFJA","GENOL-LH EFERDING-O<U+00D6>. MITTE eGen"
"48.2729988098145,14.2529001235962",48.2729988098145,14.2529001235962,1,"ARBÖ","INFT-AJJL74","AVANTI - Leonding Paschinger Stra<U+00DF>e 54"
"48.2731018066406,14.3135004043579",48.2731018066406,14.3135004043579,2,"ARBÖ;ÖAMTC","INFT-B7CF6S;1151664","Shell Austria;Shell"
"48.2741012573242,14.5775995254517",48.2741012573242,14.5775995254517,1,"ARBÖ","INFT-AJJU9J","Clever Tanken"
"48.274299621582,14.272500038147",48.274299621582,14.272500038147,1,"ARBÖ","INFT-CCVC2C","eni"
"48.2752990722656,15.6975002288818",48.2752990722656,15.6975002288818,1,"ARBÖ","INFT-AJMTRY","Genol - Raiffeisenlagerhaus St. P<U+00F6>lten"
"48.2765998840332,16.3880996704102",48.2765998840332,16.3880996704102,2,"ARBÖ;ÖAMTC","INFT-C9JHRQ;1211269","Turm<U+00F6>l;Turm<U+00F6>l"
"48.2773017883301,15.06369972229",48.2773017883301,15.06369972229,1,"ARBÖ","INFT-ANXE4M","Genol"
"48.2776985168457,14.3104000091553",48.2776985168457,14.3104000091553,1,"ARBÖ","INFT-C9BG5Q","Turm<U+00F6>l"
"48.2776985168457,14.9561004638672",48.2776985168457,14.9561004638672,1,"ARBÖ","INFT-AJLGDD","Diskonttankstelle Leonhartsberger"
"48.2781982421875,16.3880004882812",48.2781982421875,16.3880004882812,3,"ARBÖ;ÖAMTC;JET","INFT-BK2FA7;1210431;9dbfe07e70","JET TANKSTELLE;JET;JET Tankstelle"
"48.2807998657227,15.6970996856689",48.2807998657227,15.6970996856689,1,"ARBÖ","INFT-AJJKTA","AVIA XPress (unser Service: Luft und Wasser)"
"48.2809982299805,14.3746995925903",48.2809982299805,14.3746995925903,1,"ARBÖ","INFT-AJLGCY","AVIA an der B3"
"48.2813987731934,15.9296998977661",48.2813987731934,15.9296998977661,1,"ARBÖ","INFT-AJKHQW","SOCAR Michelhausen"
"48.2825012207031,16.3799991607666",48.2825012207031,16.3799991607666,1,"ARBÖ","INFT-B4C8XF","BP"
"48.2831001281738,14.2882995605469",48.2831001281738,14.2882995605469,1,"ARBÖ","INFT-AJJKLW","avanti - Linz Unionstra<U+00DF>e 71a"
"48.2840995788574,14.2924003601074",48.2840995788574,14.2924003601074,2,"ARBÖ;ÖAMTC","INFT-C9BG5P;1211149","Turm<U+00F6>l;Turm<U+00F6>l"
"48.2840995788574,14.3692998886108",48.2840995788574,14.3692998886108,1,"ARBÖ","INFT-AJKHRF","speed-DISKONT-automatic Steyregg/Ort"
"48.2843017578125,16.529899597168",48.2843017578125,16.529899597168,1,"ARBÖ","INFT-AU9GP6","Treibstoffparadies"
"48.2845001220703,13.8801002502441",48.2845001220703,13.8801002502441,1,"ARBÖ","INFT-AKGGA6","GENOL-LH EFERDING-O<U+00D6>. MITTE eGen"
"48.2849006652832,14.3205003738403",48.2849006652832,14.3205003738403,1,"ARBÖ","INFT-AKJJGC","BP Linz, Stahlstra<U+00DF>e"
"48.2849006652832,14.3521003723145",48.2849006652832,14.3521003723145,1,"ARBÖ","INFT-CCTM23","eni"
"48.285099029541,16.3455009460449",48.285099029541,16.3455009460449,1,"ARBÖ","INFT-ATSHYX","avanti - Wien Heiligenst<U+00E4>dter Stra<U+00DF>e 196"
"48.285400390625,13.7449998855591",48.285400390625,13.7449998855591,1,"ARBÖ","INFT-CRWE9Y","Turm<U+00F6>l"
"48.2859001159668,14.3025999069214",48.2859001159668,14.3025999069214,1,"ARBÖ","INFT-B8YGRN","OMV - Linz Makartstra<U+00DF>e 29"
"48.2865982055664,16.3840007781982",48.2865982055664,16.3840007781982,1,"ARBÖ","INFT-ATSHX8","AVANTI - Wien Prager Stra<U+00DF>e 270-272"
"48.2867012023926,16.343900680542",48.2867012023926,16.343900680542,1,"ARBÖ","INFT-AWB324","OMV - Klosterneuburg Wiener Stra<U+00DF>e 49-53"
"48.287899017334,14.0761003494263",48.287899017334,14.0761003494263,1,"ARBÖ","INFT-AJJL77","avanti - Alkoven Strass 16"
"48.2879981994629,14.1148996353149",48.2879981994629,14.1148996353149,1,"ARBÖ","INFT-AJJUB9","GENOL-LH EFERDING-O<U+00D6>. MITTE eGen"
"48.2881011962891,14.2875995635986",48.2881011962891,14.2875995635986,1,"ARBÖ","INFT-AJMGCX","Turm<U+00F6>l SB Tankstelle SHALABI Asim "
"48.2886009216309,14.1177997589111",48.2886009216309,14.1177997589111,1,"ARBÖ","INFT-CCAJST","eni"
"48.2887001037598,16.00950050354",48.2887001037598,16.00950050354,1,"ARBÖ","INFT-AJMTS3","Lagerhaus - Genol"
"48.2892990112305,15.1618995666504",48.2892990112305,15.1618995666504,1,"ARBÖ","INFT-AJKHSC","Neukirchen"
"48.2896003723145,14.1305999755859",48.2896003723145,14.1305999755859,3,"ARBÖ;ÖAMTC;JET","INFT-B3MJA2;1210108;87736cdae8","JET TANKSTELLE;JET;JET Tankstelle"
"48.290699005127,16.338399887085",48.290699005127,16.338399887085,1,"ARBÖ","INFT-AJKML6","eni"
"48.2910003662109,14.2777004241943",48.2910003662109,14.2777004241943,1,"ARBÖ","INFT-C9BG5M","Turm<U+00F6>l"
"48.2910995483398,13.4412002563477",48.2910995483398,13.4412002563477,1,"ARBÖ","INFT-AJZFHX","Genol Lagerhaus Innviertel-Traunviertel-Urfahr"
"48.2932014465332,15.9312000274658",48.2932014465332,15.9312000274658,1,"ARBÖ","INFT-AK8ANB","Lagerhaus - Genol"
"48.293701171875,14.3010997772217",48.293701171875,14.3010997772217,3,"ARBÖ;ÖAMTC;JET","INFT-ATTGDF;1139236;b20c02c695","JET TANKSTELLE;JET;JET Tankstelle"
"48.2938003540039,16.4841003417969",48.2938003540039,16.4841003417969,1,"ARBÖ","INFT-AJLGCB","GENOL"
"48.2939987182617,16.4678001403809",48.2939987182617,16.4678001403809,1,"ARBÖ","INFT-AJPCYS","BP"
"48.2942008972168,15.262900352478",48.2942008972168,15.262900352478,1,"ARBÖ","INFT-AJJL2W","Turm<U+00F6>l Quick"
"48.2947006225586,16.3391990661621",48.2947006225586,16.3391990661621,1,"ARBÖ","INFT-AJJKKL","Diskont Tankstelle"
"48.2956008911133,16.5587005615234",48.2956008911133,16.5587005615234,1,"ARBÖ","INFT-AK8384","Shell Austria"
"48.2963981628418,14.3080997467041",48.2963981628418,14.3080997467041,1,"ARBÖ","INFT-ANG8RU","BP Tankstelle"
"48.2971000671387,16.3750991821289",48.2971000671387,16.3750991821289,1,"ARBÖ","INFT-AJJKSU","Diskont Tankstelle"
"48.2997016906738,16.3740997314453",48.2997016906738,16.3740997314453,1,"ARBÖ","INFT-AJJKSW","avanti - Langenzersdorf Wiener Stra<U+00DF>e 176-196"
"48.3000984191895,14.0152997970581",48.3000984191895,14.0152997970581,1,"ARBÖ","INFT-AJJL7B","PINK - so pink, so clever"
"48.3002014160156,16.332799911499",48.3002014160156,16.332799911499,1,"ARBÖ","INFT-AJKML5","eni"
"48.3003997802734,16.5695991516113",48.3003997802734,16.5695991516113,2,"ARBÖ;ÖAMTC","INFT-ATSMQP;1201396","avanti - Deutsch-Wagram G<U+00E4>nserndorfer Stra<U+00DF>e 40;Avanti"
"48.3004989624023,14.2974996566772",48.3004989624023,14.2974996566772,2,"ARBÖ;ÖAMTC","INFT-C9BG5R;1211157","Turm<U+00F6>l;Turm<U+00F6>l"
"48.3004989624023,14.3206996917725",48.3004989624023,14.3206996917725,2,"ARBÖ;ÖAMTC","INFT-CZZC8A;1213868","Turm<U+00F6>l;Turm<U+00F6>l"
"48.3005981445312,14.3084001541138",48.3005981445312,14.3084001541138,1,"ARBÖ","INFT-C9BG5N","Turm<U+00F6>l"
"48.3018989562988,14.029899597168",48.3018989562988,14.029899597168,2,"ARBÖ;ÖAMTC","INFT-DEJEEC;1214064","eni Tankstelle Eferding;eni Tankstelle Eferding"
"48.3021011352539,14.0143003463745",48.3021011352539,14.0143003463745,1,"ARBÖ","INFT-AJJL7A","GENOL-LH EFERDING-O<U+00D6>. MITTE eGen"
"48.3021011352539,14.0298004150391",48.3021011352539,14.0298004150391,1,"ARBÖ","INFT-AJJL7E","Eni Tankstelle"
"48.3028984069824,16.5774993896484",48.3028984069824,16.5774993896484,3,"ARBÖ;ÖAMTC;JET","INFT-ATXC8P;1201391;e6356000dd","JET TANKSTELLE;JET;JET Tankstelle"
"48.3040008544922,16.1530990600586",48.3040008544922,16.1530990600586,2,"ARBÖ;ÖAMTC","INFT-DDFLGP;1214044","AVIA (24h);Avia"
"48.3041000366211,16.1530990600586",48.3041000366211,16.1530990600586,1,"ARBÖ","INFT-BJY42X"," Grosch"
"48.304500579834,15.8910999298096",48.304500579834,15.8910999298096,1,"ARBÖ","INFT-AKXEJG","Eni"
"48.3045997619629,16.3299007415771",48.3045997619629,16.3299007415771,1,"ARBÖ","INFT-AJJKKM","avanti - Klosterneuburg Wiener Stra<U+00DF>e 42"
"48.3067016601562,16.31369972229",48.3067016601562,16.31369972229,1,"ARBÖ","INFT-B32BTS","TURM<U+00D6>L powerd by boesch energy "
"48.306999206543,14.3245000839233",48.306999206543,14.3245000839233,1,"ARBÖ","INFT-B3AF77","PINK - so pink, so clever"
"48.3070983886719,14.315899848938",48.3070983886719,14.315899848938,1,"ARBÖ","INFT-ALDL4Y","eni AUTOMATIC-Tankstelle 0-24h bei Washplex Linz/Industriezeile"
"48.3082008361816,14.020899772644",48.3082008361816,14.020899772644,1,"ARBÖ","INFT-AJJL7C","PINK - so pink, so clever"
"48.3084983825684,13.4252004623413",48.3084983825684,13.4252004623413,1,"ARBÖ","INFT-AJK3AH","W<U+00F6>lfl"
"48.3101005554199,15.6304998397827",48.3101005554199,15.6304998397827,1,"ARBÖ","INFT-AJM2XN","Genol - Raiffeisenlagerhaus St. P<U+00F6>lten"
"48.3109016418457,13.6298999786377",48.3109016418457,13.6298999786377,1,"ARBÖ","INFT-BGZKWM","AVIA "
"48.3110008239746,13.9033002853394",48.3110008239746,13.9033002853394,1,"ARBÖ","INFT-AJJUB7","GENOL-LH EFERDING-O<U+00D6>. MITTE eGen"
"48.3114013671875,16.0146999359131",48.3114013671875,16.0146999359131,2,"ARBÖ;ÖAMTC","INFT-BUBEXR;1210644","GG Tankstelle Langenrohr;GG Tankstelle"
"48.3114013671875,16.4300994873047",48.3114013671875,16.4300994873047,1,"ARBÖ","INFT-ATT35Y","avanti - Wien Br<U+00FC>nner Stra<U+00DF>e 420"
"48.3120002746582,14.2286996841431",48.3120002746582,14.2286996841431,2,"ARBÖ;ÖAMTC","INFT-C8ZSG4;1211089","Turm<U+00F6>l;Turm<U+00F6>l Quick"
"48.312198638916,15.078800201416",48.312198638916,15.078800201416,1,"ARBÖ","INFT-CDTLSX","Shell Yspertal"
"48.3124008178711,14.2412004470825",48.3124008178711,14.2412004470825,1,"ARBÖ","INFT-AJJKVA","Turm<U+00F6>l Quick"
"48.3134994506836,13.3249998092651",48.3134994506836,13.3249998092651,1,"ARBÖ","INFT-ALD7GX","AVIA"
"48.3134994506836,14.2988996505737",48.3134994506836,14.2988996505737,1,"ARBÖ","INFT-AJPTQK","eni"
"48.3142013549805,15.200400352478",48.3142013549805,15.200400352478,1,"ARBÖ","INFT-AJJU9E","Shell"
"48.3146018981934,16.6256008148193",48.3146018981934,16.6256008148193,1,"ARBÖ","INFT-AQ4HXB","OMV - Strasshof Hauptstra<U+00DF>e 119"
"48.3154983520508,14.3016996383667",48.3154983520508,14.3016996383667,1,"ARBÖ","INFT-AJPTQJ","OMV - Linz Hafenstra<U+00DF>e 8"
"48.3161010742188,16.6371994018555",48.3161010742188,16.6371994018555,2,"ARBÖ;ÖAMTC","INFT-AK8MQH;1135974","eni;Eni"
"48.3166999816895,13.5114002227783",48.3166999816895,13.5114002227783,1,"ARBÖ","INFT-AK67F3","Genol Lagerhaus Innviertel-Traunviertel-Urfahr"
"48.3171997070312,13.4252004623413",48.3171997070312,13.4252004623413,1,"ARBÖ","INFT-AJJU9R","avanti - Ort im Innkreis Kammer 19"
"48.3171997070312,15.1977996826172",48.3171997070312,15.1977996826172,2,"ARBÖ;ÖAMTC","INFT-AJJL2X;1208107","AVIA XPress (unser Service: Luft und Wasser);Avia XPress"
"48.317699432373,13.918399810791",48.317699432373,13.918399810791,1,"ARBÖ","INFT-AJJL7D","Shell - Eschlboeck"
"48.3182983398438,16.0858993530273",48.3182983398438,16.0858993530273,1,"ARBÖ","INFT-CCFMV8","eni"
"48.3184013366699,16.0214996337891",48.3184013366699,16.0214996337891,3,"ARBÖ;ÖAMTC;JET","INFT-AU2UBB;1209859;fc52632b0f","JET TANKSTELLE;JET;JET Tankstelle"
"48.3191986083984,13.6267004013062",48.3191986083984,13.6267004013062,2,"ARBÖ;ÖAMTC","INFT-AKVFT7;1201236","Mitterecker GmbH;Tankstelle Mitterecker"
"48.3194007873535,13.3276996612549",48.3194007873535,13.3276996612549,2,"ARBÖ;ÖAMTC","INFT-ALD7GY;1209628","BP Obernberg;BP Stiglechner"
"48.3194007873535,16.0823001861572",48.3194007873535,16.0823001861572,2,"ARBÖ;ÖAMTC","INFT-CAZDTV;1211401","Diskont Tankstelle;DISKONT Tankstelle (HOFER Parkplatz)"
"48.3199996948242,13.9187002182007",48.3199996948242,13.9187002182007,1,"ARBÖ","INFT-CXMQA3","PINK - so pink, so clever"
"48.3204002380371,14.8171997070312",48.3204002380371,14.8171997070312,2,"ARBÖ;ÖAMTC","INFT-AJK3AF;1209142","Freie Tankstelle;Freie Tankstelle"
"48.3208999633789,16.6506004333496",48.3208999633789,16.6506004333496,1,"ARBÖ","INFT-AJJKX3","Diskont Tankstelle"
"48.3209991455078,14.288200378418",48.3209991455078,14.288200378418,1,"ARBÖ","INFT-AJJKVC","avanti - Linz-Urfahr Linke Br<U+00FC>ckenstra<U+00DF>e 32"
"48.3219985961914,16.0792007446289",48.3219985961914,16.0792007446289,2,"ARBÖ;ÖAMTC","INFT-AK8ANC;1209566","Lagerhaus - Genol;Genol"
"48.3222007751465,16.0254001617432",48.3222007751465,16.0254001617432,2,"ARBÖ;ÖAMTC","INFT-BF3RNM;1210328","Direct;Direct"
"48.3223991394043,16.0263996124268",48.3223991394043,16.0263996124268,1,"ARBÖ","INFT-AJN72M","OMV - Langenrohr/Asparn Teichstra<U+00DF>e 1"
"48.3224983215332,16.2033004760742",48.3224983215332,16.2033004760742,2,"ARBÖ;ÖAMTC","INFT-ATWU4X;1209647","AVANTI - Sankt Andr<U+00E4>-W<U+00F6>rdern Tullner Stra<U+00DF>e 20a;Avanti"
"48.3226013183594,14.1935997009277",48.3226013183594,14.1935997009277,1,"ARBÖ","INFT-AJSBSE","PINK - so pink, so clever"
"48.3227996826172,14.288800239563",48.3227996826172,14.288800239563,1,"ARBÖ","INFT-AJJKVD","Turm<U+00F6>l Quick"
"48.3268013000488,16.0589008331299",48.3268013000488,16.0589008331299,1,"ARBÖ","INFT-AKDEHT"," BP Tulln"
"48.3273010253906,14.3038997650146",48.3273010253906,14.3038997650146,1,"ARBÖ","INFT-AJKCS4","AVIA Hoffelner Linz/Urfahr"
"48.3274993896484,14.3045997619629",48.3274993896484,14.3045997619629,1,"ARBÖ","INFT-AJJKVB","speed-DISKONT-automatic Linz/Urfahr"
"48.3280982971191,16.044900894165",48.3280982971191,16.044900894165,1,"ARBÖ","INFT-AJJU6M","Turm<U+00F6>l Quick"
"48.3280982971191,16.0583000183105",48.3280982971191,16.0583000183105,2,"ARBÖ;JET","INFT-ATV74G;ba7c4ec793","JET TANKSTELLE;JET Tankstelle"
"48.328498840332,14.3214998245239",48.328498840332,14.3214998245239,2,"ARBÖ;JET","INFT-ATSHXL;337f329e25","JET TANKSTELLE;JET Tankstelle"
"48.3288993835449,14.9799995422363",48.3288993835449,14.9799995422363,2,"ARBÖ;ÖAMTC","INFT-AKYFKP;1209144","Freie Tankstelle;Freie Tankstelle"
"48.3301010131836,14.602499961853",48.3301010131836,14.602499961853,1,"ARBÖ","INFT-AJLD46","IQ Tankstelle"
"48.3311996459961,14.3175001144409",48.3311996459961,14.3175001144409,1,"ARBÖ","INFT-BT3EXM","BP"
"48.3311996459961,16.0646991729736",48.3311996459961,16.0646991729736,1,"ARBÖ","INFT-B7G9X8","boesch energy, turm<U+00F6>l"
"48.3315010070801,14.832200050354",48.3315010070801,14.832200050354,1,"ARBÖ","INFT-B3UHRD","Petschl / Riegler Tankstelle"
"48.331600189209,13.3576002120972",48.331600189209,13.3576002120972,1,"ARBÖ","INFT-ALCFBK","Shell Tankstelle"
"48.331600189209,13.855299949646",48.331600189209,13.855299949646,1,"ARBÖ","INFT-B3PEYH","GENOL-LH EFERDING-O<U+00D6>. MITTE eGen"
"48.3316993713379,14.6178998947144",48.3316993713379,14.6178998947144,2,"ARBÖ;ÖAMTC","INFT-B7DG4L;1208855","Genol  Lagerhaus Pregarten-Gallneukirchen;Genol"
"48.3321990966797,16.0592002868652",48.3321990966797,16.0592002868652,2,"ARBÖ;ÖAMTC","INFT-AT4JY7;1209853","Direct;Direct"
"48.3329010009766,16.345100402832",48.3329010009766,16.345100402832,1,"ARBÖ","INFT-AJRCGN","Eni Bisamberg"
"48.3333015441895,15.9418001174927",48.3333015441895,15.9418001174927,1,"ARBÖ","INFT-AJJKTH","Schildecker-DISKONT"
"48.3333015441895,16.7159004211426",48.3333015441895,16.7159004211426,2,"ARBÖ;JET","INFT-ATTD6X;32eb7ffe92","JET TANKSTELLE;JET Tankstelle"
"48.3350982666016,16.7113990783691",48.3350982666016,16.7113990783691,2,"ARBÖ;ÖAMTC","INFT-AJJKWZ;1000175","Turm<U+00F6>l Quick;Turm<U+00F6>l Quick"
"48.3354988098145,14.1836004257202",48.3354988098145,14.1836004257202,1,"ARBÖ","INFT-AJJKVE","PINK - so pink, so clever"
"48.3373985290527,14.1766004562378",48.3373985290527,14.1766004562378,2,"ARBÖ;JET","INFT-ATSHXM;460482d1cd","JET TANKSTELLE;JET Tankstelle"
"48.3375015258789,16.3395004272461",48.3375015258789,16.3395004272461,1,"ARBÖ","INFT-CCFFW5","eni"
"48.3381004333496,16.7313995361328",48.3381004333496,16.7313995361328,1,"ARBÖ","INFT-AWF9XA","OMV - G<U+00E4>nserndorf Wiener Stra<U+00DF>e 130"
"48.3382987976074,16.3386993408203",48.3382987976074,16.3386993408203,1,"ARBÖ","INFT-ATT35Z","avanti - Korneuburg Wiener Stra<U+00DF>e 44"
"48.3384017944336,13.7716999053955",48.3384017944336,13.7716999053955,1,"ARBÖ","INFT-C3RA6X","Turm<U+00F6>l Quick"
"48.3386001586914,48.3386001586914",48.3386001586914,48.3386001586914,1,"ARBÖ","INFT-CQNF34","Genol Lagerhaus Innviertel-Traunviertel-Urfahr"
"48.3389015197754,16.4647006988525",48.3389015197754,16.4647006988525,1,"ARBÖ","INFT-CCB9AW","eni"
"48.3391990661621,16.3376007080078",48.3391990661621,16.3376007080078,1,"ARBÖ","INFT-AJPTQM","Shell Austria"
"48.3404998779297,15.9263000488281",48.3404998779297,15.9263000488281,1,"ARBÖ","INFT-AJJKTL","SOCAR Zwentendorf a. d. Donau"
"48.3415985107422,16.7360000610352",48.3415985107422,16.7360000610352,1,"ARBÖ","INFT-AJVG6B","RLH Marchfeld"
"48.3418006896973,14.4132995605469",48.3418006896973,14.4132995605469,1,"ARBÖ","INFT-APFKBS","OMV - Engerwitzdorf Freist<U+00E4>dter Stra<U+00DF>e 50"
"48.342601776123,14.293999671936",48.342601776123,14.293999671936,1,"ARBÖ","INFT-AJZFHQ","BP Tankstelle"
"48.3428001403809,16.367000579834",48.3428001403809,16.367000579834,1,"ARBÖ","INFT-AJR6UH","AVIA"
"48.3438987731934,14.4399995803833",48.3438987731934,14.4399995803833,1,"ARBÖ","INFT-B7CK6D","Genol Lagerhaus Pregarten-Gallneukirchen"
"48.345401763916,16.4731998443604",48.345401763916,16.4731998443604,1,"ARBÖ","INFT-AJLTPN","Treibstoffparadies"
"48.3469009399414,14.6676998138428",48.3469009399414,14.6676998138428,1,"ARBÖ","INFT-AL75UX","Genol  Lagerhaus Pregarten-Gallneukirchen"
"48.3470001220703,14.056300163269",48.3470001220703,14.056300163269,1,"ARBÖ","INFT-CQNF33","Genol Lagerhaus Innviertel-Traunviertel-Urfahr"
"48.3478012084961,14.1541004180908",48.3478012084961,14.1541004180908,1,"ARBÖ","INFT-AK2GF7","OMV"
"48.3479995727539,13.4752998352051",48.3479995727539,13.4752998352051,1,"ARBÖ","INFT-AJJKXW","Hauthaler"
"48.3497009277344,15.7469997406006",48.3497009277344,15.7469997406006,1,"ARBÖ","INFT-AJK39R","SOCAR Traismauer"
"48.3498001098633,13.402099609375",48.3498001098633,13.402099609375,2,"ARBÖ;ÖAMTC","INFT-AJKLM9;1209506","AVIA Xpress (Automaten-Tankstelle);Avia XPress"
"48.3506011962891,13.6358003616333",48.3506011962891,13.6358003616333,1,"ARBÖ","INFT-AJJU84","AVIA "
"48.3516998291016,15.6209001541138",48.3516998291016,15.6209001541138,1,"ARBÖ","INFT-ATSHXK","Rastst<U+00E4>tte Robineau"
"48.3525009155273,13.5587997436523",48.3525009155273,13.5587997436523,1,"ARBÖ","INFT-CWNVYS","Tom's Tankstellen GmbH"
"48.3526992797852,13.5590000152588",48.3526992797852,13.5590000152588,2,"ARBÖ;ÖAMTC","INFT-DFBV6Z;1214072","Tom`s Tankstellen GmbH Eni Tankstelle;Tom`s Tankstellen GmbH Eni Tankstelle"
"48.353401184082,14.5357999801636",48.353401184082,14.5357999801636,1,"ARBÖ","INFT-B5ZH84","BP"
"48.3535003662109,16.5695991516113",48.3535003662109,16.5695991516113,2,"ARBÖ;ÖAMTC","INFT-AJK3B2;1209033","GENOL;Genol"
"48.3550987243652,14.518500328064",48.3550987243652,14.518500328064,1,"ARBÖ","INFT-AK4H6R","Genol  Lagerhaus Pregarten-Gallneukirchen"
"48.3577995300293,16.6005992889404",48.3577995300293,16.6005992889404,1,"ARBÖ","INFT-AJJL69","Brenner"
"48.3578987121582,14.4751996994019",48.3578987121582,14.4751996994019,1,"ARBÖ","INFT-DBMT82","ENI mit SPAR EXPRESS und CAR WASH CLUB"
"48.3581008911133,16.3150005340576",48.3581008911133,16.3150005340576,2,"ARBÖ;JET","INFT-ATXEU4;dcec188b98","JET TANKSTELLE;JET Tankstelle"
"48.3585014343262,14.4778995513916",48.3585014343262,14.4778995513916,1,"ARBÖ","INFT-CCCGF2","Diskont Tankstelle"
"48.3586006164551,14.4770002365112",48.3586006164551,14.4770002365112,1,"ARBÖ","INFT-AK4H6P","Genol  Lagerhaus Pregarten-Gallneukirchen"
"48.3591003417969,14.4785995483398",48.3591003417969,14.4785995483398,1,"ARBÖ","INFT-AJK39T","BP Unterweitersdorf"
"48.3596000671387,13.995400428772",48.3596000671387,13.995400428772,1,"ARBÖ","INFT-AJJL78","avanti - Hartkirchen Schaunbergstra<U+00DF>e 20"
"48.3601989746094,16.4918003082275",48.3601989746094,16.4918003082275,2,"ARBÖ;ÖAMTC","MFRY-BMSHBD;1209829","Turm<U+00F6>l R.U.M. J<U+00F6>chlinger GesmbH;Turm<U+00F6>l"
"48.3602981567383,16.3110008239746",48.3602981567383,16.3110008239746,1,"ARBÖ","INFT-CBSSQ2","Diskont Tankstelle"
"48.361400604248,14.2400999069214",48.361400604248,14.2400999069214,1,"ARBÖ","INFT-CQMEEZ","Genol Lagerhaus Innviertel-Traunviertel-Urfahr"
"48.3623008728027,13.6856002807617",48.3623008728027,13.6856002807617,1,"ARBÖ","INFT-AL6FYL","Lagerhaus Genol"
"48.3623008728027,14.0318002700806",48.3623008728027,14.0318002700806,1,"ARBÖ","INFT-ASNGBA","qp"
"48.3624992370605,14.0094003677368",48.3624992370605,14.0094003677368,1,"ARBÖ","INFT-AJJL7F","GENOL-LH EFERDING-O<U+00D6>. MITTE eGen"
"48.3624992370605,15.4167995452881",48.3624992370605,15.4167995452881,1,"ARBÖ","INFT-B5TFSG","eni"
"48.3638000488281,14.0102996826172",48.3638000488281,14.0102996826172,1,"ARBÖ","INFT-AJJL76","PINK - so pink, so clever"
"48.3642997741699,15.4319000244141",48.3642997741699,15.4319000244141,1,"ARBÖ","INFT-BTG8J5","AVIA XPress "
"48.3661003112793,16.3549003601074",48.3661003112793,16.3549003601074,1,"ARBÖ","INFT-AJKBDB","OIL! Tankstelle"
"48.3664016723633,13.565899848938",48.3664016723633,13.565899848938,1,"ARBÖ","INFT-AL6FYH","Lagerhaus Genol"
"48.3667984008789,16.3796997070312",48.3667984008789,16.3796997070312,1,"ARBÖ","INFT-AJJU6C","GENOL"
"48.3674011230469,16.3575000762939",48.3674011230469,16.3575000762939,1,"ARBÖ","INFT-D8HBXW","GENOL"
"48.3683013916016,14.3422002792358",48.3683013916016,14.3422002792358,1,"ARBÖ","INFT-AK4L37","AVIA XPress TS Raml"
"48.3703002929688,16.0538005828857",48.3703002929688,16.0538005828857,2,"ARBÖ;ÖAMTC","INFT-DKCEZU;1214132","Genol;Genol"
"48.3711013793945,13.5739002227783",48.3711013793945,13.5739002227783,1,"ARBÖ","INFT-AJKHRT","Toms Tankstelle"
"48.3726997375488,14.3451995849609",48.3726997375488,14.3451995849609,1,"ARBÖ","INFT-AK4L39","Genol  Lagerhaus Pregarten-Gallneukirchen"
"48.3732986450195,16.2943992614746",48.3732986450195,16.2943992614746,2,"ARBÖ;ÖAMTC","INFT-DAB9U8;1214008","Disk TANKAUTOMAT;Disk"
"48.3762016296387,15.1490001678467",48.3762016296387,15.1490001678467,1,"ARBÖ","INFT-AL4ET9","Bedienungstankstelle"
"48.3762016296387,15.1569004058838",48.3762016296387,15.1569004058838,1,"ARBÖ","INFT-ALCFBG","Genol"
"48.3764991760254,13.6309995651245",48.3764991760254,13.6309995651245,1,"ARBÖ","INFT-AJJKXV","SB-Tankstelle Zauner"
"48.3769989013672,15.6103000640869",48.3769989013672,15.6103000640869,1,"ARBÖ","INFT-AK3GJU","i-diskont Menhart - Tankstelle mit Bedienung"
"48.3769989013672,16.5086002349854",48.3769989013672,16.5086002349854,2,"ARBÖ;ÖAMTC","INFT-AKYJ43;1208920","GENOL;Genol"
"48.3783988952637,16.5104999542236",48.3783988952637,16.5104999542236,1,"ARBÖ","INFT-CCBN5B","eni"
"48.3800010681152,14.1933002471924",48.3800010681152,14.1933002471924,2,"ARBÖ;ÖAMTC","INFT-AJKF23;1153120","Turm<U+00F6>l;Turm<U+00F6>l Quick"
"48.3806991577148,16.5116996765137",48.3806991577148,16.5116996765137,1,"ARBÖ","INFT-AKQV78","M O N E T T I"
"48.3818016052246,16.8288993835449",48.3818016052246,16.8288993835449,2,"ARBÖ;ÖAMTC","INFT-AJJKWY;1207651","Turm<U+00F6>l Quick;Turm<U+00F6>l Quick"
"48.3855018615723,16.181999206543",48.3855018615723,16.181999206543,1,"ARBÖ","INFT-AJWUW9","M&S Brennstoffhandels GmbH"
"48.3858985900879,16.2325000762939",48.3858985900879,16.2325000762939,1,"ARBÖ","INFT-BHMG4J","OIL! Tankstelle"
"48.386100769043,16.218599319458",48.386100769043,16.218599319458,1,"ARBÖ","INFT-ATVGSK","OMV - Stockerau Eduard R<U+00F6>sch-Stra<U+00DF>e 6-8"
"48.386100769043,16.7381000518799",48.386100769043,16.7381000518799,1,"ARBÖ","INFT-AJLGD2","POLAK BEDIENUNGSTANKSTELLE"
"48.3861999511719,16.198600769043",48.3861999511719,16.198600769043,1,"ARBÖ","INFT-AR7EHF","BP"
"48.3871994018555,16.2390995025635",48.3871994018555,16.2390995025635,1,"ARBÖ","INFT-BQVGLR","Genol"
"48.3872985839844,16.2264995574951",48.3872985839844,16.2264995574951,1,"ARBÖ","INFT-AJKBDA","SOCAR Stockerau"
"48.3879013061523,16.2320995330811",48.3879013061523,16.2320995330811,1,"ARBÖ","INFT-AJKHQR","Diesel-Benzin-Diskont Groiss "
"48.388500213623,16.181999206543",48.388500213623,16.181999206543,3,"ARBÖ;ÖAMTC;JET","INFT-ATSHXA;1099206;23205264ab","JET TANKSTELLE;JET;JET Tankstelle"
"48.3907012939453,13.8762998580933",48.3907012939453,13.8762998580933,2,"ARBÖ;ÖAMTC","INFT-AKGGA7;1209072","GENOL-LH EFERDING-O<U+00D6>. MITTE eGen;Genol"
"48.3908996582031,15.0066003799438",48.3908996582031,15.0066003799438,1,"ARBÖ","INFT-AJMGDH","AVIA mit Bedienung"
"48.3911018371582,16.1068992614746",48.3911018371582,16.1068992614746,2,"ARBÖ;ÖAMTC","INFT-AJSGFL;1209288","Genol;Genol"
"48.3942985534668,14.8290004730225",48.3942985534668,14.8290004730225,1,"ARBÖ","INFT-AKYFKJ","Diskonttankstelle"
"48.3945999145508,13.7495002746582",48.3945999145508,13.7495002746582,1,"ARBÖ","INFT-B3PDH8","Shell Tankstelle"
"48.3972015380859,16.7910995483398",48.3972015380859,16.7910995483398,1,"ARBÖ","INFT-CATP8S","RLH Marchfeld"
"48.3975982666016,16.6947994232178",48.3975982666016,16.6947994232178,1,"ARBÖ","INFT-AJJKX4","Turm<U+00F6>l Quick"
"48.401798248291,15.9834995269775",48.401798248291,15.9834995269775,1,"ARBÖ","INFT-AJM2XQ","Lagerhaus - Genol"
"48.4019012451172,16.6462001800537",48.4019012451172,16.6462001800537,1,"ARBÖ","INFT-AJKHRK","Rickl M<U+00FC>hle"
"48.4039001464844,13.6921997070312",48.4039001464844,13.6921997070312,1,"ARBÖ","INFT-AJJLB3","SB-Tankstelle Schmied im Wald"
"48.4063987731934,13.7807998657227",48.4063987731934,13.7807998657227,1,"ARBÖ","INFT-B9DAY2","Lagerhaus Genol"
"48.4081001281738,13.9180002212524",48.4081001281738,13.9180002212524,1,"ARBÖ","INFT-BNAM9K","Pl<U+00F6>ckinger KG"
"48.4085006713867,13.5180997848511",48.4085006713867,13.5180997848511,2,"ARBÖ;ÖAMTC","INFT-AL6FYP;1209522","Lagerhaus Genol;Genol"
"48.410099029541,14.4203996658325",48.410099029541,14.4203996658325,1,"ARBÖ","INFT-AK4L3A","Genol  Lagerhaus Pregarten-Gallneukirchen"
"48.4105987548828,13.5398998260498",48.4105987548828,13.5398998260498,1,"ARBÖ","INFT-AJNJJG","AVIA Xpress (Automaten-Tankstelle)"
"48.4113998413086,13.6346998214722",48.4113998413086,13.6346998214722,1,"ARBÖ","INFT-AL7FVB","IQ Tankstelle"
"48.4127006530762,16.1709995269775",48.4127006530762,16.1709995269775,1,"ARBÖ","INFT-AJSGFN","Genol"
"48.413501739502,15.3006000518799",48.413501739502,15.3006000518799,1,"ARBÖ","INFT-AKMGAP","Turm<U+00F6>l"
"48.4145011901855,15.7707004547119",48.4145011901855,15.7707004547119,2,"ARBÖ;ÖAMTC","INFT-CCQAWE;1212273","Diskont Tankstelle;DISKONT Tankstelle (HOFER Parkplatz)"
"48.415699005127,14.6104001998901",48.415699005127,14.6104001998901,1,"ARBÖ","INFT-AJM6TR","Shell - Standhartinger"
"48.4163017272949,13.916600227356",48.4163017272949,13.916600227356,1,"ARBÖ","INFT-AJJUB8","GENOL-LH EFERDING-O<U+00D6>. MITTE eGen"
"48.4175987243652,15.3059997558594",48.4175987243652,15.3059997558594,2,"ARBÖ;ÖAMTC","INFT-AKBFBJ;1209091","Genol;Genol"
"48.4185981750488,13.43630027771",48.4185981750488,13.43630027771,2,"ARBÖ;ÖAMTC","INFT-AKGG9V;1208612","Land lebt auf Suben Gmbh;Land lebt auf!"
"48.4196014404297,16.4932994842529",48.4196014404297,16.4932994842529,1,"ARBÖ","INFT-ANHEWG","Tankstelle Schleinbach"
"48.4233016967773,15.6564998626709",48.4233016967773,15.6564998626709,1,"ARBÖ","INFT-AMUGKZ","TOP Tankstelle"
"48.4243011474609,15.1899995803833",48.4243011474609,15.1899995803833,2,"ARBÖ;ÖAMTC","INFT-ALCFBF;1209261","Genol;Genol"
"48.4243011474609,15.2182998657227",48.4243011474609,15.2182998657227,1,"ARBÖ","INFT-AS8F7S","AVIA"
"48.4252014160156,15.897500038147",48.4252014160156,15.897500038147,1,"ARBÖ","INFT-AJM2XP","AVIA"
"48.4263000488281,16.4888000488281",48.4263000488281,16.4888000488281,2,"ARBÖ;ÖAMTC","INFT-AKYJ44;1209598","GENOL;Genol"
"48.4273986816406,14.483699798584",48.4273986816406,14.483699798584,1,"ARBÖ","INFT-AJLGCS","Diskont Reisinger"
"48.4276008605957,15.8959999084473",48.4276008605957,15.8959999084473,1,"ARBÖ","INFT-AJMTS2","Lagerhaus - Genol"
"48.4283981323242,15.7397003173828",48.4283981323242,15.7397003173828,1,"ARBÖ","INFT-AJJKV4","Alfred Solterer"
"48.4291000366211,14.2951002120972",48.4291000366211,14.2951002120972,1,"ARBÖ","INFT-AJVG69","BP Hellmons<U+00F6>dt"
"48.4309005737305,15.9020004272461",48.4309005737305,15.9020004272461,1,"ARBÖ","INFT-AJTGTQ","BP"
"48.4311981201172,16.1744995117188",48.4311981201172,16.1744995117188,2,"ARBÖ;ÖAMTC","INFT-AJSGFK;1209215","Genol;Genol"
"48.4325981140137,15.690299987793",48.4325981140137,15.690299987793,2,"ARBÖ;ÖAMTC","INFT-AN3EPW;1209305","Lagerhaus - Genol;Genol"
"48.4332008361816,14.7804002761841",48.4332008361816,14.7804002761841,2,"ARBÖ;ÖAMTC","INFT-AJK39U;1208854","Genol  Lagerhaus Pregarten-Gallneukirchen;Genol"
"48.4338989257812,14.0431995391846",48.4338989257812,14.0431995391846,1,"ARBÖ","INFT-AWKEHS","BP"
"48.4373016357422,14.7814998626709",48.4373016357422,14.7814998626709,1,"ARBÖ","INFT-CFVLVE","OMV - Unterweissenbach 51"
"48.4380989074707,15.7414999008179",48.4380989074707,15.7414999008179,1,"ARBÖ","INFT-AJJKUZ","Hoftankstelle - St<U+00F6>berm<U+00FC>hle"
"48.4382019042969,14.0369997024536",48.4382019042969,14.0369997024536,1,"ARBÖ","INFT-B4L5M2","BP Tankstelle"
"48.4384002685547,15.8177003860474",48.4384002685547,15.8177003860474,2,"ARBÖ;ÖAMTC","INFT-AJNJJE;1209118","Johannes Pferschinger;Tankstelle Pferschinger"
"48.4385986328125,13.4439001083374",48.4385986328125,13.4439001083374,1,"ARBÖ","INFT-AJJKXX","AVANTI - Sankt Florian/Inn Bundesstra<U+00DF>e 129"
"48.4398994445801,14.5381002426147",48.4398994445801,14.5381002426147,1,"ARBÖ","INFT-AJL6YP","Genol Lagerhaus Pregarten-Gallneukirchen"
"48.440299987793,14.5361003875732",48.440299987793,14.5361003875732,1,"ARBÖ","INFT-C63SYK","Avia Xpress Kefermarkt"
"48.4407997131348,14.117600440979",48.4407997131348,14.117600440979,2,"ARBÖ;ÖAMTC","INFT-CQMEEY;1208649","Genol Lagerhaus Innviertel-Traunviertel-Urfahr;Genol"
"48.4412994384766,14.0522003173828",48.4412994384766,14.0522003173828,1,"ARBÖ","INFT-AJJKVN","Genol - Lagerhaus"
"48.4431991577148,13.6596002578735",48.4431991577148,13.6596002578735,2,"ARBÖ;ÖAMTC","INFT-AL6FYK;1209343","Lagerhaus Genol;Genol"
"48.4440002441406,14.6803998947144",48.4440002441406,14.6803998947144,1,"ARBÖ","INFT-AN5F7X","Genol  Lagerhaus Pregarten-Gallneukirchen"
"48.4443016052246,13.9390001296997",48.4443016052246,13.9390001296997,1,"ARBÖ","INFT-AK4H6S","Tankstelle Pernsteiner - Tankautomat mit Bankomat"
"48.4443016052246,15.3725004196167",48.4443016052246,15.3725004196167,1,"ARBÖ","INFT-AJJKV6","Freie Tankstelle"
"48.4466018676758,13.4393997192383",48.4466018676758,13.4393997192383,1,"ARBÖ","INFT-AJJKXY","Diskont Tankstelle"
"48.4472007751465,13.4392995834351",48.4472007751465,13.4392995834351,1,"ARBÖ","INFT-AJJKXZ","SB-Tankstelle Zauner"
"48.4504013061523,13.4364995956421",48.4504013061523,13.4364995956421,2,"ARBÖ;JET","INFT-ATV934;ce67b91ee2","JET TANKSTELLE;JET Tankstelle"
"48.451099395752,13.4358997344971",48.451099395752,13.4358997344971,1,"ARBÖ","INFT-AJJKY2","BP"
"48.4565010070801,16.5263996124268",48.4565010070801,16.5263996124268,1,"ARBÖ","INFT-AJK3B3","Genol"
"48.4584999084473,13.444899559021",48.4584999084473,13.444899559021,1,"ARBÖ","INFT-AJJU85","Lagerhaus Genol"
"48.459300994873,15.7252998352051",48.459300994873,15.7252998352051,1,"ARBÖ","INFT-B3JL4D","eni"
"48.4608993530273,16.2982997894287",48.4608993530273,16.2982997894287,2,"ARBÖ;ÖAMTC","INFT-AJSGFM;1209290","Genol;Genol"
"48.4613990783691,14.3478002548218",48.4613990783691,14.3478002548218,1,"ARBÖ","INFT-AK4L38","Genol  Lagerhaus Pregarten-Gallneukirchen"
"48.4628982543945,14.967399597168",48.4628982543945,14.967399597168,1,"ARBÖ","INFT-AJLGD6","IQ Diskont"
"48.4636001586914,15.7229995727539",48.4636001586914,15.7229995727539,1,"ARBÖ","INFT-AMUGL2","TOP Tankstelle"
"48.4637985229492,13.4333000183105",48.4637985229492,13.4333000183105,1,"ARBÖ","INFT-AK39SW","Shell Sch<U+00E4>rding"
"48.4640998840332,13.4357004165649",48.4640998840332,13.4357004165649,2,"ARBÖ;ÖAMTC","INFT-AKT6XM;1073234","BP;BP"
"48.4645004272461,14.2715997695923",48.4645004272461,14.2715997695923,1,"ARBÖ","INFT-AJJU6Z","AVANTI - Zwettl Linzer Stra<U+00DF>e 4"
"48.4668998718262,16.8486003875732",48.4668998718262,16.8486003875732,1,"ARBÖ","INFT-AJJKX2","Turm<U+00F6>l Quick"
"48.4674987792969,14.1569004058838",48.4674987792969,14.1569004058838,1,"ARBÖ","INFT-AJJKVP","Genol - Lagerhaus"
"48.4695014953613,16.6473999023438",48.4695014953613,16.6473999023438,1,"ARBÖ","INFT-AJLGD3","Genol"
"48.4696998596191,16.796199798584",48.4696998596191,16.796199798584,2,"ARBÖ;ÖAMTC","INFT-C42GRK;1209266","GENOL;Genol"
"48.4700012207031,16.7886009216309",48.4700012207031,16.7886009216309,2,"ARBÖ;ÖAMTC","INFT-ALCFBE;1208573","Tankstelle  JESCHKO;Jeschko KG"
"48.4707984924316,15.6857004165649",48.4707984924316,15.6857004165649,1,"ARBÖ","INFT-AJPCYZ","Loistank"
"48.4709014892578,15.5972995758057",48.4709014892578,15.5972995758057,1,"ARBÖ","INFT-AN3EPU","Lagerhaus - Genol"
"48.4710998535156,15.6913003921509",48.4710998535156,15.6913003921509,2,"ARBÖ;ÖAMTC","INFT-AN3EPV;1209320","Lagerhaus - Genol;Genol"
"48.4734992980957,14.5474996566772",48.4734992980957,14.5474996566772,1,"ARBÖ","INFT-AJJKTP","GENOL-LAGERHAUS"
"48.4738998413086,13.5609998703003",48.4738998413086,13.5609998703003,2,"ARBÖ;ÖAMTC","INFT-AJKHRR;1209793","Diskont Nissan Feichtinger;Diskont Nissan Feichtinger"
"48.4740982055664,16.5902996063232",48.4740982055664,16.5902996063232,1,"ARBÖ","INFT-AJK3AV","Genol"
"48.4761009216309,15.6982002258301",48.4761009216309,15.6982002258301,1,"ARBÖ","INFT-ATSMQJ","AVANTI - Langenlois Wiener Stra<U+00DF>e 53"
"48.4770011901855,14.726300239563",48.4770011901855,14.726300239563,1,"ARBÖ","INFT-AJLGCR","IQ Tankstelle"
"48.4774017333984,16.8502006530762",48.4774017333984,16.8502006530762,1,"ARBÖ","INFT-C4VFGT","GENOL"
"48.478199005127,13.7377004623413",48.478199005127,13.7377004623413,1,"ARBÖ","INFT-AL6FYM","Lagerhaus Genol"
"48.4799003601074,16.4766006469727",48.4799003601074,16.4766006469727,1,"ARBÖ","INFT-AJK3AY","Genol"
"48.4816017150879,15.8729000091553",48.4816017150879,15.8729000091553,1,"ARBÖ","INFT-AN3EPR","Lagerhaus - Genol"
"48.4822006225586,16.5930995941162",48.4822006225586,16.5930995941162,2,"ARBÖ;ÖAMTC","INFT-ATSMQX;1140288","AVANTI - Gaweinstal Br<U+00FC>nner Stra<U+00DF>e 35;Avanti"
"48.4824981689453,13.5622997283936",48.4824981689453,13.5622997283936,1,"ARBÖ","INFT-AJKHRN","Turm<U+00F6>l"
"48.4827003479004,13.558500289917",48.4827003479004,13.558500289917,2,"ARBÖ;ÖAMTC","INFT-AL6FYN;1209342","Lagerhaus Genol;Genol"
"48.4841003417969,13.8049001693726",48.4841003417969,13.8049001693726,1,"ARBÖ","INFT-ANM9FZ","IQ Tankstelle"
"48.4846000671387,13.5719995498657",48.4846000671387,13.5719995498657,1,"ARBÖ","INFT-AJKHRQ","Diskont Lichtenauer"
"48.4869995117188,14.4125003814697",48.4869995117188,14.4125003814697,2,"ARBÖ;ÖAMTC","INFT-AJJKTM;1208946","GENOL-LAGERHAUS;Genol"
"48.4875984191895,16.5517997741699",48.4875984191895,16.5517997741699,1,"ARBÖ","INFT-AJK3AZ","Genol"
"48.4897003173828,16.0958003997803",48.4897003173828,16.0958003997803,1,"ARBÖ","INFT-AJJL8V","Genol"
"48.4910011291504,16.6749992370605",48.4910011291504,16.6749992370605,1,"ARBÖ","INFT-C42GRJ","GENOL"
"48.4915008544922,15.4355001449585",48.4915008544922,15.4355001449585,1,"ARBÖ","INFT-AJUJF4","LAGLER "
"48.4916000366211,15.1810998916626",48.4916000366211,15.1810998916626,1,"ARBÖ","INFT-AJU353","Shell"
"48.4920997619629,14.9520998001099",48.4920997619629,14.9520998001099,2,"ARBÖ;ÖAMTC","INFT-AKB3DH;1209584","Genol;Genol"
"48.4924011230469,16.1093997955322",48.4924011230469,16.1093997955322,1,"ARBÖ","INFT-B5XHKD","Shell Austria"
"48.4926986694336,16.2359008789062",48.4926986694336,16.2359008789062,2,"ARBÖ;ÖAMTC","INFT-AJSGFJ;1209208","Genol;Genol"
"48.4929008483887,16.1256999969482",48.4929008483887,16.1256999969482,1,"ARBÖ","INFT-AJJL8W","Genol"
"48.4935989379883,14.9520998001099",48.4935989379883,14.9520998001099,1,"ARBÖ","INFT-AJLGD9","AVIA XPress (unser Service: Luft und Wasser)"
"48.4954986572266,15.398099899292",48.4954986572266,15.398099899292,1,"ARBÖ","INFT-AJUJF5","Genol"
"48.4958000183105,14.4870004653931",48.4958000183105,14.4870004653931,1,"ARBÖ","INFT-AJJKTN","GENOL-LAGERHAUS"
"48.4967002868652,13.9706001281738",48.4967002868652,13.9706001281738,1,"ARBÖ","INFT-ANM9G2","ENI Tankstelle"
"48.4971008300781,13.9692001342773",48.4971008300781,13.9692001342773,1,"ARBÖ","INFT-CCLLCL","Diskont Tankstelle"
"48.4985008239746,16.5170001983643",48.4985008239746,16.5170001983643,1,"ARBÖ","INFT-AJJL6B","AVIA XPress (unser Service: Luft und Wasser)"
"48.4990005493164,14.5032997131348",48.4990005493164,14.5032997131348,2,"ARBÖ;JET","INFT-ATSHXD;87bbc7d898","JET TANKSTELLE;JET Tankstelle"
"48.4995994567871,16.7394008636475",48.4995994567871,16.7394008636475,1,"ARBÖ","INFT-C42GRG","GENOL"
"48.5001983642578,14.3621997833252",48.5001983642578,14.3621997833252,2,"ARBÖ;ÖAMTC","INFT-AK3GJZ;1209327","Fa. Elmecker Martin;Tankstelle Elmecker"
"48.5017013549805,14.0766000747681",48.5017013549805,14.0766000747681,1,"ARBÖ","INFT-AS3G9Z","Gasthof,Tankstelle Radler"
"48.5018005371094,13.7358999252319",48.5018005371094,13.7358999252319,1,"ARBÖ","INFT-AJYMZW","Sprit Diskont Thomas Wei<U+00DF>enb<U+00F6>ck-Stra<U+00DF>l"
"48.5023002624512,14.5017004013062",48.5023002624512,14.5017004013062,2,"ARBÖ;ÖAMTC","INFT-AJKHQY;1201294","BP Freistadt;BP Stiglechner"
"48.502498626709,13.8829002380371",48.502498626709,13.8829002380371,1,"ARBÖ","INFT-CNGCP6","Genol - Lagerhaus"
"48.5033988952637,13.7552995681763",48.5033988952637,13.7552995681763,1,"ARBÖ","INFT-AJJU74","IQ Tankstelle"
"48.5045013427734,13.8795003890991",48.5045013427734,13.8795003890991,1,"ARBÖ","INFT-AQ3CNN","BP - Lagerhaus "
"48.5063018798828,14.503399848938",48.5063018798828,14.503399848938,2,"ARBÖ;ÖAMTC","INFT-AJJKTR;1201588","AVIA Xpress;Avia XPress"
"48.5117988586426,14.2952995300293",48.5117988586426,14.2952995300293,1,"ARBÖ","INFT-ALKDWX","OMV - Bad Leonfelden Oberstiftung 100"
"48.5121002197266,15.5103998184204",48.5121002197266,15.5103998184204,1,"ARBÖ","INFT-B4ASUA","OMV - Gf<U+00F6>hl Langenloiser Stra<U+00DF>e 85"
"48.5133018493652,16.1639995574951",48.5133018493652,16.1639995574951,1,"ARBÖ","INFT-AJJL8Y","Genol"
"48.513801574707,13.8729000091553",48.513801574707,13.8729000091553,1,"ARBÖ","INFT-B536E8","Shell Tankstelle"
"48.5139999389648,14.5044002532959",48.5139999389648,14.5044002532959,1,"ARBÖ","INFT-AJJKTT","Schaumberger GesmbH"
"48.5145988464355,14.502799987793",48.5145988464355,14.502799987793,1,"ARBÖ","INFT-CVCBD4","Turm<U+00F6>l"
"48.5152015686035,14.5046997070312",48.5152015686035,14.5046997070312,1,"ARBÖ","INFT-AJJKTQ","GENOL-LAGERHAUS"
"48.5172004699707,15.7863998413086",48.5172004699707,15.7863998413086,1,"ARBÖ","INFT-AJJL96","Lagerhaus - Genol"
"48.5172996520996,15.4870004653931",48.5172996520996,15.4870004653931,2,"ARBÖ;ÖAMTC","INFT-CRWJQ4;1213397","Turm<U+00F6>l Quick;Turm<U+00F6>l Quick"
"48.5176010131836,15.4851999282837",48.5176010131836,15.4851999282837,1,"ARBÖ","INFT-AJKHRE","Shell"
"48.519100189209,16.6173992156982",48.519100189209,16.6173992156982,1,"ARBÖ","INFT-AJJUAT","BP Schrick"
"48.5209007263184,15.0710000991821",48.5209007263184,15.0710000991821,1,"ARBÖ","INFT-AKAGHR","Genol"
"48.5223999023438,13.4907999038696",48.5223999023438,13.4907999038696,1,"ARBÖ","INFT-AJKHRS","Freie Tankstelle (AVIA Treibstoffe)"
"48.5238990783691,16.7656993865967",48.5238990783691,16.7656993865967,1,"ARBÖ","INFT-ARNEBY","Breimann / Bedienungstankstelle"
"48.524600982666,15.2444000244141",48.524600982666,15.2444000244141,1,"ARBÖ","INFT-AJU354","Shell"
"48.5251998901367,15.4610004425049",48.5251998901367,15.4610004425049,2,"ARBÖ;ÖAMTC","INFT-CGFL58;1212841","AVIA XPress (unser Service: Luft und Wasser);Avia XPress"
"48.5257987976074,14.3011999130249",48.5257987976074,14.3011999130249,1,"ARBÖ","INFT-C94L6A","Eni Bad Leonfelden"
"48.5259017944336,16.3770008087158",48.5259017944336,16.3770008087158,1,"ARBÖ","INFT-AJJKSR","GENOL"
"48.5261001586914,14.2946996688843",48.5261001586914,14.2946996688843,1,"ARBÖ","INFT-CQNF2Z","Genol Lagerhaus Innviertel-Traunviertel-Urfahr"
"48.5264015197754,16.3791007995605",48.5264015197754,16.3791007995605,1,"ARBÖ","INFT-CCLTW6","Diskont Tankstelle"
"48.5293998718262,15.9208002090454",48.5293998718262,15.9208002090454,1,"ARBÖ","INFT-AJJL8P","Lagerhaus - Genol"
"48.5294990539551,13.7486000061035",48.5294990539551,13.7486000061035,2,"ARBÖ;ÖAMTC","INFT-C9XJNG;1211317","OMV Fast Lane - Neustift im M<U+00FC>hlkreis Passauer Stra<U+00DF>e 23;OMV Fast Lane"
"48.5303993225098,14.8009996414185",48.5303993225098,14.8009996414185,2,"ARBÖ;ÖAMTC","INFT-AQWF6U;1153125","Ulli<U+00B4>s Tank-Stelle;Ulli's Tank-Stelle"
"48.5318984985352,15.3583002090454",48.5318984985352,15.3583002090454,1,"ARBÖ","INFT-AJJKV3","Rihs"
"48.532299041748,16.479700088501",48.532299041748,16.479700088501,2,"ARBÖ;ÖAMTC","INFT-BRV2L6;1210596","Genol;Genol"
"48.5362014770508,15.2459001541138",48.5362014770508,15.2459001541138,2,"ARBÖ;ÖAMTC","INFT-AK2TYE;1209128",";Tankstelle Wagner"
"48.538501739502,16.8960990905762",48.538501739502,16.8960990905762,1,"ARBÖ","INFT-C42GRF","GENOL"
"48.5424995422363,13.5834999084473",48.5424995422363,13.5834999084473,1,"ARBÖ","INFT-AXNSP2","Turm<U+00F6>l Quick"
"48.5433006286621,13.654899597168",48.5433006286621,13.654899597168,1,"ARBÖ","INFT-AJJU87","easy OEL Kasten"
"48.5443000793457,14.3872003555298",48.5443000793457,14.3872003555298,1,"ARBÖ","INFT-AJLGCX","Stumptner Ges.m.b.H & Co KG"
"48.5452995300293,16.7709007263184",48.5452995300293,16.7709007263184,1,"ARBÖ","INFT-C42GRL","GENOL"
"48.5491981506348,16.0790004730225",48.5491981506348,16.0790004730225,1,"ARBÖ","INFT-B2AFJ9","Eni"
"48.5493011474609,16.4444007873535",48.5493011474609,16.4444007873535,1,"ARBÖ","INFT-AJK3AW","Genol"
"48.5507011413574,13.7729997634888",48.5507011413574,13.7729997634888,1,"ARBÖ","INFT-AK4R2L","PINK - so pink, so clever"
"48.5508003234863,16.0792999267578",48.5508003234863,16.0792999267578,2,"ARBÖ;ÖAMTC","INFT-C9GJY9;1211245","Turm<U+00F6>l;Turm<U+00F6>l"
"48.5527992248535,14.2180995941162",48.5527992248535,14.2180995941162,1,"ARBÖ","INFT-CQNF32","Genol Lagerhaus Innviertel-Traunviertel-Urfahr"
"48.5577011108398,15.0160999298096",48.5577011108398,15.0160999298096,2,"ARBÖ;ÖAMTC","INFT-AJL3AP;1208340","AVIA XPress (unser Service: Luft und Wasser);Avia XPress"
"48.5607986450195,16.0734996795654",48.5607986450195,16.0734996795654,1,"ARBÖ","INFT-AJRCGY","Disk TANKAUTOMAT"
"48.5609016418457,16.5617008209229",48.5609016418457,16.5617008209229,2,"ARBÖ;JET","INFT-ATSHYQ;6b4a97826c","JET TANKSTELLE;JET Tankstelle"
"48.5609016418457,16.5769996643066",48.5609016418457,16.5769996643066,1,"ARBÖ","INFT-ATSHYP","SCHNELL UND GUENSTIG TANKSTELLE"
"48.5611991882324,16.5611000061035",48.5611991882324,16.5611000061035,1,"ARBÖ","INFT-CATHZQ","Diskont Tankstelle"
"48.5616989135742,16.5769004821777",48.5616989135742,16.5769004821777,1,"ARBÖ","INFT-AJJL6F","Shell Austria"
"48.562198638916,13.9934997558594",48.562198638916,13.9934997558594,1,"ARBÖ","INFT-AJJU72","BP - Lagerhaus"
"48.5629005432129,14.6343002319336",48.5629005432129,14.6343002319336,1,"ARBÖ","INFT-AL4ET5","IQ-Tankstelle  Sandl"
"48.5638999938965,16.6361999511719",48.5638999938965,16.6361999511719,2,"ARBÖ;ÖAMTC","INFT-AZBDQU;1209869","GENOL;Genol"
"48.5642013549805,16.576099395752",48.5642013549805,16.576099395752,1,"ARBÖ","INFT-AJK6RP","eni"
"48.5644989013672,16.0737991333008",48.5644989013672,16.0737991333008,1,"ARBÖ","INFT-CCAD5K","Diskont Tankstelle"
"48.564998626709,13.9854001998901",48.564998626709,13.9854001998901,1,"ARBÖ","INFT-AJL6YT","BP Rohrbach"
"48.5699996948242,16.0830001831055",48.5699996948242,16.0830001831055,1,"ARBÖ","INFT-AJSGFW","Shell"
"48.5712013244629,14.9587001800537",48.5712013244629,14.9587001800537,2,"ARBÖ;ÖAMTC","INFT-AKAF59;1209527","Genol;Genol"
"48.5721015930176,14.9582996368408",48.5721015930176,14.9582996368408,1,"ARBÖ","INFT-AJLGDA","QP Tankstelle Wagner OG (mit Tankautomat 24h) "
"48.5727996826172,16.6394004821777",48.5727996826172,16.6394004821777,2,"ARBÖ;ÖAMTC","INFT-ATUV6E;1208197","OMV - Hobersdorf Wiener Stra<U+00DF>e 91;OMV"
"48.5728988647461,15.9874000549316",48.5728988647461,15.9874000549316,2,"ARBÖ;ÖAMTC","INFT-AJJL8X;1209211","Genol;Genol"
"48.573299407959,14.0553998947144",48.573299407959,14.0553998947144,2,"ARBÖ;ÖAMTC","INFT-AJJU76;1208846","Genol - Lagerhaus;Genol"
"48.5738983154297,14.8870000839233",48.5738983154297,14.8870000839233,1,"ARBÖ","INFT-AJLGD7","AVIA XPress"
"48.5755004882812,14.0516004562378",48.5755004882812,14.0516004562378,2,"ARBÖ;ÖAMTC","INFT-AJJKVM;1072828","OMV Fast Lane - Haslach an der M<U+00FC>hl Sternwaldstra<U+00DF>e 45;OMV Fast Lane"
"48.5766983032227,14.8846998214722",48.5766983032227,14.8846998214722,1,"ARBÖ","INFT-AKB3DG","Genol"
"48.5775985717773,13.9904003143311",48.5775985717773,13.9904003143311,1,"ARBÖ","INFT-C628SC","Turm<U+00F6>l Quick"
"48.5794982910156,16.1937007904053",48.5794982910156,16.1937007904053,2,"ARBÖ;ÖAMTC","INFT-AJJL8N;1209190","Genol;Genol"
"48.5797996520996,16.073299407959",48.5797996520996,16.073299407959,2,"ARBÖ;JET","INFT-ATSHZ2;690a641038","JET TANKSTELLE;JET Tankstelle"
"48.5810012817383,13.5034999847412",48.5810012817383,13.5034999847412,1,"ARBÖ","INFT-C9L32Q","Turm<U+00F6>l"
"48.5836982727051,15.3323001861572",48.5836982727051,15.3323001861572,1,"ARBÖ","INFT-AJJKUY","AVIA XPress (unser Service: Luft und Wasser)"
"48.5857009887695,16.2450008392334",48.5857009887695,16.2450008392334,1,"ARBÖ","INFT-AJJL8H","Tankstelle OBERHOFER"
"48.5857009887695,16.8241004943848",48.5857009887695,16.8241004943848,1,"ARBÖ","INFT-ALCT5D","Genol"
"48.5867004394531,16.1511993408203",48.5867004394531,16.1511993408203,2,"ARBÖ;ÖAMTC","INFT-AJJL93;1209289","Genol;Genol"
"48.5885009765625,15.2732000350952",48.5885009765625,15.2732000350952,1,"ARBÖ","INFT-AJLGD8","AVIA mit Bedienung"
"48.5886001586914,14.5615997314453",48.5886001586914,14.5615997314453,1,"ARBÖ","INFT-AJKHQX","Diskont"
"48.5943984985352,15.5515003204346",48.5943984985352,15.5515003204346,1,"ARBÖ","INFT-AJKHRD","Shell"
"48.5956001281738,15.6620998382568",48.5956001281738,15.6620998382568,1,"ARBÖ","INFT-B65E8N","Shell Austria"
"48.5961990356445,16.8246002197266",48.5961990356445,16.8246002197266,1,"ARBÖ","INFT-AK7FS7","Tankstelle LESKA"
"48.6001014709473,15.1899003982544",48.6001014709473,15.1899003982544,1,"ARBÖ","INFT-CCBDY4","Diskont Tankstelle"
"48.600700378418,15.7426996231079",48.600700378418,15.7426996231079,1,"ARBÖ","INFT-AJKHR5","Genol"
"48.6022987365723,13.8388996124268",48.6022987365723,13.8388996124268,1,"ARBÖ","INFT-AJKTMT","BP"
"48.6022987365723,15.1694002151489",48.6022987365723,15.1694002151489,1,"ARBÖ","INFT-AJJU7Z","Shell"
"48.6022987365723,15.9474000930786",48.6022987365723,15.9474000930786,1,"ARBÖ","INFT-AJJL8U","Genol"
"48.6026000976562,16.6961002349854",48.6026000976562,16.6961002349854,1,"ARBÖ","INFT-AJLGD4","Genol"
"48.6027984619141,15.1855001449585",48.6027984619141,15.1855001449585,1,"ARBÖ","INFT-AJJKXD","AVIA"
"48.6041984558105,16.7120990753174",48.6041984558105,16.7120990753174,1,"ARBÖ","INFT-C42GRH","GENOL"
"48.6049003601074,16.8246002197266",48.6049003601074,16.8246002197266,1,"ARBÖ","INFT-AJMGDG","Genol"
"48.6050987243652,15.1794004440308",48.6050987243652,15.1794004440308,2,"ARBÖ;JET","INFT-ATSHXT;37fb19e208","JET TANKSTELLE;JET Tankstelle"
"48.6054000854492,15.1780996322632",48.6054000854492,15.1780996322632,1,"ARBÖ","INFT-AJJKXC","Turm<U+00F6>l Quick"
"48.6110000610352,15.1623001098633",48.6110000610352,15.1623001098633,1,"ARBÖ","INFT-AJJKXB","AVIA XPress (unser Service: Luft und Wasser)"
"48.6162986755371,14.4998998641968",48.6162986755371,14.4998998641968,2,"ARBÖ;ÖAMTC","INFT-AJJKTU;1208947","GENOL-LAGERHAUS;Genol"
"48.6206016540527,13.8854999542236",48.6206016540527,13.8854999542236,1,"ARBÖ","INFT-AJKTMS","BP"
"48.627498626709,16.2194995880127",48.627498626709,16.2194995880127,2,"ARBÖ;ÖAMTC","INFT-AJJL8Z;1209284","Genol;Genol"
"48.6292991638184,16.1019992828369",48.6292991638184,16.1019992828369,2,"ARBÖ;ÖAMTC","INFT-AJJL8R;1207969","Genol;Genol"
"48.6342010498047,15.8190002441406",48.6342010498047,15.8190002441406,2,"ARBÖ;ÖAMTC","INFT-AJJKUQ;1208067","Goldbergertank;Goldbergertank"
"48.6357002258301,13.9638996124268",48.6357002258301,13.9638996124268,1,"ARBÖ","INFT-AWPKVX","Shell Aigen"
"48.6370010375977,15.8184003829956",48.6370010375977,15.8184003829956,1,"ARBÖ","INFT-B88G65","Genol"
"48.6379013061523,16.2810001373291",48.6379013061523,16.2810001373291,1,"ARBÖ","INFT-AJKHSQ","Bikerschani Discount"
"48.6390991210938,15.7067003250122",48.6390991210938,15.7067003250122,1,"ARBÖ","INFT-AJJKUK","Turm<U+00F6>l"
"48.6417007446289,16.721700668335",48.6417007446289,16.721700668335,2,"ARBÖ;ÖAMTC","INFT-C42GRN;1208907","GENOL;Genol"
"48.6425018310547,15.4463996887207",48.6425018310547,15.4463996887207,1,"ARBÖ","INFT-AR7EHJ","AVIA mit Bedienung"
"48.6595001220703,16.6294002532959",48.6595001220703,16.6294002532959,2,"ARBÖ;ÖAMTC","INFT-ATZGMV;1000158","AVANTI - Poysdorf Wiener Stra<U+00DF>e 63;Avanti"
"48.660701751709,16.6287994384766",48.660701751709,16.6287994384766,1,"ARBÖ","INFT-C4VFGV","SHELL"
"48.6618995666504,15.6548004150391",48.6618995666504,15.6548004150391,2,"ARBÖ;ÖAMTC","INFT-ATSMQH;1208038","AVANTI - Horn Riedenburgstra<U+00DF>e 2;Avanti"
"48.6622009277344,15.6714000701904",48.6622009277344,15.6714000701904,1,"ARBÖ","INFT-AJR6UJ","eni"
"48.6631011962891,15.6451997756958",48.6631011962891,15.6451997756958,1,"ARBÖ","INFT-AJKBDC","Genol"
"48.6641998291016,15.6408996582031",48.6641998291016,15.6408996582031,1,"ARBÖ","INFT-AJJKUD","Diskont Tankstelle"
"48.6652984619141,15.8917999267578",48.6652984619141,15.8917999267578,2,"ARBÖ;ÖAMTC","INFT-AJJKUG;1209099","Genol;Genol"
"48.665699005127,15.6326999664307",48.665699005127,15.6326999664307,1,"ARBÖ","INFT-AUD38K","OMV - Frauenhofen Wiener Stra<U+00DF>e 6"
"48.665901184082,15.668399810791",48.665901184082,15.668399810791,1,"ARBÖ","INFT-AJKLLT","Genol"
"48.6660003662109,15.6373996734619",48.6660003662109,15.6373996734619,1,"ARBÖ","INFT-AJJKUN","Genol"
"48.6661987304688,15.6346998214722",48.6661987304688,15.6346998214722,2,"ARBÖ;JET","INFT-ATSMQG;fadad62852","JET TANKSTELLE;JET Tankstelle"
"48.6671981811523,15.0672998428345",48.6671981811523,15.0672998428345,1,"ARBÖ","INFT-AJL3AN","Shell"
"48.6708984375,15.4752998352051",48.6708984375,15.4752998352051,1,"ARBÖ","INFT-AJKHR6","Genol"
"48.673698425293,15.1712999343872",48.673698425293,15.1712999343872,1,"ARBÖ","INFT-AJJU83","Genol"
"48.6741981506348,13.8972997665405",48.6741981506348,13.8972997665405,2,"ARBÖ;ÖAMTC","INFT-AJYDR3;1209325","Br<U+00FC>der Resch;Tankstelle Resch"
"48.6743011474609,16.4887008666992",48.6743011474609,16.4887008666992,2,"ARBÖ;ÖAMTC","INFT-AJK3AU;1208517","Genol;Genol"
"48.6764984130859,15.5854997634888",48.6764984130859,15.5854997634888,2,"ARBÖ;ÖAMTC","INFT-AJJKUC;1209676","AVIA XPress (unser Service: Luft und Wasser);Avia XPress"
"48.6786994934082,13.9077997207642",48.6786994934082,13.9077997207642,2,"ARBÖ;ÖAMTC","INFT-AJJKVQ;1201414","LKW - Genol Lagerhaus;Genol"
"48.67919921875,13.908200263977",48.67919921875,13.908200263977,2,"ARBÖ;ÖAMTC","INFT-AJJKVL;1201509","BP - Lagerhaus;BP"
"48.681999206543,15.1036996841431",48.681999206543,15.1036996841431,2,"ARBÖ;ÖAMTC","INFT-AKAF5A;1209089","Genol;Genol"
"48.6887016296387,16.8738994598389",48.6887016296387,16.8738994598389,1,"ARBÖ","INFT-C42GRM","GENOL"
"48.6904983520508,15.7328996658325",48.6904983520508,15.7328996658325,1,"ARBÖ","INFT-AJJKUJ","Genol"
"48.6974983215332,15.9658002853394",48.6974983215332,15.9658002853394,1,"ARBÖ","INFT-AJJL95","Genol"
"48.6978988647461,15.3306999206543",48.6978988647461,15.3306999206543,1,"ARBÖ","INFT-AR7EHK","AVIA XPress (unser Service: Luft und Wasser)"
"48.698600769043,16.6968002319336",48.698600769043,16.6968002319336,1,"ARBÖ","INFT-C42GRP","GENOL"
"48.6988983154297,14.902099609375",48.6988983154297,14.902099609375,1,"ARBÖ","INFT-AJJUCQ","Genol"
"48.7002983093262,15.8635997772217",48.7002983093262,15.8635997772217,1,"ARBÖ","INFT-ATSMR6","AVANTI - Pulkau Bundesstra<U+00DF>e 35"
"48.7027015686035,15.2222995758057",48.7027015686035,15.2222995758057,1,"ARBÖ","INFT-AJJU82","Genol"
"48.7029991149902,14.8979997634888",48.7029991149902,14.8979997634888,1,"ARBÖ","INFT-BPMBAB","Turm<U+00F6>l Quick"
"48.7065010070801,16.1026992797852",48.7065010070801,16.1026992797852,2,"ARBÖ;ÖAMTC","INFT-AJJL8M;1001480","Alberndorf Glanz;Tankstelle Glanz"
"48.706600189209,16.1396999359131",48.706600189209,16.1396999359131,1,"ARBÖ","INFT-AJJL8L","U2 Hadres"
"48.7092018127441,16.0720996856689",48.7092018127441,16.0720996856689,1,"ARBÖ","INFT-AJJL92","Genol"
"48.7116012573242,16.11549949646",48.7116012573242,16.11549949646,2,"ARBÖ;ÖAMTC","INFT-AJJL94;1209291","Genol;Genol"
"48.7146987915039,16.378999710083",48.7146987915039,16.378999710083,1,"ARBÖ","INFT-AJK3AT","Genol"
"48.7164993286133,16.3806991577148",48.7164993286133,16.3806991577148,1,"ARBÖ","INFT-CERGL7","boesch energy,  turm<U+00F6>l Quick"
"48.7184982299805,16.3959007263184",48.7184982299805,16.3959007263184,1,"ARBÖ","INFT-B4TL99","eni"
"48.7212982177734,16.7238998413086",48.7212982177734,16.7238998413086,2,"ARBÖ;ÖAMTC","INFT-CL3HTQ;1209108","GENOL;Genol"
"48.7247009277344,15.3997001647949",48.7247009277344,15.3997001647949,1,"ARBÖ","INFT-AJJU7X","Genol"
"48.7289009094238,14.9107999801636",48.7289009094238,14.9107999801636,1,"ARBÖ","INFT-AJKBDZ","AVIA XPress (unser Service: Luft und Wasser)"
"48.736400604248,13.8194999694824",48.736400604248,13.8194999694824,1,"ARBÖ","INFT-AJJU73","BP - Lagerhaus"
"48.7374992370605,14.9180002212524",48.7374992370605,14.9180002212524,2,"ARBÖ;ÖAMTC","INFT-B5SHAJ;1210184","Turm<U+00F6>l Quick;Turm<U+00F6>l Quick"
"48.7398986816406,15.557900428772",48.7398986816406,15.557900428772,1,"ARBÖ","INFT-AJJKUH","AVIA XPress (unser Service: Luft und Wasser)"
"48.7411003112793,15.8976001739502",48.7411003112793,15.8976001739502,1,"ARBÖ","INFT-AJVG6K","Genol"
"48.7428016662598,15.2686996459961",48.7428016662598,15.2686996459961,2,"ARBÖ;ÖAMTC","INFT-AJJU7Y;1209549","Genol;Genol"
"48.7429008483887,15.9561996459961",48.7429008483887,15.9561996459961,1,"ARBÖ","INFT-AJVG6L","Genol"
"48.7434997558594,15.668999671936",48.7434997558594,15.668999671936,1,"ARBÖ","INFT-AJKHR7","Genol"
"48.7480010986328,15.53600025177",48.7480010986328,15.53600025177,1,"ARBÖ","INFT-C7JE2E","Genol"
"48.7510986328125,16.6487998962402",48.7510986328125,16.6487998962402,1,"ARBÖ","INFT-ALCFBN"," Tankstelle Braunstingl"
"48.7537002563477,15.958399772644",48.7537002563477,15.958399772644,2,"ARBÖ;ÖAMTC","INFT-AJJL8T;1209826","Pollak-Deine Tankstelle;Tankstelle Pollak"
"48.7565994262695,16.5016002655029",48.7565994262695,16.5016002655029,1,"ARBÖ","INFT-AJKHSP","tom<U+00B4>s Tankautomat"
"48.7566986083984,15.1752996444702",48.7566986083984,15.1752996444702,1,"ARBÖ","INFT-AJJKXG","Genol"
"48.757999420166,15.959400177002",48.757999420166,15.959400177002,1,"ARBÖ","INFT-BFAGY9","AVIA XPress (unser Service: Luft und Wasser)"
"48.7580986022949,16.5783004760742",48.7580986022949,16.5783004760742,1,"ARBÖ","INFT-BAWFCF","Kaufhaus Bartl"
"48.7585983276367,15.1943998336792",48.7585983276367,15.1943998336792,1,"ARBÖ","INFT-AJJKXF","AVIA XPress (derzeit geschlossen - Waschen m<U+00F6>glich)"
"48.7588005065918,16.6473999023438",48.7588005065918,16.6473999023438,1,"ARBÖ","INFT-BV5TPQ","BP"
"48.7608985900879,14.9879999160767",48.7608985900879,14.9879999160767,2,"ARBÖ;ÖAMTC","INFT-AJJUCS;1201569",";Genol"
"48.7608985900879,14.9905996322632",48.7608985900879,14.9905996322632,1,"ARBÖ","INFT-AJKBE2","AVIA"
"48.7622985839844,14.9702997207642",48.7622985839844,14.9702997207642,1,"ARBÖ","INFT-AJJLAZ","Disk TANKAUTOMAT"
"48.763801574707,14.9809999465942",48.763801574707,14.9809999465942,1,"ARBÖ","INFT-AJJUCN","Genol"
"48.7654991149902,14.9800996780396",48.7654991149902,14.9800996780396,1,"ARBÖ","INFT-CCBDXX","Diskont Tankstelle"
"48.769401550293,14.9982995986938",48.769401550293,14.9982995986938,1,"ARBÖ","INFT-AJJLAX","AVIA XPress (unser Service: Luft und Wasser)"
"48.7873992919922,15.8022003173828",48.7873992919922,15.8022003173828,1,"ARBÖ","INFT-AJJKUF","Genol"
"48.7890014648438,15.4089002609253",48.7890014648438,15.4089002609253,1,"ARBÖ","INFT-AJJKXS","Genol Lagerhaus Tankstelle"
"48.7895011901855,15.4034004211426",48.7895011901855,15.4034004211426,1,"ARBÖ","INFT-AJJKXM","AVIA"
"48.7920989990234,15.0781002044678",48.7920989990234,15.0781002044678,1,"ARBÖ","INFT-CAMH8H","Turm<U+00F6>l"
"48.7928009033203,15.0691003799438",48.7928009033203,15.0691003799438,1,"ARBÖ","INFT-ATSHZ5","AVANTI - Schrems Josef Widy-Stra<U+00DF>e 2"
"48.7929000854492,15.0628995895386",48.7929000854492,15.0628995895386,1,"ARBÖ","INFT-AJJLAW","Turm<U+00F6>l Quick"
"48.8130989074707,15.2767000198364",48.8130989074707,15.2767000198364,1,"ARBÖ","INFT-AJJKXJ","Genol Lagerhaus Tankstelle"
"48.8184013366699,15.2769002914429",48.8184013366699,15.2769002914429,1,"ARBÖ","INFT-AJJKXN","AVIA"
"48.8258018493652,15.6323003768921",48.8258018493652,15.6323003768921,2,"ARBÖ;ÖAMTC","INFT-AJJKUL;1209052","Genol;Genol"
"48.8296012878418,15.7170000076294",48.8296012878418,15.7170000076294,1,"ARBÖ","INFT-AJJKUB","Turm<U+00F6>l Quick"
"48.8432998657227,15.4968004226685",48.8432998657227,15.4968004226685,1,"ARBÖ","INFT-AJJKXU","Genol Lagerhaus Tankstelle"
"48.8438987731934,15.4823999404907",48.8438987731934,15.4823999404907,2,"ARBÖ;ÖAMTC","INFT-AJJKXP;1201665","Turm<U+00F6>l;Turm<U+00F6>l"
"48.8502006530762,15.0961999893188",48.8502006530762,15.0961999893188,1,"ARBÖ","INFT-CCABBD","BP"
"48.8616981506348,15.120400428772",48.8616981506348,15.120400428772,1,"ARBÖ","INFT-AJJUCR","avanti - Heidenreichstein Schremser Stra<U+00DF>e 52"
"48.8619003295898,15.6232004165649",48.8619003295898,15.6232004165649,2,"ARBÖ;ÖAMTC","INFT-AJKHR4;1208601","Tankstelle Robert D<U+00F6>berl ;Tankstelle D<U+00F6>berl"
"48.8651008605957,15.117600440979",48.8651008605957,15.117600440979,1,"ARBÖ","INFT-AJJUCT","Genol"
"48.8814010620117,15.4071998596191",48.8814010620117,15.4071998596191,1,"ARBÖ","INFT-AJJKXK","AVIA XPress (unser Service: Luft und Wasser)"
"48.9137001037598,15.3207998275757",48.9137001037598,15.3207998275757,1,"ARBÖ","INFT-AJJKXL","AVIA XPress (unser Service: Luft und Wasser)"
"48.9169998168945,15.1054000854492",48.9169998168945,15.1054000854492,1,"ARBÖ","INFT-AJJUCP","Genol"
"48.9299011230469,15.2403001785278",48.9299011230469,15.2403001785278,1,"ARBÖ","INFT-AJJKXT","Genol Lagerhaus Tankstelle"
"48.9431991577148,15.0436000823975",48.9431991577148,15.0436000823975,1,"ARBÖ","INFT-AKGGA5","AVIA XPress (unser Service: Luft und Wasser)"
"48.9436988830566,15.0440998077393",48.9436988830566,15.0440998077393,1,"ARBÖ","INFT-AJMEWX","Genol"
"46.4897994995117,14.5900001525879",46.4897994995117,14.5900001525879,1,"ÖAMTC","1207916","Eni"
"46.5285987854004,14.2912998199463",46.5285987854004,14.2912998199463,1,"ÖAMTC","1208970","Eni"
"46.5413017272949,14.3137998580933",46.5413017272949,14.3137998580933,1,"ÖAMTC","1208077","Pagitz GesmbH"
"46.5443000793457,13.6540002822876",46.5443000793457,13.6540002822876,1,"ÖAMTC","1208595","BP Stiglechner"
"46.5463981628418,14.0621004104614",46.5463981628418,14.0621004104614,1,"ÖAMTC","1208496","Avanti"
"46.5514984130859,14.0488996505737",46.5514984130859,14.0488996505737,1,"ÖAMTC","1207732","Lagerhaus"
"46.5531005859375,13.6969995498657",46.5531005859375,13.6969995498657,1,"ÖAMTC","1207872","Tankstelle Maurer"
"46.5554008483887,13.7910995483398",46.5554008483887,13.7910995483398,1,"ÖAMTC","1035518","Eni"
"46.5611991882324,13.8737001419067",46.5611991882324,13.8737001419067,1,"ÖAMTC","1208309","Tankstelle Urschitz"
"46.5663986206055,13.8087997436523",46.5663986206055,13.8087997436523,1,"ÖAMTC","1208592","Shell"
"46.5694999694824,13.6979999542236",46.5694999694824,13.6979999542236,1,"ÖAMTC","1103482","Eni"
"46.5708999633789,13.6983003616333",46.5708999633789,13.6983003616333,1,"ÖAMTC","1208403","Eni"
"46.576000213623,14.775899887085",46.576000213623,14.775899887085,1,"ÖAMTC","1210676","OMV"
"46.5782012939453,13.93630027771",46.5782012939453,13.93630027771,1,"ÖAMTC","1208375","Shell"
"46.5792999267578,13.9996004104614",46.5792999267578,13.9996004104614,1,"ÖAMTC","1209838","Tankstelle Maurer"
"46.5835990905762,13.6106004714966",46.5835990905762,13.6106004714966,1,"ÖAMTC","1207966","Eni"
"46.5858993530273,14.795599937439",46.5858993530273,14.795599937439,1,"ÖAMTC","1208238","Eni"
"46.5875015258789,14.140700340271",46.5875015258789,14.140700340271,1,"ÖAMTC","1119574","Diskont Sabotnig"
"46.5918006896973,14.2718000411987",46.5918006896973,14.2718000411987,1,"ÖAMTC","1201561","OMV"
"46.592098236084,14.6367998123169",46.592098236084,14.6367998123169,1,"ÖAMTC","1208468","Lagerhaus"
"46.5933990478516,14.7947998046875",46.5933990478516,14.7947998046875,1,"ÖAMTC","1207722","Lagerhaus"
"46.5941009521484,13.8437004089355",46.5941009521484,13.8437004089355,1,"ÖAMTC","1207955","Turm<U+00F6>l Quick"
"46.5974998474121,13.8388004302979",46.5974998474121,13.8388004302979,1,"ÖAMTC","1210932","DISKONT Tankstelle (HOFER Parkplatz)"
"46.597900390625,13.8500003814697",46.597900390625,13.8500003814697,1,"ÖAMTC","1213980","Rumpold"
"46.5980987548828,13.8488998413086",46.5980987548828,13.8488998413086,1,"ÖAMTC","1099204","JET"
"46.598201751709,13.8488998413086",46.598201751709,13.8488998413086,1,"ÖAMTC","1099204","JET"
"46.6040992736816,14.0355997085571",46.6040992736816,14.0355997085571,1,"ÖAMTC","1207714","Eni"
"46.6044998168945,13.8711004257202",46.6044998168945,13.8711004257202,1,"ÖAMTC","1207896","OMV"
"46.6045989990234,13.8650999069214",46.6045989990234,13.8650999069214,1,"ÖAMTC","1000094","BP"
"46.605598449707,14.2978000640869",46.605598449707,14.2978000640869,1,"ÖAMTC","1208247","Shell Stiglechner"
"46.6058006286621,14.3090000152588",46.6058006286621,14.3090000152588,1,"ÖAMTC","1208674","Eni"
"46.6064987182617,14.2892999649048",46.6064987182617,14.2892999649048,1,"ÖAMTC","1139231","JET"
"46.6068000793457,14.3044996261597",46.6068000793457,14.3044996261597,1,"ÖAMTC","1015483","Lagerhaus"
"46.6076011657715,13.8415002822876",46.6076011657715,13.8415002822876,1,"ÖAMTC","1201618","SOCAR"
"46.6081008911133,14.3302001953125",46.6081008911133,14.3302001953125,1,"ÖAMTC","1208462","DISKONT Tankstelle (HOFER Parkplatz)"
"46.6081008911133,14.354100227356",46.6081008911133,14.354100227356,1,"ÖAMTC","1099200","JET"
"46.6087989807129,14.2993001937866",46.6087989807129,14.2993001937866,1,"ÖAMTC","1006372","Turm<U+00F6>l Quick"
"46.6091003417969,14.3304996490479",46.6091003417969,14.3304996490479,1,"ÖAMTC","1211109","Turm<U+00F6>l"
"46.6120986938477,14.3007001876831",46.6120986938477,14.3007001876831,1,"ÖAMTC","1099199","JET"
"46.6133995056152,13.8381004333496",46.6133995056152,13.8381004333496,1,"ÖAMTC","1201382","F. Leitner "
"46.6137008666992,14.0356998443604",46.6137008666992,14.0356998443604,1,"ÖAMTC","1058158","Eni"
"46.6148986816406,13.2803001403809",46.6148986816406,13.2803001403809,1,"ÖAMTC","1209868","BP Tankstelle Brandner"
"46.6150016784668,14.5752000808716",46.6150016784668,14.5752000808716,1,"ÖAMTC","1208577","Turm<U+00F6>l"
"46.6171989440918,13.8793001174927",46.6171989440918,13.8793001174927,1,"ÖAMTC","1201233","Lagerhaus"
"46.6176986694336,13.8606004714966",46.6176986694336,13.8606004714966,1,"ÖAMTC","1201461","Eni"
"46.6178016662598,13.9561996459961",46.6178016662598,13.9561996459961,1,"ÖAMTC","1201222","Avanti"
"46.619800567627,14.2821998596191",46.619800567627,14.2821998596191,1,"ÖAMTC","1208287","Eni"
"46.6203994750977,14.2688999176025",46.6203994750977,14.2688999176025,1,"ÖAMTC","1140225","Avanti"
"46.6217994689941,14.4493999481201",46.6217994689941,14.4493999481201,1,"ÖAMTC","1208018","Lagerhaus"
"46.6228981018066,14.3207998275757",46.6228981018066,14.3207998275757,1,"ÖAMTC","1146894","Lagerhaus"
"46.6242980957031,13.9357995986938",46.6242980957031,13.9357995986938,1,"ÖAMTC","1201609","Lagerhaus"
"46.6245002746582,14.6331996917725",46.6245002746582,14.6331996917725,1,"ÖAMTC","1015913","Krois Diskont Clever Tanken"
"46.6255989074707,14.3402996063232",46.6255989074707,14.3402996063232,1,"ÖAMTC","1211101","Turm<U+00F6>l"
"46.6259994506836,13.8753004074097",46.6259994506836,13.8753004074097,1,"ÖAMTC","1208717","SOCAR"
"46.6268005371094,14.2079000473022",46.6268005371094,14.2079000473022,1,"ÖAMTC","1208051","SOCAR"
"46.6276016235352,13.8802995681763",46.6276016235352,13.8802995681763,1,"ÖAMTC","1201638","Lagerhaus"
"46.6286010742188,13.4750995635986",46.6286010742188,13.4750995635986,1,"ÖAMTC","1207692","Eni"
"46.6287994384766,13.4750995635986",46.6287994384766,13.4750995635986,1,"ÖAMTC","1207692","Eni"
"46.6296005249023,13.3787002563477",46.6296005249023,13.3787002563477,1,"ÖAMTC","1182565","OMV"
"46.6296005249023,14.3568000793457",46.6296005249023,14.3568000793457,1,"ÖAMTC","1005783","OMV"
"46.6304016113281,14.0945997238159",46.6304016113281,14.0945997238159,1,"ÖAMTC","1208402","Eni"
"46.6315002441406,13.8264999389648",46.6315002441406,13.8264999389648,1,"ÖAMTC","1209858","DISKONT Tankstelle (HOFER Parkplatz)"
"46.6315994262695,13.8247995376587",46.6315994262695,13.8247995376587,1,"ÖAMTC","1201560","JET"
"46.6315994262695,13.8259000778198",46.6315994262695,13.8259000778198,1,"ÖAMTC","1209858","DISKONT Tankstelle (HOFER Parkplatz)"
"46.6320991516113,13.8241996765137",46.6320991516113,13.8241996765137,1,"ÖAMTC","1208760","Eni"
"46.6346015930176,14.6328001022339",46.6346015930176,14.6328001022339,1,"ÖAMTC","1213389","unisprit<U+00AE>"
"46.6348991394043,14.3703002929688",46.6348991394043,14.3703002929688,1,"ÖAMTC","1099198","JET"
"46.636100769043,14.3123998641968",46.636100769043,14.3123998641968,1,"ÖAMTC","1140223","SOCAR"
"46.6361999511719,14.3116998672485",46.6361999511719,14.3116998672485,1,"ÖAMTC","1096410","Eni"
"46.6365013122559,13.8144998550415",46.6365013122559,13.8144998550415,1,"ÖAMTC","1201249","Diskont Tankstelle Langauen"
"46.6367988586426,14.1364002227783",46.6367988586426,14.1364002227783,1,"ÖAMTC","1208110","OMV"
"46.6380996704102,14.3706998825073",46.6380996704102,14.3706998825073,1,"ÖAMTC","1209818","Avanti"
"46.6397018432617,14.4509000778198",46.6397018432617,14.4509000778198,1,"ÖAMTC","1208016","OMV"
"46.6404991149902,14.2915000915527",46.6404991149902,14.2915000915527,1,"ÖAMTC","1099197","JET"
"46.6405982971191,14.291600227356",46.6405982971191,14.291600227356,1,"ÖAMTC","1099197","JET"
"46.6423988342285,13.1796998977661",46.6423988342285,13.1796998977661,1,"ÖAMTC","1213233","SOCAR"
"46.6440010070801,14.3150997161865",46.6440010070801,14.3150997161865,1,"ÖAMTC","1014990","Eni"
"46.6495018005371,14.2842998504639",46.6495018005371,14.2842998504639,1,"ÖAMTC","1210531","DISKONT Tankstelle (HOFER Parkplatz)"
"46.6514015197754,13.8746004104614",46.6514015197754,13.8746004104614,1,"ÖAMTC","1208393","DISKONT Tankstelle (HOFER Parkplatz)"
"46.6539001464844,14.2805004119873",46.6539001464844,14.2805004119873,1,"ÖAMTC","1140220","Avanti"
"46.6558990478516,14.5496997833252",46.6558990478516,14.5496997833252,1,"ÖAMTC","1208594","Turm<U+00F6>l"
"46.6575012207031,14.6134996414185",46.6575012207031,14.6134996414185,1,"ÖAMTC","1073190","Rudolf"
"46.6590003967285,13.8994998931885",46.6590003967285,13.8994998931885,1,"ÖAMTC","1201556","Shell Stiglechner"
"46.6590003967285,14.1771001815796",46.6590003967285,14.1771001815796,1,"ÖAMTC","1015048","Turm<U+00F6>l Quick"
"46.6593017578125,14.6171998977661",46.6593017578125,14.6171998977661,1,"ÖAMTC","1207895","Eni"
"46.6610984802246,15.4699001312256",46.6610984802246,15.4699001312256,1,"ÖAMTC","1000812","Turm<U+00F6>l Quick"
"46.6623992919922,14.6267004013062",46.6623992919922,14.6267004013062,1,"ÖAMTC","1208482","Shell"
"46.6627998352051,14.6217002868652",46.6627998352051,14.6217002868652,1,"ÖAMTC","1210407","JET"
"46.6631011962891,14.628999710083",46.6631011962891,14.628999710083,1,"ÖAMTC","1014987","Turm<U+00F6>l Quick"
"46.6637001037598,15.4706001281738",46.6637001037598,15.4706001281738,1,"ÖAMTC","1201250","Shell"
"46.6641998291016,14.6367998123169",46.6641998291016,14.6367998123169,1,"ÖAMTC","1207721","Lagerhaus"
"46.6652984619141,12.9982004165649",46.6652984619141,12.9982004165649,1,"ÖAMTC","1002185","Eni"
"46.6719017028809,13.003399848938",46.6719017028809,13.003399848938,1,"ÖAMTC","1208808","Lagerhaus"
"46.6749000549316,14.424599647522",46.6749000549316,14.424599647522,1,"ÖAMTC","1209739","Lagerhaus"
"46.6792984008789,13.9681997299194",46.6792984008789,13.9681997299194,1,"ÖAMTC","1211281","Turm<U+00F6>l Quick"
"46.679500579834,14.5958995819092",46.679500579834,14.5958995819092,1,"ÖAMTC","1208399","Shell"
"46.6813011169434,14.6786003112793",46.6813011169434,14.6786003112793,1,"ÖAMTC","1213213","OMV Fast Lane"
"46.6819000244141,15.2295999526978",46.6819000244141,15.2295999526978,1,"ÖAMTC","1208103","BP"
"46.6836013793945,13.6714000701904",46.6836013793945,13.6714000701904,1,"ÖAMTC","1201643","BP"
"46.6897010803223,15.24880027771",46.6897010803223,15.24880027771,1,"ÖAMTC","1207963","SOCAR"
"46.6903991699219,13.6812000274658",46.6903991699219,13.6812000274658,1,"ÖAMTC","1209845","Eni"
"46.6921005249023,15.9770002365112",46.6921005249023,15.9770002365112,1,"ÖAMTC","1207659","OMV Fast Lane"
"46.6940002441406,14.125599861145",46.6940002441406,14.125599861145,1,"ÖAMTC","1000104","Moser Tankstelle"
"46.6941986083984,15.9714002609253",46.6941986083984,15.9714002609253,1,"ÖAMTC","1209533","Genol"
"46.695499420166,15.637900352478",46.695499420166,15.637900352478,1,"ÖAMTC","1213261","Tankstelle MBR"
"46.6967010498047,13.6448001861572",46.6967010498047,13.6448001861572,1,"ÖAMTC","1207755","DTS Dieseltankstelle"
"46.6968994140625,13.6448001861572",46.6968994140625,13.6448001861572,1,"ÖAMTC","1207755","DTS Dieseltankstelle"
"46.7028007507324,14.7285995483398",46.7028007507324,14.7285995483398,1,"ÖAMTC","1000074","Avanti"
"46.7064018249512,15.7596998214722",46.7064018249512,15.7596998214722,1,"ÖAMTC","1208458","Tankstelle Pein.energy"
"46.7065010070801,13.6700000762939",46.7065010070801,13.6700000762939,1,"ÖAMTC","1208059","Lagerhaus"
"46.706600189209,13.6695003509521",46.706600189209,13.6695003509521,1,"ÖAMTC","1208059","Lagerhaus"
"46.7080001831055,14.8664999008179",46.7080001831055,14.8664999008179,1,"ÖAMTC","1201614","Lagerhaus"
"46.7080993652344,15.635199546814",46.7080993652344,15.635199546814,1,"ÖAMTC","1209747","F. Leitner "
"46.7196998596191,15.2603998184204",46.7196998596191,15.2603998184204,1,"ÖAMTC","1201069","Lagerhaus"
"46.719799041748,15.6554002761841",46.719799041748,15.6554002761841,1,"ÖAMTC","1207678","Tankstelle Temmel"
"46.7209014892578,15.9516000747681",46.7209014892578,15.9516000747681,1,"ÖAMTC","1132555","Tankstelle Pein.energy"
"46.7215995788574,14.1021003723145",46.7215995788574,14.1021003723145,1,"ÖAMTC","1208877","Lagerhaus"
"46.7224998474121,15.2783002853394",46.7224998474121,15.2783002853394,1,"ÖAMTC","1201372","Tankstelle Hochkofler"
"46.7229995727539,14.0966997146606",46.7229995727539,14.0966997146606,1,"ÖAMTC","1207840","OMV"
"46.7238006591797,14.1233997344971",46.7238006591797,14.1233997344971,1,"ÖAMTC","1208622","Turm<U+00F6>l Quick"
"46.725700378418,15.7971000671387",46.725700378418,15.7971000671387,1,"ÖAMTC","1209234","Genol"
"46.726001739502,15.7723999023438",46.726001739502,15.7723999023438,1,"ÖAMTC","1213437","Turm<U+00F6>l Quick"
"46.7262001037598,14.0899000167847",46.7262001037598,14.0899000167847,1,"ÖAMTC","1101826","SOCAR"
"46.7267990112305,14.0901002883911",46.7267990112305,14.0901002883911,1,"ÖAMTC","1131605","Shell"
"46.7275009155273,13.7856998443604",46.7275009155273,13.7856998443604,1,"ÖAMTC","1201639","BP"
"46.7294998168945,15.6160001754761",46.7294998168945,15.6160001754761,1,"ÖAMTC","1208045","Eni"
"46.7321014404297,14.0944004058838",46.7321014404297,14.0944004058838,1,"ÖAMTC","1211013","JET"
"46.736198425293,15.4450998306274",46.736198425293,15.4450998306274,1,"ÖAMTC","1213033","M3 Tankstelle"
"46.7374000549316,14.2859001159668",46.7374000549316,14.2859001159668,1,"ÖAMTC","1208294","Eni"
"46.7383003234863,13.0840997695923",46.7383003234863,13.0840997695923,1,"ÖAMTC","1211007","Eni"
"46.738899230957,15.6023998260498",46.738899230957,15.6023998260498,1,"ÖAMTC","1209822","F. Leitner "
"46.7403984069824,12.37380027771",46.7403984069824,12.37380027771,1,"ÖAMTC","1000931","BP"
"46.7419013977051,15.6051998138428",46.7419013977051,15.6051998138428,1,"ÖAMTC","1211016","JET"
"46.7425003051758,12.3866996765137",46.7425003051758,12.3866996765137,1,"ÖAMTC","1212785","Disk"
"46.7434997558594,13.1848001480103",46.7434997558594,13.1848001480103,1,"ÖAMTC","1208606","Lagerhaus"
"46.7453002929688,14.8228998184204",46.7453002929688,14.8228998184204,1,"ÖAMTC","1209474","OMV"
"46.7458992004395,12.4084997177124",46.7458992004395,12.4084997177124,1,"ÖAMTC","1209485","Lagerhaus"
"46.7463989257812,14.5312004089355",46.7463989257812,14.5312004089355,1,"ÖAMTC","1000084","BP"
"46.746898651123,14.5314998626709",46.746898651123,14.5314998626709,1,"ÖAMTC","1210439","F. Leitner "
"46.7473983764648,15.3259000778198",46.7473983764648,15.3259000778198,1,"ÖAMTC","1210860","SB Center ERHART"
"46.7485008239746,12.4531002044678",46.7485008239746,12.4531002044678,1,"ÖAMTC","1209843","DISKONT Tankstelle (HOFER Parkplatz)"
"46.7486991882324,12.4638004302979",46.7486991882324,12.4638004302979,1,"ÖAMTC","1210758","Eni Stiglechner"
"46.7490005493164,15.8320999145508",46.7490005493164,15.8320999145508,1,"ÖAMTC","1128255","Tankstelle Hirschmugl"
"46.7495002746582,12.9636001586914",46.7495002746582,12.9636001586914,1,"ÖAMTC","1207979","Eni"
"46.7515983581543,13.2496004104614",46.7515983581543,13.2496004104614,1,"ÖAMTC","1209657","Eni Gutmann"
"46.7518997192383,14.0346002578735",46.7518997192383,14.0346002578735,1,"ÖAMTC","1201394","BP"
"46.7541999816895,15.3652000427246",46.7541999816895,15.3652000427246,1,"ÖAMTC","1210628","F. Leitner "
"46.7569007873535,14.8214998245239",46.7569007873535,14.8214998245239,1,"ÖAMTC","1099203","JET"
"46.7577018737793,15.6239995956421",46.7577018737793,15.6239995956421,1,"ÖAMTC","1209771","Rumpold"
"46.7584991455078,15.4461002349854",46.7584991455078,15.4461002349854,1,"ÖAMTC","1208657","M3 Tankstelle"
"46.7585983276367,14.8465003967285",46.7585983276367,14.8465003967285,1,"ÖAMTC","1129142","Landesprodukte Scheiber"
"46.7587013244629,13.2515001296997",46.7587013244629,13.2515001296997,1,"ÖAMTC","1208450","Tankstelle Kolbitsch"
"46.7597999572754,14.3472003936768",46.7597999572754,14.3472003936768,1,"ÖAMTC","1099201","JET"
"46.7602996826172,15.2069997787476",46.7602996826172,15.2069997787476,1,"ÖAMTC","1140254","SOCAR"
"46.7603988647461,15.2178001403809",46.7603988647461,15.2178001403809,1,"ÖAMTC","1209448","Tankstelle Koch GmbH"
"46.7610015869141,14.3662004470825",46.7610015869141,14.3662004470825,1,"ÖAMTC","1201557","Avanti"
"46.7616004943848,15.4018001556396",46.7616004943848,15.4018001556396,1,"ÖAMTC","1209024","Eni"
"46.7636985778809,15.5803003311157",46.7636985778809,15.5803003311157,1,"ÖAMTC","1207919","OMV"
"46.7639999389648,15.9011001586914",46.7639999389648,15.9011001586914,1,"ÖAMTC","1000816","Diskont-Tankstelle R<U+00F6>ck"
"46.7641983032227,15.4941997528076",46.7641983032227,15.4941997528076,1,"ÖAMTC","1209640","Shell"
"46.7658996582031,14.3660001754761",46.7658996582031,14.3660001754761,1,"ÖAMTC","1208455","OMV"
"46.7661018371582,15.9312000274658",46.7661018371582,15.9312000274658,1,"ÖAMTC","1209109","Genol"
"46.7662010192871,14.377200126648",46.7662010192871,14.377200126648,1,"ÖAMTC","1211257","Turm<U+00F6>l"
"46.7681007385254,15.236499786377",46.7681007385254,15.236499786377,1,"ÖAMTC","1208894","Lagerhaus"
"46.7724990844727,14.3671998977661",46.7724990844727,14.3671998977661,1,"ÖAMTC","1129451","BP"
"46.7727012634277,15.5548000335693",46.7727012634277,15.5548000335693,1,"ÖAMTC","1201612","Diskont"
"46.782398223877,13.5340003967285",46.782398223877,13.5340003967285,1,"ÖAMTC","1201481","BP Stiglechner"
"46.7826995849609,13.5345001220703",46.7826995849609,13.5345001220703,1,"ÖAMTC","1201481","BP Stiglechner"
"46.7837982177734,15.5425996780396",46.7837982177734,15.5425996780396,1,"ÖAMTC","1201536","Treibstoffparadies Kohlhammer"
"46.7844009399414,15.9435997009277",46.7844009399414,15.9435997009277,1,"ÖAMTC","1010346","Tankstelle Glauninger"
"46.787899017334,13.5186004638672",46.787899017334,13.5186004638672,1,"ÖAMTC","1209807","DISKONT Tankstelle (HOFER Parkplatz)"
"46.7900009155273,15.8528995513916",46.7900009155273,15.8528995513916,1,"ÖAMTC","1201530","Landkauf Bund"
"46.7913017272949,13.5103998184204",46.7913017272949,13.5103998184204,1,"ÖAMTC","1099205","JET"
"46.7915992736816,13.5094995498657",46.7915992736816,13.5094995498657,1,"ÖAMTC","1000115","OMV"
"46.7919006347656,13.5080995559692",46.7919006347656,13.5080995559692,1,"ÖAMTC","1208311","Eni"
"46.7976989746094,15.5565996170044",46.7976989746094,15.5565996170044,1,"ÖAMTC","1209731","DISKONT Tankstelle (HOFER Parkplatz)"
"46.7977981567383,15.7615003585815",46.7977981567383,15.7615003585815,1,"ÖAMTC","1124967","Lagerhaus"
"46.7983016967773,13.7103996276855",46.7983016967773,13.7103996276855,1,"ÖAMTC","1130343","Eni"
"46.7991981506348,15.7596998214722",46.7991981506348,15.7596998214722,1,"ÖAMTC","1210543","Rumpold"
"46.7993011474609,13.686900138855",46.7993011474609,13.686900138855,1,"ÖAMTC","1207950","Turm<U+00F6>l Quick"
"46.7993011474609,13.6875",46.7993011474609,13.6875,1,"ÖAMTC","1213461","Shell"
"46.8004989624023,13.4912996292114",46.8004989624023,13.4912996292114,1,"ÖAMTC","1188072","Eni"
"46.8012008666992,14.4026002883911",46.8012008666992,14.4026002883911,1,"ÖAMTC","1201512","Steindorfer Truck-Stop"
"46.8041000366211,15.5574998855591",46.8041000366211,15.5574998855591,1,"ÖAMTC","1209445","BP Stiglechner"
"46.804500579834,15.5560998916626",46.804500579834,15.5560998916626,1,"ÖAMTC","1209444","Hirschmugl"
"46.8045997619629,15.5569000244141",46.8045997619629,15.5569000244141,1,"ÖAMTC","1132785","JET"
"46.8046989440918,15.5569000244141",46.8046989440918,15.5569000244141,1,"ÖAMTC","1132785","JET"
"46.8054008483887,15.5600004196167",46.8054008483887,15.5600004196167,1,"ÖAMTC","1209446","Eni"
"46.8054008483887,15.8502998352051",46.8054008483887,15.8502998352051,1,"ÖAMTC","1209022","Tankstelle Tropper- Grinschgl"
"46.8058013916016,15.7115001678467",46.8058013916016,15.7115001678467,1,"ÖAMTC","1209672","Rumpold"
"46.8061981201172,13.4840002059937",46.8061981201172,13.4840002059937,1,"ÖAMTC","1207945","F. Leitner "
"46.8073997497559,15.648099899292",46.8073997497559,15.648099899292,1,"ÖAMTC","1209295","Lagerhaus"
"46.8143997192383,13.8006000518799",46.8143997192383,13.8006000518799,1,"ÖAMTC","1208293","Eni"
"46.8154983520508,15.2180004119873",46.8154983520508,15.2180004119873,1,"ÖAMTC","1031981","EMSI OIL"
"46.8158988952637,15.2346000671387",46.8158988952637,15.2346000671387,1,"ÖAMTC","1004024","OMV"
"46.8158988952637,15.4624996185303",46.8158988952637,15.4624996185303,1,"ÖAMTC","1213497","M3 Tankstelle"
"46.8171997070312,13.5109996795654",46.8171997070312,13.5109996795654,1,"ÖAMTC","1207674","OMV"
"46.8193016052246,15.2277002334595",46.8193016052246,15.2277002334595,1,"ÖAMTC","1201615","Turm<U+00F6>l Quick"
"46.8204002380371,15.2370004653931",46.8204002380371,15.2370004653931,1,"ÖAMTC","1212773","F. Leitner "
"46.8222007751465,15.3191995620728",46.8222007751465,15.3191995620728,1,"ÖAMTC","1208966","Genol"
"46.8272018432617,12.8148002624512",46.8272018432617,12.8148002624512,1,"ÖAMTC","1208491","DISKONT Tankstelle (HOFER Parkplatz)"
"46.8272018432617,14.8399000167847",46.8272018432617,14.8399000167847,1,"ÖAMTC","1139232","JET"
"46.8274002075195,15.2357997894287",46.8274002075195,15.2357997894287,1,"ÖAMTC","1207673","Tankstelle Kl<U+00F6>sch"
"46.8274993896484,15.2356996536255",46.8274993896484,15.2356996536255,1,"ÖAMTC","1207673","Tankstelle Kl<U+00F6>sch"
"46.8277015686035,15.237099647522",46.8277015686035,15.237099647522,1,"ÖAMTC","1208508","Treibstoffparadies Kohlhammer"
"46.8278999328613,14.8392000198364",46.8278999328613,14.8392000198364,1,"ÖAMTC","1130098","OMV"
"46.8287010192871,15.9650001525879",46.8287010192871,15.9650001525879,1,"ÖAMTC","1209227","Genol"
"46.8291015625,15.964599609375",46.8291015625,15.964599609375,1,"ÖAMTC","1209227","Genol"
"46.8303985595703,12.754599571228",46.8303985595703,12.754599571228,1,"ÖAMTC","1201175","BP"
"46.8308982849121,12.7754001617432",46.8308982849121,12.7754001617432,1,"ÖAMTC","1000930","OMV"
"46.8310012817383,12.7841997146606",46.8310012817383,12.7841997146606,1,"ÖAMTC","1201068","JET"
"46.8310012817383,15.5524997711182",46.8310012817383,15.5524997711182,1,"ÖAMTC","1208066","Shell"
"46.8311004638672,12.7831001281738",46.8311004638672,12.7831001281738,1,"ÖAMTC","1208971","Eni"
"46.8316993713379,12.7534999847412",46.8316993713379,12.7534999847412,1,"ÖAMTC","1201067","OMV Fast Lane"
"46.8333015441895,15.5476999282837",46.8333015441895,15.5476999282837,1,"ÖAMTC","1213419","Shell"
"46.8361015319824,15.3798999786377",46.8361015319824,15.3798999786377,1,"ÖAMTC","1139144","Tankstelle Gegg"
"46.8367004394531,13.3737001419067",46.8367004394531,13.3737001419067,1,"ÖAMTC","1201498","BP"
"46.839900970459,15.5177001953125",46.839900970459,15.5177001953125,1,"ÖAMTC","1017116","OIL!"
"46.8400993347168,15.5902996063232",46.8400993347168,15.5902996063232,1,"ÖAMTC","1208889","Lagerhaus"
"46.8404006958008,15.5904998779297",46.8404006958008,15.5904998779297,1,"ÖAMTC","1208889","Lagerhaus"
"46.8422012329102,15.8298997879028",46.8422012329102,15.8298997879028,1,"ÖAMTC","1209276","Genol"
"46.842399597168,15.7250003814697",46.842399597168,15.7250003814697,1,"ÖAMTC","1209236","Genol"
"46.842399597168,15.8298997879028",46.842399597168,15.8298997879028,1,"ÖAMTC","1209276","Genol"
"46.8438987731934,14.839599609375",46.8438987731934,14.839599609375,1,"ÖAMTC","1130093","Lagerhaus"
"46.8443984985352,15.6578998565674",46.8443984985352,15.6578998565674,1,"ÖAMTC","1212997","Vulkan Residenz GmbH"
"46.8464012145996,14.8436002731323",46.8464012145996,14.8436002731323,1,"ÖAMTC","1000085","Turm<U+00F6>l Quick"
"46.8470993041992,15.5378999710083",46.8470993041992,15.5378999710083,1,"ÖAMTC","1208586","SOCAR"
"46.8474006652832,14.8440999984741",46.8474006652832,14.8440999984741,1,"ÖAMTC","1160071","OMV"
"46.8488998413086,10.5054998397827",46.8488998413086,10.5054998397827,1,"ÖAMTC","1137228","BP"
"46.8489990234375,14.0865001678467",46.8489990234375,14.0865001678467,1,"ÖAMTC","1209476","Tankstelle Deutsch-Griffen"
"46.8507995605469,15.5860004425049",46.8507995605469,15.5860004425049,1,"ÖAMTC","1209755","F. Leitner "
"46.851001739502,14.1674995422363",46.851001739502,14.1674995422363,1,"ÖAMTC","1209470","SOCAR"
"46.8511009216309,14.1534004211426",46.8511009216309,14.1534004211426,1,"ÖAMTC","1209471","Genol"
"46.8513984680176,15.5142002105713",46.8513984680176,15.5142002105713,1,"ÖAMTC","1213117","Rumpold"
"46.8526000976562,15.4107999801636",46.8526000976562,15.4107999801636,1,"ÖAMTC","1201117","Eni"
"46.8535003662109,15.4098997116089",46.8535003662109,15.4098997116089,1,"ÖAMTC","1210660","Treibstoffparadies Kohlhammer"
"46.855598449707,13.8923997879028",46.855598449707,13.8923997879028,1,"ÖAMTC","1201420","BP"
"46.8572998046875,15.5361003875732",46.8572998046875,15.5361003875732,1,"ÖAMTC","1017115","OIL!"
"46.8581008911133,14.8533000946045",46.8581008911133,14.8533000946045,1,"ÖAMTC","1140337","Treibstoffparadies Kohlhammer"
"46.8624000549316,12.8905000686646",46.8624000549316,12.8905000686646,1,"ÖAMTC","1209480","Eni"
"46.8652992248535,14.4638004302979",46.8652992248535,14.4638004302979,1,"ÖAMTC","1000078","Lagerhaus"
"46.8652992248535,15.6501998901367",46.8652992248535,15.6501998901367,1,"ÖAMTC","1209285","Genol"
"46.8656005859375,15.6501998901367",46.8656005859375,15.6501998901367,1,"ÖAMTC","1209285","Genol"
"46.8656997680664,14.4647998809814",46.8656997680664,14.4647998809814,1,"ÖAMTC","1000078","Lagerhaus"
"46.8656997680664,15.7755002975464",46.8656997680664,15.7755002975464,1,"ÖAMTC","1209021","Walter Tankstelle"
"46.8684997558594,15.8894996643066",46.8684997558594,15.8894996643066,1,"ÖAMTC","1209442","Tankstelle MBH"
"46.8695983886719,15.9024000167847",46.8695983886719,15.9024000167847,1,"ÖAMTC","1067336","SOCAR"
"46.8707008361816,15.8259000778198",46.8707008361816,15.8259000778198,1,"ÖAMTC","1209492","Autohaus Trummer"
"46.8717994689941,14.4673004150391",46.8717994689941,14.4673004150391,1,"ÖAMTC","1002118","OMV"
"46.8739013671875,15.5804996490479",46.8739013671875,15.5804996490479,1,"ÖAMTC","1201400","Turm<U+00F6>l"
"46.8754005432129,15.899299621582",46.8754005432129,15.899299621582,1,"ÖAMTC","1209267","Lagerhaus"
"46.8799018859863,14.5057001113892",46.8799018859863,14.5057001113892,1,"ÖAMTC","1209468","Kuss Autodienst"
"46.8821983337402,15.8177995681763",46.8821983337402,15.8177995681763,1,"ÖAMTC","1208759","SOCAR"
"46.8846015930176,15.520299911499",46.8846015930176,15.520299911499,1,"ÖAMTC","1207702","Lagerhaus"
"46.8847999572754,15.519100189209",46.8847999572754,15.519100189209,1,"ÖAMTC","1207702","Lagerhaus"
"46.8860015869141,15.5443000793457",46.8860015869141,15.5443000793457,1,"ÖAMTC","1201120","Tankstelle Pock"
"46.8877983093262,15.5015001296997",46.8877983093262,15.5015001296997,1,"ÖAMTC","1000808","Treibstoffparadies Kohlhammer"
"46.8881988525391,15.2594003677368",46.8881988525391,15.2594003677368,1,"ÖAMTC","1099256","JET"
"46.8900985717773,15.4979000091553",46.8900985717773,15.4979000091553,1,"ÖAMTC","1208284","Eni"
"46.8922996520996,10.499400138855",46.8922996520996,10.499400138855,1,"ÖAMTC","1201200","BP"
"46.8947982788086,14.335000038147",46.8947982788086,14.335000038147,1,"ÖAMTC","1209469","Lagerhaus"
"46.896900177002,15.2690000534058",46.896900177002,15.2690000534058,1,"ÖAMTC","1209763","Turm<U+00F6>l Quick"
"46.9011993408203,15.7137002944946",46.9011993408203,15.7137002944946,1,"ÖAMTC","1209516","Eni"
"46.9028015136719,15.7130002975464",46.9028015136719,15.7130002975464,1,"ÖAMTC","1201213","Lagerhaus"
"46.9029998779297,13.529899597168",46.9029998779297,13.529899597168,1,"ÖAMTC","1208329","Lagerhaus"
"46.9058990478516,13.5318002700806",46.9058990478516,13.5318002700806,1,"ÖAMTC","1201427","Shell"
"46.912899017334,15.4100999832153",46.912899017334,15.4100999832153,1,"ÖAMTC","1201193","F. Leitner "
"46.9197006225586,13.5796003341675",46.9197006225586,13.5796003341675,1,"ÖAMTC","1208407","OMV"
"46.9224014282227,12.910400390625",46.9224014282227,12.910400390625,1,"ÖAMTC","1207666","Eni"
"46.9225006103516,12.910400390625",46.9225006103516,12.910400390625,1,"ÖAMTC","1207666","Eni"
"46.9289016723633,15.2562999725342",46.9289016723633,15.2562999725342,1,"ÖAMTC","1207672","Tankstelle Tschuchnigg"
"46.9300994873047,13.2073001861572",46.9300994873047,13.2073001861572,1,"ÖAMTC","1201073","Wulz"
"46.9301986694336,14.5481004714966",46.9301986694336,14.5481004714966,1,"ÖAMTC","1210247","Diskont - Cafe Nadia"
"46.9334983825684,15.4674997329712",46.9334983825684,15.4674997329712,1,"ÖAMTC","1169501","BP Stiglechner"
"46.9342994689941,15.6648998260498",46.9342994689941,15.6648998260498,1,"ÖAMTC","1208512","SOCAR"
"46.934398651123,13.1935997009277",46.934398651123,13.1935997009277,1,"ÖAMTC","1207718","Lagerhaus"
"46.934398651123,15.6653003692627",46.934398651123,15.6653003692627,1,"ÖAMTC","1131148","Deine SB Tankstelle"
"46.934700012207,12.5747003555298",46.934700012207,12.5747003555298,1,"ÖAMTC","1209486","Eni"
"46.9353981018066,16.1418991088867",46.9353981018066,16.1418991088867,1,"ÖAMTC","1208965","Genol"
"46.9370994567871,16.1352996826172",46.9370994567871,16.1352996826172,1,"ÖAMTC","1201426","Tankstelle Schwarzer"
"46.9375,16.1439990997314",46.9375,16.1439990997314,1,"ÖAMTC","1000055","Eni"
"46.9375991821289,16.003999710083",46.9375991821289,16.003999710083,1,"ÖAMTC","1000804","Turm<U+00F6>l Quick"
"46.9379997253418,16.1487998962402",46.9379997253418,16.1487998962402,1,"ÖAMTC","1208688","SOCAR"
"46.9410018920898,15.7864999771118",46.9410018920898,15.7864999771118,1,"ÖAMTC","1127996","Tankstelle Rossmann"
"46.9439010620117,14.819299697876",46.9439010620117,14.819299697876,1,"ÖAMTC","1214096","SOCAR Bad St. Leonhard"
"46.9462013244629,15.9195995330811",46.9462013244629,15.9195995330811,1,"ÖAMTC","1210948","Eni"
"46.9486999511719,15.3374004364014",46.9486999511719,15.3374004364014,1,"ÖAMTC","1207875","BP Stiglechner"
"46.9495010375977,15.9075002670288",46.9495010375977,15.9075002670288,1,"ÖAMTC","1211189","Turm<U+00F6>l"
"46.9496994018555,15.9096002578735",46.9496994018555,15.9096002578735,1,"ÖAMTC","1210371","JET"
"46.9500007629395,15.9055004119873",46.9500007629395,15.9055004119873,1,"ÖAMTC","1080914","Shell"
"46.9516983032227,16.0098991394043",46.9516983032227,16.0098991394043,1,"ÖAMTC","1067331","SOCAR"
"46.9522018432617,14.4153003692627",46.9522018432617,14.4153003692627,1,"ÖAMTC","1000081","Turm<U+00F6>l Quick"
"46.9524002075195,15.8702001571655",46.9524002075195,15.8702001571655,1,"ÖAMTC","1209733","DISKONT Tankstelle (HOFER Parkplatz)"
"46.9525985717773,15.3341999053955",46.9525985717773,15.3341999053955,1,"ÖAMTC","1209866","F. Leitner"
"46.9538993835449,15.8500995635986",46.9538993835449,15.8500995635986,1,"ÖAMTC","1128703","BP Stiglechner"
"46.9543991088867,15.8836002349854",46.9543991088867,15.8836002349854,1,"ÖAMTC","1213960","Rumpold"
"46.9560012817383,15.9567003250122",46.9560012817383,15.9567003250122,1,"ÖAMTC","1213041","M3 Tankstelle"
"46.9566993713379,15.5848999023438",46.9566993713379,15.5848999023438,1,"ÖAMTC","1207762","Eni"
"46.9581985473633,15.8873996734619",46.9581985473633,15.8873996734619,1,"ÖAMTC","1207739","Genol"
"46.9585990905762,14.9126996994019",46.9585990905762,14.9126996994019,1,"ÖAMTC","1208401","Eni"
"46.959300994873,15.3815002441406",46.959300994873,15.3815002441406,1,"ÖAMTC","1207841","OMV"
"46.9598007202148,13.6167001724243",46.9598007202148,13.6167001724243,1,"ÖAMTC","1209483","Tankstelle Magnes"
"46.9620018005371,14.7952995300293",46.9620018005371,14.7952995300293,1,"ÖAMTC","1208682","OMV"
"46.9620018005371,15.3528003692627",46.9620018005371,15.3528003692627,1,"ÖAMTC","1209692","Avanti"
"46.9631004333496,11.0076999664307",46.9631004333496,11.0076999664307,1,"ÖAMTC","1098698","BP"
"46.9673004150391,15.8414001464844",46.9673004150391,15.8414001464844,1,"ÖAMTC","1067333","SOCAR"
"46.9681015014648,15.8037004470825",46.9681015014648,15.8037004470825,1,"ÖAMTC","1131893","Tankstelle Knittelfelder"
"46.9682006835938,10.5319004058838",46.9682006835938,10.5319004058838,1,"ÖAMTC","1208542","Disk"
"46.9688987731934,15.585000038147",46.9688987731934,15.585000038147,1,"ÖAMTC","1209277","Genol"
"46.9693984985352,15.4070997238159",46.9693984985352,15.4070997238159,1,"ÖAMTC","1208819","SB-Center Erhart"
"46.9710006713867,15.4364995956421",46.9710006713867,15.4364995956421,1,"ÖAMTC","1207869","SOCAR"
"46.9710006713867,15.4595003128052",46.9710006713867,15.4595003128052,1,"ÖAMTC","1099931","JET"
"46.9720993041992,15.3612003326416",46.9720993041992,15.3612003326416,1,"ÖAMTC","1207638","OMV"
"46.9721984863281,15.4702997207642",46.9721984863281,15.4702997207642,1,"ÖAMTC","1156975","OMV"
"46.9724006652832,15.7869997024536",46.9724006652832,15.7869997024536,1,"ÖAMTC","1133310","Tankstelle Baumgartner"
"46.9737014770508,15.4266996383667",46.9737014770508,15.4266996383667,1,"ÖAMTC","1201428","Eni"
"46.9747009277344,15.4982995986938",46.9747009277344,15.4982995986938,1,"ÖAMTC","1213810","M3 Tankstelle"
"46.9756011962891,11.0108995437622",46.9756011962891,11.0108995437622,1,"ÖAMTC","1102294","Shell"
"46.9766006469727,15.328800201416",46.9766006469727,15.328800201416,1,"ÖAMTC","1172379","BP"
"46.9771003723145,15.7206001281738",46.9771003723145,15.7206001281738,1,"ÖAMTC","1133305","Tankstelle St<U+00F6>hr-Schwarzl"
"46.9799995422363,14.2115001678467",46.9799995422363,14.2115001678467,1,"ÖAMTC","1209472","Lagerhaus"
"46.9809989929199,14.2196998596191",46.9809989929199,14.2196998596191,1,"ÖAMTC","1201610","Tankstelle Kerschbaumer"
"46.9813995361328,12.5500001907349",46.9813995361328,12.5500001907349,1,"ÖAMTC","1210472","Lagerhaus"
"46.9822006225586,15.5656003952026",46.9822006225586,15.5656003952026,1,"ÖAMTC","1201598","BP"
"46.9883995056152,16.2576007843018",46.9883995056152,16.2576007843018,1,"ÖAMTC","1000054","AVIA"
"46.9897994995117,15.3985004425049",46.9897994995117,15.3985004425049,1,"ÖAMTC","1201413","HI5- Diskont"
"46.9898986816406,12.5444002151489",46.9898986816406,12.5444002151489,1,"ÖAMTC","1208897","Disk"
"46.9898986816406,12.5445003509521",46.9898986816406,12.5445003509521,1,"ÖAMTC","1140233","Eni Gutmann"
"46.9925003051758,15.2117004394531",46.9925003051758,15.2117004394531,1,"ÖAMTC","1213441","M3 Tankstelle"
"46.9936981201172,15.4548997879028",46.9936981201172,15.4548997879028,1,"ÖAMTC","1120301","Tankstelle Konrad"
"46.9957008361816,15.8867998123169",46.9957008361816,15.8867998123169,1,"ÖAMTC","1210443","Genol"
"46.996898651123,15.4968004226685",46.996898651123,15.4968004226685,1,"ÖAMTC","1000762","Shell"
"46.9992980957031,15.7739000320435",46.9992980957031,15.7739000320435,1,"ÖAMTC","1208476","Genol"
"47.0018005371094,12.4643001556396",47.0018005371094,12.4643001556396,1,"ÖAMTC","1201066","BP"
"47.0019989013672,14.752200126648",47.0019989013672,14.752200126648,1,"ÖAMTC","1209475","F. Leitner "
"47.002498626709,15.2729997634888",47.002498626709,15.2729997634888,1,"ÖAMTC","1132780","Diskont Tankstelle Kaier"
"47.0026016235352,15.2728996276855",47.0026016235352,15.2728996276855,1,"ÖAMTC","1132780","Diskont Tankstelle Kaier"
"47.005500793457,16.1124992370605",47.005500793457,16.1124992370605,1,"ÖAMTC","1002036","ProRast"
"47.0055999755859,15.5417003631592",47.0055999755859,15.5417003631592,1,"ÖAMTC","1208878","Diesel"
"47.0075988769531,11.5090999603271",47.0075988769531,11.5090999603271,1,"ÖAMTC","1209385","OMV"
"47.0079002380371,11.5072002410889",47.0079002380371,11.5072002410889,1,"ÖAMTC","1158591","Shell"
"47.0082015991211,15.3978004455566",47.0082015991211,15.3978004455566,1,"ÖAMTC","1208584","Shell"
"47.0088005065918,15.4405002593994",47.0088005065918,15.4405002593994,1,"ÖAMTC","1209704","F. Leitner "
"47.0116996765137,16.1840991973877",47.0116996765137,16.1840991973877,1,"ÖAMTC","1209413","Spritk<U+00F6>nig"
"47.0117988586426,16.184700012207",47.0117988586426,16.184700012207,1,"ÖAMTC","1209413","Spritk<U+00F6>nig"
"47.0133018493652,15.398699760437",47.0133018493652,15.398699760437,1,"ÖAMTC","1207938","SOCAR"
"47.0133018493652,15.4090003967285",47.0133018493652,15.4090003967285,1,"ÖAMTC","1201103","Shell"
"47.0139007568359,15.4097995758057",47.0139007568359,15.4097995758057,1,"ÖAMTC","1209592","DISKONT Tankstelle (HOFER Parkplatz)"
"47.0144004821777,11.5058002471924",47.0144004821777,11.5058002471924,1,"ÖAMTC","1000890","OMV"
"47.0145988464355,15.4739999771118",47.0145988464355,15.4739999771118,1,"ÖAMTC","1208380","SOCAR"
"47.0157012939453,10.2968997955322",47.0157012939453,10.2968997955322,1,"ÖAMTC","1048446","BP"
"47.0162010192871,9.99129962921143",47.0162010192871,9.99129962921143,1,"ÖAMTC","1201632","BP LM Energy"
"47.0177001953125,11.5073003768921",47.0177001953125,11.5073003768921,1,"ÖAMTC","1002263","OMV"
"47.0200996398926,15.4385995864868",47.0200996398926,15.4385995864868,1,"ÖAMTC","1210668","BP Stiglechner"
"47.0205001831055,15.4106998443604",47.0205001831055,15.4106998443604,1,"ÖAMTC","1208515","Roth"
"47.0210990905762,16.05299949646",47.0210990905762,16.05299949646,1,"ÖAMTC","1209612","Tankstelle Falk"
"47.0234985351562,12.8622999191284",47.0234985351562,12.8622999191284,1,"ÖAMTC","1209481","Glockner Tankstelle"
"47.0237998962402,15.0553998947144",47.0237998962402,15.0553998947144,1,"ÖAMTC","1201228","SB DISKONT plus"
"47.0251998901367,10.9946002960205",47.0251998901367,10.9946002960205,1,"ÖAMTC","1209399","Eni"
"47.0262985229492,15.8894996643066",47.0262985229492,15.8894996643066,1,"ÖAMTC","1209814","Tankstelle Prehm"
"47.0269012451172,15.400899887085",47.0269012451172,15.400899887085,1,"ÖAMTC","1211185","Turm<U+00F6>l"
"47.0284004211426,15.4319000244141",47.0284004211426,15.4319000244141,1,"ÖAMTC","1208653","F. Leitner "
"47.0293006896973,15.4026002883911",47.0293006896973,15.4026002883911,1,"ÖAMTC","1201111","Rumpold"
"47.029598236084,15.4320001602173",47.029598236084,15.4320001602173,1,"ÖAMTC","1208492","Spritk<U+00F6>nig"
"47.0298004150391,15.4006004333496",47.0298004150391,15.4006004333496,1,"ÖAMTC","1099249","Avanti"
"47.029899597168,15.4945001602173",47.029899597168,15.4945001602173,1,"ÖAMTC","1099572","F. Leitner "
"47.030200958252,15.4373998641968",47.030200958252,15.4373998641968,1,"ÖAMTC","1208498","DISKONT Tankstelle (HOFER Parkplatz)"
"47.0318984985352,15.440899848938",47.0318984985352,15.440899848938,1,"ÖAMTC","1207763","F. Leitner "
"47.032901763916,15.430700302124",47.032901763916,15.430700302124,1,"ÖAMTC","1150466","Sprint"
"47.0331993103027,15.3990001678467",47.0331993103027,15.3990001678467,1,"ÖAMTC","1127248","OMV"
"47.0335006713867,15.4427003860474",47.0335006713867,15.4427003860474,1,"ÖAMTC","1201597","BP"
"47.0337982177734,15.4088001251221",47.0337982177734,15.4088001251221,1,"ÖAMTC","1201104","Turm<U+00F6>l Quick"
"47.0340995788574,10.7483997344971",47.0340995788574,10.7483997344971,1,"ÖAMTC","1208868","Disk"
"47.0345993041992,15.3003997802734",47.0345993041992,15.3003997802734,1,"ÖAMTC","1213357","Eni"
"47.0353012084961,11.4820003509521",47.0353012084961,11.4820003509521,1,"ÖAMTC","1061783","Eni Gutmann"
"47.0367012023926,15.4625997543335",47.0367012023926,15.4625997543335,1,"ÖAMTC","1207839","Avanti"
"47.0368003845215,16.0930995941162",47.0368003845215,16.0930995941162,1,"ÖAMTC","1125821","Spritk<U+00F6>nig"
"47.0376014709473,11.4734001159668",47.0376014709473,11.4734001159668,1,"ÖAMTC","1061781","BP"
"47.0387992858887,16.0863990783691",47.0387992858887,16.0863990783691,1,"ÖAMTC","1044360","Genol"
"47.0388984680176,15.4521999359131",47.0388984680176,15.4521999359131,1,"ÖAMTC","1208420","F. Leitner "
"47.0395011901855,11.4750995635986",47.0395011901855,11.4750995635986,1,"ÖAMTC","1061782","BP"
"47.0421981811523,15.4643001556396",47.0421981811523,15.4643001556396,1,"ÖAMTC","1140211","OMV"
"47.0429000854492,15.7468996047974",47.0429000854492,15.7468996047974,1,"ÖAMTC","1209235","Lagerhaus"
"47.043098449707,11.4827995300293",47.043098449707,11.4827995300293,1,"ÖAMTC","1208699","GT G<U+00FC>nstig Tanken"
"47.043098449707,15.4874000549316",47.043098449707,15.4874000549316,1,"ÖAMTC","1099247","JET"
"47.0433006286621,15.5193996429443",47.0433006286621,15.5193996429443,1,"ÖAMTC","1208432","F. Leitner "
"47.043701171875,15.487099647522",47.043701171875,15.487099647522,1,"ÖAMTC","1201328","OMV"
"47.0443992614746,15.5104999542236",47.0443992614746,15.5104999542236,1,"ÖAMTC","1106588","Eni"
"47.0446014404297,15.1590995788574",47.0446014404297,15.1590995788574,1,"ÖAMTC","1005621","Turm<U+00F6>l Quick"
"47.0471000671387,15.7462997436523",47.0471000671387,15.7462997436523,1,"ÖAMTC","1209774","Avanti"
"47.0474014282227,16.3180999755859",47.0474014282227,16.3180999755859,1,"ÖAMTC","1207962","Turm<U+00F6>l"
"47.0479011535645,15.1540002822876",47.0479011535645,15.1540002822876,1,"ÖAMTC","1001542","Eni"
"47.048698425293,15.4524002075195",47.048698425293,15.4524002075195,1,"ÖAMTC","1004341","Tank Roth"
"47.048999786377,15.4159002304077",47.048999786377,15.4159002304077,1,"ÖAMTC","1201547","Turm<U+00F6>l"
"47.048999786377,16.0893001556396",47.048999786377,16.0893001556396,1,"ÖAMTC","1002035","Avanti"
"47.0494995117188,15.4806995391846",47.0494995117188,15.4806995391846,1,"ÖAMTC","1207981","Rumpold"
"47.0505981445312,15.851900100708",47.0505981445312,15.851900100708,1,"ÖAMTC","1188079","Genol"
"47.0507011413574,15.851900100708",47.0507011413574,15.851900100708,1,"ÖAMTC","1209019","Genol"
"47.0511016845703,15.2192001342773",47.0511016845703,15.2192001342773,1,"ÖAMTC","1035639","Turm<U+00F6>l Quick"
"47.0511016845703,15.4512996673584",47.0511016845703,15.4512996673584,1,"ÖAMTC","1211229","Turm<U+00F6>l"
"47.0512008666992,15.4517002105713",47.0512008666992,15.4517002105713,1,"ÖAMTC","1211229","Turm<U+00F6>l"
"47.0517997741699,15.6042003631592",47.0517997741699,15.6042003631592,1,"ÖAMTC","1207694","Genol"
"47.0523986816406,15.3690996170044",47.0523986816406,15.3690996170044,1,"ÖAMTC","1201172","SOCAR"
"47.0527000427246,15.1318998336792",47.0527000427246,15.1318998336792,1,"ÖAMTC","1210656","Genol"
"47.0527000427246,15.4430999755859",47.0527000427246,15.4430999755859,1,"ÖAMTC","1208136","Rumpold"
"47.0532989501953,15.1254997253418",47.0532989501953,15.1254997253418,1,"ÖAMTC","1099257","JET"
"47.0535011291504,16.0809001922607",47.0535011291504,16.0809001922607,1,"ÖAMTC","1210136","Autowascharena"
"47.0545997619629,15.1365995407104",47.0545997619629,15.1365995407104,1,"ÖAMTC","1201515","SB DISKONT plus"
"47.0545997619629,15.4162998199463",47.0545997619629,15.4162998199463,1,"ÖAMTC","1201548","Eni"
"47.0546989440918,16.1109008789062",47.0546989440918,16.1109008789062,1,"ÖAMTC","1209073","Genol"
"47.0550994873047,16.1089000701904",47.0550994873047,16.1089000701904,1,"ÖAMTC","1201553","Landestankstelle Luisser"
"47.0559005737305,15.4483003616333",47.0559005737305,15.4483003616333,1,"ÖAMTC","1207595","BP"
"47.0568008422852,15.4288997650146",47.0568008422852,15.4288997650146,1,"ÖAMTC","1209811","DISKONT Tankstelle (HOFER Parkplatz)"
"47.0569000244141,15.917799949646",47.0569000244141,15.917799949646,1,"ÖAMTC","1080328","Genol"
"47.056999206543,15.8332996368408",47.056999206543,15.8332996368408,1,"ÖAMTC","1207985","Eni"
"47.057201385498,15.4540004730225",47.057201385498,15.4540004730225,1,"ÖAMTC","1031936","BP"
"47.0573997497559,10.6536998748779",47.0573997497559,10.6536998748779,1,"ÖAMTC","1133859","OMV"
"47.0575981140137,16.0697994232178",47.0575981140137,16.0697994232178,1,"ÖAMTC","1208139","IQ Stiglechner"
"47.0577011108398,15.470700263977",47.0577011108398,15.470700263977,1,"ÖAMTC","1208036","Shell"
"47.0578002929688,16.4755992889404",47.0578002929688,16.4755992889404,1,"ÖAMTC","1209005","Genol"
"47.0592002868652,15.4266996383667",47.0592002868652,15.4266996383667,1,"ÖAMTC","1201354","Turm<U+00F6>l Quick"
"47.0592002868652,16.0657005310059",47.0592002868652,16.0657005310059,1,"ÖAMTC","1209687","Eni"
"47.0595016479492,15.4137001037598",47.0595016479492,15.4137001037598,1,"ÖAMTC","1018608","OMV"
"47.0605010986328,15.4305000305176",47.0605010986328,15.4305000305176,1,"ÖAMTC","1210227","M3 Tankstelle"
"47.0610008239746,15.421199798584",47.0610008239746,15.421199798584,1,"ÖAMTC","1099246","Sprint"
"47.0611000061035,15.4684000015259",47.0611000061035,15.4684000015259,1,"ÖAMTC","1208100","SOCAR"
"47.0611991882324,15.4210996627808",47.0611991882324,15.4210996627808,1,"ÖAMTC","1099246","Sprint"
"47.0614013671875,15.0795001983643",47.0614013671875,15.0795001983643,1,"ÖAMTC","1005617","Turm<U+00F6>l"
"47.0619010925293,15.0921001434326",47.0619010925293,15.0921001434326,1,"ÖAMTC","1005615","Treibstoffparadies Kohlhammer"
"47.0624008178711,14.4316997528076",47.0624008178711,14.4316997528076,1,"ÖAMTC","1210116","Turm<U+00F6>l"
"47.0625,15.4231004714966",47.0625,15.4231004714966,1,"ÖAMTC","1208132","F. Leitner "
"47.0626983642578,15.0836000442505",47.0626983642578,15.0836000442505,1,"ÖAMTC","1209009","Genol"
"47.0632019042969,11.4872999191284",47.0632019042969,11.4872999191284,1,"ÖAMTC","1061779","Disk"
"47.0632019042969,15.5907001495361",47.0632019042969,15.5907001495361,1,"ÖAMTC","1094048","Shell"
"47.0644989013672,16.3255004882812",47.0644989013672,16.3255004882812,1,"ÖAMTC","1207707","Eni Stiglechner"
"47.0654983520508,16.0799007415771",47.0654983520508,16.0799007415771,1,"ÖAMTC","1213852","JET"
"47.065601348877,14.6971998214722",47.065601348877,14.6971998214722,1,"ÖAMTC","1207822","Lagerhaus"
"47.0657005310059,16.036600112915",47.0657005310059,16.036600112915,1,"ÖAMTC","1132782","OMV"
"47.0657997131348,16.0793991088867",47.0657997131348,16.0793991088867,1,"ÖAMTC","1213557","Shell"
"47.0658988952637,15.4202003479004",47.0658988952637,15.4202003479004,1,"ÖAMTC","1201596","SOCAR"
"47.0660018920898,16.0802001953125",47.0660018920898,16.0802001953125,1,"ÖAMTC","1213852","JET"
"47.0676002502441,14.4301996231079",47.0676002502441,14.4301996231079,1,"ÖAMTC","1087977","OMV"
"47.067798614502,15.8018999099731",47.067798614502,15.8018999099731,1,"ÖAMTC","1209019","Genol"
"47.0703010559082,15.2552995681763",47.0703010559082,15.2552995681763,1,"ÖAMTC","1201109","Genol"
"47.0708999633789,15.1304998397827",47.0708999633789,15.1304998397827,1,"ÖAMTC","1201359","SOCAR"
"47.0719985961914,14.6939001083374",47.0719985961914,14.6939001083374,1,"ÖAMTC","1208646","SOCAR"
"47.0727996826172,14.4303998947144",47.0727996826172,14.4303998947144,1,"ÖAMTC","1209417","Lagerhaus"
"47.0765991210938,15.4072999954224",47.0765991210938,15.4072999954224,1,"ÖAMTC","1201540","Eni"
"47.0772018432617,15.4589004516602",47.0772018432617,15.4589004516602,1,"ÖAMTC","1208962","OMV"
"47.0773010253906,15.9968004226685",47.0773010253906,15.9968004226685,1,"ÖAMTC","1043679","Genol"
"47.0774993896484,16.3201007843018",47.0774993896484,16.3201007843018,1,"ÖAMTC","1207994","Landestankstelle G<U+00FC>ssing"
"47.0775985717773,15.461799621582",47.0775985717773,15.461799621582,1,"ÖAMTC","1000731","Spritk<U+00F6>nig"
"47.0778999328613,15.4911003112793",47.0778999328613,15.4911003112793,1,"ÖAMTC","1201234","Turm<U+00F6>l"
"47.0787010192871,10.9675998687744",47.0787010192871,10.9675998687744,1,"ÖAMTC","1146436","OMV"
"47.0792999267578,15.9624996185303",47.0792999267578,15.9624996185303,1,"ÖAMTC","1133653","Shell"
"47.0794982910156,14.314700126648",47.0794982910156,14.314700126648,1,"ÖAMTC","1017125","OIL!"
"47.0796012878418,15.9573001861572",47.0796012878418,15.9573001861572,1,"ÖAMTC","1208694","Welog Truck & Trailer"
"47.0806999206543,9.90340042114258",47.0806999206543,9.90340042114258,1,"ÖAMTC","1163137","Shell"
"47.0811996459961,16.2159996032715",47.0811996459961,16.2159996032715,1,"ÖAMTC","1209007","Genol"
"47.0814018249512,15.7395000457764",47.0814018249512,15.7395000457764,1,"ÖAMTC","1088794","BP Stiglechner"
"47.0814018249512,15.9682998657227",47.0814018249512,15.9682998657227,1,"ÖAMTC","1209597","Diskont Diesel"
"47.0820007324219,15.4541997909546",47.0820007324219,15.4541997909546,1,"ÖAMTC","1208080","OMV"
"47.0829010009766,10.4640998840332",47.0829010009766,10.4640998840332,1,"ÖAMTC","1210821","Shell Gutmann"
"47.0853004455566,16.3078002929688",47.0853004455566,16.3078002929688,1,"ÖAMTC","1209602","Tankstelle Frey"
"47.0862007141113,15.9288997650146",47.0862007141113,15.9288997650146,1,"ÖAMTC","1201355","Treibstoffparadies Kohlhammer"
"47.0873985290527,15.2790002822876",47.0873985290527,15.2790002822876,1,"ÖAMTC","1209754","F. Leitner "
"47.0876007080078,15.4123001098633",47.0876007080078,15.4123001098633,1,"ÖAMTC","1208082","Shell"
"47.0886001586914,15.7333002090454",47.0886001586914,15.7333002090454,1,"ÖAMTC","1209631","Genol"
"47.0886001586914,16.3055992126465",47.0886001586914,16.3055992126465,1,"ÖAMTC","1209082","Genol"
"47.0886993408203,15.7329998016357",47.0886993408203,15.7329998016357,1,"ÖAMTC","1209631","Genol"
"47.0890007019043,13.9835996627808",47.0890007019043,13.9835996627808,1,"ÖAMTC","1209459","SOCAR"
"47.0894012451172,16.3062000274658",47.0894012451172,16.3062000274658,1,"ÖAMTC","1209082","Genol"
"47.0912017822266,15.4301996231079",47.0912017822266,15.4301996231079,1,"ÖAMTC","1140209","SOCAR"
"47.0914993286133,10.6669998168945",47.0914993286133,10.6669998168945,1,"ÖAMTC","1096074","Eni Gutmann"
"47.0919990539551,15.8781003952026",47.0919990539551,15.8781003952026,1,"ÖAMTC","1201314","Eni"
"47.092700958252,15.4063997268677",47.092700958252,15.4063997268677,1,"ÖAMTC","1208676","Treibstoffparadies Kohlhammer"
"47.0928993225098,15.4069004058838",47.0928993225098,15.4069004058838,1,"ÖAMTC","1099248","JET"
"47.0941009521484,15.1822996139526",47.0941009521484,15.1822996139526,1,"ÖAMTC","1201601","Kohlbacher"
"47.0943984985352,15.4231996536255",47.0943984985352,15.4231996536255,1,"ÖAMTC","1099244","JET"
"47.094799041748,13.6361999511719",47.094799041748,13.6361999511719,1,"ÖAMTC","1201352","Shell"
"47.094898223877,13.6361999511719",47.094898223877,13.6361999511719,1,"ÖAMTC","1201352","Shell"
"47.0951995849609,11.4653997421265",47.0951995849609,11.4653997421265,1,"ÖAMTC","1201626","BP"
"47.0956993103027,13.631799697876",47.0956993103027,13.631799697876,1,"ÖAMTC","1209770","Prommegger"
"47.0961990356445,13.6337003707886",47.0961990356445,13.6337003707886,1,"ÖAMTC","1201576","BP LM Energy"
"47.0966987609863,16.4148998260498",47.0966987609863,16.4148998260498,1,"ÖAMTC","1209045","Genol"
"47.0980987548828,9.86940002441406",47.0980987548828,9.86940002441406,1,"ÖAMTC","1000936","Avanti"
"47.0983009338379,15.4041004180908",47.0983009338379,15.4041004180908,1,"ÖAMTC","1207851","Eni"
"47.0984001159668,11.4644002914429",47.0984001159668,11.4644002914429,1,"ÖAMTC","1210188","Eni Gutmann"
"47.0985984802246,15.418399810791",47.0985984802246,15.418399810791,1,"ÖAMTC","1208220","Eni"
"47.1002006530762,15.4785995483398",47.1002006530762,15.4785995483398,1,"ÖAMTC","1213525","Tank Roth"
"47.1015014648438,15.8189001083374",47.1015014648438,15.8189001083374,1,"ÖAMTC","1000789","Tankstelle P&W"
"47.1021003723145,15.7034997940063",47.1021003723145,15.7034997940063,1,"ÖAMTC","1207695","Genol"
"47.1021003723145,15.7035999298096",47.1021003723145,15.7035999298096,1,"ÖAMTC","1207695","Genol"
"47.1021995544434,15.7135000228882",47.1021995544434,15.7135000228882,1,"ÖAMTC","1019022","Eni"
"47.1024017333984,15.8156995773315",47.1024017333984,15.8156995773315,1,"ÖAMTC","1072989","Genol"
"47.1025009155273,15.4250001907349",47.1025009155273,15.4250001907349,1,"ÖAMTC","1208464","Avanti"
"47.1032981872559,15.4145002365112",47.1032981872559,15.4145002365112,1,"ÖAMTC","1210255","Tank Roth Express"
"47.1044998168945,14.0984001159668",47.1044998168945,14.0984001159668,1,"ÖAMTC","1211173","Eni"
"47.1054992675781,15.7690000534058",47.1054992675781,15.7690000534058,1,"ÖAMTC","1201606","BP"
"47.105598449707,15.7012996673584",47.105598449707,15.7012996673584,1,"ÖAMTC","1207918","OMV"
"47.1099014282227,14.1916999816895",47.1099014282227,14.1916999816895,1,"ÖAMTC","1207741","Sprint-Landforst"
"47.1118011474609,15.7041997909546",47.1118011474609,15.7041997909546,1,"ÖAMTC","1135545","JET"
"47.1130981445312,14.1633996963501",47.1130981445312,14.1633996963501,1,"ÖAMTC","1209419","Eni"
"47.1141014099121,15.7104997634888",47.1141014099121,15.7104997634888,1,"ÖAMTC","1208484","Shell Stiglechner"
"47.1156005859375,16.0583000183105",47.1156005859375,16.0583000183105,1,"ÖAMTC","1131151","M3 Tankstelle"
"47.1179008483887,16.1646995544434",47.1179008483887,16.1646995544434,1,"ÖAMTC","1209425","Tankstelle Hirschbeck OG"
"47.1206016540527,16.2709007263184",47.1206016540527,16.2709007263184,1,"ÖAMTC","1210491","Shell"
"47.1209983825684,15.8128995895386",47.1209983825684,15.8128995895386,1,"ÖAMTC","1117210","Tankstelle H<U+00F6>fler"
"47.1221008300781,15.3604001998901",47.1221008300781,15.3604001998901,1,"ÖAMTC","1067341","BP"
"47.1234016418457,10.0052995681763",47.1234016418457,10.0052995681763,1,"ÖAMTC","1208553","Disk"
"47.1242980957031,16.2663993835449",47.1242980957031,16.2663993835449,1,"ÖAMTC","1209003","Genol"
"47.1286010742188,11.4525995254517",47.1286010742188,11.4525995254517,1,"ÖAMTC","1208421","OMV"
"47.1292991638184,13.6840000152588",47.1292991638184,13.6840000152588,1,"ÖAMTC","1160673","Eni"
"47.1293983459473,11.3369998931885",47.1293983459473,11.3369998931885,1,"ÖAMTC","1000891","OMV"
"47.1300010681152,15.3423004150391",47.1300010681152,15.3423004150391,1,"ÖAMTC","1212709","Wings"
"47.1301002502441,15.3235998153687",47.1301002502441,15.3235998153687,1,"ÖAMTC","1208583","BP Stiglechner"
"47.1306991577148,16.4664001464844",47.1306991577148,16.4664001464844,1,"ÖAMTC","1209059","Genol"
"47.1309013366699,16.4661998748779",47.1309013366699,16.4661998748779,1,"ÖAMTC","1209059","Genol"
"47.1313018798828,13.5481004714966",47.1313018798828,13.5481004714966,1,"ÖAMTC","1208406","Eni"
"47.1315994262695,15.3225002288818",47.1315994262695,15.3225002288818,1,"ÖAMTC","1208964","Genol"
"47.1316986083984,13.8077001571655",47.1316986083984,13.8077001571655,1,"ÖAMTC","1201150","Shell"
"47.1323013305664,14.7386999130249",47.1323013305664,14.7386999130249,1,"ÖAMTC","1208661","Land lebt auf!"
"47.1327018737793,13.8050003051758",47.1327018737793,13.8050003051758,1,"ÖAMTC","1201592","Avia XPress"
"47.1332015991211,14.3069000244141",47.1332015991211,14.3069000244141,1,"ÖAMTC","1209029","Tankstelle Wieser"
"47.1333999633789,15.322699546814",47.1333999633789,15.322699546814,1,"ÖAMTC","1128686","JET"
"47.1337013244629,13.8079996109009",47.1337013244629,13.8079996109009,1,"ÖAMTC","1074693","Lagerhaus"
"47.1377983093262,15.9238996505737",47.1377983093262,15.9238996505737,1,"ÖAMTC","1201300","Genol"
"47.138500213623,16.413200378418",47.138500213623,16.413200378418,1,"ÖAMTC","1209000","Genol"
"47.1393013000488,14.4251003265381",47.1393013000488,14.4251003265381,1,"ÖAMTC","1213820","Rumpold"
"47.1398010253906,11.4478998184204",47.1398010253906,11.4478998184204,1,"ÖAMTC","1208410","Eni"
"47.1400985717773,10.2901000976562",47.1400985717773,10.2901000976562,1,"ÖAMTC","1209648","Eni Gutmann"
"47.1405982971191,11.4462995529175",47.1405982971191,11.4462995529175,1,"ÖAMTC","1208411","Eni"
"47.1407012939453,15.5237998962402",47.1407012939453,15.5237998962402,1,"ÖAMTC","1208523","Turm<U+00F6>l"
"47.1408004760742,9.92490005493164",47.1408004760742,9.92490005493164,1,"ÖAMTC","1207942","OMV"
"47.140998840332,9.83399963378906",47.140998840332,9.83399963378906,1,"ÖAMTC","1142323","BP LM Energy"
"47.1441993713379,15.5482997894287",47.1441993713379,15.5482997894287,1,"ÖAMTC","1209682","Tankstelle ALL IN"
"47.1445999145508,16.1893997192383",47.1445999145508,16.1893997192383,1,"ÖAMTC","1208501","Spritk<U+00F6>nig"
"47.1475982666016,9.81960010528564",47.1475982666016,9.81960010528564,1,"ÖAMTC","1209092","TK Tankstellen GmbH"
"47.148998260498,10.3746004104614",47.148998260498,10.3746004104614,1,"ÖAMTC","1049037","OMV"
"47.1500015258789,15.769100189209",47.1500015258789,15.769100189209,1,"ÖAMTC","1201295","Yes"
"47.1502990722656,10.5813999176025",47.1502990722656,10.5813999176025,1,"ÖAMTC","1111690","JET"
"47.1515007019043,9.81070041656494",47.1515007019043,9.81070041656494,1,"ÖAMTC","1099279","LM Energy"
"47.1523017883301,9.81410026550293",47.1523017883301,9.81410026550293,1,"ÖAMTC","1165423","JET"
"47.1528015136719,10.5830001831055",47.1528015136719,10.5830001831055,1,"ÖAMTC","1065145","Disk"
"47.1529006958008,9.81350040435791",47.1529006958008,9.81350040435791,1,"ÖAMTC","1209806","DISKONT Tankstelle (HOFER Parkplatz)"
"47.1529998779297,14.4097003936768",47.1529998779297,14.4097003936768,1,"ÖAMTC","1208315","Lagerhaus"
"47.1530990600586,9.81799983978271",47.1530990600586,9.81799983978271,1,"ÖAMTC","1143196","Eni Gutmann"
"47.1543006896973,14.4154996871948",47.1543006896973,14.4154996871948,1,"ÖAMTC","1209634","DISKONT Tankstelle (HOFER Parkplatz)"
"47.1565017700195,14.7287998199463",47.1565017700195,14.7287998199463,1,"ÖAMTC","1212805","Tank- und Waschcenter Seebacher"
"47.1571998596191,10.5895004272461",47.1571998596191,10.5895004272461,1,"ÖAMTC","1208735","Eni Gutmann"
"47.1571998596191,13.1077003479004",47.1571998596191,13.1077003479004,1,"ÖAMTC","1133646","Turm<U+00F6>l Quick"
"47.1589012145996,11.7609996795654",47.1589012145996,11.7609996795654,1,"ÖAMTC","1208156","AVIA"
"47.1590003967285,11.3620004653931",47.1590003967285,11.3620004653931,1,"ÖAMTC","1209603","GT G<U+00FC>nstig Tanken"
"47.1593017578125,14.7341003417969",47.1593017578125,14.7341003417969,1,"ÖAMTC","1209415","Sprint-Landforst"
"47.1599006652832,11.3681001663208",47.1599006652832,11.3681001663208,1,"ÖAMTC","1209808","Eni Gutmann"
"47.1608009338379,15.7243995666504",47.1608009338379,15.7243995666504,1,"ÖAMTC","1209017","Genol"
"47.1615982055664,16.1646003723145",47.1615982055664,16.1646003723145,1,"ÖAMTC","1080105","Avanti"
"47.1619987487793,15.6619997024536",47.1619987487793,15.6619997024536,1,"ÖAMTC","1209844","F. Leitner "
"47.162899017334,16.0146999359131",47.162899017334,16.0146999359131,1,"ÖAMTC","1201386","OMV"
"47.1652984619141,9.79520034790039",47.1652984619141,9.79520034790039,1,"ÖAMTC","1100677","Shell"
"47.1664009094238,10.7312002182007",47.1664009094238,10.7312002182007,1,"ÖAMTC","1208539","Disk"
"47.1696014404297,14.6466999053955",47.1696014404297,14.6466999053955,1,"ÖAMTC","1208696","SOCAR"
"47.1702995300293,11.8659000396729",47.1702995300293,11.8659000396729,1,"ÖAMTC","1209390","IQ Stiglechner"
"47.171199798584,15.7995004653931",47.171199798584,15.7995004653931,1,"ÖAMTC","1133301","Tankstelle Gussmagg"
"47.1713981628418,15.8048000335693",47.1713981628418,15.8048000335693,1,"ÖAMTC","1209493","Carstop Durlacher"
"47.1752014160156,15.8086996078491",47.1752014160156,15.8086996078491,1,"ÖAMTC","1207693","Lagerhaus"
"47.1763000488281,10.9103002548218",47.1763000488281,10.9103002548218,1,"ÖAMTC","1208562","Eni Gutmann"
"47.1767997741699,13.1010999679565",47.1767997741699,13.1010999679565,1,"ÖAMTC","1142377","Eni"
"47.1777992248535,16.0995006561279",47.1777992248535,16.0995006561279,1,"ÖAMTC","1208126","Genol"
"47.1800994873047,15.6660003662109",47.1800994873047,15.6660003662109,1,"ÖAMTC","1207696","Genol"
"47.1824989318848,14.6735000610352",47.1824989318848,14.6735000610352,1,"ÖAMTC","1207856","Eni"
"47.1828994750977,15.9931001663208",47.1828994750977,15.9931001663208,1,"ÖAMTC","1201608","BP"
"47.1845016479492,14.5958003997803",47.1845016479492,14.5958003997803,1,"ÖAMTC","1211325","Turm<U+00F6>l Quick"
"47.184700012207,16.2483997344971",47.184700012207,16.2483997344971,1,"ÖAMTC","1210499","Shell"
"47.1847991943359,11.3998003005981",47.1847991943359,11.3998003005981,1,"ÖAMTC","1158593","Shell"
"47.1856002807617,15.3303003311157",47.1856002807617,15.3303003311157,1,"ÖAMTC","1210817","Rumpold"
"47.1866989135742,14.1815004348755",47.1866989135742,14.1815004348755,1,"ÖAMTC","1209418","Sprint-Landforst"
"47.1875,15.9990997314453",47.1875,15.9990997314453,1,"ÖAMTC","1208718","Genol"
"47.1879005432129,16.2033996582031",47.1879005432129,16.2033996582031,1,"ÖAMTC","1208084","Turm<U+00F6>l"
"47.1892013549805,9.70160007476807",47.1892013549805,9.70160007476807,1,"ÖAMTC","1100673","OMV"
"47.1897010803223,13.6028995513916",47.1897010803223,13.6028995513916,1,"ÖAMTC","1210317","LM Energy"
"47.1897010803223,13.6029996871948",47.1897010803223,13.6029996871948,1,"ÖAMTC","1214016","LM Energy"
"47.1916999816895,15.6342000961304",47.1916999816895,15.6342000961304,1,"ÖAMTC","1129459","Treibstoffparadies Kohlhammer"
"47.1938018798828,15.8275003433228",47.1938018798828,15.8275003433228,1,"ÖAMTC","1209621","Tankstelle Huber"
"47.1941986083984,14.5922002792358",47.1941986083984,14.5922002792358,1,"ÖAMTC","1209416","Lagerhaus"
"47.1945991516113,14.7116003036499",47.1945991516113,14.7116003036499,1,"ÖAMTC","1208278","Tankstelle Neubauer"
"47.1946983337402,14.7221002578735",47.1946983337402,14.7221002578735,1,"ÖAMTC","1207986","Mrast"
"47.1950988769531,11.1578998565674",47.1950988769531,11.1578998565674,1,"ÖAMTC","1208758","Troppacher Santer"
"47.1950988769531,14.7136001586914",47.1950988769531,14.7136001586914,1,"ÖAMTC","1213856","Turm<U+00F6>l Quick"
"47.1952018737793,11.1578998565674",47.1952018737793,11.1578998565674,1,"ÖAMTC","1208758","Troppacher Santer"
"47.1954002380371,15.3466997146606",47.1954002380371,15.3466997146606,1,"ÖAMTC","1000765","OIL!"
"47.1962013244629,11.3979997634888",47.1962013244629,11.3979997634888,1,"ÖAMTC","1158594","Shell"
"47.1966018676758,15.5676002502441",47.1966018676758,15.5676002502441,1,"ÖAMTC","1133299","G<U+00FC>nter Servicetankstelle"
"47.1969985961914,16.3735008239746",47.1969985961914,16.3735008239746,1,"ÖAMTC","1209001","Genol"
"47.1973991394043,14.766300201416",47.1973991394043,14.766300201416,1,"ÖAMTC","1000847","BP Stiglechner"
"47.1973991394043,14.7665996551514",47.1973991394043,14.7665996551514,1,"ÖAMTC","1000847","BP Stiglechner"
"47.1974983215332,14.7678003311157",47.1974983215332,14.7678003311157,1,"ÖAMTC","1128229","Hirschmugl Diskont"
"47.1992988586426,9.75559997558594",47.1992988586426,9.75559997558594,1,"ÖAMTC","1100314","OMV"
"47.1992988586426,15.9590997695923",47.1992988586426,15.9590997695923,1,"ÖAMTC","1208719","Genol"
"47.1995010375977,15.3461999893188",47.1995010375977,15.3461999893188,1,"ÖAMTC","1208071","Jogrei"
"47.1996994018555,15.3390998840332",47.1996994018555,15.3390998840332,1,"ÖAMTC","1209427","Genol"
"47.2047996520996,15.6399002075195",47.2047996520996,15.6399002075195,1,"ÖAMTC","1139239","JET"
"47.2052001953125,10.1402997970581",47.2052001953125,10.1402997970581,1,"ÖAMTC","1209056","OMV Fast Lane"
"47.2052001953125,10.8895998001099",47.2052001953125,10.8895998001099,1,"ÖAMTC","1145400","Shell"
"47.2053985595703,11.8711004257202",47.2053985595703,11.8711004257202,1,"ÖAMTC","1209387","Shell"
"47.2055015563965,15.315899848938",47.2055015563965,15.315899848938,1,"ÖAMTC","1208404","OMV"
"47.2061004638672,14.6784000396729",47.2061004638672,14.6784000396729,1,"ÖAMTC","1201308","Turm<U+00F6>l Quick"
"47.2078018188477,13.1106996536255",47.2078018188477,13.1106996536255,1,"ÖAMTC","1209376","Tankstelle Gr<U+00FC>bler"
"47.2088012695312,15.6335000991821",47.2088012695312,15.6335000991821,1,"ÖAMTC","1208188","Shell"
"47.2099990844727,14.8081998825073",47.2099990844727,14.8081998825073,1,"ÖAMTC","1210044","Avanti"
"47.2102012634277,11.8726997375488",47.2102012634277,11.8726997375488,1,"ÖAMTC","1209388","Disk"
"47.2102012634277,14.8150997161865",47.2102012634277,14.8150997161865,1,"ÖAMTC","1201093","SOCAR"
"47.2103996276855,14.7848997116089",47.2103996276855,14.7848997116089,1,"ÖAMTC","1210722","SOCAR"
"47.2108001708984,14.8176002502441",47.2108001708984,14.8176002502441,1,"ÖAMTC","1099260","JET"
"47.2109985351562,10.7594003677368",47.2109985351562,10.7594003677368,1,"ÖAMTC","1024154","Avanti"
"47.2117004394531,16.0825996398926",47.2117004394531,16.0825996398926,1,"ÖAMTC","1208888","Diskonttankstelle Horvath"
"47.2122993469238,15.6293001174927",47.2122993469238,15.6293001174927,1,"ÖAMTC","1088326","BP"
"47.2131996154785,10.6964998245239",47.2131996154785,10.6964998245239,1,"ÖAMTC","1207857","Eni"
"47.2151985168457,9.79220008850098",47.2151985168457,9.79220008850098,1,"ÖAMTC","1163135","Shell"
"47.2158012390137,14.5749998092651",47.2158012390137,14.5749998092651,1,"ÖAMTC","1139168","SOCAR"
"47.2168006896973,15.4036998748779",47.2168006896973,15.4036998748779,1,"ÖAMTC","1201599","F. Leitner "
"47.217399597168,14.8397998809814",47.217399597168,14.8397998809814,1,"ÖAMTC","1207742","Sprint-Landforst"
"47.2174987792969,14.8274002075195",47.2174987792969,14.8274002075195,1,"ÖAMTC","1208072","Shell Stiglechner"
"47.2178001403809,12.1738996505737",47.2178001403809,12.1738996505737,1,"ÖAMTC","1207593","Turm<U+00F6>l"
"47.2191009521484,15.9013996124268",47.2191009521484,15.9013996124268,1,"ÖAMTC","1207769","OMV"
"47.2195014953613,15.6347999572754",47.2195014953613,15.6347999572754,1,"ÖAMTC","1201550","Shell"
"47.2195014953613,16.0254001617432",47.2195014953613,16.0254001617432,1,"ÖAMTC","1125908","Tankstelle Grabner"
"47.2196006774902,15.902099609375",47.2196006774902,15.902099609375,1,"ÖAMTC","1132229","Tankstelle Gschiel"
"47.2214012145996,12.9917001724243",47.2214012145996,12.9917001724243,1,"ÖAMTC","1209377","Lagerhaus"
"47.2219009399414,9.67140007019043",47.2219009399414,9.67140007019043,1,"ÖAMTC","1208746","Disk"
"47.2238998413086,15.9078998565674",47.2238998413086,15.9078998565674,1,"ÖAMTC","1208658","Genol"
"47.2266998291016,10.7473001480103",47.2266998291016,10.7473001480103,1,"ÖAMTC","1207631","Shell Gutmann"
"47.2266998291016,10.7481002807617",47.2266998291016,10.7481002807617,1,"ÖAMTC","1209708","Eni Gutmann"
"47.2276992797852,11.4299001693726",47.2276992797852,11.4299001693726,1,"ÖAMTC","1133981","Tankstelle Pittl"
"47.2286987304688,12.0480003356934",47.2286987304688,12.0480003356934,1,"ÖAMTC","1209823","Turbo Stopp"
"47.2286987304688,13.1989002227783",47.2286987304688,13.1989002227783,1,"ÖAMTC","1210699","Tankstelle Gewerbepark"
"47.2294006347656,11.8920001983643",47.2294006347656,11.8920001983643,1,"ÖAMTC","1048238","OMV"
"47.2294998168945,10.8566999435425",47.2294998168945,10.8566999435425,1,"ÖAMTC","1145399","OMV"
"47.2302017211914,11.3809003829956",47.2302017211914,11.3809003829956,1,"ÖAMTC","1197867","BP"
"47.2307014465332,15.7348003387451",47.2307014465332,15.7348003387451,1,"ÖAMTC","1208704","Autohaus Weberhofer"
"47.2308006286621,9.58640003204346",47.2308006286621,9.58640003204346,1,"ÖAMTC","1163138","Shell"
"47.230899810791,16.3227996826172",47.230899810791,16.3227996826172,1,"ÖAMTC","1208597","Shell"
"47.2309989929199,11.2859001159668",47.2309989929199,11.2859001159668,1,"ÖAMTC","1208037","Avanti"
"47.2313995361328,13.1984996795654",47.2313995361328,13.1984996795654,1,"ÖAMTC","1209373","Lagerhaus"
"47.2318000793457,10.8531999588013",47.2318000793457,10.8531999588013,1,"ÖAMTC","1208561","Eni Gutmann"
"47.2318992614746,12.8253002166748",47.2318992614746,12.8253002166748,1,"ÖAMTC","1210560","Turm<U+00F6>l"
"47.2324981689453,10.7354001998901",47.2324981689453,10.7354001998901,1,"ÖAMTC","1000908","Eni"
"47.2338981628418,15.996000289917",47.2338981628418,15.996000289917,1,"ÖAMTC","1119604","Tankstelle Falk"
"47.2345008850098,15.835599899292",47.2345008850098,15.835599899292,1,"ÖAMTC","1208579","Shell"
"47.2352981567383,11.8801002502441",47.2352981567383,11.8801002502441,1,"ÖAMTC","1209386","Tankstelle Huber"
"47.2369003295898,11.2740001678467",47.2369003295898,11.2740001678467,1,"ÖAMTC","1208984","Freie Tankstelle"
"47.2386016845703,15.7973003387451",47.2386016845703,15.7973003387451,1,"ÖAMTC","1209018","Genol"
"47.2391014099121,11.3115997314453",47.2391014099121,11.3115997314453,1,"ÖAMTC","1132375","Eni Gutmann"
"47.2403984069824,13.2000999450684",47.2403984069824,13.2000999450684,1,"ÖAMTC","1000720","Eni"
"47.2411003112793,9.59099960327148",47.2411003112793,9.59099960327148,1,"ÖAMTC","1145397","BP"
"47.2415008544922,11.3896999359131",47.2415008544922,11.3896999359131,1,"ÖAMTC","1149799","Shell"
"47.2425003051758,15.3231000900269",47.2425003051758,15.3231000900269,1,"ÖAMTC","1016713","F. Leitner "
"47.2477989196777,13.4252004623413",47.2477989196777,13.4252004623413,1,"ÖAMTC","1209368","BP"
"47.2482986450195,15.6986999511719",47.2482986450195,15.6986999511719,1,"ÖAMTC","1210259","F. Leitner "
"47.2482986450195,16.2968006134033",47.2482986450195,16.2968006134033,1,"ÖAMTC","1000050","Turm<U+00F6>l"
"47.2484016418457,11.4441995620728",47.2484016418457,11.4441995620728,1,"ÖAMTC","1208032","Eni Gutmann"
"47.2487983703613,16.1527996063232",47.2487983703613,16.1527996063232,1,"ÖAMTC","1094046","Tankstelle Koller"
"47.2532005310059,14.879599571228",47.2532005310059,14.879599571228,1,"ÖAMTC","1213013","Eni"
"47.2542991638184,14.8807001113892",47.2542991638184,14.8807001113892,1,"ÖAMTC","1213009","Eni"
"47.255500793457,11.398099899292",47.255500793457,11.398099899292,1,"ÖAMTC","1201531","Eni"
"47.2560997009277,16.4662990570068",47.2560997009277,16.4662990570068,1,"ÖAMTC","1209781","Tankstelle Barisits"
"47.2561988830566,11.3163995742798",47.2561988830566,11.3163995742798,1,"ÖAMTC","1207713","OMV"
"47.2563018798828,11.3886003494263",47.2563018798828,11.3886003494263,1,"ÖAMTC","1002738","OMV"
"47.2563018798828,16.4664001464844",47.2563018798828,16.4664001464844,1,"ÖAMTC","1209781","Tankstelle Barisits"
"47.2573013305664,11.3781003952026",47.2573013305664,11.3781003952026,1,"ÖAMTC","1003554","OMV"
"47.2583999633789,11.4000997543335",47.2583999633789,11.4000997543335,1,"ÖAMTC","1208775","Disk"
"47.2587013244629,11.3720998764038",47.2587013244629,11.3720998764038,1,"ÖAMTC","1132906","Eni"
"47.2603988647461,10.3701000213623",47.2603988647461,10.3701000213623,1,"ÖAMTC","1000925","Eni"
"47.2608985900879,11.4212999343872",47.2608985900879,11.4212999343872,1,"ÖAMTC","1056378","BP Troppacher"
"47.2617988586426,11.2643003463745",47.2617988586426,11.2643003463745,1,"ÖAMTC","1132377","Eni Gutmann"
"47.2620010375977,11.4146995544434",47.2620010375977,11.4146995544434,1,"ÖAMTC","1208495","Disk"
"47.2625007629395,11.3729000091553",47.2625007629395,11.3729000091553,1,"ÖAMTC","1097264","Eni Gutmann"
"47.2630004882812,11.4083003997803",47.2630004882812,11.4083003997803,1,"ÖAMTC","1140005","Shell"
"47.2631988525391,11.453200340271",47.2631988525391,11.453200340271,1,"ÖAMTC","1139986","BP"
"47.2634010314941,11.4298000335693",47.2634010314941,11.4298000335693,1,"ÖAMTC","1099093","Shell"
"47.263500213623,11.4334001541138",47.263500213623,11.4334001541138,1,"ÖAMTC","1207843","Eni"
"47.2641983032227,13.2048997879028",47.2641983032227,13.2048997879028,1,"ÖAMTC","1209375","Tankstelle Prommegger"
"47.2644996643066,11.3657999038696",47.2644996643066,11.3657999038696,1,"ÖAMTC","1000868","BP"
"47.2649002075195,11.3689002990723",47.2649002075195,11.3689002990723,1,"ÖAMTC","1002739","Shell"
"47.2653007507324,12.331600189209",47.2653007507324,12.331600189209,1,"ÖAMTC","1208122","Lagerhaus"
"47.2653999328613,11.4264001846313",47.2653999328613,11.4264001846313,1,"ÖAMTC","1140218","OMV"
"47.2655982971191,11.4251003265381",47.2655982971191,11.4251003265381,1,"ÖAMTC","1208112","Disk"
"47.2667999267578,15.7021999359131",47.2667999267578,15.7021999359131,1,"ÖAMTC","1209008","Genol"
"47.2668991088867,11.4237003326416",47.2668991088867,11.4237003326416,1,"ÖAMTC","1132351","Eni"
"47.2671012878418,15.3255996704102",47.2671012878418,15.3255996704102,1,"ÖAMTC","1107664","Genol"
"47.2672004699707,15.3254995346069",47.2672004699707,15.3254995346069,1,"ÖAMTC","1107664","Genol"
"47.2675018310547,11.4118995666504",47.2675018310547,11.4118995666504,1,"ÖAMTC","1174501","Disk"
"47.2676010131836,11.2341995239258",47.2676010131836,11.2341995239258,1,"ÖAMTC","1201421","Eni Gutmann"
"47.2676010131836,14.4890003204346",47.2676010131836,14.4890003204346,1,"ÖAMTC","1139181","Sprint-Landforst"
"47.2677001953125,12.3374996185303",47.2677001953125,12.3374996185303,1,"ÖAMTC","1201158","OMV"
"47.2677993774414,9.61489963531494",47.2677993774414,9.61489963531494,1,"ÖAMTC","1100674","OMV"
"47.2686004638672,9.60420036315918",47.2686004638672,9.60420036315918,1,"ÖAMTC","1208194","TK Tankstelle"
"47.2686004638672,9.64379978179932",47.2686004638672,9.64379978179932,1,"ÖAMTC","1129810","Shell Stiglechner"
"47.2686004638672,15.4799003601074",47.2686004638672,15.4799003601074,1,"ÖAMTC","1201605","BP"
"47.268798828125,10.9375",47.268798828125,10.9375,1,"ÖAMTC","1208541","Disk"
"47.2689018249512,15.9556999206543",47.2689018249512,15.9556999206543,1,"ÖAMTC","1208435","Tankstelle Gschiel"
"47.2708015441895,11.2025995254517",47.2708015441895,11.2025995254517,1,"ÖAMTC","1208160","Avia XPress"
"47.2714004516602,11.2520999908447",47.2714004516602,11.2520999908447,1,"ÖAMTC","1140321","Avanti"
"47.2720985412598,16.0881996154785",47.2720985412598,16.0881996154785,1,"ÖAMTC","1211085","tankpool24"
"47.2722015380859,9.61820030212402",47.2722015380859,9.61820030212402,1,"ÖAMTC","1207737","Eni"
"47.2723007202148,9.60809993743896",47.2723007202148,9.60809993743896,1,"ÖAMTC","1208384","DISKONT Tankstelle (HOFER Parkplatz)"
"47.2723007202148,16.236499786377",47.2723007202148,16.236499786377,1,"ÖAMTC","1209790","SOCAR"
"47.2734985351562,11.4736995697021",47.2734985351562,11.4736995697021,1,"ÖAMTC","1104399","OMV"
"47.2738990783691,16.2345008850098",47.2738990783691,16.2345008850098,1,"ÖAMTC","1000042","JET"
"47.2741012573242,11.2389001846313",47.2741012573242,11.2389001846313,1,"ÖAMTC","1208536","Disk"
"47.2748985290527,16.1578006744385",47.2748985290527,16.1578006744385,1,"ÖAMTC","1209849","Avanti"
"47.2757987976074,15.9666996002197",47.2757987976074,15.9666996002197,1,"ÖAMTC","1208223","BP Stiglechner"
"47.2760009765625,16.1558990478516",47.2760009765625,16.1558990478516,1,"ÖAMTC","1208218","Eni"
"47.2765007019043,15.5188999176025",47.2765007019043,15.5188999176025,1,"ÖAMTC","1207697","Genol"
"47.2769012451172,11.4321002960205",47.2769012451172,11.4321002960205,1,"ÖAMTC","1201207","OIL!"
"47.2770004272461,11.47350025177",47.2770004272461,11.47350025177,1,"ÖAMTC","1134384","Eni Gutmann"
"47.2770004272461,12.757399559021",47.2770004272461,12.757399559021,1,"ÖAMTC","1160593","Shell"
"47.277099609375,11.4006004333496",47.277099609375,11.4006004333496,1,"ÖAMTC","1000870","Eni"
"47.277400970459,11.457799911499",47.277400970459,11.457799911499,1,"ÖAMTC","1099267","Avanti"
"47.2775993347168,11.4238004684448",47.2775993347168,11.4238004684448,1,"ÖAMTC","1171576","BP"
"47.2779006958008,12.4535999298096",47.2779006958008,12.4535999298096,1,"ÖAMTC","1028456","Koidl Discounttankstelle"
"47.2785987854004,11.421199798584",47.2785987854004,11.421199798584,1,"ÖAMTC","1209721","DISKONT Tankstelle (HOFER Parkplatz)"
"47.2787017822266,15.693699836731",47.2787017822266,15.693699836731,1,"ÖAMTC","1210568","BP"
"47.2793998718262,11.5024003982544",47.2793998718262,11.5024003982544,1,"ÖAMTC","1134385","Shell Stiglechner"
"47.2798004150391,9.64970016479492",47.2798004150391,9.64970016479492,1,"ÖAMTC","1129811","BP"
"47.280101776123,15.5516996383667",47.280101776123,15.5516996383667,1,"ÖAMTC","1209534","IQ Stiglechner"
"47.280200958252,16.0065994262695",47.280200958252,16.0065994262695,1,"ÖAMTC","1210207","F. Leitner "
"47.2803993225098,15.5136003494263",47.2803993225098,15.5136003494263,1,"ÖAMTC","1209431","F. Leitner "
"47.2808990478516,11.5125999450684",47.2808990478516,11.5125999450684,1,"ÖAMTC","1209633","GT G<U+00FC>nstig Tanken"
"47.2808990478516,16.4433002471924",47.2808990478516,16.4433002471924,1,"ÖAMTC","1209066","Genol"
"47.2812004089355,12.5750999450684",47.2812004089355,12.5750999450684,1,"ÖAMTC","1207823","LM Energy Express"
"47.2812995910645,11.5339002609253",47.2812995910645,11.5339002609253,1,"ÖAMTC","1208559","OMV Gutmann"
"47.2815017700195,15.9863004684448",47.2815017700195,15.9863004684448,1,"ÖAMTC","1002998","Genol"
"47.2825012207031,15.9755001068115",47.2825012207031,15.9755001068115,1,"ÖAMTC","1210716","M3 Tankstelle"
"47.282600402832,15.9746999740601",47.282600402832,15.9746999740601,1,"ÖAMTC","1099254","JET"
"47.2830009460449,16.1856002807617",47.2830009460449,16.1856002807617,1,"ÖAMTC","1201176","OMV"
"47.2835006713867,16.0013008117676",47.2835006713867,16.0013008117676,1,"ÖAMTC","1210128","Autowascharena Hartberg"
"47.2835998535156,15.9869003295898",47.2835998535156,15.9869003295898,1,"ÖAMTC","1208073","Genol"
"47.2845001220703,11.146900177002",47.2845001220703,11.146900177002,1,"ÖAMTC","1209804","Disk"
"47.2845001220703,12.6465997695923",47.2845001220703,12.6465997695923,1,"ÖAMTC","1209380","Lagerhaus"
"47.2845993041992,11.163800239563",47.2845993041992,11.163800239563,1,"ÖAMTC","1003124","Shell"
"47.285099029541,12.4947996139526",47.285099029541,12.4947996139526,1,"ÖAMTC","1208776","Eni"
"47.2851982116699,12.4912004470825",47.2851982116699,12.4912004470825,1,"ÖAMTC","1209585","Turm<U+00F6>l Quick"
"47.2853012084961,12.4912996292114",47.2853012084961,12.4912996292114,1,"ÖAMTC","1209585","Turm<U+00F6>l Quick"
"47.2853012084961,15.9914999008179",47.2853012084961,15.9914999008179,1,"ÖAMTC","1208364","DISKONT Tankstelle (HOFER Parkplatz)"
"47.2873992919922,11.4631004333496",47.2873992919922,11.4631004333496,1,"ÖAMTC","1207682","Avanti"
"47.2873992919922,12.8090000152588",47.2873992919922,12.8090000152588,1,"ÖAMTC","1209379","Lagerhaus"
"47.288501739502,12.809700012207",47.288501739502,12.809700012207,1,"ÖAMTC","1197091","maxi.tank"
"47.2893981933594,12.9054002761841",47.2893981933594,12.9054002761841,1,"ÖAMTC","1209378","Eni"
"47.2899017333984,11.5734996795654",47.2899017333984,11.5734996795654,1,"ÖAMTC","1011875","M<U+00F6>ssmer"
"47.2916984558105,11.0247001647949",47.2916984558105,11.0247001647949,1,"ÖAMTC","1201226","Disk"
"47.2916984558105,11.5949001312256",47.2916984558105,11.5949001312256,1,"ÖAMTC","1061876","Disk"
"47.2919006347656,11.5993003845215",47.2919006347656,11.5993003845215,1,"ÖAMTC","1068167","Eni"
"47.2921981811523,16.3953990936279",47.2921981811523,16.3953990936279,1,"ÖAMTC","1001890","Tankstelle Kaiser"
"47.2929000854492,16.2066993713379",47.2929000854492,16.2066993713379,1,"ÖAMTC","1201177","Turm<U+00F6>l Quick"
"47.293098449707,12.9689998626709",47.293098449707,12.9689998626709,1,"ÖAMTC","1124279","BP Stiglechner"
"47.296199798584,11.8745002746582",47.296199798584,11.8745002746582,1,"ÖAMTC","1080091","Eni Gutmann"
"47.2966003417969,12.796199798584",47.2966003417969,12.796199798584,1,"ÖAMTC","1026039","BP Stiglechner"
"47.2976989746094,13.0818004608154",47.2976989746094,13.0818004608154,1,"ÖAMTC","1213197","Turm<U+00F6>l Quick"
"47.2977981567383,11.588399887085",47.2977981567383,11.588399887085,1,"ÖAMTC","1057524","Shell"
"47.2984008789062,15.8380002975464",47.2984008789062,15.8380002975464,1,"ÖAMTC","1084856","Turm<U+00F6>l Quick"
"47.2995986938477,11.0754995346069",47.2995986938477,11.0754995346069,1,"ÖAMTC","1208532","Disk"
"47.3002014160156,11.0732002258301",47.3002014160156,11.0732002258301,1,"ÖAMTC","1189602","Lagerhaus"
"47.3013000488281,11.5923004150391",47.3013000488281,11.5923004150391,1,"ÖAMTC","1207725","Plose A Oil"
"47.3027992248535,16.4423007965088",47.3027992248535,16.4423007965088,1,"ÖAMTC","1201603","OMV"
"47.3032989501953,10.4848003387451",47.3032989501953,10.4848003387451,1,"ÖAMTC","1208812","OMV Gutmann"
"47.3044013977051,9.64770030975342",47.3044013977051,9.64770030975342,1,"ÖAMTC","1208098","Eni Stiglechner"
"47.3051986694336,16.192699432373",47.3051986694336,16.192699432373,1,"ÖAMTC","1209860","Eni Stiglechner"
"47.3055000305176,11.0748996734619",47.3055000305176,11.0748996734619,1,"ÖAMTC","1049080","Shell"
"47.3075981140137,11.0790004730225",47.3075981140137,11.0790004730225,1,"ÖAMTC","1140744","BP"
"47.3087997436523,14.9418001174927",47.3087997436523,14.9418001174927,1,"ÖAMTC","1210295","F. Leitner "
"47.3095016479492,15.8304996490479",47.3095016479492,15.8304996490479,1,"ÖAMTC","1208656","Shell"
"47.3096008300781,9.61960029602051",47.3096008300781,9.61960029602051,1,"ÖAMTC","1207730","TK Tankstelle"
"47.310001373291,15.563099861145",47.310001373291,15.563099861145,1,"ÖAMTC","1213517","M3 Tankstelle"
"47.312198638916,15.8248996734619",47.312198638916,15.8248996734619,1,"ÖAMTC","1208648","Genol"
"47.3123016357422,11.0038995742798",47.3123016357422,11.0038995742798,1,"ÖAMTC","1208033","Tankstelle Waldhart"
"47.3125,15.8253002166748",47.3125,15.8253002166748,1,"ÖAMTC","1208648","Genol"
"47.3132019042969,15.8352003097534",47.3132019042969,15.8352003097534,1,"ÖAMTC","1209434","Tankstelle"
"47.3165016174316,15.9785995483398",47.3165016174316,15.9785995483398,1,"ÖAMTC","1208434","F. Leitner "
"47.3170013427734,11.0937004089355",47.3170013427734,11.0937004089355,1,"ÖAMTC","1213481","BP"
"47.3174018859863,11.8652000427246",47.3174018859863,11.8652000427246,1,"ÖAMTC","1208297","OIL!"
"47.3190994262695,11.6555995941162",47.3190994262695,11.6555995941162,1,"ÖAMTC","1201624","BP"
"47.3199996948242,15.6929998397827",47.3199996948242,15.6929998397827,1,"ÖAMTC","1207901","SOCAR"
"47.3203010559082,13.1437997817993",47.3203010559082,13.1437997817993,1,"ÖAMTC","1158003","OMV"
"47.3235015869141,9.62829971313477",47.3235015869141,9.62829971313477,1,"ÖAMTC","1145398","Loacker Tours"
"47.3240013122559,11.1990003585815",47.3240013122559,11.1990003585815,1,"ÖAMTC","1207845","OMV"
"47.3255004882812,11.1894998550415",47.3255004882812,11.1894998550415,1,"ÖAMTC","1051162","Shell"
"47.3255996704102,12.796199798584",47.3255996704102,12.796199798584,1,"ÖAMTC","1099242","JET"
"47.3256988525391,9.62880039215088",47.3256988525391,9.62880039215088,1,"ÖAMTC","1209837","DISKONT Tankstelle (HOFER Parkplatz)"
"47.3272018432617,10.8197002410889",47.3272018432617,10.8197002410889,1,"ÖAMTC","1208522","OMV"
"47.3278007507324,15.9912996292114",47.3278007507324,15.9912996292114,1,"ÖAMTC","1140333","SOCAR"
"47.3279991149902,15.9906997680664",47.3279991149902,15.9906997680664,1,"ÖAMTC","1209500","Tankstelle Zweirad Fuchs"
"47.3282012939453,11.1984996795654",47.3282012939453,11.1984996795654,1,"ÖAMTC","1025677","BP Troppacher"
"47.3283996582031,9.9753999710083",47.3283996582031,9.9753999710083,1,"ÖAMTC","1208578","Shell"
"47.3316993713379,9.63700008392334",47.3316993713379,9.63700008392334,1,"ÖAMTC","1145570","Shell Stiglechner"
"47.3326988220215,16.0606994628906",47.3326988220215,16.0606994628906,1,"ÖAMTC","1208217","Eni"
"47.3339996337891,13.1883001327515",47.3339996337891,13.1883001327515,1,"ÖAMTC","1201311","LM Energy Express"
"47.334300994873,13.1891002655029",47.334300994873,13.1891002655029,1,"ÖAMTC","1210048","BP LM Energy"
"47.3352012634277,11.1934995651245",47.3352012634277,11.1934995651245,1,"ÖAMTC","1051161","Eni"
"47.3359985351562,13.1892995834351",47.3359985351562,13.1892995834351,1,"ÖAMTC","1201305","FILLUP"
"47.3361015319824,15.0291996002197",47.3361015319824,15.0291996002197,1,"ÖAMTC","1209455","IQ Stiglechner"
"47.3362007141113,16.0778999328613",47.3362007141113,16.0778999328613,1,"ÖAMTC","1098298","Artner"
"47.336498260498,13.3025999069214",47.336498260498,13.3025999069214,1,"ÖAMTC","1160349","BP Stiglechner"
"47.339900970459,9.65170001983643",47.339900970459,9.65170001983643,1,"ÖAMTC","1201633","BP"
"47.3404998779297,11.7067003250122",47.3404998779297,11.7067003250122,1,"ÖAMTC","1208643","Eni"
"47.3410987854004,9.65330028533936",47.3410987854004,9.65330028533936,1,"ÖAMTC","1201369","Disk"
"47.3433990478516,15.3495998382568",47.3433990478516,15.3495998382568,1,"ÖAMTC","1210460","SOCAR"
"47.3434982299805,13.1918001174927",47.3434982299805,13.1918001174927,1,"ÖAMTC","1099241","JET"
"47.344799041748,9.65670013427734",47.344799041748,9.65670013427734,1,"ÖAMTC","1110804","JET"
"47.345401763916,16.0034008026123",47.345401763916,16.0034008026123,1,"ÖAMTC","1209286","Genol"
"47.3455009460449,16.224100112915",47.3455009460449,16.224100112915,1,"ÖAMTC","1208596","Shell"
"47.3470001220703,11.6905002593994",47.3470001220703,11.6905002593994,1,"ÖAMTC","1208408","OMV"
"47.3502006530762,15.0082998275757",47.3502006530762,15.0082998275757,1,"ÖAMTC","1004564","BP"
"47.3502006530762,15.0090999603271",47.3502006530762,15.0090999603271,1,"ÖAMTC","1208024","Rumpold"
"47.3502998352051,13.1943998336792",47.3502998352051,13.1943998336792,1,"ÖAMTC","1201076","JET"
"47.350399017334,11.7059001922607",47.350399017334,11.7059001922607,1,"ÖAMTC","1076847","OMV"
"47.350700378418,12.8004999160767",47.350700378418,12.8004999160767,1,"ÖAMTC","1160038","BP"
"47.3515014648438,11.8514003753662",47.3515014648438,11.8514003753662,1,"ÖAMTC","1061798","Avanti"
"47.3517990112305,15.6965999603271",47.3517990112305,15.6965999603271,1,"ÖAMTC","1208511","Fasching Diesel Diskont"
"47.3520011901855,13.1981000900269",47.3520011901855,13.1981000900269,1,"ÖAMTC","1201336","Lagerhaus"
"47.3527984619141,11.7003002166748",47.3527984619141,11.7003002166748,1,"ÖAMTC","1201538","Eni Gutmann"
"47.3530006408691,9.63479995727539",47.3530006408691,9.63479995727539,1,"ÖAMTC","1207863","Eni"
"47.3540000915527,15.6983995437622",47.3540000915527,15.6983995437622,1,"ÖAMTC","1209568","Shell"
"47.3554000854492,15.0851001739502",47.3554000854492,15.0851001739502,1,"ÖAMTC","1210324","F. Leitner "
"47.3566017150879,13.1969995498657",47.3566017150879,13.1969995498657,1,"ÖAMTC","1212401","DISKONT Tankstelle (HOFER Parkplatz)"
"47.3572998046875,9.6830997467041",47.3572998046875,9.6830997467041,1,"ÖAMTC","1099281","JET"
"47.3587989807129,13.1996002197266",47.3587989807129,13.1996002197266,1,"ÖAMTC","1209587","Shell"
"47.3595008850098,11.7225999832153",47.3595008850098,11.7225999832153,1,"ÖAMTC","1208651","Tankstelle Schaller"
"47.3605003356934,10.1907997131348",47.3605003356934,10.1907997131348,1,"ÖAMTC","1209409","Avia XPress"
"47.3624000549316,13.3833999633789",47.3624000549316,13.3833999633789,1,"ÖAMTC","1208861","AP Diskont"
"47.3624992370605,16.2840995788574",47.3624992370605,16.2840995788574,1,"ÖAMTC","1209424","Diskont Tankstelle"
"47.3625984191895,10.8318004608154",47.3625984191895,10.8318004608154,1,"ÖAMTC","1201478","Tankstop Dolle"
"47.3629989624023,13.3825998306274",47.3629989624023,13.3825998306274,1,"ÖAMTC","1208861","AP Diskont"
"47.3630981445312,16.0641994476318",47.3630981445312,16.0641994476318,1,"ÖAMTC","1201441","Tankstelle Schr<U+00F6>ck"
"47.3633995056152,16.2406997680664",47.3633995056152,16.2406997680664,1,"ÖAMTC","1207864","Turm<U+00F6>l Quick"
"47.363899230957,9.68039989471436",47.363899230957,9.68039989471436,1,"ÖAMTC","1209223","Tankstelle ESW"
"47.363899230957,15.0961999893188",47.363899230957,15.0961999893188,1,"ÖAMTC","1000841","BP"
"47.3641014099121,16.2402000427246",47.3641014099121,16.2402000427246,1,"ÖAMTC","1209820","Tankstelle St<U+00F6>ckl"
"47.3658981323242,9.65769958496094",47.3658981323242,9.65769958496094,1,"ÖAMTC","1201102","Shell"
"47.36669921875,9.67059993743896",47.36669921875,9.67059993743896,1,"ÖAMTC","1211425","DISKONT Tankstelle (HOFER Parkplatz)"
"47.369499206543,11.1663999557495",47.369499206543,11.1663999557495,1,"ÖAMTC","1208715","Avanti"
"47.369499206543,16.0210990905762",47.369499206543,16.0210990905762,1,"ÖAMTC","1213964","Rumpold"
"47.3703994750977,16.1529006958008",47.3703994750977,16.1529006958008,1,"ÖAMTC","1208998","Genol"
"47.3722991943359,15.7630996704102",47.3722991943359,15.7630996704102,1,"ÖAMTC","1209726","F. Leitner "
"47.3723983764648,14.9886999130249",47.3723983764648,14.9886999130249,1,"ÖAMTC","1209456","KFZ-Gruber"
"47.3736000061035,9.67759990692139",47.3736000061035,9.67759990692139,1,"ÖAMTC","1201434","BP"
"47.3736000061035,15.0902996063232",47.3736000061035,15.0902996063232,1,"ÖAMTC","1127767","JET"
"47.3740005493164,16.0930995941162",47.3740005493164,16.0930995941162,1,"ÖAMTC","1209817","Rekord-Tankstelle"
"47.3745002746582,16.1256008148193",47.3745002746582,16.1256008148193,1,"ÖAMTC","1140241","Avanti"
"47.3777008056641,15.0888996124268",47.3777008056641,15.0888996124268,1,"ÖAMTC","1208789","Turm<U+00F6>l Quick"
"47.377799987793,9.89039993286133",47.377799987793,9.89039993286133,1,"ÖAMTC","1208133","W<U+00E4>lderhaus Tankstelle"
"47.3779983520508,15.1021003723145",47.3779983520508,15.1021003723145,1,"ÖAMTC","1208645","SOCAR"
"47.3790016174316,13.47350025177",47.3790016174316,13.47350025177,1,"ÖAMTC","1088175","BP"
"47.3791007995605,16.122200012207",47.3791007995605,16.122200012207,1,"ÖAMTC","1005613","Eni"
"47.380199432373,9.70540046691895",47.380199432373,9.70540046691895,1,"ÖAMTC","1201387","OIL!"
"47.3805999755859,15.1069002151489",47.3805999755859,15.1069002151489,1,"ÖAMTC","1133311","BP Stiglechner"
"47.3810997009277,13.4169998168945",47.3810997009277,13.4169998168945,1,"ÖAMTC","1201693","BP"
"47.3811988830566,15.6780004501343",47.3811988830566,15.6780004501343,1,"ÖAMTC","1210648","F. Leitner "
"47.3816986083984,16.1201992034912",47.3816986083984,16.1201992034912,1,"ÖAMTC","1214112","KFZ-Test"
"47.3818016052246,15.1068000793457",47.3818016052246,15.1068000793457,1,"ÖAMTC","1209605","DISKONT Tankstelle (HOFER Parkplatz)"
"47.38330078125,11.7718000411987",47.38330078125,11.7718000411987,1,"ÖAMTC","1087017","BP express"
"47.3841018676758,15.478099822998",47.3841018676758,15.478099822998,1,"ÖAMTC","1001926","Shell"
"47.3848991394043,15.1297998428345",47.3848991394043,15.1297998428345,1,"ÖAMTC","1213844","Rumpold"
"47.3852996826172,13.4701995849609",47.3852996826172,13.4701995849609,1,"ÖAMTC","1208862","Lagerhaus"
"47.386100769043,14.8991003036499",47.386100769043,14.8991003036499,1,"ÖAMTC","1208127","Eni"
"47.3866004943848,13.4520998001099",47.3866004943848,13.4520998001099,1,"ÖAMTC","1088171","BP Stiglechner"
"47.3866996765137,10.5628004074097",47.3866996765137,10.5628004074097,1,"ÖAMTC","1209401","Shell"
"47.3866996765137,13.4514999389648",47.3866996765137,13.4514999389648,1,"ÖAMTC","1086773","Eni"
"47.3869018554688,11.2589998245239",47.3869018554688,11.2589998245239,1,"ÖAMTC","1208825","Eni Gutmann"
"47.3870010375977,13.4517002105713",47.3870010375977,13.4517002105713,1,"ÖAMTC","1088174","Eni"
"47.3880004882812,11.2609996795654",47.3880004882812,11.2609996795654,1,"ÖAMTC","1141704","Tankstelle Reinpold"
"47.388500213623,11.7743997573853",47.388500213623,11.7743997573853,1,"ÖAMTC","1099967","Shell"
"47.388500213623,12.8032999038696",47.388500213623,12.8032999038696,1,"ÖAMTC","1101440","DieselTime"
"47.3889007568359,12.6422996520996",47.3889007568359,12.6422996520996,1,"ÖAMTC","1207594","BP LM Energy"
"47.3890991210938,11.7852001190186",47.3890991210938,11.7852001190186,1,"ÖAMTC","1094281","AVIA"
"47.3894996643066,13.6539001464844",47.3894996643066,13.6539001464844,1,"ÖAMTC","1131989","Eni"
"47.3904991149902,13.6574001312256",47.3904991149902,13.6574001312256,1,"ÖAMTC","1210847","DISKONT Tankstelle (HOFER Parkplatz)"
"47.3912010192871,15.9946002960205",47.3912010192871,15.9946002960205,1,"ÖAMTC","1127075","Shell"
"47.3914985656738,13.6822996139526",47.3914985656738,13.6822996139526,1,"ÖAMTC","1208637","Shell"
"47.3918991088867,9.72760009765625",47.3918991088867,9.72760009765625,1,"ÖAMTC","1209785","JET"
"47.3921012878418,16.3463001251221",47.3921012878418,16.3463001251221,1,"ÖAMTC","1117821","AVIA"
"47.3932991027832,15.9916000366211",47.3932991027832,15.9916000366211,1,"ÖAMTC","1212757","M3 Tankstelle"
"47.3940010070801,15.0383996963501",47.3940010070801,15.0383996963501,1,"ÖAMTC","1213828","Rumpold"
"47.3950004577637,13.6991996765137",47.3950004577637,13.6991996765137,1,"ÖAMTC","1209654","JET"
"47.3950996398926,13.6794996261597",47.3950996398926,13.6794996261597,1,"ÖAMTC","1073199","Lagerhaus"
"47.3961982727051,9.73149967193604",47.3961982727051,9.73149967193604,1,"ÖAMTC","1207939","OMV"
"47.3967018127441,11.9224004745483",47.3967018127441,11.9224004745483,1,"ÖAMTC","1208864","Shell"
"47.3967018127441,13.7042999267578",47.3967018127441,13.7042999267578,1,"ÖAMTC","1211209","Turm<U+00F6>l"
"47.396800994873,15.8701000213623",47.396800994873,15.8701000213623,1,"ÖAMTC","1209207","Genol"
"47.3978996276855,11.8163003921509",47.3978996276855,11.8163003921509,1,"ÖAMTC","1139999","Avanti"
"47.3983001708984,9.85369968414307",47.3983001708984,9.85369968414307,1,"ÖAMTC","1209404","Eni"
"47.3991012573242,14.8274002075195",47.3991012573242,14.8274002075195,1,"ÖAMTC","1209557","Lagerhaus"
"47.3998985290527,9.73579978942871",47.3998985290527,9.73579978942871,1,"ÖAMTC","1061870","Disk"
"47.4034996032715,11.8030996322632",47.4034996032715,11.8030996322632,1,"ÖAMTC","1207854","Eni"
"47.4039001464844,13.5719995498657",47.4039001464844,13.5719995498657,1,"ÖAMTC","1208589","Shell"
"47.4043998718262,15.2538003921509",47.4043998718262,15.2538003921509,1,"ÖAMTC","1210672","SOCAR"
"47.4049987792969,15.8896999359131",47.4049987792969,15.8896999359131,1,"ÖAMTC","1209491","OMV"
"47.405200958252,15.2565002441406",47.405200958252,15.2565002441406,2,"ÖAMTC;JET","1099259;559a40794e","JET;JET Tankstelle"
"47.4059982299805,13.2180004119873",47.4059982299805,13.2180004119873,1,"ÖAMTC","1099240","JET"
"47.4062995910645,15.2659997940063",47.4062995910645,15.2659997940063,1,"ÖAMTC","1115882","OMV"
"47.4065017700195,16.2609996795654",47.4065017700195,16.2609996795654,1,"ÖAMTC","1200539","Tankstelle St<U+00F6>ckl"
"47.4067993164062,10.8690996170044",47.4067993164062,10.8690996170044,1,"ÖAMTC","1104509","BP"
"47.4070014953613,9.73460006713867",47.4070014953613,9.73460006713867,1,"ÖAMTC","1140200","Avanti"
"47.4075012207031,10.9124002456665",47.4075012207031,10.9124002456665,1,"ÖAMTC","1048218","Shell"
"47.4104995727539,9.72070026397705",47.4104995727539,9.72070026397705,1,"ÖAMTC","1208695","Eni"
"47.4104995727539,10.9156999588013",47.4104995727539,10.9156999588013,1,"ÖAMTC","1000921","Amort Tankstelle"
"47.4104995727539,16.4151000976562",47.4104995727539,16.4151000976562,1,"ÖAMTC","1189238","Eni"
"47.4118003845215,9.71570014953613",47.4118003845215,9.71570014953613,1,"ÖAMTC","1100687","Shell"
"47.413501739502,13.2186002731323",47.413501739502,13.2186002731323,1,"ÖAMTC","1001572","Fill up"
"47.4141998291016,16.0228996276855",47.4141998291016,16.0228996276855,1,"ÖAMTC","1210211","Glanzvoll Auto-Aufbereitung"
"47.415901184082,11.8794002532959",47.415901184082,11.8794002532959,1,"ÖAMTC","1201523","Tankstelle Rieser"
"47.4174995422363,9.84939956665039",47.4174995422363,9.84939956665039,1,"ÖAMTC","1201634","Auto Gemo"
"47.418399810791,12.4216003417969",47.418399810791,12.4216003417969,1,"ÖAMTC","1148959","BP"
"47.4193000793457,15.2739000320435",47.4193000793457,15.2739000320435,1,"ÖAMTC","1164088","Tankstelle Marcher"
"47.4196014404297,9.65929985046387",47.4196014404297,9.65929985046387,1,"ÖAMTC","1209730","JET"
"47.4199981689453,9.65869998931885",47.4199981689453,9.65869998931885,1,"ÖAMTC","1207991","OMV"
"47.4205017089844,15.0148000717163",47.4205017089844,15.0148000717163,1,"ÖAMTC","1208510","BP Stiglechner"
"47.4210014343262,13.3839998245239",47.4210014343262,13.3839998245239,1,"ÖAMTC","1133658","Shell"
"47.4211006164551,13.3805999755859",47.4211006164551,13.3805999755859,1,"ÖAMTC","1201072","Shell"
"47.4222984313965,15.2727003097534",47.4222984313965,15.2727003097534,1,"ÖAMTC","1208713","Turm<U+00F6>l Quick"
"47.4227981567383,13.2164001464844",47.4227981567383,13.2164001464844,1,"ÖAMTC","1000708","BP"
"47.4230003356934,10.7827997207642",47.4230003356934,10.7827997207642,1,"ÖAMTC","1102289","OIL!"
"47.4230003356934,12.8500003814697",47.4230003356934,12.8500003814697,1,"ÖAMTC","1160036","Avanti"
"47.4230003356934,14.7601003646851",47.4230003356934,14.7601003646851,1,"ÖAMTC","1207832","Viertler"
"47.4230003356934,15.7878999710083",47.4230003356934,15.7878999710083,1,"ÖAMTC","1209196","Genol"
"47.4240989685059,15.2723999023438",47.4240989685059,15.2723999023438,1,"ÖAMTC","1140195","SOCAR"
"47.4247016906738,13.214599609375",47.4247016906738,13.214599609375,1,"ÖAMTC","1211121","Turm<U+00F6>l"
"47.4247016906738,15.0019998550415",47.4247016906738,15.0019998550415,1,"ÖAMTC","1210447","IQ Stiglechner"
"47.4252014160156,16.089599609375",47.4252014160156,16.089599609375,1,"ÖAMTC","1208736","Eni"
"47.426700592041,9.74129962921143",47.426700592041,9.74129962921143,1,"ÖAMTC","1108670","JET"
"47.4281005859375,9.73999977111816",47.4281005859375,9.73999977111816,1,"ÖAMTC","1184091","OMV"
"47.4287986755371,12.8428001403809",47.4287986755371,12.8428001403809,1,"ÖAMTC","1128886","OMV"
"47.4291000366211,15.7796001434326",47.4291000366211,15.7796001434326,1,"ÖAMTC","1119605","Tankstelle Bauer"
"47.4292984008789,16.0594005584717",47.4292984008789,16.0594005584717,1,"ÖAMTC","1136371","SOCAR"
"47.4296989440918,12.8424997329712",47.4296989440918,12.8424997329712,1,"ÖAMTC","1099243","JET"
"47.4299011230469,9.73989963531494",47.4299011230469,9.73989963531494,1,"ÖAMTC","1018064","Eni"
"47.4304008483887,9.6496000289917",47.4304008483887,9.6496000289917,1,"ÖAMTC","1000941","Oberscheider Carworld Tankstelle"
"47.4315986633301,11.8770999908447",47.4315986633301,11.8770999908447,1,"ÖAMTC","1208863","Disk"
"47.432201385498,10.9186000823975",47.432201385498,10.9186000823975,1,"ÖAMTC","1201406","Eni Gutmann"
"47.4324989318848,9.89529991149902",47.4324989318848,9.89529991149902,1,"ÖAMTC","1130599","BP"
"47.4324989318848,11.8788995742798",47.4324989318848,11.8788995742798,1,"ÖAMTC","1208788","Eni"
"47.4329986572266,15.2712001800537",47.4329986572266,15.2712001800537,1,"ÖAMTC","1213872","Turm<U+00F6>l"
"47.4331016540527,11.7356004714966",47.4331016540527,11.7356004714966,1,"ÖAMTC","1208564","Eni Gutmann"
"47.4333000183105,11.8804998397827",47.4333000183105,11.8804998397827,1,"ÖAMTC","1141282","OMV"
"47.4333992004395,13.5193996429443",47.4333992004395,13.5193996429443,1,"ÖAMTC","1201070","LM Energy Express"
"47.434700012207,11.882399559021",47.434700012207,11.882399559021,1,"ÖAMTC","1201153","Rissbacher"
"47.4364013671875,13.941499710083",47.4364013671875,13.941499710083,1,"ÖAMTC","1210789","inTime Tankstelle"
"47.4374008178711,11.8815002441406",47.4374008178711,11.8815002441406,1,"ÖAMTC","1208985","AP Diskont"
"47.4379005432129,15.9162998199463",47.4379005432129,15.9162998199463,1,"ÖAMTC","1208815","Tankstelle Grabner"
"47.4382019042969,10.7646999359131",47.4382019042969,10.7646999359131,1,"ÖAMTC","1211321","BP"
"47.4387016296387,9.75940036773682",47.4387016296387,9.75940036773682,1,"ÖAMTC","1208020","Eni Gutmann"
"47.4387016296387,12.7557001113892",47.4387016296387,12.7557001113892,1,"ÖAMTC","1209760","Avanti"
"47.4389991760254,9.65670013427734",47.4389991760254,9.65670013427734,1,"ÖAMTC","1140229","Avanti"
"47.4392013549805,12.7646999359131",47.4392013549805,12.7646999359131,1,"ÖAMTC","1209382","Lagerhaus"
"47.4393997192383,12.042799949646",47.4393997192383,12.042799949646,1,"ÖAMTC","1208377","Eni Gutmann"
"47.4415016174316,10.6423997879028",47.4415016174316,10.6423997879028,1,"ÖAMTC","1209402","Avanti"
"47.4416999816895,12.2239999771118",47.4416999816895,12.2239999771118,1,"ÖAMTC","1002917","Lagerhaus"
"47.4429016113281,15.6499996185303",47.4429016113281,15.6499996185303,1,"ÖAMTC","1208331","Soma"
"47.4440994262695,9.67080020904541",47.4440994262695,9.67080020904541,1,"ÖAMTC","1209670","Tankstelle Oberti"
"47.4448013305664,12.398699760437",47.4448013305664,12.398699760437,1,"ÖAMTC","1065643","Shell"
"47.4449005126953,12.2334995269775",47.4449005126953,12.2334995269775,1,"ÖAMTC","1201629","BP"
"47.4449005126953,16.0629005432129",47.4449005126953,16.0629005432129,1,"ÖAMTC","1208693","Genol"
"47.4464988708496,13.9125995635986",47.4464988708496,13.9125995635986,1,"ÖAMTC","1209463","OMV Fast Lane"
"47.4468994140625,15.3017997741699",47.4468994140625,15.3017997741699,1,"ÖAMTC","1207940","OMV"
"47.4477005004883,15.3016996383667",47.4477005004883,15.3016996383667,1,"ÖAMTC","1117593","Stadtwerke Kapfenberg"
"47.4477005004883,15.3035001754761",47.4477005004883,15.3035001754761,1,"ÖAMTC","1208050","Sprint-Landforst"
"47.4482002258301,11.8837003707886",47.4482002258301,11.8837003707886,1,"ÖAMTC","1115307","Tankstelle Duftner"
"47.448299407959,16.4176998138428",47.448299407959,16.4176998138428,1,"ÖAMTC","1000040","Turm<U+00F6>l"
"47.4485015869141,12.0869998931885",47.4485015869141,12.0869998931885,1,"ÖAMTC","1148228","Shell"
"47.4487991333008,12.3241996765137",47.4487991333008,12.3241996765137,1,"ÖAMTC","1103951","Shell"
"47.4488983154297,15.8577995300293",47.4488983154297,15.8577995300293,1,"ÖAMTC","1209200","Genol"
"47.4488983154297,15.8578996658325",47.4488983154297,15.8578996658325,1,"ÖAMTC","1209200","Genol"
"47.4491996765137,9.9064998626709",47.4491996765137,9.9064998626709,1,"ÖAMTC","1209613","Johann Meusburger GmbH"
"47.4495010375977,9.6648998260498",47.4495010375977,9.6648998260498,1,"ÖAMTC","1207848","OMV"
"47.4500999450684,9.92329978942871",47.4500999450684,9.92329978942871,1,"ÖAMTC","1212229","Tankstelle JP Mennel"
"47.4501991271973,12.3909997940063",47.4501991271973,12.3909997940063,1,"ÖAMTC","1099275","JET"
"47.4504013061523,15.3399000167847",47.4504013061523,15.3399000167847,1,"ÖAMTC","1208620","OMV"
"47.4509010314941,9.92500019073486",47.4509010314941,9.92500019073486,1,"ÖAMTC","1090727","Tankstelle KOBRAS"
"47.4524993896484,15.2665996551514",47.4524993896484,15.2665996551514,1,"ÖAMTC","1209451","Gbr. Trippl Transporte GmbH & Co KG"
"47.4547004699707,15.3177003860474",47.4547004699707,15.3177003860474,1,"ÖAMTC","1209855","Eni Stiglechner"
"47.4558982849121,12.3865003585815",47.4558982849121,12.3865003585815,1,"ÖAMTC","1082015","OMV"
"47.4581985473633,9.95510005950928",47.4581985473633,9.95510005950928,1,"ÖAMTC","1208065","Avanti"
"47.4581985473633,12.3865995407104",47.4581985473633,12.3865995407104,1,"ÖAMTC","1082011","BP"
"47.4589004516602,13.2031002044678",47.4589004516602,13.2031002044678,1,"ÖAMTC","1209367","IQ Stiglechner"
"47.4592018127441,9.64410018920898",47.4592018127441,9.64410018920898,1,"ÖAMTC","1187052","Shell"
"47.4592018127441,9.64500045776367",47.4592018127441,9.64500045776367,1,"ÖAMTC","1208987","ESW Tankstelle"
"47.4603004455566,13.1988000869751",47.4603004455566,13.1988000869751,1,"ÖAMTC","1160686","BP"
"47.4617004394531,13.9897003173828",47.4617004394531,13.9897003173828,1,"ÖAMTC","1208968","Lagerhaus"
"47.4631004333496,9.72719955444336",47.4631004333496,9.72719955444336,1,"ÖAMTC","1210463","BayWa"
"47.4632987976074,16.6319007873535",47.4632987976074,16.6319007873535,1,"ÖAMTC","1209422","Genol"
"47.4650001525879,15.5025997161865",47.4650001525879,15.5025997161865,1,"ÖAMTC","1208497","Tankstelle Pitzer"
"47.4659996032715,11.9875001907349",47.4659996032715,11.9875001907349,1,"ÖAMTC","1208474","Avanti"
"47.4662017822266,15.3374996185303",47.4662017822266,15.3374996185303,1,"ÖAMTC","1210785","Diskonttankstelle Ratzenberger"
"47.4662017822266,15.3378000259399",47.4662017822266,15.3378000259399,1,"ÖAMTC","1210785","2 L<U+00F6>wen"
"47.4668006896973,15.3732995986938",47.4668006896973,15.3732995986938,1,"ÖAMTC","1213021","Eni"
"47.4669990539551,11.9899997711182",47.4669990539551,11.9899997711182,1,"ÖAMTC","1099271","BP"
"47.4674987792969,9.65830039978027",47.4674987792969,9.65830039978027,1,"ÖAMTC","1122022","BP"
"47.4674987792969,15.3396997451782",47.4674987792969,15.3396997451782,1,"ÖAMTC","1165422","JET"
"47.467700958252,15.339599609375",47.467700958252,15.339599609375,1,"ÖAMTC","1165422","JET"
"47.4696006774902,13.3842000961304",47.4696006774902,13.3842000961304,1,"ÖAMTC","1209734","RTA Hirscher GmbH"
"47.4700012207031,15.3512001037598",47.4700012207031,15.3512001037598,1,"ÖAMTC","1213972","Rumpold"
"47.4702987670898,9.72879981994629",47.4702987670898,9.72879981994629,1,"ÖAMTC","1208552","Disk"
"47.4726982116699,15.3650999069214",47.4726982116699,15.3650999069214,1,"ÖAMTC","1000834","Shell"
"47.472900390625,9.90120029449463",47.472900390625,9.90120029449463,1,"ÖAMTC","1208134","W<U+00E4>lderhaus Tankstelle"
"47.4734001159668,11.979100227356",47.4734001159668,11.979100227356,1,"ÖAMTC","1207759","Tankstelle Kern & Kern"
"47.4754981994629,10.6940002441406",47.4754981994629,10.6940002441406,1,"ÖAMTC","1208563","Eni Gutmann"
"47.4776000976562,9.67969989776611",47.4776000976562,9.67969989776611,1,"ÖAMTC","1099282","JET"
"47.4776992797852,12.0454998016357",47.4776992797852,12.0454998016357,1,"ÖAMTC","1138393","OMV Gutmann"
"47.4782981872559,15.7161998748779",47.4782981872559,15.7161998748779,1,"ÖAMTC","1209632","Shell"
"47.4796981811523,10.7305002212524",47.4796981811523,10.7305002212524,1,"ÖAMTC","1000919","Shell"
"47.4798011779785,10.730299949646",47.4798011779785,10.730299949646,1,"ÖAMTC","1000919","Shell"
"47.4798011779785,12.5385999679565",47.4798011779785,12.5385999679565,1,"ÖAMTC","1208381","Eni"
"47.4803009033203,10.7356004714966",47.4803009033203,10.7356004714966,1,"ÖAMTC","1209709","Eni Gutmann"
"47.4808006286621,16.0918998718262",47.4808006286621,16.0918998718262,1,"ÖAMTC","1209436","BP Stiglechner"
"47.4813995361328,9.73149967193604",47.4813995361328,9.73149967193604,1,"ÖAMTC","1207660","Eni"
"47.4814987182617,9.74619960784912",47.4814987182617,9.74619960784912,1,"ÖAMTC","1208069","Eni"
"47.4817008972168,15.4015998840332",47.4817008972168,15.4015998840332,1,"ÖAMTC","1201419","TS-Allerheiligen"
"47.4818000793457,12.146900177002",47.4818000793457,12.146900177002,1,"ÖAMTC","1208742","Eni"
"47.4827995300293,12.058500289917",47.4827995300293,12.058500289917,1,"ÖAMTC","1102214","Eni"
"47.4831008911133,12.0290002822876",47.4831008911133,12.0290002822876,1,"ÖAMTC","1150790","Shell"
"47.4832000732422,15.393500328064",47.4832000732422,15.393500328064,1,"ÖAMTC","1209027","Turm<U+00F6>l"
"47.4838981628418,12.5347995758057",47.4838981628418,12.5347995758057,1,"ÖAMTC","1208548","Disk"
"47.4854011535645,11.9736995697021",47.4854011535645,11.9736995697021,1,"ÖAMTC","1208546","Disk"
"47.4860992431641,13.9837999343872",47.4860992431641,13.9837999343872,1,"ÖAMTC","1208613","Land lebt auf!"
"47.4878997802734,9.73330020904541",47.4878997802734,9.73330020904541,1,"ÖAMTC","1207818","OMV"
"47.4882011413574,9.70219993591309",47.4882011413574,9.70219993591309,1,"ÖAMTC","1209812","DISKONT Tankstelle (HOFER Parkplatz)"
"47.4884986877441,14.545599937439",47.4884986877441,14.545599937439,1,"ÖAMTC","1209457","Tankstelle Huber"
"47.4887008666992,12.3768997192383",47.4887008666992,12.3768997192383,1,"ÖAMTC","1101828","Hartsteinwerk Kitzb<U+00FC>hel"
"47.4891014099121,12.5278997421265",47.4891014099121,12.5278997421265,1,"ÖAMTC","1062438","Lagerhaus"
"47.4902992248535,12.0735998153687",47.4902992248535,12.0735998153687,1,"ÖAMTC","1138395","OMV"
"47.4905014038086,9.70300006866455",47.4905014038086,9.70300006866455,1,"ÖAMTC","1140328","Avanti"
"47.4905014038086,14.4863996505737",47.4905014038086,14.4863996505737,1,"ÖAMTC","1119607","TRT Billiger Tanken"
"47.4907989501953,14.4841995239258",47.4907989501953,14.4841995239258,1,"ÖAMTC","1210348","Tank- und Waschcenter Seebacher"
"47.49169921875,9.85249996185303",47.49169921875,9.85249996185303,1,"ÖAMTC","1209406","Tankstelle V<U+00F6>gel"
"47.4934997558594,15.4280996322632",47.4934997558594,15.4280996322632,1,"ÖAMTC","1209026","Salchenegger"
"47.4935989379883,15.4280996322632",47.4935989379883,15.4280996322632,1,"ÖAMTC","1209026","Salchenegger"
"47.4936981201172,9.71090030670166",47.4936981201172,9.71090030670166,1,"ÖAMTC","1120618","Shell"
"47.4936981201172,14.483099937439",47.4936981201172,14.483099937439,1,"ÖAMTC","1139152","BP"
"47.4943008422852,12.0909996032715",47.4943008422852,12.0909996032715,1,"ÖAMTC","1061790","Eni Gutmann"
"47.4943008422852,16.2824993133545",47.4943008422852,16.2824993133545,1,"ÖAMTC","1201564","Diskont"
"47.494701385498,16.511100769043",47.494701385498,16.511100769043,1,"ÖAMTC","1201087","Tankstelle Rainer"
"47.4948997497559,10.5576000213623",47.4948997497559,10.5576000213623,1,"ÖAMTC","1208677","Avanti"
"47.4952011108398,9.73369979858398",47.4952011108398,9.73369979858398,1,"ÖAMTC","1201534","Eni"
"47.4963989257812,12.3887996673584",47.4963989257812,12.3887996673584,1,"ÖAMTC","1207852","Eni Gutmann"
"47.4986000061035,9.94569969177246",47.4986000061035,9.94569969177246,1,"ÖAMTC","1149781","Tankstelle Schindele"
"47.4986991882324,9.7327995300293",47.4986991882324,9.7327995300293,1,"ÖAMTC","1208493","Eni"
"47.4989013671875,10.5170001983643",47.4989013671875,10.5170001983643,1,"ÖAMTC","1208743","OMV"
"47.4990005493164,16.512300491333",47.4990005493164,16.512300491333,1,"ÖAMTC","1208756","Genol"
"47.4990997314453,10.7203998565674",47.4990997314453,10.7203998565674,1,"ÖAMTC","1064224","Eni"
"47.5018997192383,12.0832996368408",47.5018997192383,12.0832996368408,1,"ÖAMTC","1052850","Freie Tankstelle"
"47.5035018920898,16.2047004699707",47.5035018920898,16.2047004699707,1,"ÖAMTC","1209226","Genol"
"47.5042991638184,9.71780014038086",47.5042991638184,9.71780014038086,1,"ÖAMTC","1210746","Freie Tankstelle"
"47.505500793457,9.82209968566895",47.505500793457,9.82209968566895,1,"ÖAMTC","1201458","B<U+00F6>hlers Tankstelle"
"47.5064010620117,12.065899848938",47.5064010620117,12.065899848938,1,"ÖAMTC","1208866","Disk"
"47.5083999633789,16.3945007324219",47.5083999633789,16.3945007324219,1,"ÖAMTC","1210000","Genol"
"47.5084991455078,16.5035991668701",47.5084991455078,16.5035991668701,1,"ÖAMTC","1001800","Tankstelle Blaguss"
"47.5094985961914,16.5002994537354",47.5094985961914,16.5002994537354,1,"ÖAMTC","1201173","OMV"
"47.5108985900879,9.75300025939941",47.5108985900879,9.75300025939941,1,"ÖAMTC","1100165","BP"
"47.5121994018555,15.4567003250122",47.5121994018555,15.4567003250122,1,"ÖAMTC","1208256","Eni Hochhauser"
"47.5144996643066,16.4885997772217",47.5144996643066,16.4885997772217,1,"ÖAMTC","1209810","DISKONT Tankstelle (HOFER Parkplatz)"
"47.5149993896484,9.86480045318604",47.5149993896484,9.86480045318604,1,"ÖAMTC","1209408","Geist Transporte"
"47.5154991149902,9.84370040893555",47.5154991149902,9.84370040893555,1,"ÖAMTC","1163139","Shell"
"47.5158996582031,12.318699836731",47.5158996582031,12.318699836731,1,"ÖAMTC","1048260","BP LM Energy"
"47.515998840332,15.1746997833252",47.515998840332,15.1746997833252,1,"ÖAMTC","1201379","Tankstelle Ziegler"
"47.5163993835449,10.4554004669189",47.5163993835449,10.4554004669189,1,"ÖAMTC","1201322","Eni Gutmann"
"47.5181007385254,12.0672998428345",47.5181007385254,12.0672998428345,1,"ÖAMTC","1062893","BP"
"47.5185012817383,15.7712001800537",47.5185012817383,15.7712001800537,1,"ÖAMTC","1209454","Freie Tankstelle"
"47.5195007324219,12.0661001205444",47.5195007324219,12.0661001205444,1,"ÖAMTC","1093473","OMV"
"47.5196990966797,12.417799949646",47.5196990966797,12.417799949646,1,"ÖAMTC","1208549","Disk"
"47.5205001831055,9.90950012207031",47.5205001831055,9.90950012207031,1,"ÖAMTC","1209407","Geist Transporte"
"47.5209999084473,15.2307996749878",47.5209999084473,15.2307996749878,1,"ÖAMTC","1209452","SOCAR"
"47.5227012634277,14.0832004547119",47.5227012634277,14.0832004547119,1,"ÖAMTC","1207706","Shell"
"47.5233001708984,14.3235998153687",47.5233001708984,14.3235998153687,1,"ÖAMTC","1208099","Autoservice Lemmerer"
"47.5253982543945,12.4231004714966",47.5253982543945,12.4231004714966,1,"ÖAMTC","1061877","BP"
"47.5259017944336,12.423999786377",47.5259017944336,12.423999786377,1,"ÖAMTC","1210572","Disk"
"47.5269012451172,12.4243001937866",47.5269012451172,12.4243001937866,1,"ÖAMTC","1082404","Eni"
"47.5289993286133,11.7079000473022",47.5289993286133,11.7079000473022,1,"ÖAMTC","1091928","OMV"
"47.5317001342773,15.5102996826172",47.5317001342773,15.5102996826172,1,"ÖAMTC","1208774","Rumpold"
"47.532398223877,14.1059999465942",47.532398223877,14.1059999465942,1,"ÖAMTC","1201622","BP"
"47.532901763916,12.4371995925903",47.532901763916,12.4371995925903,1,"ÖAMTC","1100274","Shell Stiglechner"
"47.5336990356445,12.0934000015259",47.5336990356445,12.0934000015259,1,"ÖAMTC","1210584","INN-TANK"
"47.5341987609863,9.73910045623779",47.5341987609863,9.73910045623779,1,"ÖAMTC","1107185","Tankstelle Schindele"
"47.5346984863281,9.7519998550415",47.5346984863281,9.7519998550415,1,"ÖAMTC","1107183","OMV"
"47.5349998474121,9.73830032348633",47.5349998474121,9.73830032348633,1,"ÖAMTC","1067681","Tankstelle Deuring"
"47.5383987426758,12.4409999847412",47.5383987426758,12.4409999847412,1,"ÖAMTC","1128655","OMV"
"47.538501739502,16.4326000213623",47.538501739502,16.4326000213623,1,"ÖAMTC","1209718","Tanken an der S31"
"47.5396003723145,15.2391996383667",47.5396003723145,15.2391996383667,1,"ÖAMTC","1017122","Turm<U+00F6>l"
"47.540901184082,16.1550998687744",47.540901184082,16.1550998687744,1,"ÖAMTC","1210640","P<U+00FC>rrer Trans GmbH."
"47.5420989990234,14.9022998809814",47.5420989990234,14.9022998809814,1,"ÖAMTC","1208316","SOCAR"
"47.5424003601074,16.6587009429932",47.5424003601074,16.6587009429932,1,"ÖAMTC","1210020","Genol"
"47.5425987243652,15.538800239563",47.5425987243652,15.538800239563,1,"ÖAMTC","1131191","Turm<U+00F6>l Quick"
"47.5428009033203,16.1173000335693",47.5428009033203,16.1173000335693,1,"ÖAMTC","1208163","Shell"
"47.5433006286621,9.75139999389648",47.5433006286621,9.75139999389648,1,"ÖAMTC","1207633","TK Tankstellen GmbH"
"47.5443992614746,9.73910045623779",47.5443992614746,9.73910045623779,1,"ÖAMTC","1209960","Schindele Autobahnrastst<U+00E4>tte"
"47.5470008850098,12.1017999649048",47.5470008850098,12.1017999649048,1,"ÖAMTC","1055410","Avia XPress"
"47.5483016967773,15.5625",47.5483016967773,15.5625,1,"ÖAMTC","1209306","Lagerhaus"
"47.5503005981445,10.657600402832",47.5503005981445,10.657600402832,1,"ÖAMTC","1117696","Shell"
"47.5508995056152,11.6909999847412",47.5508995056152,11.6909999847412,1,"ÖAMTC","1209582","Avanti"
"47.5512008666992,13.943699836731",47.5512008666992,13.943699836731,1,"ÖAMTC","1209465","Lagerhaus"
"47.5516014099121,10.6709003448486",47.5516014099121,10.6709003448486,1,"ÖAMTC","1201529","Tank-Point"
"47.5528984069824,13.6483001708984",47.5528984069824,13.6483001708984,1,"ÖAMTC","1209346","Freie Tankstelle"
"47.5556983947754,15.3387002944946",47.5556983947754,15.3387002944946,1,"ÖAMTC","1209307","Lagerhaus"
"47.5583000183105,15.5901002883911",47.5583000183105,15.5901002883911,1,"ÖAMTC","1208585","Shell Stiglechner"
"47.5588989257812,15.5908002853394",47.5588989257812,15.5908002853394,1,"ÖAMTC","1131189","OMV"
"47.5592002868652,16.4321994781494",47.5592002868652,16.4321994781494,1,"ÖAMTC","1201648","Turm<U+00F6>l Quick"
"47.559398651123,14.2532997131348",47.559398651123,14.2532997131348,1,"ÖAMTC","1144102","Eni"
"47.5596008300781,14.2440996170044",47.5596008300781,14.2440996170044,1,"ÖAMTC","1211073","M3 Tankstelle"
"47.5602989196777,14.2580995559692",47.5602989196777,14.2580995559692,1,"ÖAMTC","1099263","JET"
"47.5605010986328,13.921199798584",47.5605010986328,13.921199798584,1,"ÖAMTC","1207770","OMV Fast Lane"
"47.5611991882324,14.2483997344971",47.5611991882324,14.2483997344971,1,"ÖAMTC","1208478","DISKONT Tankstelle (HOFER Parkplatz)"
"47.5637016296387,14.2424001693726",47.5637016296387,14.2424001693726,1,"ÖAMTC","1208079","Shell"
"47.5648002624512,15.6143999099731",47.5648002624512,15.6143999099731,1,"ÖAMTC","1208675","Czelecz Transport"
"47.5648994445801,13.3423004150391",47.5648994445801,13.3423004150391,1,"ÖAMTC","1207960","LM Energy"
"47.5657997131348,12.1510000228882",47.5657997131348,12.1510000228882,1,"ÖAMTC","1201489","Tankstelle Inntaler (LKW)"
"47.5660018920898,12.1555004119873",47.5660018920898,12.1555004119873,1,"ÖAMTC","1107230","AP Diskont"
"47.5661010742188,12.1512002944946",47.5661010742188,12.1512002944946,1,"ÖAMTC","1208828","Tankstelle Inntaler"
"47.5666007995605,12.1564998626709",47.5666007995605,12.1564998626709,1,"ÖAMTC","1209230","Eni"
"47.5672988891602,16.0977993011475",47.5672988891602,16.0977993011475,1,"ÖAMTC","1005846","BP"
"47.5682983398438,14.2281999588013",47.5682983398438,14.2281999588013,1,"ÖAMTC","1207705","BP Stiglechner"
"47.5698013305664,14.2109003067017",47.5698013305664,14.2109003067017,1,"ÖAMTC","1210695","Rumpold"
"47.5741996765137,12.1577997207642",47.5741996765137,12.1577997207642,1,"ÖAMTC","1099274","JET"
"47.5750007629395,12.1577997207642",47.5750007629395,12.1577997207642,1,"ÖAMTC","1099273","JET"
"47.5750999450684,12.6999998092651",47.5750999450684,12.6999998092651,1,"ÖAMTC","1019430","Lagerhaus"
"47.576099395752,16.4265003204346",47.576099395752,16.4265003204346,1,"ÖAMTC","1001222","PPSkont"
"47.5765991210938,12.1605997085571",47.5765991210938,12.1605997085571,1,"ÖAMTC","1067677","Eni"
"47.5794982910156,13.5315999984741",47.5794982910156,13.5315999984741,1,"ÖAMTC","1208473","Avanti"
"47.5820999145508,14.4565000534058",47.5820999145508,14.4565000534058,1,"ÖAMTC","1201122","OMV"
"47.5825004577637,13.1822996139526",47.5825004577637,13.1822996139526,1,"ÖAMTC","1209366","LM Energy"
"47.5830001831055,16.4610004425049",47.5830001831055,16.4610004425049,1,"ÖAMTC","1208215","Tanktreff"
"47.5834007263184,13.1563997268677",47.5834007263184,13.1563997268677,1,"ÖAMTC","1120517","Eni"
"47.5839004516602,13.1575002670288",47.5839004516602,13.1575002670288,1,"ÖAMTC","1154341","OMV"
"47.5853996276855,12.1617002487183",47.5853996276855,12.1617002487183,1,"ÖAMTC","1061785","BP"
"47.586498260498,12.1624002456665",47.586498260498,12.1624002456665,1,"ÖAMTC","1138396","Avanti"
"47.5872001647949,15.6599998474121",47.5872001647949,15.6599998474121,1,"ÖAMTC","1209813","Avanti"
"47.5891990661621,12.1744003295898",47.5891990661621,12.1744003295898,1,"ÖAMTC","1130722","OMV"
"47.5895004272461,12.5558004379272",47.5895004272461,12.5558004379272,1,"ÖAMTC","1209786","SOCAR"
"47.5896987915039,13.4644002914429",47.5896987915039,13.4644002914429,1,"ÖAMTC","1208983","LM Energy"
"47.5906982421875,16.5793991088867",47.5906982421875,16.5793991088867,1,"ÖAMTC","1201432","Diskont P<U+00F6>ltl"
"47.5908012390137,15.6633996963501",47.5908012390137,15.6633996963501,1,"ÖAMTC","1208629","Lagerhaus"
"47.5914001464844,16.539400100708",47.5914001464844,16.539400100708,1,"ÖAMTC","1208313","Genol"
"47.5915985107422,12.1326999664307",47.5915985107422,12.1326999664307,1,"ÖAMTC","1209651","INN-TANK"
"47.5919990539551,13.1756000518799",47.5919990539551,13.1756000518799,1,"ÖAMTC","1209669","Eni"
"47.5937995910645,12.177300453186",47.5937995910645,12.177300453186,1,"ÖAMTC","1097892","BP"
"47.5976982116699,16.627799987793",47.5976982116699,16.627799987793,1,"ÖAMTC","1201450","SOCAR"
"47.5994987487793,15.6661996841431",47.5994987487793,15.6661996841431,1,"ÖAMTC","1201347","Eni Hochhauser"
"47.6004981994629,16.1966991424561",47.6004981994629,16.1966991424561,1,"ÖAMTC","1208761","Tankstelle Lichtenegg"
"47.6021995544434,16.1182994842529",47.6021995544434,16.1182994842529,1,"ÖAMTC","1207831","Genol"
"47.6025009155273,15.7189998626709",47.6025009155273,15.7189998626709,1,"ÖAMTC","1208757","Turm<U+00F6>l Quick"
"47.6046981811523,13.782600402832",47.6046981811523,13.782600402832,1,"ÖAMTC","1207768","Shell"
"47.6063995361328,15.6810998916626",47.6063995361328,15.6810998916626,1,"ÖAMTC","1208068","SOCAR"
"47.6081008911133,13.1662998199463",47.6081008911133,13.1662998199463,1,"ÖAMTC","1208860","Tankstelle Hettegger"
"47.6130981445312,15.7475004196167",47.6130981445312,15.7475004196167,1,"ÖAMTC","1149774","Eni Stiglechner"
"47.6166000366211,15.9663000106812",47.6166000366211,15.9663000106812,1,"ÖAMTC","1207765","Turm<U+00F6>l"
"47.619701385498,16.1282997131348",47.619701385498,16.1282997131348,1,"ÖAMTC","1207816","Eni"
"47.6237983703613,13.6454000473022",47.6237983703613,13.6454000473022,1,"ÖAMTC","1208185","BP Stiglechner"
"47.6333999633789,12.2145004272461",47.6333999633789,12.2145004272461,1,"ÖAMTC","1078814","Eni"
"47.6347999572754,13.1386995315552",47.6347999572754,13.1386995315552,1,"ÖAMTC","1114575","Shell"
"47.6377983093262,13.137900352478",47.6377983093262,13.137900352478,1,"ÖAMTC","1211169","DISKONT Tankstelle (HOFER Parkplatz)"
"47.6472015380859,16.1263999938965",47.6472015380859,16.1263999938965,1,"ÖAMTC","1201521","Tankstelle Holzgethan"
"47.6473007202148,12.4046001434326",47.6473007202148,12.4046001434326,1,"ÖAMTC","1000905","Tankstelle Bellinger"
"47.648998260498,15.8582000732422",47.648998260498,15.8582000732422,1,"ÖAMTC","1208353","Eni"
"47.6493988037109,13.6133003234863",47.6493988037109,13.6133003234863,1,"ÖAMTC","1132571","SOCAR"
"47.6497001647949,12.3133001327515",47.6497001647949,12.3133001327515,1,"ÖAMTC","1208438","BP"
"47.6540985107422,14.7645998001099",47.6540985107422,14.7645998001099,1,"ÖAMTC","1208250","Avia XPress"
"47.6542015075684,14.7644996643066",47.6542015075684,14.7644996643066,1,"ÖAMTC","1208250","Avia XPress"
"47.657398223877,12.7427997589111",47.657398223877,12.7427997589111,1,"ÖAMTC","1208430","Eni"
"47.6593017578125,15.5894002914429",47.6593017578125,15.5894002914429,1,"ÖAMTC","1208681","OMV"
"47.6608009338379,16.2833003997803",47.6608009338379,16.2833003997803,1,"ÖAMTC","1214140","Gemeinde Hochwolkersdorf"
"47.6618995666504,16.1292991638184",47.6618995666504,16.1292991638184,1,"ÖAMTC","1201562","Eni"
"47.6619987487793,12.4252004623413",47.6619987487793,12.4252004623413,1,"ÖAMTC","1208157","AVIA"
"47.6619987487793,16.1294002532959",47.6619987487793,16.1294002532959,1,"ÖAMTC","1201562","Eni"
"47.6651000976562,14.9841003417969",47.6651000976562,14.9841003417969,1,"ÖAMTC","1100088","OIL!"
"47.6654014587402,12.7532997131348",47.6654014587402,12.7532997131348,1,"ÖAMTC","1201527","BP LM Energy"
"47.6657981872559,14.7160997390747",47.6657981872559,14.7160997390747,1,"ÖAMTC","1210479","Turm<U+00F6>l Quick"
"47.6730995178223,15.9561996459961",47.6730995178223,15.9561996459961,1,"ÖAMTC","1209076","Eni Hochhauser"
"47.673698425293,15.9697999954224",47.673698425293,15.9697999954224,1,"ÖAMTC","1208191","RHD-Diskont"
"47.6762008666992,12.1845998764038",47.6762008666992,12.1845998764038,1,"ÖAMTC","1208986","Pfluger Trans"
"47.6818008422852,14.6152000427246",47.6818008422852,14.6152000427246,1,"ÖAMTC","1208796","ABAG Mineral<U+00F6>lhandels GmbH"
"47.682300567627,13.1002998352051",47.682300567627,13.1002998352051,1,"ÖAMTC","1208960","Turm<U+00F6>l Quick"
"47.6865997314453,13.0986003875732",47.6865997314453,13.0986003875732,1,"ÖAMTC","1081925","Lagerhaus"
"47.6893997192383,13.6243000030518",47.6893997192383,13.6243000030518,1,"ÖAMTC","1207789","Turm<U+00F6>l Quick"
"47.6918983459473,13.1006002426147",47.6918983459473,13.1006002426147,1,"ÖAMTC","1106485","Shell"
"47.7009010314941,16.9074001312256",47.7009010314941,16.9074001312256,1,"ÖAMTC","1153470","Mosonyi"
"47.7032012939453,16.9027004241943",47.7032012939453,16.9027004241943,1,"ÖAMTC","1209053","Genol"
"47.7043991088867,16.035400390625",47.7043991088867,16.035400390625,1,"ÖAMTC","1208745","Eni Hochhauser"
"47.7046012878418,14.167200088501",47.7046012878418,14.167200088501,1,"ÖAMTC","1208628","Genol"
"47.7064018249512,14.163800239563",47.7064018249512,14.163800239563,1,"ÖAMTC","1134566","IQ Stiglechner"
"47.7066993713379,16.1025009155273",47.7066993713379,16.1025009155273,1,"ÖAMTC","1201654","BP"
"47.7116012573242,16.0403995513916",47.7116012573242,16.0403995513916,1,"ÖAMTC","1199100","JET"
"47.7116012573242,16.0970993041992",47.7116012573242,16.0970993041992,1,"ÖAMTC","1210515","Heipoil Future Diskont"
"47.7117004394531,16.040599822998",47.7117004394531,16.040599822998,1,"ÖAMTC","1199100","JET"
"47.712100982666,13.194899559021",47.712100982666,13.194899559021,1,"ÖAMTC","1209364","Tankstelle Eibl"
"47.7122001647949,16.5121994018555",47.7122001647949,16.5121994018555,1,"ÖAMTC","1201497","Diskont Tankstelle"
"47.7130012512207,13.4856004714966",47.7130012512207,13.4856004714966,1,"ÖAMTC","1210777","Eni"
"47.7162017822266,14.3156995773315",47.7162017822266,14.3156995773315,1,"ÖAMTC","1201290","OMV"
"47.717399597168,13.5907001495361",47.717399597168,13.5907001495361,1,"ÖAMTC","1209722","Turm<U+00F6>l Quick"
"47.7192993164062,13.6089000701904",47.7192993164062,13.6089000701904,1,"ÖAMTC","1151674","Shell"
"47.7201995849609,16.0368995666504",47.7201995849609,16.0368995666504,1,"ÖAMTC","1189643","Diskont Bauer"
"47.7214012145996,13.6402997970581",47.7214012145996,13.6402997970581,1,"ÖAMTC","1211137","Turm<U+00F6>l"
"47.7219009399414,13.0904998779297",47.7219009399414,13.0904998779297,1,"ÖAMTC","1015308","Eni"
"47.7234992980957,13.4243001937866",47.7234992980957,13.4243001937866,1,"ÖAMTC","1209363","Shell Stiglechner"
"47.7244987487793,16.0816993713379",47.7244987487793,16.0816993713379,1,"ÖAMTC","1209545","Genol"
"47.7248001098633,14.3076000213623",47.7248001098633,14.3076000213623,1,"ÖAMTC","1201320","Genol"
"47.7258987426758,16.9351005554199",47.7258987426758,16.9351005554199,1,"ÖAMTC","1009404","Turm<U+00F6>l Quick"
"47.7280006408691,12.9153995513916",47.7280006408691,12.9153995513916,1,"ÖAMTC","1000685","BP Stiglechner"
"47.7286987304688,16.0930995941162",47.7286987304688,16.0930995941162,1,"ÖAMTC","1156692","Eni"
"47.7299995422363,16.4127998352051",47.7299995422363,16.4127998352051,1,"ÖAMTC","1209699","DISKONT Tankstelle (HOFER Parkplatz)"
"47.7313995361328,13.0641002655029",47.7313995361328,13.0641002655029,1,"ÖAMTC","1201299","LM Energy Express"
"47.7318000793457,16.4125003814697",47.7318000793457,16.4125003814697,1,"ÖAMTC","1201247","JET"
"47.7321014404297,13.0860996246338",47.7321014404297,13.0860996246338,1,"ÖAMTC","1208023","Eni"
"47.7327003479004,13.0655002593994",47.7327003479004,13.0655002593994,1,"ÖAMTC","1208741","Eni"
"47.7327003479004,16.0874004364014",47.7327003479004,16.0874004364014,1,"ÖAMTC","1135214","Tankstelle Ofenb<U+00F6>ck"
"47.734001159668,16.9314002990723",47.734001159668,16.9314002990723,1,"ÖAMTC","1093567","Mosonyi Diskont"
"47.7354011535645,16.9298000335693",47.7354011535645,16.9298000335693,1,"ÖAMTC","1208994","Genol"
"47.7358016967773,16.4076995849609",47.7358016967773,16.4076995849609,1,"ÖAMTC","1208853","IQ Stiglechner"
"47.7360992431641,13.0504999160767",47.7360992431641,13.0504999160767,1,"ÖAMTC","1140189","BP LM Energy"
"47.736400604248,13.0854997634888",47.736400604248,13.0854997634888,1,"ÖAMTC","1212809","AP Diskont"
"47.7366981506348,16.4048004150391",47.7366981506348,16.4048004150391,1,"ÖAMTC","1201602","Turm<U+00F6>l Quick"
"47.7378997802734,13.0683002471924",47.7378997802734,13.0683002471924,1,"ÖAMTC","1201197","maxi.tank"
"47.7388000488281,13.0504999160767",47.7388000488281,13.0504999160767,1,"ÖAMTC","1211225","DISKONT Tankstelle (HOFER Parkplatz)"
"47.7392997741699,13.083399772644",47.7392997741699,13.083399772644,1,"ÖAMTC","1201513","AP Diskont"
"47.7393989562988,16.4976005554199",47.7393989562988,16.4976005554199,1,"ÖAMTC","1209410","Genol"
"47.7406997680664,16.4083995819092",47.7406997680664,16.4083995819092,1,"ÖAMTC","1120298","OMV"
"47.7408981323242,16.3374004364014",47.7408981323242,16.3374004364014,1,"ÖAMTC","1208874","Genol"
"47.7425003051758,16.24049949646",47.7425003051758,16.24049949646,1,"ÖAMTC","1209278","Genol"
"47.7430000305176,16.5438995361328",47.7430000305176,16.5438995361328,1,"ÖAMTC","1209780","Tankstelle Barisits"
"47.7431983947754,16.5445003509521",47.7431983947754,16.5445003509521,1,"ÖAMTC","1209802","Tankstelle Barisits"
"47.7456016540527,16.8295001983643",47.7456016540527,16.8295001983643,1,"ÖAMTC","1209055","Genol"
"47.7477989196777,16.4193000793457",47.7477989196777,16.4193000793457,1,"ÖAMTC","1208046","Treibstoffparadies Kohlhammer"
"47.7477989196777,16.4193992614746",47.7477989196777,16.4193992614746,1,"ÖAMTC","1208046","Treibstoffparadies Kohlhammer"
"47.7481994628906,13.0679998397827",47.7481994628906,13.0679998397827,1,"ÖAMTC","1211405","AP Diskont"
"47.7494010925293,13.0691995620728",47.7494010925293,13.0691995620728,1,"ÖAMTC","1158007","Shell"
"47.7546997070312,16.2530002593994",47.7546997070312,16.2530002593994,1,"ÖAMTC","1201672","BP express"
"47.7547988891602,13.0873003005981",47.7547988891602,13.0873003005981,1,"ÖAMTC","1208859","Tankstelle Leitner"
"47.7550010681152,13.0367002487183",47.7550010681152,13.0367002487183,1,"ÖAMTC","1001822","Lagerhaus"
"47.7599983215332,16.8073997497559",47.7599983215332,16.8073997497559,1,"ÖAMTC","1209004","Genol"
"47.7639007568359,16.9901008605957",47.7639007568359,16.9901008605957,1,"ÖAMTC","1208996","Genol"
"47.7643013000488,15.3100996017456",47.7643013000488,15.3100996017456,1,"ÖAMTC","1208452","Eni"
"47.7658004760742,16.8019008636475",47.7658004760742,16.8019008636475,1,"ÖAMTC","1069961","Turm<U+00F6>l"
"47.7658996582031,13.0713996887207",47.7658996582031,13.0713996887207,1,"ÖAMTC","1207819","JET"
"47.7658996582031,16.9838008880615",47.7658996582031,16.9838008880615,1,"ÖAMTC","1207820","Tankstelle Bors"
"47.7668991088867,16.5323009490967",47.7668991088867,16.5323009490967,1,"ÖAMTC","1209719","Turm<U+00F6>l Quick"
"47.7673988342285,17.0280990600586",47.7673988342285,17.0280990600586,1,"ÖAMTC","1153467","Mosonyi"
"47.7677001953125,12.9469003677368",47.7677001953125,12.9469003677368,1,"ÖAMTC","1160080","Shell"
"47.7681999206543,12.9481000900269",47.7681999206543,12.9481000900269,1,"ÖAMTC","1208958","Shell"
"47.768798828125,12.9461002349854",47.768798828125,12.9461002349854,1,"ÖAMTC","1160617","Shell"
"47.7696990966797,13.0853004455566",47.7696990966797,13.0853004455566,1,"ÖAMTC","1209683","BP LM Energy"
"47.7697982788086,16.4636993408203",47.7697982788086,16.4636993408203,1,"ÖAMTC","1208869","Genol"
"47.7731018066406,14.1780004501343",47.7731018066406,14.1780004501343,1,"ÖAMTC","1208178","BP Stiglechner"
"47.7736015319824,16.5289993286133",47.7736015319824,16.5289993286133,1,"ÖAMTC","1207844","Avia"
"47.7742004394531,15.3155002593994",47.7742004394531,15.3155002593994,1,"ÖAMTC","1207773","SOCAR"
"47.7745018005371,16.3945007324219",47.7745018005371,16.3945007324219,1,"ÖAMTC","1000025","O-Tank"
"47.7761993408203,17.0342998504639",47.7761993408203,17.0342998504639,1,"ÖAMTC","1208543","Tankstelle Gelbmann"
"47.7775993347168,16.5261001586914",47.7775993347168,16.5261001586914,1,"ÖAMTC","1213569","Shell"
"47.7779998779297,16.5261001586914",47.7779998779297,16.5261001586914,1,"ÖAMTC","1213569","Shell"
"47.7812004089355,16.5363006591797",47.7812004089355,16.5363006591797,1,"ÖAMTC","1169500","Tankstelle Barisits"
"47.7813987731934,13.2409000396729",47.7813987731934,13.2409000396729,1,"ÖAMTC","1201691","LM Energy"
"47.7825012207031,16.9456005096436",47.7825012207031,16.9456005096436,1,"ÖAMTC","1208995","Genol"
"47.7835998535156,13.0666999816895",47.7835998535156,13.0666999816895,1,"ÖAMTC","1000646","Eni"
"47.785701751709,12.9757995605469",47.785701751709,12.9757995605469,1,"ÖAMTC","1208359","BP LM Energy"
"47.7869987487793,13.0516996383667",47.7869987487793,13.0516996383667,1,"ÖAMTC","1140253","OMV"
"47.7882995605469,16.4916000366211",47.7882995605469,16.4916000366211,1,"ÖAMTC","1208870","Lagerhaus"
"47.7918014526367,15.8962001800537",47.7918014526367,15.8962001800537,1,"ÖAMTC","1208025","Paulischin"
"47.7929992675781,13.0600996017456",47.7929992675781,13.0600996017456,1,"ÖAMTC","1201095","Shell"
"47.793399810791,12.9844999313354",47.793399810791,12.9844999313354,1,"ÖAMTC","1207922","DISKONT Tankstelle (HOFER Parkplatz)"
"47.7935981750488,13.0291004180908",47.7935981750488,13.0291004180908,1,"ÖAMTC","1134861","Eni"
"47.7943992614746,12.9869003295898",47.7943992614746,12.9869003295898,1,"ÖAMTC","1209562","Turm<U+00F6>l"
"47.7957992553711,13.3046998977661",47.7957992553711,13.3046998977661,1,"ÖAMTC","1208372","Turm<U+00F6>l"
"47.7966995239258,15.9937000274658",47.7966995239258,15.9937000274658,1,"ÖAMTC","1208192","Eni Hochhauser"
"47.7979011535645,13.0060997009277",47.7979011535645,13.0060997009277,1,"ÖAMTC","1154338","OMV"
"47.7984008789062,16.2394008636475",47.7984008789062,16.2394008636475,1,"ÖAMTC","1099214","JET"
"47.8007011413574,16.2824001312256",47.8007011413574,16.2824001312256,1,"ÖAMTC","1209756","Turm<U+00F6>l Quick"
"47.8016014099121,13.0143003463745",47.8016014099121,13.0143003463745,1,"ÖAMTC","1154339","Shell"
"47.8032989501953,16.6140995025635",47.8032989501953,16.6140995025635,1,"ÖAMTC","1208644","Turm<U+00F6>l"
"47.8032989501953,16.6716003417969",47.8032989501953,16.6716003417969,1,"ÖAMTC","1018999","Turm<U+00F6>l Quick"
"47.8041000366211,13.0284996032715",47.8041000366211,13.0284996032715,1,"ÖAMTC","1120493","BP LM Energy"
"47.80419921875,16.2418994903564",47.80419921875,16.2418994903564,1,"ÖAMTC","1210684","Turm<U+00F6>l Quick"
"47.8042984008789,16.2371006011963",47.8042984008789,16.2371006011963,1,"ÖAMTC","1108668","Schnell & G<U+00FC>nstig Tankstelle"
"47.8046989440918,16.2679004669189",47.8046989440918,16.2679004669189,1,"ÖAMTC","1208042","OMV"
"47.8051986694336,16.2112007141113",47.8051986694336,16.2112007141113,1,"ÖAMTC","1108047","JET"
"47.8055000305176,16.2110004425049",47.8055000305176,16.2110004425049,1,"ÖAMTC","1108047","JET"
"47.8061981201172,13.7806997299194",47.8061981201172,13.7806997299194,1,"ÖAMTC","1000606","Eni"
"47.8064002990723,16.17919921875",47.8064002990723,16.17919921875,1,"ÖAMTC","1208026","Paulischin"
"47.8064002990723,16.2059993743896",47.8064002990723,16.2059993743896,1,"ÖAMTC","1140295","Avanti"
"47.8065986633301,16.3619003295898",47.8065986633301,16.3619003295898,1,"ÖAMTC","1140330","Turm<U+00F6>l Quick"
"47.807300567627,13.0622997283936",47.807300567627,13.0622997283936,1,"ÖAMTC","1201106","Eni"
"47.807300567627,14.7707996368408",47.807300567627,14.7707996368408,1,"ÖAMTC","1209298","Genol"
"47.8101005554199,13.0465002059937",47.8101005554199,13.0465002059937,1,"ÖAMTC","1120498","Eni"
"47.8115005493164,16.4050998687744",47.8115005493164,16.4050998687744,1,"ÖAMTC","1201535","CP-Tankstelle"
"47.8120002746582,16.2506008148193",47.8120002746582,16.2506008148193,1,"ÖAMTC","1211337","Turm<U+00F6>l"
"47.8120994567871,13.0239000320435",47.8120994567871,13.0239000320435,1,"ÖAMTC","1208714","Eni"
"47.8124008178711,13.773099899292",47.8124008178711,13.773099899292,1,"ÖAMTC","1140203","Avanti"
"47.8129997253418,13.0693998336792",47.8129997253418,13.0693998336792,1,"ÖAMTC","1208678","OMV"
"47.8137016296387,13.0221996307373",47.8137016296387,13.0221996307373,1,"ÖAMTC","1201144","Shell"
"47.8157997131348,13.0506000518799",47.8157997131348,13.0506000518799,1,"ÖAMTC","1158636","Wildenhofer"
"47.8163986206055,15.2958002090454",47.8163986206055,15.2958002090454,1,"ÖAMTC","1210271","Turm<U+00F6>l Quick"
"47.8165016174316,13.0595998764038",47.8165016174316,13.0595998764038,1,"ÖAMTC","1201351","DTS Trading GmbH & Co KG"
"47.8168983459473,13.2281999588013",47.8168983459473,13.2281999588013,1,"ÖAMTC","1160619","Shell"
"47.8174018859863,12.9800996780396",47.8174018859863,12.9800996780396,1,"ÖAMTC","1209265","Tankstelle W<U+00F6>lfl"
"47.8179016113281,13.0186004638672",47.8179016113281,13.0186004638672,1,"ÖAMTC","1099235","JET"
"47.8190002441406,13.056300163269",47.8190002441406,13.056300163269,1,"ÖAMTC","1207924","DISKONT Tankstelle (HOFER Parkplatz)"
"47.8190002441406,13.1946001052856",47.8190002441406,13.1946001052856,1,"ÖAMTC","1201155","BP LM Energy"
"47.8194999694824,13.0173997879028",47.8194999694824,13.0173997879028,1,"ÖAMTC","1207715","Eni"
"47.8202018737793,13.0534000396729",47.8202018737793,13.0534000396729,1,"ÖAMTC","1208472","Shell"
"47.8203010559082,13.111499786377",47.8203010559082,13.111499786377,1,"ÖAMTC","1120499","Tankstelle Nockstein"
"47.8223991394043,13.0398998260498",47.8223991394043,13.0398998260498,1,"ÖAMTC","1134859","OMV"
"47.8226013183594,16.2418003082275",47.8226013183594,16.2418003082275,1,"ÖAMTC","1209078","Eni"
"47.8231010437012,16.2154006958008",47.8231010437012,16.2154006958008,1,"ÖAMTC","1212561","Eni"
"47.8232002258301,13.1995000839233",47.8232002258301,13.1995000839233,1,"ÖAMTC","1113264","Lagerhaus"
"47.8250007629395,16.5316009521484",47.8250007629395,16.5316009521484,1,"ÖAMTC","1209608","DISKONT Tankstelle (HOFER Parkplatz)"
"47.8277015686035,13.0088996887207",47.8277015686035,13.0088996887207,1,"ÖAMTC","1201061","OMV"
"47.8292999267578,16.5216007232666",47.8292999267578,16.5216007232666,1,"ÖAMTC","1099194","JET"
"47.8300018310547,13.0825004577637",47.8300018310547,13.0825004577637,1,"ÖAMTC","1211297","DISKONT Tankstelle (HOFER Parkplatz)"
"47.8303985595703,16.2429008483887",47.8303985595703,16.2429008483887,1,"ÖAMTC","1208129","Genol"
"47.8306999206543,13.0656003952026",47.8306999206543,13.0656003952026,1,"ÖAMTC","1201151","OMV"
"47.831298828125,16.6695003509521",47.831298828125,16.6695003509521,1,"ÖAMTC","1208871","Genol"
"47.8322982788086,16.5324001312256",47.8322982788086,16.5324001312256,1,"ÖAMTC","1209617","Tankstelle Blaguss"
"47.8330993652344,16.523099899292",47.8330993652344,16.523099899292,1,"ÖAMTC","1207838","OMV"
"47.8331985473633,12.9980001449585",47.8331985473633,12.9980001449585,1,"ÖAMTC","1201163","BP Stiglechner"
"47.8339996337891,16.1818008422852",47.8339996337891,16.1818008422852,1,"ÖAMTC","1208202","OMV"
"47.8344993591309,12.9979000091553",47.8344993591309,12.9979000091553,1,"ÖAMTC","1209800","IQ Stiglechner"
"47.8358993530273,16.5238990783691",47.8358993530273,16.5238990783691,1,"ÖAMTC","1208207","Eni"
"47.8359985351562,16.5244007110596",47.8359985351562,16.5244007110596,1,"ÖAMTC","1210707","Direct"
"47.8368988037109,13.3945999145508",47.8368988037109,13.3945999145508,1,"ÖAMTC","1208395","OMV"
"47.8381004333496,16.9200000762939",47.8381004333496,16.9200000762939,1,"ÖAMTC","1207717","Genol"
"47.8387985229492,13.0762996673584",47.8387985229492,13.0762996673584,1,"ÖAMTC","1201214","Eni"
"47.8409996032715,13.5471000671387",47.8409996032715,13.5471000671387,1,"ÖAMTC","1209347","Autohaus Grasmann GmbH"
"47.8418998718262,16.463399887085",47.8418998718262,16.463399887085,1,"ÖAMTC","1209596","Turm<U+00F6>l Quick"
"47.8423004150391,16.9281005859375",47.8423004150391,16.9281005859375,1,"ÖAMTC","1208461","LSC Wenzl GmbH"
"47.8428993225098,13.0417003631592",47.8428993225098,13.0417003631592,1,"ÖAMTC","1208516","Lagerhaus"
"47.8431015014648,16.2462997436523",47.8431015014648,16.2462997436523,1,"ÖAMTC","1207837","OMV"
"47.8437004089355,16.930700302124",47.8437004089355,16.930700302124,1,"ÖAMTC","1208005","Eni"
"47.8442001342773,13.0506000518799",47.8442001342773,13.0506000518799,1,"ÖAMTC","1132237","BP"
"47.845401763916,14.170599937439",47.845401763916,14.170599937439,1,"ÖAMTC","1211285","Turm<U+00F6>l"
"47.8461990356445,16.2465000152588",47.8461990356445,16.2465000152588,1,"ÖAMTC","1099213","JET"
"47.8464012145996,16.2443008422852",47.8464012145996,16.2443008422852,1,"ÖAMTC","1208382","DISKONT Tankstelle (HOFER Parkplatz)"
"47.8470001220703,13.33899974823",47.8470001220703,13.33899974823,1,"ÖAMTC","1208428","Shell"
"47.8478012084961,13.2215995788574",47.8478012084961,13.2215995788574,1,"ÖAMTC","1213241","JET"
"47.848201751709,16.1830997467041",47.848201751709,16.1830997467041,1,"ÖAMTC","1208400","Shell"
"47.8488006591797,16.6205005645752",47.8488006591797,16.6205005645752,1,"ÖAMTC","1209865","Turm<U+00F6>l Quick"
"47.8489990234375,16.1919994354248",47.8489990234375,16.1919994354248,1,"ÖAMTC","1054520","Shell"
"47.853099822998,14.6531000137329",47.853099822998,14.6531000137329,1,"ÖAMTC","1209112","SOCAR"
"47.8535003662109,13.3443002700806",47.8535003662109,13.3443002700806,1,"ÖAMTC","1000695","OMV"
"47.8535995483398,13.3487997055054",47.8535995483398,13.3487997055054,1,"ÖAMTC","1208436","SOCAR"
"47.8559989929199,16.8372001647949",47.8559989929199,16.8372001647949,1,"ÖAMTC","1209521","Genol"
"47.8577995300293,13.1199998855591",47.8577995300293,13.1199998855591,1,"ÖAMTC","1201202","Lagerhaus"
"47.8586006164551,16.8435001373291",47.8586006164551,16.8435001373291,1,"ÖAMTC","1201383","Turm<U+00F6>l Quick"
"47.8596000671387,13.0590000152588",47.8596000671387,13.0590000152588,1,"ÖAMTC","1132238","Eni"
"47.8597984313965,16.180700302124",47.8597984313965,16.180700302124,1,"ÖAMTC","1000282","BP"
"47.8597984313965,16.9745006561279",47.8597984313965,16.9745006561279,1,"ÖAMTC","1208991","Genol"
"47.8613014221191,13.3338003158569",47.8613014221191,13.3338003158569,1,"ÖAMTC","1209690","JET"
"47.8616981506348,13.3339996337891",47.8616981506348,13.3339996337891,1,"ÖAMTC","1209690","JET"
"47.8642997741699,13.016300201416",47.8642997741699,13.016300201416,1,"ÖAMTC","1201384","AP Diskont"
"47.8652000427246,16.3817005157471",47.8652000427246,16.3817005157471,1,"ÖAMTC","1088357","Winkler KJL GmbH"
"47.8678016662598,15.5927000045776",47.8678016662598,15.5927000045776,1,"ÖAMTC","1209083","Tankstelle Heindl"
"47.8679008483887,15.5930004119873",47.8679008483887,15.5930004119873,1,"ÖAMTC","1209083","Tankstelle Heindl"
"47.8683013916016,16.1566009521484",47.8683013916016,16.1566009521484,1,"ÖAMTC","1209715","EMC Tankstelle"
"47.8684997558594,13.3246002197266",47.8684997558594,13.3246002197266,1,"ÖAMTC","1209681","DISKONT Tankstelle (HOFER Parkplatz)"
"47.8708992004395,16.3756999969482",47.8708992004395,16.3756999969482,1,"ÖAMTC","1210299","Direct"
"47.8711013793945,13.0663003921509",47.8711013793945,13.0663003921509,1,"ÖAMTC","1208771","JET"
"47.8726005554199,13.3232002258301",47.8726005554199,13.3232002258301,1,"ÖAMTC","1208423","Genol"
"47.8772010803223,16.9444007873535",47.8772010803223,16.9444007873535,1,"ÖAMTC","1107603","Diskont Moser"
"47.8776016235352,16.2360000610352",47.8776016235352,16.2360000610352,1,"ÖAMTC","1201331","Speedytankstelle"
"47.8779983520508,16.4150009155273",47.8779983520508,16.4150009155273,1,"ÖAMTC","1209420","OMV"
"47.8791007995605,16.6488990783691",47.8791007995605,16.6488990783691,1,"ÖAMTC","1208128","OIL!"
"47.8791999816895,16.0226001739502",47.8791999816895,16.0226001739502,1,"ÖAMTC","1208240","Tankstelle H<U+00FC>tterer"
"47.880199432373,16.3631992340088",47.880199432373,16.3631992340088,1,"ÖAMTC","1209224","Genol"
"47.8810005187988,16.2504005432129",47.8810005187988,16.2504005432129,1,"ÖAMTC","1000263","Eni"
"47.8834991455078,14.543399810791",47.8834991455078,14.543399810791,1,"ÖAMTC","1210835","SOCAR"
"47.8841018676758,16.944299697876",47.8841018676758,16.944299697876,1,"ÖAMTC","1209051","Genol"
"47.8843002319336,13.7714996337891",47.8843002319336,13.7714996337891,1,"ÖAMTC","1208118","Turm<U+00F6>l Quick"
"47.8843002319336,14.5490999221802",47.8843002319336,14.5490999221802,1,"ÖAMTC","1057640","Genol"
"47.8843002319336,16.4400997161865",47.8843002319336,16.4400997161865,1,"ÖAMTC","1207648","AWI- Diskont"
"47.8874015808105,13.1218996047974",47.8874015808105,13.1218996047974,1,"ÖAMTC","1209684","JET"
"47.8874015808105,13.760199546814",47.8874015808105,13.760199546814,1,"ÖAMTC","1201321","Genol"
"47.8874015808105,16.2198009490967",47.8874015808105,16.2198009490967,1,"ÖAMTC","1209520","Turm<U+00F6>l Quick"
"47.8889007568359,14.2391996383667",47.8889007568359,14.2391996383667,1,"ÖAMTC","1208634","Genol"
"47.8895988464355,14.1281003952026",47.8895988464355,14.1281003952026,1,"ÖAMTC","1208467","DISKONT Tankstelle (HOFER Parkplatz)"
"47.8899993896484,16.2509002685547",47.8899993896484,16.2509002685547,1,"ÖAMTC","1211341","Turm<U+00F6>l"
"47.8931999206543,16.918399810791",47.8931999206543,16.918399810791,1,"ÖAMTC","1208003","M3 Tankstelle"
"47.8931999206543,16.9185009002686",47.8931999206543,16.9185009002686,1,"ÖAMTC","1214144","BP"
"47.894401550293,15.9559001922607",47.894401550293,15.9559001922607,1,"ÖAMTC","1209273","Genol"
"47.8955001831055,16.6488990783691",47.8955001831055,16.6488990783691,1,"ÖAMTC","1213269","SOCAR"
"47.8961982727051,15.9685001373291",47.8961982727051,15.9685001373291,1,"ÖAMTC","1201459","Eni"
"47.8970985412598,14.1268997192383",47.8970985412598,14.1268997192383,1,"ÖAMTC","1196917","JET"
"47.8977012634277,14.2312002182007",47.8977012634277,14.2312002182007,1,"ÖAMTC","1000568","Tankstelle Riener"
"47.8991012573242,13.9499998092651",47.8991012573242,13.9499998092651,1,"ÖAMTC","1208975","Genol"
"47.9021987915039,13.9563999176025",47.9021987915039,13.9563999176025,1,"ÖAMTC","1151669","Shell"
"47.9029998779297,13.5726003646851",47.9029998779297,13.5726003646851,1,"ÖAMTC","1208858","Turm<U+00F6>l Quick"
"47.9037017822266,14.1218996047974",47.9037017822266,14.1218996047974,1,"ÖAMTC","1007462","SOCAR"
"47.9040985107422,16.9197006225586",47.9040985107422,16.9197006225586,1,"ÖAMTC","1207720","Genol"
"47.9049987792969,16.9244003295898",47.9049987792969,16.9244003295898,1,"ÖAMTC","1208892","LSC Wenzl GmbH"
"47.9090995788574,13.7841997146606",47.9090995788574,13.7841997146606,1,"ÖAMTC","1211057","Turm<U+00F6>l Quick"
"47.9114990234375,16.6958999633789",47.9114990234375,16.6958999633789,1,"ÖAMTC","1208872","Genol"
"47.9121017456055,14.1146001815796",47.9121017456055,14.1146001815796,1,"ÖAMTC","1208086","Shell"
"47.9123001098633,13.898099899292",47.9123001098633,13.898099899292,1,"ÖAMTC","1085033","Tankstelle M<U+00FC>ller"
"47.9127006530762,16.3864994049072",47.9127006530762,16.3864994049072,1,"ÖAMTC","1201341","Avanti"
"47.912899017334,16.3862991333008",47.912899017334,16.3862991333008,1,"ÖAMTC","1201341","Avanti"
"47.9151000976562,15.0745000839233",47.9151000976562,15.0745000839233,1,"ÖAMTC","1208354","Eni"
"47.9210014343262,13.8053998947144",47.9210014343262,13.8053998947144,1,"ÖAMTC","1208007","SOCAR"
"47.9231986999512,13.2164001464844",47.9231986999512,13.2164001464844,1,"ÖAMTC","1100743","OMV"
"47.9244003295898,13.7878999710083",47.9244003295898,13.7878999710083,1,"ÖAMTC","1207849","OMV"
"47.9247016906738,16.4356994628906",47.9247016906738,16.4356994628906,1,"ÖAMTC","1209248","Genol"
"47.9252014160156,13.7870998382568",47.9252014160156,13.7870998382568,1,"ÖAMTC","1211117","Turm<U+00F6>l"
"47.9254989624023,16.1980991363525",47.9254989624023,16.1980991363525,1,"ÖAMTC","1209604","L&S Tankstelle"
"47.9262008666992,16.5534000396729",47.9262008666992,16.5534000396729,1,"ÖAMTC","1208836","Genol"
"47.926700592041,16.8722991943359",47.926700592041,16.8722991943359,1,"ÖAMTC","1208990","Genol"
"47.9280014038086,17.0974006652832",47.9280014038086,17.0974006652832,1,"ÖAMTC","1208151","Shell"
"47.9286003112793,17.1018009185791",47.9286003112793,17.1018009185791,1,"ÖAMTC","1208150","Shell"
"47.92919921875,13.5018997192383",47.92919921875,13.5018997192383,1,"ÖAMTC","1209856","OMV"
"47.9292984008789,13.5038995742798",47.9292984008789,13.5038995742798,1,"ÖAMTC","1209564","IQ Stiglechner"
"47.9292984008789,14.4137001037598",47.9292984008789,14.4137001037598,1,"ÖAMTC","1140312","Avanti"
"47.9309997558594,13.496600151062",47.9309997558594,13.496600151062,1,"ÖAMTC","1210801","Pink Tankstelle"
"47.9314002990723,16.195499420166",47.9314002990723,16.195499420166,1,"ÖAMTC","1207661","OMV"
"47.9328994750977,13.7771997451782",47.9328994750977,13.7771997451782,1,"ÖAMTC","1208439","Eni"
"47.9342994689941,12.9465999603271",47.9342994689941,12.9465999603271,1,"ÖAMTC","1207853","BP Stiglechner"
"47.934398651123,13.7861995697021",47.934398651123,13.7861995697021,1,"ÖAMTC","1209767","JET"
"47.934700012207,16.2168998718262",47.934700012207,16.2168998718262,1,"ÖAMTC","1113094","BP"
"47.9355010986328,13.0805997848511",47.9355010986328,13.0805997848511,1,"ÖAMTC","1113442","OMV"
"47.9362983703613,13.082200050354",47.9362983703613,13.082200050354,1,"ÖAMTC","1207923","DISKONT Tankstelle (HOFER Parkplatz)"
"47.9364013671875,15.4970998764038",47.9364013671875,15.4970998764038,1,"ÖAMTC","1196942","Genol"
"47.9365997314453,13.0843000411987",47.9365997314453,13.0843000411987,1,"ÖAMTC","1042179","Lagerhaus"
"47.9365997314453,16.4860000610352",47.9365997314453,16.4860000610352,1,"ÖAMTC","1208835","Genol"
"47.9370994567871,13.4890003204346",47.9370994567871,13.4890003204346,1,"ÖAMTC","1208306","Genol"
"47.9375,16.8553009033203",47.9375,16.8553009033203,1,"ÖAMTC","1209411","OMV"
"47.9382019042969,13.7575998306274",47.9382019042969,13.7575998306274,1,"ÖAMTC","1209344","Turm<U+00F6>l Quick"
"47.9383010864258,14.6070003509521",47.9383010864258,14.6070003509521,1,"ÖAMTC","1135662","Genol"
"47.9384002685547,14.0003004074097",47.9384002685547,14.0003004074097,1,"ÖAMTC","1209701","Turm<U+00F6>l Quick"
"47.9393997192383,16.7280006408691",47.9393997192383,16.7280006408691,1,"ÖAMTC","1134147","OMV"
"47.9411010742188,13.7936000823975",47.9411010742188,13.7936000823975,1,"ÖAMTC","1201201","Genol"
"47.942699432373,17.0615997314453",47.942699432373,17.0615997314453,1,"ÖAMTC","1208349","Eni"
"47.943000793457,16.8504009246826",47.943000793457,16.8504009246826,1,"ÖAMTC","1210511","Turm<U+00F6>l Quick"
"47.9432983398438,14.8064002990723",47.9432983398438,14.8064002990723,1,"ÖAMTC","1207632","Avia XPress"
"47.9435997009277,16.111499786377",47.9435997009277,16.111499786377,1,"ÖAMTC","1117589","BP"
"47.9446983337402,16.7310009002686",47.9446983337402,16.7310009002686,1,"ÖAMTC","1208873","Genol"
"47.9455986022949,16.5685997009277",47.9455986022949,16.5685997009277,1,"ÖAMTC","1209068","Genol"
"47.9462013244629,15.3835000991821",47.9462013244629,15.3835000991821,1,"ÖAMTC","1209864","Isbary Bioland"
"47.9469985961914,14.8898000717163",47.9469985961914,14.8898000717163,1,"ÖAMTC","1209087","Genol"
"47.948600769043,14.7924995422363",47.948600769043,14.7924995422363,1,"ÖAMTC","1207968","Genol"
"47.948600769043,14.8963003158569",47.948600769043,14.8963003158569,1,"ÖAMTC","1057648","BP"
"47.9491004943848,16.8484992980957",47.9491004943848,16.8484992980957,1,"ÖAMTC","1209046","Genol"
"47.9492988586426,16.2220001220703",47.9492988586426,16.2220001220703,1,"ÖAMTC","1057521","OMV"
"47.9505004882812,16.7516002655029",47.9505004882812,16.7516002655029,1,"ÖAMTC","1208988","Genol"
"47.953800201416,14.3563995361328",47.953800201416,14.3563995361328,1,"ÖAMTC","1180402","Tankstelle Kopf"
"47.9550018310547,13.7360000610352",47.9550018310547,13.7360000610352,1,"ÖAMTC","1140249","Avanti"
"47.9551010131836,16.095100402832",47.9551010131836,16.095100402832,1,"ÖAMTC","1140243","Avanti"
"47.9555015563965,13.7264003753662",47.9555015563965,13.7264003753662,1,"ÖAMTC","1210935","Shell"
"47.9556007385254,16.2201995849609",47.9556007385254,16.2201995849609,1,"ÖAMTC","1208937","Genol"
"47.9575004577637,12.9422998428345",47.9575004577637,12.9422998428345,1,"ÖAMTC","1208506","Lagerhaus"
"47.9580001831055,16.3083000183105",47.9580001831055,16.3083000183105,1,"ÖAMTC","1208838","Genol"
"47.9580001831055,16.8353004455566",47.9580001831055,16.8353004455566,1,"ÖAMTC","1201600","BP"
"47.9581985473633,13.2367000579834",47.9581985473633,13.2367000579834,1,"ÖAMTC","1099237","JET"
"47.9584999084473,14.2544002532959",47.9584999084473,14.2544002532959,1,"ÖAMTC","1208398","Diskont Br<U+00FC>llmeir"
"47.9595985412598,16.5186996459961",47.9595985412598,16.5186996459961,1,"ÖAMTC","1209048","Genol"
"47.9604988098145,16.3978996276855",47.9604988098145,16.3978996276855,1,"ÖAMTC","1002994","OMV"
"47.9613990783691,16.4445991516113",47.9613990783691,16.4445991516113,1,"ÖAMTC","1209301","Genol"
"47.9635009765625,16.0884990692139",47.9635009765625,16.0884990692139,1,"ÖAMTC","1201046","Genol"
"47.9646987915039,16.4058990478516",47.9646987915039,16.4058990478516,1,"ÖAMTC","1207956","Genol"
"47.9646987915039,16.797399520874",47.9646987915039,16.797399520874,1,"ÖAMTC","1209043","Genol"
"47.9667015075684,14.7692003250122",47.9667015075684,14.7692003250122,1,"ÖAMTC","1201397","OMV"
"47.967601776123,13.2768001556396",47.967601776123,13.2768001556396,1,"ÖAMTC","1209659","Turmtankstelle"
"47.9692993164062,13.2462997436523",47.9692993164062,13.2462997436523,1,"ÖAMTC","1201167","Avanti"
"47.970401763916,14.7634000778198",47.970401763916,14.7634000778198,1,"ÖAMTC","1208317","Eni Hochhauser"
"47.9712982177734,16.5984001159668",47.9712982177734,16.5984001159668,1,"ÖAMTC","1208200","Avanti"
"47.9723014831543,16.8391990661621",47.9723014831543,16.8391990661621,1,"ÖAMTC","1139230","JET"
"47.972900390625,13.8984003067017",47.972900390625,13.8984003067017,1,"ÖAMTC","1208010","Tankstelle Beiskammer"
"47.9734992980957,16.3279991149902",47.9734992980957,16.3279991149902,1,"ÖAMTC","1201652","Eni Hochhauser"
"47.9735984802246,16.8488998413086",47.9735984802246,16.8488998413086,1,"ÖAMTC","1211397","OMV"
"47.9739990234375,12.8922004699707",47.9739990234375,12.8922004699707,1,"ÖAMTC","1208662","Land lebt auf!"
"47.9746017456055,16.2807998657227",47.9746017456055,16.2807998657227,1,"ÖAMTC","1212253","DISKONT Tankstelle (HOFER Parkplatz)"
"47.975700378418,13.8207998275757",47.975700378418,13.8207998275757,1,"ÖAMTC","1209727","Turm<U+00F6>l Quick"
"47.9757995605469,13.8207998275757",47.9757995605469,13.8207998275757,1,"ÖAMTC","1209727","Turm<U+00F6>l Quick"
"47.9758987426758,14.7554998397827",47.9758987426758,14.7554998397827,1,"ÖAMTC","1212261","DISKONT Tankstelle (HOFER Parkplatz)"
"47.9761009216309,16.6039009094238",47.9761009216309,16.6039009094238,1,"ÖAMTC","1208837","Genol"
"47.9762001037598,15.0229997634888",47.9762001037598,15.0229997634888,1,"ÖAMTC","1208231","Auto Aigner"
"47.9766998291016,14.7548999786377",47.9766998291016,14.7548999786377,1,"ÖAMTC","1212261","DISKONT Tankstelle (HOFER Parkplatz)"
"47.9767990112305,16.2212009429932",47.9767990112305,16.2212009429932,1,"ÖAMTC","1099327","JET"
"47.9777984619141,14.6309995651245",47.9777984619141,14.6309995651245,1,"ÖAMTC","1209115","Avia"
"47.9779014587402,16.8540000915527",47.9779014587402,16.8540000915527,1,"ÖAMTC","1209607","DISKONT Tankstelle (HOFER Parkplatz)"
"47.978099822998,15.1831998825073",47.978099822998,15.1831998825073,1,"ÖAMTC","1212713","Shell"
"47.9810981750488,16.8486995697021",47.9810981750488,16.8486995697021,1,"ÖAMTC","1207650","JET"
"47.9822006225586,16.288200378418",47.9822006225586,16.288200378418,1,"ÖAMTC","1006548","Turm<U+00F6>l Quick"
"47.9822998046875,13.6988000869751",47.9822998046875,13.6988000869751,1,"ÖAMTC","1211437","DISKONT Tankstelle (HOFER Parkplatz)"
"47.9823989868164,16.2206993103027",47.9823989868164,16.2206993103027,1,"ÖAMTC","1208350","SOCAR"
"47.9827995300293,16.2859992980957",47.9827995300293,16.2859992980957,1,"ÖAMTC","1201325","Paulischin"
"47.9837989807129,17.0058994293213",47.9837989807129,17.0058994293213,1,"ÖAMTC","1200794","Tankstelle Pamer"
"47.9841995239258,13.6981000900269",47.9841995239258,13.6981000900269,1,"ÖAMTC","1207657","BP"
"47.9842987060547,16.0492992401123",47.9842987060547,16.0492992401123,1,"ÖAMTC","1207980","Turm<U+00F6>l Quick"
"47.9858016967773,13.8231000900269",47.9858016967773,13.8231000900269,1,"ÖAMTC","1208977","Genol"
"47.9860000610352,13.4401998519897",47.9860000610352,13.4401998519897,1,"ÖAMTC","1208519","Eni"
"47.9860992431641,16.2901992797852",47.9860992431641,16.2901992797852,1,"ÖAMTC","1208052","Avanti"
"47.9866981506348,12.954400062561",47.9866981506348,12.954400062561,1,"ÖAMTC","1133656","OMV"
"47.9878997802734,16.2847995758057",47.9878997802734,16.2847995758057,1,"ÖAMTC","1210399","JET"
"47.9880981445312,13.2495002746582",47.9880981445312,13.2495002746582,1,"ÖAMTC","1201694","BP LM Energy"
"47.9887008666992,13.3923997879028",47.9887008666992,13.3923997879028,1,"ÖAMTC","1201316","Genol"
"47.989200592041,14.121000289917",47.989200592041,14.121000289917,1,"ÖAMTC","1208640","Genol"
"47.9893989562988,13.8121004104614",47.9893989562988,13.8121004104614,1,"ÖAMTC","1086246","BP"
"47.9897003173828,14.2763996124268",47.9897003173828,14.2763996124268,1,"ÖAMTC","1126565","Tankstelle Schiefermayr"
"47.9914016723633,13.8078002929688",47.9914016723633,13.8078002929688,1,"ÖAMTC","1151670","Shell"
"47.9917984008789,16.6602001190186",47.9917984008789,16.6602001190186,1,"ÖAMTC","1208009","Tankstelle Stangl"
"47.9925003051758,13.3550996780396",47.9925003051758,13.3550996780396,1,"ÖAMTC","1208813","IQ Stiglechner"
"47.9925003051758,16.6562995910645",47.9925003051758,16.6562995910645,1,"ÖAMTC","1209249","Genol"
"47.9925994873047,16.3458995819092",47.9925994873047,16.3458995819092,1,"ÖAMTC","1209254","Genol"
"47.9926986694336,16.2689990997314",47.9926986694336,16.2689990997314,1,"ÖAMTC","1000238","Turm<U+00F6>l Quick"
"47.9926986694336,16.2710990905762",47.9926986694336,16.2710990905762,1,"ÖAMTC","1208267","SOCAR"
"47.9930000305176,16.8588008880615",47.9930000305176,16.8588008880615,1,"ÖAMTC","1207688","Shell"
"47.9933013916016,16.4727993011475",47.9933013916016,16.4727993011475,1,"ÖAMTC","1209256","Genol"
"47.9953994750977,13.4890003204346",47.9953994750977,13.4890003204346,1,"ÖAMTC","1208605","BP Stiglechner"
"47.9962005615234,16.2985992431641",47.9962005615234,16.2985992431641,1,"ÖAMTC","1209863","BP Stiglechner"
"47.9967994689941,12.8776998519897",47.9967994689941,12.8776998519897,1,"ÖAMTC","1201686","Turm<U+00F6>l"
"47.9967994689941,16.2282009124756",47.9967994689941,16.2282009124756,1,"ÖAMTC","1211237","Turm<U+00F6>l"
"47.996898651123,16.2998008728027",47.996898651123,16.2998008728027,1,"ÖAMTC","1207953","Eni"
"47.9976997375488,16.2509002685547",47.9976997375488,16.2509002685547,1,"ÖAMTC","1208014","OMV"
"47.9981994628906,13.6202001571655",47.9981994628906,13.6202001571655,1,"ÖAMTC","1209700","DISKONT Tankstelle (HOFER Parkplatz)"
"47.9986991882324,16.8712997436523",47.9986991882324,16.8712997436523,1,"ÖAMTC","1208012","LSC Wenzl GmbH"
"47.9989013671875,14.2594003677368",47.9989013671875,14.2594003677368,1,"ÖAMTC","1201338","Turm<U+00F6>l"
"47.9991989135742,14.2594003677368",47.9991989135742,14.2594003677368,1,"ÖAMTC","1201338","Turm<U+00F6>l"
"48.0005989074707,16.2691993713379",48.0005989074707,16.2691993713379,1,"ÖAMTC","1131633","Eni"
"48.0007019042969,13.9285001754761",48.0007019042969,13.9285001754761,1,"ÖAMTC","1208976","Genol"
"48.0010986328125,14.410400390625",48.0010986328125,14.410400390625,1,"ÖAMTC","1005324","BP"
"48.0018997192383,16.2413997650146",48.0018997192383,16.2413997650146,1,"ÖAMTC","1207877","Eni"
"48.0032005310059,13.6583995819092",48.0032005310059,13.6583995819092,1,"ÖAMTC","1012243","Eni"
"48.0033988952637,13.6625995635986",48.0033988952637,13.6625995635986,1,"ÖAMTC","1012244","Turm<U+00F6>l Quick"
"48.0037994384766,13.6624002456665",48.0037994384766,13.6624002456665,1,"ÖAMTC","1004928","Turm<U+00F6>l Quick"
"48.0040016174316,13.6386003494263",48.0040016174316,13.6386003494263,1,"ÖAMTC","1208692","Eni"
"48.0041007995605,13.8515996932983",48.0041007995605,13.8515996932983,1,"ÖAMTC","1201221","BP"
"48.0047988891602,13.8538999557495",48.0047988891602,13.8538999557495,1,"ÖAMTC","1207846","OMV"
"48.0047988891602,16.2313003540039",48.0047988891602,16.2313003540039,1,"ÖAMTC","1201235","Shell"
"48.0054016113281,13.709400177002",48.0054016113281,13.709400177002,1,"ÖAMTC","1185278","OMV"
"48.0080986022949,13.9195003509521",48.0080986022949,13.9195003509521,1,"ÖAMTC","1209600","DISKONT Tankstelle (HOFER Parkplatz)"
"48.00830078125,13.9232997894287",48.00830078125,13.9232997894287,1,"ÖAMTC","1086245","BP"
"48.0092010498047,13.1826000213623",48.0092010498047,13.1826000213623,1,"ÖAMTC","1135563","AVIA"
"48.0105018615723,16.9375991821289",48.0105018615723,16.9375991821289,1,"ÖAMTC","1214056","Turm<U+00F6>l"
"48.0108985900879,13.9243001937866",48.0108985900879,13.9243001937866,1,"ÖAMTC","1209150","Eni"
"48.011100769043,16.297700881958",48.011100769043,16.297700881958,1,"ÖAMTC","1208351","Eni"
"48.0120010375977,12.8618001937866",48.0120010375977,12.8618001937866,1,"ÖAMTC","1207778","Turm<U+00F6>l"
"48.0125007629395,16.2565002441406",48.0125007629395,16.2565002441406,1,"ÖAMTC","1209688","DISKONT Tankstelle (HOFER Parkplatz)"
"48.0126991271973,15.1571998596191",48.0126991271973,15.1571998596191,1,"ÖAMTC","1213049","Avia XPress"
"48.0153007507324,13.7243995666504",48.0153007507324,13.7243995666504,1,"ÖAMTC","1210664","SOCAR"
"48.0162010192871,16.8087005615234",48.0162010192871,16.8087005615234,1,"ÖAMTC","1213904","Rumpold"
"48.0163993835449,16.8080997467041",48.0163993835449,16.8080997467041,1,"ÖAMTC","1213904","Rumpold"
"48.0172004699707,13.2489995956421",48.0172004699707,13.2489995956421,1,"ÖAMTC","1210688","Genol"
"48.0196990966797,16.460599899292",48.0196990966797,16.460599899292,1,"ÖAMTC","1209086","Genol"
"48.0211982727051,13.791600227356",48.0211982727051,13.791600227356,1,"ÖAMTC","1209766","Avia XPress"
"48.0211982727051,16.2980003356934",48.0211982727051,16.2980003356934,1,"ÖAMTC","1201091","BP"
"48.0214004516602,16.7665996551514",48.0214004516602,16.7665996551514,1,"ÖAMTC","1140198","Avanti"
"48.0214004516602,16.7831993103027",48.0214004516602,16.7831993103027,1,"ÖAMTC","1201346","Eni"
"48.0214996337891,14.756799697876",48.0214996337891,14.756799697876,1,"ÖAMTC","1207934","OMV"
"48.0223999023438,14.4053001403809",48.0223999023438,14.4053001403809,1,"ÖAMTC","1142338","Genol"
"48.0256996154785,14.0750999450684",48.0256996154785,14.0750999450684,1,"ÖAMTC","1208449","IQ Stiglechner"
"48.0262985229492,13.5100002288818",48.0262985229492,13.5100002288818,1,"ÖAMTC","1208389","Genol"
"48.0270004272461,16.9395999908447",48.0270004272461,16.9395999908447,1,"ÖAMTC","1209740","Kusztrich Tankstelle"
"48.027400970459,13.1409997940063",48.027400970459,13.1409997940063,1,"ÖAMTC","1207667","BP Stiglechner"
"48.0280990600586,16.2868995666504",48.0280990600586,16.2868995666504,1,"ÖAMTC","1207671","SOCAR"
"48.0283012390137,16.4895000457764",48.0283012390137,16.4895000457764,1,"ÖAMTC","1201223","Avia"
"48.0288009643555,14.8382997512817",48.0288009643555,14.8382997512817,1,"ÖAMTC","1208840","Tankstelle Hausberger"
"48.0326995849609,16.7992000579834",48.0326995849609,16.7992000579834,1,"ÖAMTC","1207866","Genol"
"48.0331993103027,14.2755002975464",48.0331993103027,14.2755002975464,1,"ÖAMTC","1208660","IQ Stiglechner"
"48.0335998535156,15.7790002822876",48.0335998535156,15.7790002822876,1,"ÖAMTC","1208015","Avanti"
"48.0337982177734,16.4944000244141",48.0337982177734,16.4944000244141,1,"ÖAMTC","1209518","Genol"
"48.0341987609863,16.3381996154785",48.0341987609863,16.3381996154785,1,"ÖAMTC","1201651","BP"
"48.0344009399414,14.2121000289917",48.0344009399414,14.2121000289917,1,"ÖAMTC","1132182","Shell"
"48.0353012084961,14.7755002975464",48.0353012084961,14.7755002975464,1,"ÖAMTC","1210180","Pink Tankstelle"
"48.0373992919922,14.421199798584",48.0373992919922,14.421199798584,1,"ÖAMTC","1099873","JET"
"48.0376014709473,14.7776002883911",48.0376014709473,14.7776002883911,1,"ÖAMTC","1209867","DISKONT Tankstelle (HOFER Parkplatz)"
"48.0379981994629,14.7784004211426",48.0379981994629,14.7784004211426,1,"ÖAMTC","1209867","DISKONT Tankstelle (HOFER Parkplatz)"
"48.0386009216309,14.2080001831055",48.0386009216309,14.2080001831055,1,"ÖAMTC","1209172","Turm<U+00F6>l Quick"
"48.0390014648438,15.1436004638672",48.0390014648438,15.1436004638672,1,"ÖAMTC","1000324","BP"
"48.0391006469727,16.3034992218018",48.0391006469727,16.3034992218018,1,"ÖAMTC","1045337","OMV"
"48.0393981933594,12.9885997772217",48.0393981933594,12.9885997772217,1,"ÖAMTC","1201491","HP discont"
"48.0395011901855,16.4447002410889",48.0395011901855,16.4447002410889,1,"ÖAMTC","1209257","Genol"
"48.0397987365723,13.9918003082275",48.0397987365723,13.9918003082275,1,"ÖAMTC","1209765","BP Stiglechner"
"48.0410003662109,15.0249004364014",48.0410003662109,15.0249004364014,1,"ÖAMTC","1208654","<U+00D6>llinger"
"48.0413017272949,14.3065996170044",48.0413017272949,14.3065996170044,1,"ÖAMTC","1035517","Avia XPress"
"48.0415000915527,13.5377998352051",48.0415000915527,13.5377998352051,1,"ÖAMTC","1209349","Freie Tankstelle"
"48.0421981811523,14.789400100708",48.0421981811523,14.789400100708,1,"ÖAMTC","1209247","Genol"
"48.0424003601074,14.6279001235962",48.0424003601074,14.6279001235962,1,"ÖAMTC","1211409","Turm<U+00F6>l"
"48.0429000854492,15.6721000671387",48.0429000854492,15.6721000671387,1,"ÖAMTC","1208269","Eni"
"48.0432014465332,16.3246994018555",48.0432014465332,16.3246994018555,1,"ÖAMTC","1208932","Genol"
"48.0438995361328,14.4713001251221",48.0438995361328,14.4713001251221,1,"ÖAMTC","1080452","Eni"
"48.0457000732422,14.3129997253418",48.0457000732422,14.3129997253418,1,"ÖAMTC","1201431","BP"
"48.0457000732422,15.7239999771118",48.0457000732422,15.7239999771118,1,"ÖAMTC","1001792","Bichler Spedition und Logistik"
"48.0461006164551,14.3329000473022",48.0461006164551,14.3329000473022,1,"ÖAMTC","1208608","Avia XPress"
"48.0469017028809,16.3061008453369",48.0469017028809,16.3061008453369,1,"ÖAMTC","1099211","JET"
"48.0476989746094,13.7628002166748",48.0476989746094,13.7628002166748,1,"ÖAMTC","1209821","DISKONT Tankstelle (HOFER Parkplatz)"
"48.0479011535645,13.7617998123169",48.0479011535645,13.7617998123169,1,"ÖAMTC","1207873","Eni Stiglechner"
"48.0479011535645,15.3225002288818",48.0479011535645,15.3225002288818,1,"ÖAMTC","1208209","Eni"
"48.0485000610352,15.6098003387451",48.0485000610352,15.6098003387451,1,"ÖAMTC","1201302","Avanti"
"48.048999786377,14.4142999649048",48.048999786377,14.4142999649048,1,"ÖAMTC","1207777","Turm<U+00F6>l"
"48.0497016906738,12.829400062561",48.0497016906738,12.829400062561,1,"ÖAMTC","1153098","Avia"
"48.0499992370605,15.6113996505737",48.0499992370605,15.6113996505737,1,"ÖAMTC","1212257","DISKONT Tankstelle (HOFER Parkplatz)"
"48.0517997741699,13.7658996582031",48.0517997741699,13.7658996582031,1,"ÖAMTC","1208388","Genol"
"48.0517997741699,14.1245002746582",48.0517997741699,14.1245002746582,1,"ÖAMTC","1145392","Shell"
"48.0518989562988,14.1245002746582",48.0518989562988,14.1245002746582,1,"ÖAMTC","1145392","Shell"
"48.0527000427246,12.9125003814697",48.0527000427246,12.9125003814697,1,"ÖAMTC","1207795","Turm<U+00F6>l"
"48.054500579834,14.4212999343872",48.054500579834,14.4212999343872,1,"ÖAMTC","1201088","BP"
"48.0545997619629,14.3416004180908",48.0545997619629,14.3416004180908,1,"ÖAMTC","1208820","Pink Tankstelle"
"48.0550994873047,14.4495000839233",48.0550994873047,14.4495000839233,1,"ÖAMTC","1126554","OMV"
"48.0559997558594,14.4498996734619",48.0559997558594,14.4498996734619,1,"ÖAMTC","1210475","IQ Stiglechner"
"48.0563011169434,15.6048002243042",48.0563011169434,15.6048002243042,1,"ÖAMTC","1140297","SOCAR"
"48.0564002990723,16.1282005310059",48.0564002990723,16.1282005310059,1,"ÖAMTC","1208161","Shell"
"48.0568008422852,16.7112998962402",48.0568008422852,16.7112998962402,1,"ÖAMTC","1208201","OMV"
"48.0573997497559,14.4207000732422",48.0573997497559,14.4207000732422,1,"ÖAMTC","1140260","Avanti"
"48.0573997497559,16.5457992553711",48.0573997497559,16.5457992553711,1,"ÖAMTC","1209547","Turm<U+00F6>l"
"48.0574989318848,13.7803001403809",48.0574989318848,13.7803001403809,1,"ÖAMTC","1132233","Avanti"
"48.0574989318848,16.0869007110596",48.0574989318848,16.0869007110596,1,"ÖAMTC","1208041","Avanti"
"48.0574989318848,16.5456008911133",48.0574989318848,16.5456008911133,1,"ÖAMTC","1209547","Turm<U+00F6>l"
"48.0575981140137,16.0869998931885",48.0575981140137,16.0869998931885,1,"ÖAMTC","1208041","Avanti"
"48.0588989257812,16.8456001281738",48.0588989257812,16.8456001281738,1,"ÖAMTC","1208935","Genol"
"48.0589981079102,16.8453006744385",48.0589981079102,16.8453006744385,1,"ÖAMTC","1208935","Genol"
"48.0620002746582,12.835000038147",48.0620002746582,12.835000038147,1,"ÖAMTC","1208700","Genol"
"48.0632019042969,14.1946001052856",48.0632019042969,14.1946001052856,1,"ÖAMTC","1209741","Avanti"
"48.0648994445801,16.2147006988525",48.0648994445801,16.2147006988525,1,"ÖAMTC","1000248","Turm<U+00F6>l Quick"
"48.0657997131348,15.2161998748779",48.0657997131348,15.2161998748779,1,"ÖAMTC","1201657","BP"
"48.0660018920898,15.131799697876",48.0660018920898,15.131799697876,1,"ÖAMTC","1213996","Genol"
"48.0660018920898,16.5888996124268",48.0660018920898,16.5888996124268,1,"ÖAMTC","1209271","Genol"
"48.0661010742188,15.1318998336792",48.0661010742188,15.1318998336792,1,"ÖAMTC","1208673","Genol"
"48.0662002563477,15.4721002578735",48.0662002563477,15.4721002578735,1,"ÖAMTC","1099453","SOCAR"
"48.0665016174316,16.6046009063721",48.0665016174316,16.6046009063721,1,"ÖAMTC","1208019","Zach"
"48.0670013427734,14.0339002609253",48.0670013427734,14.0339002609253,1,"ÖAMTC","1201211","BP"
"48.0671005249023,15.0509004592896",48.0671005249023,15.0509004592896,1,"ÖAMTC","1209110","Genol"
"48.0674018859863,14.4216995239258",48.0674018859863,14.4216995239258,1,"ÖAMTC","1209803","JET"
"48.0679016113281,16.0632991790771",48.0679016113281,16.0632991790771,1,"ÖAMTC","1208040","OMV"
"48.0699005126953,13.4920997619629",48.0699005126953,13.4920997619629,1,"ÖAMTC","1210332","Avia XPress"
"48.0700988769531,16.0666007995605",48.0700988769531,16.0666007995605,1,"ÖAMTC","1201653","BP"
"48.0712013244629,15.0537996292114",48.0712013244629,15.0537996292114,1,"ÖAMTC","1209107","Tankstelle Hintersteiner"
"48.0718002319336,16.4575004577637",48.0718002319336,16.4575004577637,1,"ÖAMTC","1212269","DISKONT Tankstelle (HOFER Parkplatz)"
"48.0718994140625,14.7607002258301",48.0718994140625,14.7607002258301,1,"ÖAMTC","1209296","Genol"
"48.0719985961914,15.0580997467041",48.0719985961914,15.0580997467041,1,"ÖAMTC","1208488","Genol"
"48.0722007751465,15.1373996734619",48.0722007751465,15.1373996734619,1,"ÖAMTC","1201107","Turm<U+00F6>l"
"48.0723991394043,15.1373996734619",48.0723991394043,15.1373996734619,1,"ÖAMTC","1201107","Turm<U+00F6>l"
"48.0724983215332,15.3199996948242",48.0724983215332,15.3199996948242,1,"ÖAMTC","1209784","Genol"
"48.0733985900879,14.0521001815796",48.0733985900879,14.0521001815796,1,"ÖAMTC","1211113","Turm<U+00F6>l"
"48.0744018554688,13.1780996322632",48.0744018554688,13.1780996322632,1,"ÖAMTC","1207897","Disk"
"48.0750999450684,16.8943004608154",48.0750999450684,16.8943004608154,1,"ÖAMTC","1208936","Genol"
"48.0756988525391,14.0466995239258",48.0756988525391,14.0466995239258,1,"ÖAMTC","1207780","Turm<U+00F6>l Quick"
"48.076301574707,14.5138998031616",48.076301574707,14.5138998031616,1,"ÖAMTC","1058156","Avia XPress"
"48.0764999389648,16.3190002441406",48.0764999389648,16.3190002441406,1,"ÖAMTC","1207690","JET"
"48.0769996643066,16.9468994140625",48.0769996643066,16.9468994140625,1,"ÖAMTC","1006547","Turm<U+00F6>l Quick"
"48.0775985717773,16.323299407959",48.0775985717773,16.323299407959,1,"ÖAMTC","1207760","OMV"
"48.0778999328613,14.3787002563477",48.0778999328613,14.3787002563477,1,"ÖAMTC","1128660","AVIA"
"48.0779991149902,13.9991998672485",48.0779991149902,13.9991998672485,1,"ÖAMTC","1153111","Avia XPress"
"48.0783004760742,16.4424991607666",48.0783004760742,16.4424991607666,1,"ÖAMTC","1139451","Turm<U+00F6>l Quick"
"48.078800201416,12.8269996643066",48.078800201416,12.8269996643066,1,"ÖAMTC","1201392","Avia"
"48.078800201416,16.3237991333008",48.078800201416,16.3237991333008,1,"ÖAMTC","1184090","BP"
"48.0788993835449,13.9976997375488",48.0788993835449,13.9976997375488,1,"ÖAMTC","1209504","Genol"
"48.0792999267578,13.9614000320435",48.0792999267578,13.9614000320435,1,"ÖAMTC","1210395","Turm<U+00F6>l Quick"
"48.0793991088867,16.4414005279541",48.0793991088867,16.4414005279541,1,"ÖAMTC","1207640","OMV"
"48.0807991027832,13.5637998580933",48.0807991027832,13.5637998580933,1,"ÖAMTC","1151992","Avanti"
"48.0814018249512,14.9298000335693",48.0814018249512,14.9298000335693,1,"ÖAMTC","1208494","Genol"
"48.081901550293,14.427300453186",48.081901550293,14.427300453186,1,"ÖAMTC","1208175","BP Stiglechner"
"48.081901550293,16.2842998504639",48.081901550293,16.2842998504639,1,"ÖAMTC","1126046","Eni"
"48.0825004577637,14.8018999099731",48.0825004577637,14.8018999099731,1,"ÖAMTC","1207936","BP"
"48.0825004577637,16.3915996551514",48.0825004577637,16.3915996551514,1,"ÖAMTC","1209070","Genol"
"48.0825996398926,16.3917007446289",48.0825996398926,16.3917007446289,1,"ÖAMTC","1208703","BP Stiglechner"
"48.0836982727051,16.4563999176025",48.0836982727051,16.4563999176025,1,"ÖAMTC","1209805","ac DieselDiskont"
"48.0848999023438,16.5247993469238",48.0848999023438,16.5247993469238,1,"ÖAMTC","1209251","Genol"
"48.0857009887695,13.8739995956421",48.0857009887695,13.8739995956421,1,"ÖAMTC","1211301","Turm<U+00F6>l"
"48.0872001647949,13.9465999603271",48.0872001647949,13.9465999603271,1,"ÖAMTC","1209148","Genol"
"48.0875015258789,14.3697996139526",48.0875015258789,14.3697996139526,1,"ÖAMTC","1207728","Genol"
"48.0875015258789,16.2957000732422",48.0875015258789,16.2957000732422,1,"ÖAMTC","1208785","Avanti"
"48.0891990661621,12.9919004440308",48.0891990661621,12.9919004440308,1,"ÖAMTC","1208981","Lagerhaus"
"48.089298248291,16.3055000305176",48.089298248291,16.3055000305176,1,"ÖAMTC","1099210","JET"
"48.0909004211426,16.3090991973877",48.0909004211426,16.3090991973877,1,"ÖAMTC","1126047","Shell"
"48.0910987854004,14.9287004470825",48.0910987854004,14.9287004470825,1,"ÖAMTC","1126289","Turm<U+00F6>l"
"48.0914001464844,13.667200088501",48.0914001464844,13.667200088501,1,"ÖAMTC","1208387","Genol"
"48.0914001464844,16.4111003875732",48.0914001464844,16.4111003875732,1,"ÖAMTC","1207757","Eni Stiglechner"
"48.0924987792969,15.2496004104614",48.0924987792969,15.2496004104614,1,"ÖAMTC","1209102","Tankstelle Grumb<U+00F6>ck"
"48.0951995849609,13.8924999237061",48.0951995849609,13.8924999237061,1,"ÖAMTC","1132216","Avia XPress"
"48.0952987670898,16.7956008911133",48.0952987670898,16.7956008911133,1,"ÖAMTC","1208933","Genol"
"48.0962982177734,14.5874996185303",48.0962982177734,14.5874996185303,1,"ÖAMTC","1005781","Tankstelle Sch<U+00F6>llhammer"
"48.0968017578125,13.667799949646",48.0968017578125,13.667799949646,1,"ÖAMTC","1210620","OMV"
"48.0968017578125,13.7713003158569",48.0968017578125,13.7713003158569,1,"ÖAMTC","1209333","Genol"
"48.0970001220703,14.5403003692627",48.0970001220703,14.5403003692627,1,"ÖAMTC","1208684","GET Tankstelle"
"48.0974998474121,13.895299911499",48.0974998474121,13.895299911499,1,"ÖAMTC","1214032","Lugmair KG"
"48.0974998474121,14.1113004684448",48.0974998474121,14.1113004684448,1,"ÖAMTC","1209146","Genol"
"48.0987014770508,16.4188003540039",48.0987014770508,16.4188003540039,1,"ÖAMTC","1208348","SOCAR"
"48.1001014709473,15.6005001068115",48.1001014709473,15.6005001068115,1,"ÖAMTC","1208165","Turm<U+00F6>l Quick"
"48.1012992858887,14.4418001174927",48.1012992858887,14.4418001174927,1,"ÖAMTC","1212705","Eni"
"48.1020011901855,15.4045000076294",48.1020011901855,15.4045000076294,1,"ÖAMTC","1207746","Genol"
"48.1021003723145,12.9685001373291",48.1021003723145,12.9685001373291,1,"ÖAMTC","1207797","Turm<U+00F6>l"
"48.1021003723145,14.8239002227783",48.1021003723145,14.8239002227783,2,"ÖAMTC;JET","1099218;424fcf170d","JET;JET Tankstelle"
"48.1025009155273,13.1782999038696",48.1025009155273,13.1782999038696,1,"ÖAMTC","1209361","Tankstelle Rie<U+00DF>"
"48.1026000976562,15.5198001861572",48.1026000976562,15.5198001861572,1,"ÖAMTC","1207859","Avia"
"48.1026000976562,15.8809995651245",48.1026000976562,15.8809995651245,1,"ÖAMTC","1201449","Avia XPress"
"48.103401184082,16.2851009368896",48.103401184082,16.2851009368896,1,"ÖAMTC","1211253","Turm<U+00F6>l"
"48.1040000915527,14.0396995544434",48.1040000915527,14.0396995544434,1,"ÖAMTC","1201423","Pink Tankstelle"
"48.1040992736816,16.285400390625",48.1040992736816,16.285400390625,1,"ÖAMTC","1208680","Eni"
"48.1049995422363,16.3101997375488",48.1049995422363,16.3101997375488,1,"ÖAMTC","1208391","DISKONT Tankstelle (HOFER Parkplatz)"
"48.1050987243652,16.3101997375488",48.1050987243652,16.3101997375488,1,"ÖAMTC","1208391","DISKONT Tankstelle (HOFER Parkplatz)"
"48.1054992675781,13.6231002807617",48.1054992675781,13.6231002807617,1,"ÖAMTC","1153099","Avia"
"48.1059989929199,14.1892004013062",48.1059989929199,14.1892004013062,1,"ÖAMTC","1209540","Turm<U+00F6>l"
"48.1063995361328,14.8326997756958",48.1063995361328,14.8326997756958,1,"ÖAMTC","1208416","DISKONT Tankstelle "
"48.1086006164551,13.1501998901367",48.1086006164551,13.1501998901367,1,"ÖAMTC","1138557","JET"
"48.1113014221191,16.3680992126465",48.1113014221191,16.3680992126465,1,"ÖAMTC","1208931","Genol"
"48.1122016906738,15.6078996658325",48.1122016906738,15.6078996658325,1,"ÖAMTC","1208307","Eni Hochhauser"
"48.1124000549316,16.2992992401123",48.1124000549316,16.2992992401123,1,"ÖAMTC","1038178","Eni"
"48.1134986877441,16.316499710083",48.1134986877441,16.316499710083,1,"ÖAMTC","1209680","Spritk<U+00F6>nig"
"48.1142997741699,13.1518001556396",48.1142997741699,13.1518001556396,1,"ÖAMTC","1208390","DISKONT Tankstelle (HOFER Parkplatz)"
"48.1144981384277,15.3353996276855",48.1144981384277,15.3353996276855,1,"ÖAMTC","1209778","Avia XPress"
"48.1146011352539,14.6670999526978",48.1146011352539,14.6670999526978,1,"ÖAMTC","1059689","Shell"
"48.1146011352539,14.8691997528076",48.1146011352539,14.8691997528076,1,"ÖAMTC","1209705","DISKONT Tankstelle (HOFER Parkplatz)"
"48.1148986816406,13.1525001525879",48.1148986816406,13.1525001525879,1,"ÖAMTC","1208751","Eni"
"48.1150016784668,16.3973999023438",48.1150016784668,16.3973999023438,1,"ÖAMTC","1213848","Turm<U+00F6>l"
"48.1153984069824,14.5705003738403",48.1153984069824,14.5705003738403,1,"ÖAMTC","1100937","OMV"
"48.1153984069824,16.2717990875244",48.1153984069824,16.2717990875244,1,"ÖAMTC","1015434","OMV"
"48.1157989501953,14.3570995330811",48.1157989501953,14.3570995330811,1,"ÖAMTC","1213205","HSS Tankstelle"
"48.1158981323242,14.3570995330811",48.1158981323242,14.3570995330811,1,"ÖAMTC","1213205","HSS Tankstelle"
"48.1161994934082,16.4664993286133",48.1161994934082,16.4664993286133,1,"ÖAMTC","1140275","Avanti"
"48.1166000366211,14.871600151062",48.1166000366211,14.871600151062,1,"ÖAMTC","1201658","BP"
"48.11669921875,14.9071998596191",48.11669921875,14.9071998596191,1,"ÖAMTC","1207685","OMV"
"48.1170997619629,14.7300996780396",48.1170997619629,14.7300996780396,1,"ÖAMTC","1209749","Oldtimer Diskont-Automaten"
"48.1174011230469,14.7316999435425",48.1174011230469,14.7316999435425,1,"ÖAMTC","1201367","Oldtimer Autohof"
"48.1180992126465,15.6084995269775",48.1180992126465,15.6084995269775,1,"ÖAMTC","1210588","JET"
"48.1184005737305,14.9623003005981",48.1184005737305,14.9623003005981,1,"ÖAMTC","1207995","Shell"
"48.1186981201172,14.7353000640869",48.1186981201172,14.7353000640869,1,"ÖAMTC","1209260","Genol"
"48.1192016601562,14.8059997558594",48.1192016601562,14.8059997558594,1,"ÖAMTC","1125309","Avia XPress"
"48.1192016601562,14.8828001022339",48.1192016601562,14.8828001022339,1,"ÖAMTC","1208447","Genol"
"48.119800567627,16.9440994262695",48.119800567627,16.9440994262695,1,"ÖAMTC","1209274","Genol"
"48.1200981140137,14.0167999267578",48.1200981140137,14.0167999267578,1,"ÖAMTC","1209147","Genol"
"48.1217994689941,14.8730001449585",48.1217994689941,14.8730001449585,1,"ÖAMTC","1211241","Turm<U+00F6>l"
"48.122200012207,16.2940006256104",48.122200012207,16.2940006256104,1,"ÖAMTC","1211249","Turm<U+00F6>l"
"48.1226005554199,14.8893995285034",48.1226005554199,14.8893995285034,1,"ÖAMTC","1140298","Avanti"
"48.1226005554199,16.4389991760254",48.1226005554199,16.4389991760254,1,"ÖAMTC","1207836","OMV"
"48.1226997375488,14.8867998123169",48.1226997375488,14.8867998123169,1,"ÖAMTC","1208074","Eni Hochhauser"
"48.1232986450195,16.293399810791",48.1232986450195,16.293399810791,1,"ÖAMTC","1207878","Eni"
"48.1239013671875,14.0936002731323",48.1239013671875,14.0936002731323,1,"ÖAMTC","1212993","Turm<U+00F6>l"
"48.1240005493164,14.9732999801636",48.1240005493164,14.9732999801636,1,"ÖAMTC","1209111","Turm<U+00F6>l"
"48.1240997314453,14.0937995910645",48.1240997314453,14.0937995910645,1,"ÖAMTC","1212993","Turm<U+00F6>l"
"48.1249008178711,16.5620002746582",48.1249008178711,16.5620002746582,1,"ÖAMTC","1095891","BP"
"48.1250991821289,16.3222999572754",48.1250991821289,16.3222999572754,1,"ÖAMTC","1209744","Avanti"
"48.1257019042969,14.8626003265381",48.1257019042969,14.8626003265381,1,"ÖAMTC","1139234","JET"
"48.1259002685547,14.9799995422363",48.1259002685547,14.9799995422363,1,"ÖAMTC","1208480","Tankstelle Essmeister"
"48.1259994506836,13.7938003540039",48.1259994506836,13.7938003540039,1,"ÖAMTC","1209330","Genol"
"48.1272010803223,15.0088996887207",48.1272010803223,15.0088996887207,1,"ÖAMTC","1211021","OMV"
"48.1301002502441,16.2919006347656",48.1301002502441,16.2919006347656,1,"ÖAMTC","1133808","SOCAR"
"48.1304016113281,12.8768997192383",48.1304016113281,12.8768997192383,1,"ÖAMTC","1022405","Lintner Petrol"
"48.1306991577148,17.0209007263184",48.1306991577148,17.0209007263184,1,"ÖAMTC","1209629","Avanti"
"48.1307983398438,16.2898006439209",48.1307983398438,16.2898006439209,1,"ÖAMTC","1209655","JET"
"48.1310005187988,14.2206001281738",48.1310005187988,14.2206001281738,1,"ÖAMTC","1132908","Avia XPress"
"48.1310005187988,16.3262996673584",48.1310005187988,16.3262996673584,1,"ÖAMTC","1140271","Avanti"
"48.1311988830566,16.3216991424561",48.1311988830566,16.3216991424561,1,"ÖAMTC","1099291","JET"
"48.1315994262695,16.4386005401611",48.1315994262695,16.4386005401611,1,"ÖAMTC","1001514","Champion"
"48.1319007873535,16.3535003662109",48.1319007873535,16.3535003662109,1,"ÖAMTC","1209827","masterDiesel"
"48.1323013305664,13.9443998336792",48.1323013305664,13.9443998336792,1,"ÖAMTC","1000584","Heppner & Oberndorfer"
"48.1329002380371,14.8414001464844",48.1329002380371,14.8414001464844,1,"ÖAMTC","1080916","Eni"
"48.1341018676758,13.9120998382568",48.1341018676758,13.9120998382568,1,"ÖAMTC","1207727","Genol"
"48.1351013183594,15.1416997909546",48.1351013183594,15.1416997909546,1,"ÖAMTC","1001350","BP"
"48.1352005004883,15.1416997909546",48.1352005004883,15.1416997909546,1,"ÖAMTC","1001350","BP"
"48.1357002258301,16.1940002441406",48.1357002258301,16.1940002441406,1,"ÖAMTC","1210455","Avia XPress"
"48.1357002258301,16.1942005157471",48.1357002258301,16.1942005157471,1,"ÖAMTC","1210455","Avia XPress"
"48.135799407959,16.3561992645264",48.135799407959,16.3561992645264,1,"ÖAMTC","1099292","JET"
"48.1366996765137,16.3833999633789",48.1366996765137,16.3833999633789,1,"ÖAMTC","1201402","OIL!"
"48.1377983093262,13.9568004608154",48.1377983093262,13.9568004608154,1,"ÖAMTC","1211413","Turm<U+00F6>l Quick"
"48.1377983093262,16.2576007843018",48.1377983093262,16.2576007843018,1,"ÖAMTC","1099290","Turm<U+00F6>l Quick"
"48.1381988525391,16.2040004730225",48.1381988525391,16.2040004730225,1,"ÖAMTC","1208022","Vivod GmbH"
"48.1386985778809,16.487699508667",48.1386985778809,16.487699508667,1,"ÖAMTC","1208739","JET"
"48.138801574707,14.2386999130249",48.138801574707,14.2386999130249,1,"ÖAMTC","1086754","Genol"
"48.1389999389648,15.9106998443604",48.1389999389648,15.9106998443604,1,"ÖAMTC","1210632","Tankstelle D<U+00FC>rer"
"48.1394004821777,13.7325000762939",48.1394004821777,13.7325000762939,1,"ÖAMTC","1086234","Avia"
"48.1394004821777,14.5791997909546",48.1394004821777,14.5791997909546,1,"ÖAMTC","1064586","BP"
"48.1395988464355,16.3577995300293",48.1395988464355,16.3577995300293,1,"ÖAMTC","1209714","OIL!"
"48.1395988464355,16.4855003356934",48.1395988464355,16.4855003356934,1,"ÖAMTC","1207835","Avanti"
"48.1397018432617,16.9193992614746",48.1397018432617,16.9193992614746,1,"ÖAMTC","1111688","JET"
"48.1403999328613,16.4838008880615",48.1403999328613,16.4838008880615,1,"ÖAMTC","1208265","Eni"
"48.1403999328613,16.9204998016357",48.1403999328613,16.9204998016357,1,"ÖAMTC","1211261","DISKONT Tankstelle (HOFER Parkplatz)"
"48.1405982971191,16.4796009063721",48.1405982971191,16.4796009063721,1,"ÖAMTC","1208096","Shell"
"48.1407012939453,16.922700881958",48.1407012939453,16.922700881958,1,"ÖAMTC","1200488","Eni"
"48.140998840332,16.3292007446289",48.140998840332,16.3292007446289,1,"ÖAMTC","1208263","Eni"
"48.140998840332,16.9244995117188",48.140998840332,16.9244995117188,1,"ÖAMTC","1005782","Turm<U+00F6>l"
"48.1412010192871,13.0149002075195",48.1412010192871,13.0149002075195,1,"ÖAMTC","1032267","Eni"
"48.1431007385254,16.2928009033203",48.1431007385254,16.2928009033203,1,"ÖAMTC","1088361","Eni"
"48.1436004638672,13.4062995910645",48.1436004638672,13.4062995910645,1,"ÖAMTC","1074536","Tankstelle Gadermeier"
"48.1436996459961,13.9714002609253",48.1436996459961,13.9714002609253,1,"ÖAMTC","1208426","DISKONT Tankstelle (HOFER Parkplatz)"
"48.1436996459961,15.2827997207642",48.1436996459961,15.2827997207642,1,"ÖAMTC","1209103","Genol"
"48.143798828125,13.9714002609253",48.143798828125,13.9714002609253,1,"ÖAMTC","1208426","DISKONT Tankstelle (HOFER Parkplatz)"
"48.1439018249512,14.2281999588013",48.1439018249512,14.2281999588013,1,"ÖAMTC","1208176","BP Stiglechner"
"48.1451988220215,14.6412000656128",48.1451988220215,14.6412000656128,1,"ÖAMTC","1002120","Eni"
"48.1453018188477,14.4652004241943",48.1453018188477,14.4652004241943,1,"ÖAMTC","1140313","Avanti"
"48.1464004516602,12.8381004333496",48.1464004516602,12.8381004333496,1,"ÖAMTC","1208063","Genol"
"48.1464004516602,16.3610992431641",48.1464004516602,16.3610992431641,1,"ÖAMTC","1139733","OMV"
"48.1470985412598,16.3668003082275",48.1470985412598,16.3668003082275,1,"ÖAMTC","1099289","JET"
"48.1473999023438,16.4612998962402",48.1473999023438,16.4612998962402,1,"ÖAMTC","1208465","DISKONT Tankstelle (HOFER Parkplatz)"
"48.1473999023438,16.4631004333496",48.1473999023438,16.4631004333496,1,"ÖAMTC","1201438","JET"
"48.1478996276855,16.3966007232666",48.1478996276855,16.3966007232666,1,"ÖAMTC","1000984","OMV"
"48.1483993530273,16.4622001647949",48.1483993530273,16.4622001647949,1,"ÖAMTC","1147078","Avanti"
"48.1483993530273,16.7112007141113",48.1483993530273,16.7112007141113,1,"ÖAMTC","1209252","Genol"
"48.1484985351562,13.9764995574951",48.1484985351562,13.9764995574951,1,"ÖAMTC","1099230","JET"
"48.1487007141113,16.2777004241943",48.1487007141113,16.2777004241943,1,"ÖAMTC","1015429","SOCAR"
"48.1487998962402,16.3386993408203",48.1487998962402,16.3386993408203,1,"ÖAMTC","1207704","OMV"
"48.1497993469238,15.5495004653931",48.1497993469238,15.5495004653931,1,"ÖAMTC","1101442","BP"
"48.1500015258789,14.1786003112793",48.1500015258789,14.1786003112793,1,"ÖAMTC","1211233","Turm<U+00F6>l"
"48.1500015258789,16.6874008178711",48.1500015258789,16.6874008178711,1,"ÖAMTC","1103350","Avanti"
"48.1507987976074,13.5369997024536",48.1507987976074,13.5369997024536,1,"ÖAMTC","1208979","Genol"
"48.1510009765625,13.1998996734619",48.1510009765625,13.1998996734619,1,"ÖAMTC","1153096","Avia"
"48.1510009765625,16.3006992340088",48.1510009765625,16.3006992340088,1,"ÖAMTC","1208475","DISKONT Tankstelle (HOFER Parkplatz)"
"48.1512985229492,16.4631004333496",48.1512985229492,16.4631004333496,1,"ÖAMTC","1160047","OMV"
"48.1523017883301,14.1578998565674",48.1523017883301,14.1578998565674,1,"ÖAMTC","1209748","IQ Stiglechner"
"48.1533012390137,13.9872999191284",48.1533012390137,13.9872999191284,1,"ÖAMTC","1211205","Turm<U+00F6>l"
"48.1535987854004,13.6344003677368",48.1535987854004,13.6344003677368,1,"ÖAMTC","1201199","Tankstelle Jedinger"
"48.1538009643555,14.0368995666504",48.1538009643555,14.0368995666504,1,"ÖAMTC","1211177","Turm<U+00F6>l"
"48.1539001464844,16.3012008666992",48.1539001464844,16.3012008666992,1,"ÖAMTC","1099293","JET"
"48.1540985107422,15.0925998687744",48.1540985107422,15.0925998687744,1,"ÖAMTC","1001352","Tankstelle Essmeister"
"48.154598236084,15.9034996032715",48.154598236084,15.9034996032715,1,"ÖAMTC","1210084","OIL!"
"48.1547012329102,16.3194007873535",48.1547012329102,16.3194007873535,1,"ÖAMTC","1201572","Turm<U+00F6>l"
"48.1549987792969,15.1001996994019",48.1549987792969,15.1001996994019,1,"ÖAMTC","1209319","BP"
"48.1549987792969,16.2710990905762",48.1549987792969,16.2710990905762,1,"ÖAMTC","1160046","OMV"
"48.1562004089355,15.1139001846313",48.1562004089355,15.1139001846313,1,"ÖAMTC","1208058","IQ Stiglechner"
"48.1562995910645,15.4132995605469",48.1562995910645,15.4132995605469,1,"ÖAMTC","1208322","Avia XPress"
"48.1562995910645,15.4133996963501",48.1562995910645,15.4133996963501,1,"ÖAMTC","1208322","Avia XPress"
"48.1565017700195,16.3418006896973",48.1565017700195,16.3418006896973,1,"ÖAMTC","1000978","BP"
"48.1567001342773,13.5616998672485",48.1567001342773,13.5616998672485,1,"ÖAMTC","1207793","Turm<U+00F6>l Quick"
"48.1567993164062,13.5616998672485",48.1567993164062,13.5616998672485,1,"ÖAMTC","1207793","Turm<U+00F6>l Quick"
"48.1570014953613,12.8399000167847",48.1570014953613,12.8399000167847,1,"ÖAMTC","1201687","BP"
"48.157299041748,16.341100692749",48.157299041748,16.341100692749,1,"ÖAMTC","1000916","BP"
"48.1575012207031,15.6142997741699",48.1575012207031,15.6142997741699,1,"ÖAMTC","1201078","BP"
"48.157600402832,15.9423999786377",48.157600402832,15.9423999786377,1,"ÖAMTC","1208394","OMV"
"48.1576995849609,14.0102996826172",48.1576995849609,14.0102996826172,1,"ÖAMTC","1201143","BP Stiglechner"
"48.1580009460449,13.9806995391846",48.1580009460449,13.9806995391846,1,"ÖAMTC","1213373","Turm<U+00F6>l Quick"
"48.1585998535156,15.1121997833252",48.1585998535156,15.1121997833252,1,"ÖAMTC","1208396","Eni"
"48.1585998535156,15.1131000518799",48.1585998535156,15.1131000518799,1,"ÖAMTC","1208396","Eni"
"48.1590003967285,15.6849002838135",48.1590003967285,15.6849002838135,1,"ÖAMTC","1208120","Tankstopp"
"48.1595993041992,16.3866004943848",48.1595993041992,16.3866004943848,1,"ÖAMTC","1000970","BP"
"48.1599998474121,16.4326000213623",48.1599998474121,16.4326000213623,1,"ÖAMTC","1099285","JET"
"48.1599998474121,16.457799911499",48.1599998474121,16.457799911499,1,"ÖAMTC","1134143","BP"
"48.1609992980957,16.3183002471924",48.1609992980957,16.3183002471924,1,"ÖAMTC","1208707","BP"
"48.1613006591797,16.4715003967285",48.1613006591797,16.4715003967285,1,"ÖAMTC","1060616","BP"
"48.1618995666504,16.3173999786377",48.1618995666504,16.3173999786377,1,"ÖAMTC","1210813","Turm<U+00F6>l Quick"
"48.1623992919922,15.1091003417969",48.1623992919922,15.1091003417969,1,"ÖAMTC","1209828","Genol"
"48.1623992919922,16.3171005249023",48.1623992919922,16.3171005249023,1,"ÖAMTC","1006311","BP"
"48.1631011962891,14.1218996047974",48.1631011962891,14.1218996047974,1,"ÖAMTC","1209145","Genol"
"48.1631011962891,16.7551002502441",48.1631011962891,16.7551002502441,1,"ÖAMTC","1209253","Genol"
"48.163200378418,15.0993003845215",48.163200378418,15.0993003845215,1,"ÖAMTC","1209116","Eni"
"48.1641998291016,16.3908004760742",48.1641998291016,16.3908004760742,1,"ÖAMTC","1123937","Shell"
"48.1645011901855,14.339599609375",48.1645011901855,14.339599609375,1,"ÖAMTC","1128657","Avia XPress"
"48.1649017333984,16.4104995727539",48.1649017333984,16.4104995727539,1,"ÖAMTC","1201455","IQ Stiglechner"
"48.1655006408691,16.3649997711182",48.1655006408691,16.3649997711182,1,"ÖAMTC","1209848","JET"
"48.165599822998,14.0391998291016",48.165599822998,14.0391998291016,1,"ÖAMTC","1063432","OMV"
"48.165699005127,16.3467998504639",48.165699005127,16.3467998504639,1,"ÖAMTC","1005466","BP"
"48.1660003662109,15.8906002044678",48.1660003662109,15.8906002044678,1,"ÖAMTC","1133302","Eni"
"48.1666984558105,16.4099006652832",48.1666984558105,16.4099006652832,1,"ÖAMTC","1201439","JET"
"48.1673011779785,16.4267997741699",48.1673011779785,16.4267997741699,1,"ÖAMTC","1113885","Eni"
"48.1677017211914,16.3554992675781",48.1677017211914,16.3554992675781,1,"ÖAMTC","1005467","Eni"
"48.1679992675781,14.5146999359131",48.1679992675781,14.5146999359131,1,"ÖAMTC","1000518","BP"
"48.1684989929199,15.0866003036499",48.1684989929199,15.0866003036499,1,"ÖAMTC","1209728","DISKONT Tankstelle (HOFER Parkplatz)"
"48.168701171875,16.4605007171631",48.168701171875,16.4605007171631,1,"ÖAMTC","1209677","JET"
"48.1691017150879,14.0249996185303",48.1691017150879,14.0249996185303,1,"ÖAMTC","1114576","Turm<U+00F6>l Quick"
"48.1699981689453,16.8111991882324",48.1699981689453,16.8111991882324,1,"ÖAMTC","1209241","Lagerhaus"
"48.1702003479004,16.3700008392334",48.1702003479004,16.3700008392334,1,"ÖAMTC","1210427","Turm<U+00F6>l Quick"
"48.1703987121582,15.0858001708984",48.1703987121582,15.0858001708984,1,"ÖAMTC","1140300","Avanti"
"48.1705017089844,16.4095001220703",48.1705017089844,16.4095001220703,1,"ÖAMTC","1201079","OMV"
"48.1707000732422,16.3062000274658",48.1707000732422,16.3062000274658,1,"ÖAMTC","1007778","BP"
"48.1708984375,16.336799621582",48.1708984375,16.336799621582,1,"ÖAMTC","1142376","BP"
"48.1710014343262,16.6203994750977",48.1710014343262,16.6203994750977,1,"ÖAMTC","1209250","Genol"
"48.1716003417969,14.0234003067017",48.1716003417969,14.0234003067017,1,"ÖAMTC","1111108","Eni"
"48.1721992492676,13.3473997116089",48.1721992492676,13.3473997116089,1,"ÖAMTC","1209702","Avia XPress"
"48.1729011535645,16.4722003936768",48.1729011535645,16.4722003936768,1,"ÖAMTC","1207967","Genol"
"48.173698425293,15.6171998977661",48.173698425293,15.6171998977661,1,"ÖAMTC","1208437","DISKONT Tankstelle (HOFER Parkplatz)"
"48.1738014221191,15.6171998977661",48.1738014221191,15.6171998977661,1,"ÖAMTC","1208437","DISKONT Tankstelle (HOFER Parkplatz)"
"48.1743011474609,16.3652992248535",48.1743011474609,16.3652992248535,1,"ÖAMTC","1099284","JET"
"48.1749992370605,16.4080009460449",48.1749992370605,16.4080009460449,1,"ÖAMTC","1002301","BP"
"48.1753005981445,15.0846996307373",48.1753005981445,15.0846996307373,1,"ÖAMTC","1000345","Tankstelle Essmeister"
"48.1759986877441,15.5570001602173",48.1759986877441,15.5570001602173,1,"ÖAMTC","1209315","BP"
"48.1766014099121,13.8612003326416",48.1766014099121,13.8612003326416,1,"ÖAMTC","1029658","Tankstelle Daxl"
"48.176700592041,15.997799873352",48.176700592041,15.997799873352,1,"ÖAMTC","1087770","Tankstelle Matzinger"
"48.1772994995117,15.5529003143311",48.1772994995117,15.5529003143311,1,"ÖAMTC","1201082","BP"
"48.1777000427246,16.0613994598389",48.1777000427246,16.0613994598389,1,"ÖAMTC","1209775","JET"
"48.1777000427246,16.3929004669189",48.1777000427246,16.3929004669189,1,"ÖAMTC","1007781","BP"
"48.1781005859375,16.3787002563477",48.1781005859375,16.3787002563477,1,"ÖAMTC","1191974","Eni"
"48.1782989501953,16.3458995819092",48.1782989501953,16.3458995819092,1,"ÖAMTC","1140201","Avanti"
"48.1786003112793,13.0513000488281",48.1786003112793,13.0513000488281,1,"ÖAMTC","1207807","Turm<U+00F6>l Quick"
"48.1787986755371,13.0508003234863",48.1787986755371,13.0508003234863,1,"ÖAMTC","1207807","Turm<U+00F6>l Quick"
"48.1787986755371,13.7470998764038",48.1787986755371,13.7470998764038,1,"ÖAMTC","1209530","BP"
"48.1789016723633,16.3579998016357",48.1789016723633,16.3579998016357,1,"ÖAMTC","1000986","Shell"
"48.1790008544922,16.3264999389648",48.1790008544922,16.3264999389648,1,"ÖAMTC","1018584","Eni"
"48.1791000366211,15.6155996322632",48.1791000366211,15.6155996322632,1,"ÖAMTC","1209098","BP"
"48.1796989440918,16.3519992828369",48.1796989440918,16.3519992828369,1,"ÖAMTC","1134670","BP"
"48.1803016662598,16.0783004760742",48.1803016662598,16.0783004760742,1,"ÖAMTC","1201501","BP"
"48.1819000244141,16.4447002410889",48.1819000244141,16.4447002410889,1,"ÖAMTC","1201366","OMV"
"48.181999206543,13.2945003509521",48.181999206543,13.2945003509521,1,"ÖAMTC","1074546","Genol"
"48.1823997497559,14.0160999298096",48.1823997497559,14.0160999298096,1,"ÖAMTC","1000573","Eco Drom"
"48.1829986572266,13.7821998596191",48.1829986572266,13.7821998596191,1,"ÖAMTC","1207975","Genol"
"48.1831016540527,15.4167995452881",48.1831016540527,15.4167995452881,1,"ÖAMTC","1208665","Shell"
"48.1834983825684,16.3731994628906",48.1834983825684,16.3731994628906,1,"ÖAMTC","1100087","BP"
"48.1837997436523,16.5963001251221",48.1837997436523,16.5963001251221,1,"ÖAMTC","1208418","Eni Hochhauser"
"48.1838989257812,16.406099319458",48.1838989257812,16.406099319458,1,"ÖAMTC","1140279","Avanti"
"48.184398651123,14.519700050354",48.184398651123,14.519700050354,1,"ÖAMTC","1209840","Turm<U+00F6>l Quick"
"48.184398651123,16.3351993560791",48.184398651123,16.3351993560791,1,"ÖAMTC","1208295","Turm<U+00F6>l"
"48.1856002807617,16.296199798584",48.1856002807617,16.296199798584,1,"ÖAMTC","1144441","Shell"
"48.1857986450195,16.3246994018555",48.1857986450195,16.3246994018555,1,"ÖAMTC","1213393","Turm<U+00F6>l"
"48.1862983703613,16.4242000579834",48.1862983703613,16.4242000579834,1,"ÖAMTC","1208505","Eni"
"48.1866989135742,16.1243000030518",48.1866989135742,16.1243000030518,1,"ÖAMTC","1207984","Eni"
"48.1869010925293,16.4129009246826",48.1869010925293,16.4129009246826,1,"ÖAMTC","1088177","BP"
"48.1873016357422,14.2495002746582",48.1873016357422,14.2495002746582,1,"ÖAMTC","1208030","Eni"
"48.187801361084,15.6169996261597",48.187801361084,15.6169996261597,1,"ÖAMTC","1014125","Shell"
"48.1880989074707,15.617600440979",48.1880989074707,15.617600440979,1,"ÖAMTC","1141501","Avanti"
"48.1882019042969,16.3145008087158",48.1882019042969,16.3145008087158,1,"ÖAMTC","1006310","Turm<U+00F6>l Quick"
"48.1885986328125,13.6422996520996",48.1885986328125,13.6422996520996,1,"ÖAMTC","1130601","Tankstelle Grausgruber"
"48.1888008117676,15.4061002731323",48.1888008117676,15.4061002731323,1,"ÖAMTC","1108669","AP Diskont"
"48.1896018981934,15.6181001663208",48.1896018981934,15.6181001663208,1,"ÖAMTC","1209857","JET"
"48.1897010803223,14.09850025177",48.1897010803223,14.09850025177,1,"ÖAMTC","1140315","Avanti"
"48.1898002624512,15.0965003967285",48.1898002624512,15.0965003967285,1,"ÖAMTC","1140303","BP"
"48.1898994445801,14.0732002258301",48.1898994445801,14.0732002258301,1,"ÖAMTC","1101441","Eni"
"48.189998626709,14.0999002456665",48.189998626709,14.0999002456665,1,"ÖAMTC","1214052","Turm<U+00F6>l"
"48.189998626709,15.4088001251221",48.189998626709,15.4088001251221,1,"ÖAMTC","1109077","OMV"
"48.1901016235352,14.0999002456665",48.1901016235352,14.0999002456665,1,"ÖAMTC","1110199","Turm<U+00F6>l"
"48.1902008056641,16.2896003723145",48.1902008056641,16.2896003723145,1,"ÖAMTC","1002479","JET"
"48.1902008056641,16.2896995544434",48.1902008056641,16.2896995544434,1,"ÖAMTC","1002479","JET"
"48.190299987793,16.2947998046875",48.190299987793,16.2947998046875,1,"ÖAMTC","1201502","Shell"
"48.1903991699219,16.3215007781982",48.1903991699219,16.3215007781982,1,"ÖAMTC","1001384","Shell"
"48.1907997131348,15.7659997940063",48.1907997131348,15.7659997940063,1,"ÖAMTC","1005011","BP"
"48.1913986206055,14.1213998794556",48.1913986206055,14.1213998794556,1,"ÖAMTC","1110605","BP"
"48.1915016174316,16.279899597168",48.1915016174316,16.279899597168,1,"ÖAMTC","1002480","BP"
"48.1920013427734,14.5220003128052",48.1920013427734,14.5220003128052,1,"ÖAMTC","1208004","JET"
"48.1920013427734,14.9029998779297",48.1920013427734,14.9029998779297,1,"ÖAMTC","1208782","Genol"
"48.1926002502441,13.2769002914429",48.1926002502441,13.2769002914429,1,"ÖAMTC","1153106","Tankstelle Hartwagner"
"48.1926002502441,15.8951997756958",48.1926002502441,15.8951997756958,1,"ÖAMTC","1209787","Avanti"
"48.192798614502,16.2775993347168",48.192798614502,16.2775993347168,1,"ÖAMTC","1006314","BP"
"48.1931991577148,16.410400390625",48.1931991577148,16.410400390625,1,"ÖAMTC","1000949","BP"
"48.1934013366699,16.301700592041",48.1934013366699,16.301700592041,1,"ÖAMTC","1001026","BP"
"48.1934013366699,16.3211002349854",48.1934013366699,16.3211002349854,1,"ÖAMTC","1131453","Eni"
"48.1938018798828,16.3969993591309",48.1938018798828,16.3969993591309,1,"ÖAMTC","1207871","Eni"
"48.1940002441406,14.5186996459961",48.1940002441406,14.5186996459961,1,"ÖAMTC","1208568","masterDiesel"
"48.1940994262695,15.4616003036499",48.1940994262695,15.4616003036499,1,"ÖAMTC","1208008","Land lebt auf!"
"48.1944999694824,16.3680000305176",48.1944999694824,16.3680000305176,1,"ÖAMTC","1160049","Eni"
"48.1948013305664,16.3537006378174",48.1948013305664,16.3537006378174,1,"ÖAMTC","1113884","BP"
"48.1950988769531,14.252799987793",48.1950988769531,14.252799987793,1,"ÖAMTC","1207932","Avia XPress"
"48.1959991455078,15.6611995697021",48.1959991455078,15.6611995697021,1,"ÖAMTC","1095963","Eni"
"48.1960983276367,13.1059999465942",48.1960983276367,13.1059999465942,1,"ÖAMTC","1213385","BP"
"48.1963005065918,16.3645992279053",48.1963005065918,16.3645992279053,1,"ÖAMTC","1000958","Turm<U+00F6>l"
"48.1963996887207,16.3588008880615",48.1963996887207,16.3588008880615,1,"ÖAMTC","1000960","Spritinn"
"48.1964988708496,14.527099609375",48.1964988708496,14.527099609375,1,"ÖAMTC","1207943","OMV"
"48.1967010498047,14.5263004302979",48.1967010498047,14.5263004302979,1,"ÖAMTC","1140311","Turm<U+00F6>l Quick"
"48.1969985961914,14.5263996124268",48.1969985961914,14.5263996124268,1,"ÖAMTC","1140311","Turm<U+00F6>l Quick"
"48.1974983215332,15.4834003448486",48.1974983215332,15.4834003448486,1,"ÖAMTC","1207689","Avanti"
"48.1974983215332,15.9033002853394",48.1974983215332,15.9033002853394,1,"ÖAMTC","1099330","Avia"
"48.1976013183594,15.4834003448486",48.1976013183594,15.4834003448486,1,"ÖAMTC","1207689","Avanti"
"48.1978988647461,16.2800006866455",48.1978988647461,16.2800006866455,1,"ÖAMTC","1046112","OMV"
"48.1980018615723,15.2217998504639",48.1980018615723,15.2217998504639,1,"ÖAMTC","1207766","BP Stiglechner"
"48.1981010437012,15.6396999359131",48.1981010437012,15.6396999359131,1,"ÖAMTC","1125209","BP"
"48.198299407959,15.7537002563477",48.198299407959,15.7537002563477,1,"ÖAMTC","1209096","Genol"
"48.1990013122559,13.4734001159668",48.1990013122559,13.4734001159668,1,"ÖAMTC","1130843","JET"
"48.1991004943848,13.4736995697021",48.1991004943848,13.4736995697021,1,"ÖAMTC","1130843","JET"
"48.1991004943848,16.3297004699707",48.1991004943848,16.3297004699707,1,"ÖAMTC","1007853","Tankstelle Tr<U+00F6>tzm<U+00FC>ller"
"48.1996994018555,15.2216997146606",48.1996994018555,15.2216997146606,1,"ÖAMTC","1212265","DISKONT Tankstelle (HOFER Parkplatz)"
"48.2000999450684,13.6457996368408",48.2000999450684,13.6457996368408,1,"ÖAMTC","1201248","BP Stiglechner"
"48.2005004882812,16.3448009490967",48.2005004882812,16.3448009490967,1,"ÖAMTC","1117590","Leodiskont"
"48.2005996704102,13.4820995330811",48.2005996704102,13.4820995330811,1,"ÖAMTC","1067022","Tankstelle Bauchinger"
"48.2014007568359,15.8985004425049",48.2014007568359,15.8985004425049,1,"ÖAMTC","1209222","Genol"
"48.2014007568359,16.4037990570068",48.2014007568359,16.4037990570068,1,"ÖAMTC","1003784","BP"
"48.2018013000488,16.3174991607666",48.2018013000488,16.3174991607666,1,"ÖAMTC","1120025","Shell"
"48.2019004821777,16.2362995147705",48.2019004821777,16.2362995147705,1,"ÖAMTC","1207917","OMV"
"48.2019996643066,13.487099647522",48.2019996643066,13.487099647522,1,"ÖAMTC","1138755","Genol"
"48.2023010253906,15.2214002609253",48.2023010253906,15.2214002609253,1,"ÖAMTC","1208503","Wattaul"
"48.2024002075195,16.4740009307861",48.2024002075195,16.4740009307861,1,"ÖAMTC","1004357","Eni"
"48.2024993896484,15.5248003005981",48.2024993896484,15.5248003005981,1,"ÖAMTC","1209244","Genol"
"48.2025985717773,15.8922996520996",48.2025985717773,15.8922996520996,1,"ÖAMTC","1100006","Genol (LKW)"
"48.2027015686035,16.2574996948242",48.2027015686035,16.2574996948242,1,"ÖAMTC","1152537","Shell"
"48.2029991149902,16.4361000061035",48.2029991149902,16.4361000061035,1,"ÖAMTC","1208056","Eni"
"48.2032012939453,16.2441997528076",48.2032012939453,16.2441997528076,1,"ÖAMTC","1157023","JET"
"48.2033004760742,15.6380996704102",48.2033004760742,15.6380996704102,1,"ÖAMTC","1125210","Eni"
"48.2033996582031,16.3029003143311",48.2033996582031,16.3029003143311,1,"ÖAMTC","1001027","BP"
"48.203498840332,14.6619997024536",48.203498840332,14.6619997024536,1,"ÖAMTC","1201288","Tankstelle Gusenbauer"
"48.2039985656738,13.8039999008179",48.2039985656738,13.8039999008179,1,"ÖAMTC","1201130","Tankstelle Lichtenwagner"
"48.2042007446289,13.9261999130249",48.2042007446289,13.9261999130249,1,"ÖAMTC","1208471","Pink Tankstelle"
"48.2046012878418,16.3349990844727",48.2046012878418,16.3349990844727,1,"ÖAMTC","1001042","NNB Brunnentankstelle"
"48.2050018310547,14.247799873352",48.2050018310547,14.247799873352,1,"ÖAMTC","1019025","Shell"
"48.2055015563965,16.193000793457",48.2055015563965,16.193000793457,1,"ÖAMTC","1201525","Eni"
"48.2057991027832,13.4828996658325",48.2057991027832,13.4828996658325,1,"ÖAMTC","1201570","Avia XPress"
"48.2058982849121,13.4806003570557",48.2058982849121,13.4806003570557,1,"ÖAMTC","1208841","Turm<U+00F6>l"
"48.2058982849121,16.1891994476318",48.2058982849121,16.1891994476318,1,"ÖAMTC","1210680","Turm<U+00F6>l Quick"
"48.2060012817383,16.3218002319336",48.2060012817383,16.3218002319336,1,"ÖAMTC","1089657","BP"
"48.206600189209,13.4650001525879",48.206600189209,13.4650001525879,1,"ÖAMTC","1209697","DISKONT Tankstelle (HOFER Parkplatz)"
"48.2067985534668,15.641300201416",48.2067985534668,15.641300201416,1,"ÖAMTC","1140296","Avanti"
"48.206901550293,16.3138999938965",48.206901550293,16.3138999938965,1,"ÖAMTC","1015425","OMV"
"48.206901550293,16.3875007629395",48.206901550293,16.3875007629395,1,"ÖAMTC","1099283","TANKEnergie Ringgarage"
"48.2070007324219,13.9783000946045",48.2070007324219,13.9783000946045,1,"ÖAMTC","1209673","Pink Tankstelle"
"48.2070999145508,16.3435001373291",48.2070999145508,16.3435001373291,1,"ÖAMTC","1005154","Torrefina"
"48.2071990966797,16.4468994140625",48.2071990966797,16.4468994140625,1,"ÖAMTC","1001090","Shell"
"48.2074012756348,16.5442008972168",48.2074012756348,16.5442008972168,1,"ÖAMTC","1139233","JET"
"48.2078018188477,16.3132991790771",48.2078018188477,16.3132991790771,1,"ÖAMTC","1003613","Shell"
"48.2084007263184,15.2121000289917",48.2084007263184,15.2121000289917,1,"ÖAMTC","1207744","Genol"
"48.2086982727051,16.4293003082275",48.2086982727051,16.4293003082275,1,"ÖAMTC","1209023","Bootstankstelle Marina Wien"
"48.2089004516602,15.3816003799438",48.2089004516602,15.3816003799438,1,"ÖAMTC","1207971","Genol"
"48.209098815918,14.7463998794556",48.209098815918,14.7463998794556,1,"ÖAMTC","1041236","AVIA"
"48.209098815918,15.3816995620728",48.209098815918,15.3816995620728,1,"ÖAMTC","1208904","Genol"
"48.209098815918,16.4288997650146",48.209098815918,16.4288997650146,1,"ÖAMTC","1209023","Bootstankstelle Marina Wien"
"48.2100982666016,15.6219997406006",48.2100982666016,15.6219997406006,1,"ÖAMTC","1179879","Tankstopp"
"48.2103996276855,16.3057994842529",48.2103996276855,16.3057994842529,1,"ÖAMTC","1001043","Maroltinger Tankstelle"
"48.2106018066406,14.4770002365112",48.2106018066406,14.4770002365112,1,"ÖAMTC","1057635","Shell"
"48.2108001708984,13.355899810791",48.2108001708984,13.355899810791,1,"ÖAMTC","1201585","Land lebt auf!"
"48.2112998962402,16.3108005523682",48.2112998962402,16.3108005523682,1,"ÖAMTC","1100140","Eni"
"48.2113990783691,14.2809000015259",48.2113990783691,14.2809000015259,1,"ÖAMTC","1099225","JET"
"48.211498260498,16.1728992462158",48.211498260498,16.1728992462158,1,"ÖAMTC","1099215","JET"
"48.2120018005371,14.2817001342773",48.2120018005371,14.2817001342773,1,"ÖAMTC","1057574","Shell"
"48.2120018005371,16.3418006896973",48.2120018005371,16.3418006896973,1,"ÖAMTC","1000963","Turm<U+00F6>l"
"48.2122993469238,13.4827003479004",48.2122993469238,13.4827003479004,1,"ÖAMTC","1153103","Avia"
"48.2128982543945,16.3750991821289",48.2128982543945,16.3750991821289,1,"ÖAMTC","1015174","BP"
"48.2131996154785,13.4848003387451",48.2131996154785,13.4848003387451,1,"ÖAMTC","1134394","Avanti"
"48.2134017944336,15.6239995956421",48.2134017944336,15.6239995956421,1,"ÖAMTC","1209789","SOCAR"
"48.2136001586914,14.4025001525879",48.2136001586914,14.4025001525879,1,"ÖAMTC","1207999","Eni"
"48.2145004272461,14.2771997451782",48.2145004272461,14.2771997451782,1,"ÖAMTC","1209609","DISKONT Tankstelle (HOFER Parkplatz)"
"48.214599609375,14.2771997451782",48.214599609375,14.2771997451782,1,"ÖAMTC","1209609","DISKONT Tankstelle (HOFER Parkplatz)"
"48.214900970459,14.2834997177124",48.214900970459,14.2834997177124,1,"ÖAMTC","1002148","BP"
"48.2160987854004,14.2793998718262",48.2160987854004,14.2793998718262,1,"ÖAMTC","1060080","OMV"
"48.2160987854004,14.4632997512817",48.2160987854004,14.4632997512817,1,"ÖAMTC","1099228","JET"
"48.2162017822266,14.4581003189087",48.2162017822266,14.4581003189087,1,"ÖAMTC","1209643","DISKONT Tankstelle (HOFER Parkplatz)"
"48.2164993286133,16.4169998168945",48.2164993286133,16.4169998168945,1,"ÖAMTC","1019062","BP"
"48.2168006896973,16.4936008453369",48.2168006896973,16.4936008453369,1,"ÖAMTC","1117080","OMV"
"48.2168006896973,16.5056991577148",48.2168006896973,16.5056991577148,1,"ÖAMTC","1210435","Shell"
"48.217098236084,16.3383007049561",48.217098236084,16.3383007049561,1,"ÖAMTC","1014303","BP"
"48.2173004150391,16.38450050354",48.2173004150391,16.38450050354,1,"ÖAMTC","1118460","123tanken.at"
"48.217399597168,13.4947004318237",48.217399597168,13.4947004318237,1,"ÖAMTC","1151683","BP Stiglechner"
"48.2174987792969,15.2210998535156",48.2174987792969,15.2210998535156,1,"ÖAMTC","1208298","BP"
"48.217700958252,16.3946990966797",48.217700958252,16.3946990966797,1,"ÖAMTC","1062450","Shell"
"48.2182998657227,15.3493995666504",48.2182998657227,15.3493995666504,1,"ÖAMTC","1208721","JET"
"48.2183990478516,14.4246997833252",48.2183990478516,14.4246997833252,1,"ÖAMTC","1153116","Avia"
"48.2188987731934,16.4058990478516",48.2188987731934,16.4058990478516,1,"ÖAMTC","1132569","B<U+00E4>rtl Garage"
"48.2192993164062,15.3484001159668",48.2192993164062,15.3484001159668,1,"ÖAMTC","1201407","OMV"
"48.2196006774902,14.1106004714966",48.2196006774902,14.1106004714966,1,"ÖAMTC","1135740","Diskont Oberndorfer"
"48.2196998596191,14.5015001296997",48.2196998596191,14.5015001296997,1,"ÖAMTC","1213297","Genol"
"48.220100402832,14.4615001678467",48.220100402832,14.4615001678467,1,"ÖAMTC","1208794","Genol"
"48.2202987670898,14.1961002349854",48.2202987670898,14.1961002349854,1,"ÖAMTC","1001820","Shell"
"48.2202987670898,14.5075998306274",48.2202987670898,14.5075998306274,1,"ÖAMTC","1208029","JET"
"48.220401763916,14.5073003768921",48.220401763916,14.5073003768921,1,"ÖAMTC","1208029","JET"
"48.2206001281738,16.4799003601074",48.2206001281738,16.4799003601074,1,"ÖAMTC","1007012","BP"
"48.2215003967285,13.4968004226685",48.2215003967285,13.4968004226685,1,"ÖAMTC","1208427","DISKONT Tankstelle (HOFER Parkplatz)"
"48.2219009399414,14.8508996963501",48.2219009399414,14.8508996963501,1,"ÖAMTC","1059189","Lagerhaus"
"48.2223014831543,13.7325000762939",48.2223014831543,13.7325000762939,1,"ÖAMTC","1201203","Easy Tank"
"48.2224998474121,14.4083995819092",48.2224998474121,14.4083995819092,1,"ÖAMTC","1014998","OMV"
"48.2226982116699,16.4447002410889",48.2226982116699,16.4447002410889,1,"ÖAMTC","1207860","Eni"
"48.2228012084961,13.9147996902466",48.2228012084961,13.9147996902466,1,"ÖAMTC","1209529","Avia XPress"
"48.2229995727539,14.8502998352051",48.2229995727539,14.8502998352051,1,"ÖAMTC","1054517","BP"
"48.2229995727539,14.9841995239258",48.2229995727539,14.9841995239258,1,"ÖAMTC","1209126","Avia"
"48.2230987548828,16.3159008026123",48.2230987548828,16.3159008026123,1,"ÖAMTC","1014304","Turm<U+00F6>l"
"48.2238006591797,15.6345996856689",48.2238006591797,15.6345996856689,1,"ÖAMTC","1132563","OMV"
"48.2243995666504,15.9167003631592",48.2243995666504,15.9167003631592,1,"ÖAMTC","1209847","Direct"
"48.2257995605469,16.3708000183105",48.2257995605469,16.3708000183105,1,"ÖAMTC","1160055","Avanti"
"48.2258987426758,16.6949005126953",48.2258987426758,16.6949005126953,1,"ÖAMTC","1212749","BP"
"48.2261009216309,14.0279998779297",48.2261009216309,14.0279998779297,1,"ÖAMTC","1213257","Pink Tankstelle"
"48.2266998291016,13.8465995788574",48.2266998291016,13.8465995788574,1,"ÖAMTC","1201571","Turm<U+00F6>l Quick"
"48.2266998291016,16.3505001068115",48.2266998291016,16.3505001068115,1,"ÖAMTC","1004343","Turm<U+00F6>l Quick"
"48.2270011901855,13.8435001373291",48.2270011901855,13.8435001373291,1,"ÖAMTC","1007728","Turm<U+00F6>l"
"48.2270011901855,16.3265991210938",48.2270011901855,16.3265991210938,1,"ÖAMTC","1208257","Eni"
"48.2270011901855,16.4449005126953",48.2270011901855,16.4449005126953,1,"ÖAMTC","1135178","Shell"
"48.2271003723145,14.2343997955322",48.2271003723145,14.2343997955322,1,"ÖAMTC","1001818","BP"
"48.2271995544434,14.2126998901367",48.2271995544434,14.2126998901367,1,"ÖAMTC","1208802","Pink Tankstelle"
"48.2274017333984,13.9256000518799",48.2274017333984,13.9256000518799,1,"ÖAMTC","1208182","Pink Tankstelle"
"48.2275009155273,14.3938999176025",48.2275009155273,14.3938999176025,1,"ÖAMTC","1212237","DISKONT Tankstelle (HOFER Parkplatz)"
"48.2276992797852,16.387300491333",48.2276992797852,16.387300491333,1,"ÖAMTC","1209580","TAC"
"48.228401184082,15.6770000457764",48.228401184082,15.6770000457764,1,"ÖAMTC","1047177","Avia"
"48.2289009094238,13.9365997314453",48.2289009094238,13.9365997314453,1,"ÖAMTC","1201418","IQ Stiglechner"
"48.2289009094238,14.7002000808716",48.2289009094238,14.7002000808716,1,"ÖAMTC","1201412","Autohaus Breiteneder"
"48.2290992736816,16.3290004730225",48.2290992736816,16.3290004730225,1,"ÖAMTC","1208145","Shell"
"48.2294006347656,16.3582992553711",48.2294006347656,16.3582992553711,1,"ÖAMTC","1127516","Eni"
"48.2295989990234,16.3463001251221",48.2295989990234,16.3463001251221,1,"ÖAMTC","1001051","AWI- Diskont"
"48.2302017211914,15.3311996459961",48.2302017211914,15.3311996459961,1,"ÖAMTC","1201663","Turm<U+00F6>l Quick"
"48.2308006286621,14.305100440979",48.2308006286621,14.305100440979,1,"ÖAMTC","1000483","BP"
"48.230899810791,14.5289001464844",48.230899810791,14.5289001464844,1,"ÖAMTC","1209664","SOCAR"
"48.2313995361328,13.8408002853394",48.2313995361328,13.8408002853394,1,"ÖAMTC","1208031","Genol"
"48.2319984436035,16.8211994171143",48.2319984436035,16.8211994171143,1,"ÖAMTC","1131454","Genol"
"48.2327995300293,13.8221998214722",48.2327995300293,13.8221998214722,1,"ÖAMTC","1079398","OMV"
"48.2327995300293,13.9450998306274",48.2327995300293,13.9450998306274,1,"ÖAMTC","1016263","Avia XPress"
"48.233699798584,16.4202995300293",48.233699798584,16.4202995300293,1,"ÖAMTC","1209649","Shell"
"48.2337989807129,16.3917999267578",48.2337989807129,16.3917999267578,1,"ÖAMTC","1099286","Turm<U+00F6>l"
"48.2338981628418,13.7721004486084",48.2338981628418,13.7721004486084,1,"ÖAMTC","1210304","Pink Tankstelle"
"48.2341995239258,14.2327003479004",48.2341995239258,14.2327003479004,1,"ÖAMTC","1201135","BP Stiglechner"
"48.2349014282227,14.2673997879028",48.2349014282227,14.2673997879028,1,"ÖAMTC","1209762","Avia XPress"
"48.2350997924805,14.2360000610352",48.2350997924805,14.2360000610352,1,"ÖAMTC","1208456","DISKONT Tankstelle (HOFER Parkplatz)"
"48.2350997924805,16.3708000183105",48.2350997924805,16.3708000183105,1,"ÖAMTC","1073099","Eni"
"48.2351989746094,14.2361001968384",48.2351989746094,14.2361001968384,1,"ÖAMTC","1208456","DISKONT Tankstelle (HOFER Parkplatz)"
"48.2372016906738,15.3266000747681",48.2372016906738,15.3266000747681,1,"ÖAMTC","1208279","Tankstelle Prinz"
"48.2382011413574,13.5472002029419",48.2382011413574,13.5472002029419,1,"ÖAMTC","1207787","Turm<U+00F6>l"
"48.2382011413574,16.432300567627",48.2382011413574,16.432300567627,1,"ÖAMTC","1210287","DISKONT TANKSTELLE"
"48.2383003234863,13.957200050354",48.2383003234863,13.957200050354,1,"ÖAMTC","1212769","DISKONT Tankstelle (HOFER Parkplatz)"
"48.2391014099121,13.3488998413086",48.2391014099121,13.3488998413086,1,"ÖAMTC","1207774","Turm<U+00F6>l Quick"
"48.2391014099121,14.2622003555298",48.2391014099121,14.2622003555298,1,"ÖAMTC","1000472","Avanti"
"48.2394981384277,14.62619972229",48.2394981384277,14.62619972229,1,"ÖAMTC","1059691","BP Stiglechner"
"48.2396011352539,14.5282001495361",48.2396011352539,14.5282001495361,1,"ÖAMTC","1212821","Turm<U+00F6>l"
"48.2402000427246,13.3379001617432",48.2402000427246,13.3379001617432,1,"ÖAMTC","1209038","Genol"
"48.2402000427246,14.5312995910645",48.2402000427246,14.5312995910645,1,"ÖAMTC","1212249","DISKONT Tankstelle (HOFER Parkplatz)"
"48.2402992248535,16.3414001464844",48.2402992248535,16.3414001464844,1,"ÖAMTC","1142971","BP"
"48.2407989501953,16.3393993377686",48.2407989501953,16.3393993377686,1,"ÖAMTC","1208258","Eni"
"48.2410011291504,16.3747997283936",48.2410011291504,16.3747997283936,1,"ÖAMTC","1135180","BP"
"48.2414016723633,14.5445995330811",48.2414016723633,14.5445995330811,1,"ÖAMTC","1128000","BP Stiglechner"
"48.2417984008789,16.3616008758545",48.2417984008789,16.3616008758545,1,"ÖAMTC","1164076","Shell"
"48.2422981262207,15.9258003234863",48.2422981262207,15.9258003234863,1,"ÖAMTC","1000295","Turm<U+00F6>l Quick"
"48.2425994873047,16.4564990997314",48.2425994873047,16.4564990997314,1,"ÖAMTC","1081642","OMV"
"48.2430000305176,16.3752002716064",48.2430000305176,16.3752002716064,1,"ÖAMTC","1201582","OMV"
"48.2431983947754,16.3843002319336",48.2431983947754,16.3843002319336,1,"ÖAMTC","1120628","BP express"
"48.2433013916016,13.0452003479004",48.2433013916016,13.0452003479004,1,"ÖAMTC","1201543","JET"
"48.2433013916016,14.2767000198364",48.2433013916016,14.2767000198364,1,"ÖAMTC","1160900","maxi.tank"
"48.2434005737305,14.5342998504639",48.2434005737305,14.5342998504639,1,"ÖAMTC","1062031","Avanti"
"48.2439002990723,16.3612003326416",48.2439002990723,16.3612003326416,1,"ÖAMTC","1001887","BP"
"48.2439994812012,13.0488996505737",48.2439994812012,13.0488996505737,1,"ÖAMTC","1209590","DISKONT Tankstelle (HOFER Parkplatz)"
"48.2453994750977,16.3656997680664",48.2453994750977,16.3656997680664,1,"ÖAMTC","1134136","OMV"
"48.2457008361816,16.3159999847412",48.2457008361816,16.3159999847412,1,"ÖAMTC","1211273","Turm<U+00F6>l"
"48.2463989257812,14.1826000213623",48.2463989257812,14.1826000213623,1,"ÖAMTC","1201425","TWS"
"48.2463989257812,16.9214992523193",48.2463989257812,16.9214992523193,1,"ÖAMTC","1207989","Genol"
"48.246898651123,13.0401000976562",48.246898651123,13.0401000976562,1,"ÖAMTC","1120814","OMV"
"48.2472991943359,14.2648000717163",48.2472991943359,14.2648000717163,1,"ÖAMTC","1208091","BP"
"48.247501373291,14.6262998580933",48.247501373291,14.6262998580933,1,"ÖAMTC","1201565","Landesprodukte Altzinger"
"48.2476005554199,16.4661998748779",48.2476005554199,16.4661998748779,1,"ÖAMTC","1079003","BP"
"48.2478981018066,14.6236000061035",48.2478981018066,14.6236000061035,1,"ÖAMTC","1209186","Genol"
"48.2481994628906,13.0148000717163",48.2481994628906,13.0148000717163,1,"ÖAMTC","1209841","BP LM Energy"
"48.2482986450195,13.1918001174927",48.2482986450195,13.1918001174927,1,"ÖAMTC","1209831","Pink Tankstelle"
"48.2482986450195,14.2941999435425",48.2482986450195,14.2941999435425,1,"ÖAMTC","1099222","Avanti"
"48.2486000061035,14.2414999008179",48.2486000061035,14.2414999008179,1,"ÖAMTC","1109264","JET"
"48.2495002746582,13.2089996337891",48.2495002746582,13.2089996337891,1,"ÖAMTC","1209352","BP Stiglechner"
"48.2498016357422,15.247799873352",48.2498016357422,15.247799873352,1,"ÖAMTC","1209125","Tankstelle Kernstock"
"48.250301361084,14.6280002593994",48.250301361084,14.6280002593994,1,"ÖAMTC","1059698","SOCAR"
"48.2504005432129,13.0474004745483",48.2504005432129,13.0474004745483,1,"ÖAMTC","1201545","Eco Drom"
"48.2509994506836,16.4703006744385",48.2509994506836,16.4703006744385,1,"ÖAMTC","1002705","OMV"
"48.2513008117676,16.4717998504639",48.2513008117676,16.4717998504639,1,"ÖAMTC","1208195","OMV"
"48.2518997192383,13.4533004760742",48.2518997192383,13.4533004760742,1,"ÖAMTC","1153117","Avia"
"48.2518997192383,14.6176996231079",48.2518997192383,14.6176996231079,1,"ÖAMTC","1211329","Turm<U+00F6>l"
"48.2519989013672,15.862099647522",48.2519989013672,15.862099647522,1,"ÖAMTC","1209030","Genol"
"48.2522010803223,16.4262008666992",48.2522010803223,16.4262008666992,1,"ÖAMTC","1212777","SE&FA Energy"
"48.2523002624512,14.5958995819092",48.2523002624512,14.5958995819092,1,"ÖAMTC","1209764","Tankstelle Petschl"
"48.252498626709,16.4263000488281",48.252498626709,16.4263000488281,1,"ÖAMTC","1201552","JET"
"48.252498626709,16.4270000457764",48.252498626709,16.4270000457764,1,"ÖAMTC","1210592","DISKONT Tankstelle (HOFER Parkplatz)"
"48.2527008056641,16.4260005950928",48.2527008056641,16.4260005950928,1,"ÖAMTC","1201552","JET"
"48.2540016174316,13.9711999893188",48.2540016174316,13.9711999893188,1,"ÖAMTC","1208222","Land lebt auf!"
"48.2541999816895,13.236499786377",48.2541999816895,13.236499786377,1,"ÖAMTC","1057572","OMV"
"48.2541999816895,16.7528991699219",48.2541999816895,16.7528991699219,1,"ÖAMTC","1210375","Tankstelle Wiesmahr"
"48.2542991638184,16.3941993713379",48.2542991638184,16.3941993713379,1,"ÖAMTC","1005316","Shell"
"48.2545013427734,16.0188007354736",48.2545013427734,16.0188007354736,1,"ÖAMTC","1003242","Avanti"
"48.2546005249023,13.9713001251221",48.2546005249023,13.9713001251221,1,"ÖAMTC","1208222","Land lebt auf!"
"48.2546997070312,16.3640003204346",48.2546997070312,16.3640003204346,1,"ÖAMTC","1001794","Shell"
"48.2547988891602,13.0452003479004",48.2547988891602,13.0452003479004,1,"ÖAMTC","1209685","Eni"
"48.2549018859863,13.0361995697021",48.2549018859863,13.0361995697021,1,"ÖAMTC","1213505","M3 Tankstelle"
"48.2554016113281,13.0768003463745",48.2554016113281,13.0768003463745,1,"ÖAMTC","1209779","Tankstelle W<U+00F6>lfl"
"48.2556991577148,14.2536001205444",48.2556991577148,14.2536001205444,1,"ÖAMTC","1201475","Pink Tankstelle"
"48.257999420166,14.3297004699707",48.257999420166,14.3297004699707,1,"ÖAMTC","1042756","OMV Fast Lane"
"48.2580986022949,13.0495004653931",48.2580986022949,13.0495004653931,1,"ÖAMTC","1000643","Tankstelle Renner"
"48.2589988708496,16.4115009307861",48.2589988708496,16.4115009307861,1,"ÖAMTC","1134169","JET"
"48.2599983215332,16.4116992950439",48.2599983215332,16.4116992950439,1,"ÖAMTC","1001080","Shell"
"48.2602005004883,15.8014001846313",48.2602005004883,15.8014001846313,1,"ÖAMTC","1209678","Land lebt auf!"
"48.2603988647461,13.940899848938",48.2603988647461,13.940899848938,1,"ÖAMTC","1201327","Pink Tankstelle"
"48.2605018615723,13.0510997772217",48.2605018615723,13.0510997772217,1,"ÖAMTC","1132240","Avanti"
"48.2615013122559,13.2413997650146",48.2615013122559,13.2413997650146,1,"ÖAMTC","1210831","Avia XPress"
"48.2616996765137,13.2419996261597",48.2616996765137,13.2419996261597,1,"ÖAMTC","1210831","Avia XPress"
"48.2617988586426,16.4361000061035",48.2617988586426,16.4361000061035,1,"ÖAMTC","1208189","Eni"
"48.2631988525391,14.3233995437622",48.2631988525391,14.3233995437622,1,"ÖAMTC","1042757","Avanti"
"48.2633018493652,16.4612007141113",48.2633018493652,16.4612007141113,1,"ÖAMTC","1201520","Eni"
"48.263599395752,16.4596004486084",48.263599395752,16.4596004486084,1,"ÖAMTC","1161317","JET"
"48.2636985778809,13.417200088501",48.2636985778809,13.417200088501,1,"ÖAMTC","1207779","Turm<U+00F6>l Quick"
"48.2644996643066,16.4547996520996",48.2644996643066,16.4547996520996,1,"ÖAMTC","1001079","Shell"
"48.2654991149902,16.3939990997314",48.2654991149902,16.3939990997314,1,"ÖAMTC","1001074","OMV"
"48.2661018371582,16.4030990600586",48.2661018371582,16.4030990600586,1,"ÖAMTC","1213253","Turm<U+00F6>l"
"48.2662010192871,16.4620990753174",48.2662010192871,16.4620990753174,1,"ÖAMTC","1007259","Tankstelle Jandl"
"48.2663993835449,13.5659999847412",48.2663993835449,13.5659999847412,1,"ÖAMTC","1209663","Avia XPress"
"48.2666015625,13.5659999847412",48.2666015625,13.5659999847412,1,"ÖAMTC","1209663","Avia XPress"
"48.2667999267578,16.4025993347168",48.2667999267578,16.4025993347168,1,"ÖAMTC","1014166","BP"
"48.2672004699707,16.4291000366211",48.2672004699707,16.4291000366211,1,"ÖAMTC","1201306","BP Stiglechner"
"48.2677001953125,14.4534997940063",48.2677001953125,14.4534997940063,1,"ÖAMTC","1153390","Turm<U+00F6>l"
"48.2677001953125,15.6865997314453",48.2677001953125,15.6865997314453,1,"ÖAMTC","1212697","SOCAR"
"48.2678985595703,15.6381998062134",48.2678985595703,15.6381998062134,1,"ÖAMTC","1209313","Tankstelle Gamsj<U+00E4>ger"
"48.2689018249512,14.7204999923706",48.2689018249512,14.7204999923706,1,"ÖAMTC","1209141","Genol"
"48.2697982788086,15.9715995788574",48.2697982788086,15.9715995788574,1,"ÖAMTC","1207808","OMV"
"48.2700996398926,13.743200302124",48.2700996398926,13.743200302124,1,"ÖAMTC","1208857","Turm<U+00F6>l"
"48.2703018188477,14.9496002197266",48.2703018188477,14.9496002197266,1,"ÖAMTC","1209243","Lagerhaus"
"48.2703018188477,16.4120998382568",48.2703018188477,16.4120998382568,1,"ÖAMTC","1209588","OMV"
"48.2704010009766,13.2617998123169",48.2704010009766,13.2617998123169,1,"ÖAMTC","1208799","Genol"
"48.2705001831055,13.1710996627808",48.2705001831055,13.1710996627808,1,"ÖAMTC","1208980","Genol"
"48.2705001831055,14.4525003433228",48.2705001831055,14.4525003433228,1,"ÖAMTC","1153124","IQ Stiglechner"
"48.2711982727051,14.2945995330811",48.2711982727051,14.2945995330811,1,"ÖAMTC","1207847","Shell Stiglechner"
"48.2714004516602,13.7208003997803",48.2714004516602,13.7208003997803,1,"ÖAMTC","1209334","Genol"
"48.271598815918,14.2679004669189",48.271598815918,14.2679004669189,1,"ÖAMTC","1209674","DISKONT Tankstelle (HOFER Parkplatz)"
"48.271598815918,14.2680997848511",48.271598815918,14.2680997848511,1,"ÖAMTC","1209674","DISKONT Tankstelle (HOFER Parkplatz)"
"48.2717018127441,15.6148996353149",48.2717018127441,15.6148996353149,1,"ÖAMTC","1201381","Robineau"
"48.271900177002,14.2818002700806",48.271900177002,14.2818002700806,1,"ÖAMTC","1070778","SOCAR"
"48.271900177002,16.4080009460449",48.271900177002,16.4080009460449,1,"ÖAMTC","1209834","DISKONT Tankstelle (HOFER Parkplatz)"
"48.2723007202148,16.4309997558594",48.2723007202148,16.4309997558594,1,"ÖAMTC","1213217","Lohberger"
"48.2729988098145,14.2530002593994",48.2729988098145,14.2530002593994,1,"ÖAMTC","1201188","Avanti"
"48.2737007141113,14.5775003433228",48.2737007141113,14.5775003433228,1,"ÖAMTC","1208948","Clever Tanken"
"48.2747993469238,14.2727003097534",48.2747993469238,14.2727003097534,1,"ÖAMTC","1000484","Eni"
"48.2757987976074,15.6970996856689",48.2757987976074,15.6970996856689,1,"ÖAMTC","1208923","Genol"
"48.2759017944336,15.6969995498657",48.2759017944336,15.6969995498657,1,"ÖAMTC","1208923","Genol"
"48.2778015136719,14.3107004165649",48.2778015136719,14.3107004165649,1,"ÖAMTC","1211153","Turm<U+00F6>l"
"48.2779006958008,14.956000328064",48.2779006958008,14.956000328064,1,"ÖAMTC","1209656","Tankstelle Leonhartsberger"
"48.2787017822266,14.2458000183105",48.2787017822266,14.2458000183105,1,"ÖAMTC","1109537","OMV"
"48.2789001464844,15.6955003738403",48.2789001464844,15.6955003738403,1,"ÖAMTC","1016245","OMV"
"48.2803993225098,14.3760004043579",48.2803993225098,14.3760004043579,1,"ÖAMTC","1013573","Avia"
"48.2807006835938,15.6969003677368",48.2807006835938,15.6969003677368,1,"ÖAMTC","1208321","Avia XPress"
"48.2808990478516,15.7172002792358",48.2808990478516,15.7172002792358,1,"ÖAMTC","1208164","Shell"
"48.2812004089355,16.4120998382568",48.2812004089355,16.4120998382568,1,"ÖAMTC","1001075","OMV"
"48.2817001342773,15.9298000335693",48.2817001342773,15.9298000335693,1,"ÖAMTC","1058385","SOCAR"
"48.2825012207031,16.380199432373",48.2825012207031,16.380199432373,1,"ÖAMTC","1147619","BP"
"48.2830009460449,14.2883996963501",48.2830009460449,14.2883996963501,1,"ÖAMTC","1201187","Avanti"
"48.2835998535156,16.4134998321533",48.2835998535156,16.4134998321533,1,"ÖAMTC","1188419","BP"
"48.2840995788574,16.529899597168",48.2840995788574,16.529899597168,1,"ÖAMTC","1209861","Treibstoffparadies Kohlhammer"
"48.2841987609863,13.8802003860474",48.2841987609863,13.8802003860474,1,"ÖAMTC","1209337","Genol"
"48.2841987609863,14.2924995422363",48.2841987609863,14.2924995422363,1,"ÖAMTC","1211149","Turm<U+00F6>l"
"48.2841987609863,14.3692998886108",48.2841987609863,14.3692998886108,1,"ÖAMTC","1050018","Speed Diskont"
"48.2845993041992,14.3627996444702",48.2845993041992,14.3627996444702,1,"ÖAMTC","1209269","Genol"
"48.2846984863281,14.3201999664307",48.2846984863281,14.3201999664307,1,"ÖAMTC","1038001","BP Stiglechner"
"48.2848014831543,14.3521995544434",48.2848014831543,14.3521995544434,1,"ÖAMTC","1127249","Eni"
"48.2851982116699,16.3455009460449",48.2851982116699,16.3455009460449,1,"ÖAMTC","1140216","Avanti"
"48.2855987548828,13.4345998764038",48.2855987548828,13.4345998764038,1,"ÖAMTC","1209040","Genol"
"48.2860984802246,14.3024997711182",48.2860984802246,14.3024997711182,1,"ÖAMTC","1000436","OMV"
"48.2864990234375,16.3439998626709",48.2864990234375,16.3439998626709,1,"ÖAMTC","1201319","OMV"
"48.2865982055664,16.3631000518799",48.2865982055664,16.3631000518799,1,"ÖAMTC","1210790","Diskont B<U+00F6>hm"
"48.2867012023926,16.3840999603271",48.2867012023926,16.3840999603271,1,"ÖAMTC","1140197","Avanti"
"48.2877998352051,14.1168003082275",48.2877998352051,14.1168003082275,1,"ÖAMTC","1208943","Genol"
"48.2879981994629,14.0761995315552",48.2879981994629,14.0761995315552,1,"ÖAMTC","1140309","Avanti"
"48.288200378418,14.4753999710083",48.288200378418,14.4753999710083,1,"ÖAMTC","1209135","Genol"
"48.288501739502,16.0093002319336",48.288501739502,16.0093002319336,1,"ÖAMTC","1209653","Genol"
"48.2888984680176,14.1176996231079",48.2888984680176,14.1176996231079,1,"ÖAMTC","1000497","Eni"
"48.2891006469727,15.1618003845215",48.2891006469727,15.1618003845215,1,"ÖAMTC","1209124","Tankstelle Hahn"
"48.290699005127,16.3383007049561",48.290699005127,16.3383007049561,1,"ÖAMTC","1107666","Eni"
"48.290901184082,14.2777004241943",48.290901184082,14.2777004241943,1,"ÖAMTC","1211141","Turm<U+00F6>l"
"48.2929992675781,15.9319000244141",48.2929992675781,15.9319000244141,1,"ÖAMTC","1000374","Genol"
"48.2932014465332,15.4146995544434",48.2932014465332,15.4146995544434,1,"ÖAMTC","1209123","Tankstelle Lechner"
"48.2933006286621,16.4832992553711",48.2933006286621,16.4832992553711,1,"ÖAMTC","1208922","Genol"
"48.2941017150879,16.4675998687744",48.2941017150879,16.4675998687744,1,"ÖAMTC","1001812","BP"
"48.2943000793457,15.2624998092651",48.2943000793457,15.2624998092651,1,"ÖAMTC","1209757","Turm<U+00F6>l Quick"
"48.2956008911133,16.3409004211426",48.2956008911133,16.3409004211426,1,"ÖAMTC","1209627","DISKONT Tankstelle (HOFER Parkplatz)"
"48.2957000732422,16.5587005615234",48.2957000732422,16.5587005615234,1,"ÖAMTC","1005701","Shell"
"48.2962989807129,14.3084001541138",48.2962989807129,14.3084001541138,1,"ÖAMTC","1201483","BP Stiglechner"
"48.2975006103516,16.3754997253418",48.2975006103516,16.3754997253418,1,"ÖAMTC","1209693","DISKONT Tankstelle (HOFER Parkplatz)"
"48.2980995178223,15.0684003829956",48.2980995178223,15.0684003829956,1,"ÖAMTC","1209093","Genol"
"48.2997016906738,14.3308000564575",48.2997016906738,14.3308000564575,1,"ÖAMTC","1213920","IQ Stiglechner"
"48.2999000549316,16.3327007293701",48.2999000549316,16.3327007293701,1,"ÖAMTC","1133661","Eni"
"48.2999000549316,16.37380027771",48.2999000549316,16.37380027771,1,"ÖAMTC","1209745","Avanti"
"48.2999992370605,14.0150003433228",48.2999992370605,14.0150003433228,1,"ÖAMTC","1207712","Pink Tankstelle"
"48.3003997802734,14.3205995559692",48.3003997802734,14.3205995559692,1,"ÖAMTC","1195936","Turm<U+00F6>l"
"48.3005981445312,14.3083000183105",48.3005981445312,14.3083000183105,1,"ÖAMTC","1211145","Turm<U+00F6>l"
"48.3018989562988,14.0300998687744",48.3018989562988,14.0300998687744,1,"ÖAMTC","1208115","Eni"
"48.3021011352539,14.0143995285034",48.3021011352539,14.0143995285034,1,"ÖAMTC","1208243","Genol"
"48.3031005859375,16.5776996612549",48.3031005859375,16.5776996612549,1,"ÖAMTC","1201391","JET"
"48.3044013977051,15.8910999298096",48.3044013977051,15.8910999298096,1,"ÖAMTC","1091501","Eni"
"48.304500579834,16.3297004699707",48.304500579834,16.3297004699707,1,"ÖAMTC","1133660","Avanti"
"48.3068008422852,14.3156995773315",48.3068008422852,14.3156995773315,1,"ÖAMTC","1146766","Eni"
"48.3068008422852,16.3141002655029",48.3068008422852,16.3141002655029,1,"ÖAMTC","1003536","Turm<U+00F6>l"
"48.307201385498,14.3246002197266",48.307201385498,14.3246002197266,1,"ÖAMTC","1208524","Pink Tankstelle"
"48.3075981140137,13.4258003234863",48.3075981140137,13.4258003234863,1,"ÖAMTC","1209354","Tankstelle W<U+00F6>lfl"
"48.3086013793945,14.0204000473022",48.3086013793945,14.0204000473022,1,"ÖAMTC","1209618","Pink Tankstelle"
"48.3098983764648,15.6304998397827",48.3098983764648,15.6304998397827,1,"ÖAMTC","1209041","Genol"
"48.3105010986328,13.9034996032715",48.3105010986328,13.9034996032715,1,"ÖAMTC","1209069","Genol"
"48.3106994628906,13.6297998428345",48.3106994628906,13.6297998428345,1,"ÖAMTC","1153112","Avia"
"48.3107986450195,16.5149002075195",48.3107986450195,16.5149002075195,1,"ÖAMTC","1208514","OMV"
"48.3115005493164,16.4300994873047",48.3115005493164,16.4300994873047,1,"ÖAMTC","1208711","Avanti"
"48.3123016357422,15.0784997940063",48.3123016357422,15.0784997940063,1,"ÖAMTC","1212717","Shell"
"48.3125,14.2412004470825",48.3125,14.2412004470825,1,"ÖAMTC","1000465","Turm<U+00F6>l Quick"
"48.3134002685547,13.4224996566772",48.3134002685547,13.4224996566772,1,"ÖAMTC","1209355","Eurowag"
"48.3134994506836,14.2987003326416",48.3134994506836,14.2987003326416,1,"ÖAMTC","1201457","Eni"
"48.3134994506836,14.8203001022339",48.3134994506836,14.8203001022339,1,"ÖAMTC","1209245","Genol"
"48.3138008117676,13.3250999450684",48.3138008117676,13.3250999450684,1,"ÖAMTC","1208691","Avia"
"48.3146018981934,14.2859001159668",48.3146018981934,14.2859001159668,1,"ÖAMTC","1207799","BP"
"48.3146018981934,16.6252002716064",48.3146018981934,16.6252002716064,1,"ÖAMTC","1207834","OMV"
"48.3148002624512,15.200400352478",48.3148002624512,15.200400352478,1,"ÖAMTC","1207992","Shell"
"48.3153991699219,14.3017997741699",48.3153991699219,14.3017997741699,1,"ÖAMTC","1000439","OMV"
"48.3162994384766,13.5108995437622",48.3162994384766,13.5108995437622,1,"ÖAMTC","1208978","Genol"
"48.3171005249023,14.7637996673584",48.3171005249023,14.7637996673584,1,"ÖAMTC","1209299","Genol"
"48.3172988891602,13.4252004623413",48.3172988891602,13.4252004623413,1,"ÖAMTC","1201161","Avanti"
"48.317798614502,13.9181995391846",48.317798614502,13.9181995391846,1,"ÖAMTC","1151673","Shell"
"48.3182983398438,16.0860004425049",48.3182983398438,16.0860004425049,1,"ÖAMTC","1208415","Eni"
"48.3208999633789,16.6522998809814",48.3208999633789,16.6522998809814,1,"ÖAMTC","1209616","DISKONT Tankstelle (HOFER Parkplatz)"
"48.3209991455078,14.2882995605469",48.3209991455078,14.2882995605469,1,"ÖAMTC","1140308","Avanti"
"48.3222007751465,14.2889003753662",48.3222007751465,14.2889003753662,1,"ÖAMTC","1201081","Turm<U+00F6>l Quick"
"48.3224983215332,14.193699836731",48.3224983215332,14.193699836731,1,"ÖAMTC","1109536","Pink Tankstelle"
"48.3224983215332,16.0265998840332",48.3224983215332,16.0265998840332,1,"ÖAMTC","1077981","OMV"
"48.3230018615723,16.2000999450684",48.3230018615723,16.2000999450684,1,"ÖAMTC","1208615","Eni Stiglechner"
"48.3266983032227,16.0590991973877",48.3266983032227,16.0590991973877,1,"ÖAMTC","1059041","BP Stiglechner"
"48.3274002075195,14.3039999008179",48.3274002075195,14.3039999008179,1,"ÖAMTC","1208419","Avia"
"48.3274993896484,14.3044996261597",48.3274993896484,14.3044996261597,1,"ÖAMTC","1045338","Speed Diskont"
"48.3279991149902,16.0580997467041",48.3279991149902,16.0580997467041,1,"ÖAMTC","1139235","JET"
"48.3282012939453,16.0456008911133",48.3282012939453,16.0456008911133,1,"ÖAMTC","1000367","Turm<U+00F6>l Quick"
"48.3282012939453,16.0583000183105",48.3282012939453,16.0583000183105,1,"ÖAMTC","1139235","JET"
"48.328498840332,14.3213996887207",48.328498840332,14.3213996887207,1,"ÖAMTC","1099223","JET"
"48.3288993835449,14.9799003601074",48.3288993835449,14.9799003601074,1,"ÖAMTC","1209144","Freie Tankstelle"
"48.3292007446289,14.3129997253418",48.3292007446289,14.3129997253418,1,"ÖAMTC","1024996","Shell"
"48.3300018310547,14.6028003692627",48.3300018310547,14.6028003692627,1,"ÖAMTC","1034517","IQ Stiglechner"
"48.331298828125,14.3172998428345",48.331298828125,14.3172998428345,1,"ÖAMTC","1086231","BP"
"48.3314018249512,16.0645008087158",48.3314018249512,16.0645008087158,1,"ÖAMTC","1000368","Turm<U+00F6>l"
"48.3315010070801,13.3577003479004",48.3315010070801,13.3577003479004,1,"ÖAMTC","1209356","Shell Stiglechner"
"48.3315010070801,14.8315000534058",48.3315010070801,14.8315000534058,1,"ÖAMTC","1210112","Petschl / Riegler Tankstelle"
"48.331901550293,13.855899810791",48.331901550293,13.855899810791,1,"ÖAMTC","1208614","Genol"
"48.3326988220215,16.3449993133545",48.3326988220215,16.3449993133545,1,"ÖAMTC","1156715","Eni Stiglechner"
"48.3326988220215,16.4102001190186",48.3326988220215,16.4102001190186,1,"ÖAMTC","1207947","Tankstelle M&S"
"48.3334007263184,16.7159996032715",48.3334007263184,16.7159996032715,1,"ÖAMTC","1134170","JET"
"48.3336982727051,13.8517999649048",48.3336982727051,13.8517999649048,1,"ÖAMTC","1213814","Pink Tankstelle"
"48.3339004516602,15.9419002532959",48.3339004516602,15.9419002532959,1,"ÖAMTC","1207668","Tankstelle Schildecker"
"48.3353996276855,14.1833000183105",48.3353996276855,14.1833000183105,1,"ÖAMTC","1111111","Pink Tankstelle"
"48.3362007141113,16.4610004425049",48.3362007141113,16.4610004425049,1,"ÖAMTC","1208141","OMV"
"48.336498260498,16.4640007019043",48.336498260498,16.4640007019043,1,"ÖAMTC","1000170","Monetti"
"48.3373985290527,16.3395004272461",48.3373985290527,16.3395004272461,1,"ÖAMTC","1208346","Eni"
"48.3375015258789,14.1768999099731",48.3375015258789,14.1768999099731,1,"ÖAMTC","1209773","JET"
"48.3375015258789,14.1780996322632",48.3375015258789,14.1780996322632,1,"ÖAMTC","1208944","Genol"
"48.3381004333496,16.3388996124268",48.3381004333496,16.3388996124268,1,"ÖAMTC","1208140","Avanti"
"48.3381004333496,16.7315006256104",48.3381004333496,16.7315006256104,1,"ÖAMTC","1207987","OMV"
"48.3385009765625,13.7716999053955",48.3385009765625,13.7716999053955,1,"ÖAMTC","1210843","Turm<U+00F6>l Quick"
"48.3390998840332,16.4648990631104",48.3390998840332,16.4648990631104,1,"ÖAMTC","1208509","Eni"
"48.339298248291,16.3374996185303",48.339298248291,16.3374996185303,1,"ÖAMTC","1208147","Shell"
"48.3404006958008,15.9256000518799",48.3404006958008,15.9256000518799,1,"ÖAMTC","1201541","SOCAR"
"48.3417015075684,16.7350997924805",48.3417015075684,16.7350997924805,1,"ÖAMTC","1209240","Lagerhaus"
"48.3418006896973,14.4133996963501",48.3418006896973,14.4133996963501,1,"ÖAMTC","1096542","OMV"
"48.342601776123,14.2937002182007",48.342601776123,14.2937002182007,1,"ÖAMTC","1208064","BP Stiglechner"
"48.342601776123,16.36669921875",48.342601776123,16.36669921875,1,"ÖAMTC","1195160","Avia"
"48.3440017700195,14.4401998519897",48.3440017700195,14.4401998519897,1,"ÖAMTC","1210203","Genol"
"48.344898223877,13.475700378418",48.344898223877,13.475700378418,1,"ÖAMTC","1201573","Hauthaler"
"48.345100402832,16.4731006622314",48.345100402832,16.4731006622314,1,"ÖAMTC","1209782","Treibstoffparadies Kohlhammer"
"48.3466987609863,14.0566997528076",48.3466987609863,14.0566997528076,1,"ÖAMTC","1208630","Genol"
"48.3469009399414,16.319299697876",48.3469009399414,16.319299697876,1,"ÖAMTC","1208412","Eni"
"48.3474006652832,14.6679000854492",48.3474006652832,14.6679000854492,1,"ÖAMTC","1059697","Genol"
"48.347900390625,14.1539001464844",48.347900390625,14.1539001464844,1,"ÖAMTC","1008046","OMV"
"48.348201751709,16.3199996948242",48.348201751709,16.3199996948242,1,"ÖAMTC","1208413","Eni"
"48.3498001098633,15.747200012207",48.3498001098633,15.747200012207,1,"ÖAMTC","1119577","SOCAR"
"48.3501014709473,15.620400428772",48.3501014709473,15.620400428772,1,"ÖAMTC","1207731","Robineau"
"48.3504981994629,13.6358003616333",48.3504981994629,13.6358003616333,1,"ÖAMTC","1201508","Avia"
"48.3526000976562,13.5590000152588",48.3526000976562,13.5590000152588,1,"ÖAMTC","1201683","BP Toms Tankstelle"
"48.3526992797852,13.5588998794556",48.3526992797852,13.5588998794556,1,"ÖAMTC","1213477","Tom's Tankstelle"
"48.353401184082,14.5359001159668",48.353401184082,14.5359001159668,1,"ÖAMTC","1154834","BP"
"48.3543014526367,16.5993995666504",48.3543014526367,16.5993995666504,1,"ÖAMTC","1209694","Tankstelle Brenner"
"48.3549003601074,14.5194997787476",48.3549003601074,14.5194997787476,1,"ÖAMTC","1208852","Genol"
"48.3552017211914,16.05419921875",48.3552017211914,16.05419921875,1,"ÖAMTC","1208378","Tankstelle Lukaseder"
"48.3568992614746,13.6978998184204",48.3568992614746,13.6978998184204,1,"ÖAMTC","1209503","Genol"
"48.3580017089844,16.3148994445801",48.3580017089844,16.3148994445801,1,"ÖAMTC","1099100","JET"
"48.3581008911133,14.4750995635986",48.3581008911133,14.4750995635986,1,"ÖAMTC","1210503","Eni"
"48.3581008911133,16.3148994445801",48.3581008911133,16.3148994445801,1,"ÖAMTC","1099100","JET"
"48.3585014343262,14.4778003692627",48.3585014343262,14.4778003692627,1,"ÖAMTC","1212225","DISKONT Tankstelle (HOFER Parkplatz)"
"48.3588981628418,14.4839000701904",48.3588981628418,14.4839000701904,1,"ÖAMTC","1209579","Genol"
"48.3592987060547,14.4792995452881",48.3592987060547,14.4792995452881,1,"ÖAMTC","1209658","BP Stiglechner"
"48.3596000671387,13.9954996109009",48.3596000671387,13.9954996109009,1,"ÖAMTC","1140215","Avanti"
"48.3601989746094,16.3111000061035",48.3601989746094,16.3111000061035,1,"ÖAMTC","1211417","DISKONT Tankstelle (HOFER Parkplatz)"
"48.3604011535645,16.4918003082275",48.3604011535645,16.4918003082275,1,"ÖAMTC","1209829","Turm<U+00F6>l"
"48.361499786377,14.2404003143311",48.361499786377,14.2404003143311,1,"ÖAMTC","1208242","Genol"
"48.3622016906738,14.0317001342773",48.3622016906738,14.0317001342773,1,"ÖAMTC","1201673","qp"
"48.3624000549316,14.0089998245239",48.3624000549316,14.0089998245239,1,"ÖAMTC","1209015","Genol"
"48.3624000549316,15.4167995452881",48.3624000549316,15.4167995452881,1,"ÖAMTC","1208272","Eni"
"48.3630981445312,16.0566997528076",48.3630981445312,16.0566997528076,1,"ÖAMTC","1209117","B 19"
"48.3633995056152,15.4315004348755",48.3633995056152,15.4315004348755,1,"ÖAMTC","1210624","Avia XPress"
"48.3638000488281,14.0130996704102",48.3638000488281,14.0130996704102,1,"ÖAMTC","1057785","Pink Tankstelle"
"48.3657989501953,13.5662002563477",48.3657989501953,13.5662002563477,1,"ÖAMTC","1209505","Genol"
"48.3666000366211,16.3796005249023",48.3666000366211,16.3796005249023,1,"ÖAMTC","1208900","Genol"
"48.3667984008789,16.3556003570557",48.3667984008789,16.3556003570557,1,"ÖAMTC","1208102","OIL!"
"48.3675003051758,16.3579998016357",48.3675003051758,16.3579998016357,1,"ÖAMTC","1213968","Genol"
"48.3684997558594,14.3421001434326",48.3684997558594,14.3421001434326,1,"ÖAMTC","1208154","Avia XPress"
"48.369701385498,13.5721998214722",48.369701385498,13.5721998214722,1,"ÖAMTC","1153113","Tom`s Tankstelle"
"48.3736991882324,14.3434000015259",48.3736991882324,14.3434000015259,1,"ÖAMTC","1208849","Genol"
"48.375,16.2381000518799",48.375,16.2381000518799,1,"ÖAMTC","1209031","IQ Stiglechner"
"48.3760986328125,15.1489000320435",48.3760986328125,15.1489000320435,1,"ÖAMTC","1008983","Tankstelle Lederm<U+00FC>ller"
"48.3763008117676,15.1568002700806",48.3763008117676,15.1568002700806,1,"ÖAMTC","1209258","Genol"
"48.3768005371094,15.6106004714966",48.3768005371094,15.6106004714966,1,"ÖAMTC","1207907","i-diskont"
"48.3771018981934,13.6309995651245",48.3771018981934,13.6309995651245,1,"ÖAMTC","1153119","Tankstelle Zauner"
"48.3783988952637,16.5104007720947",48.3783988952637,16.5104007720947,1,"ÖAMTC","1208347","Eni"
"48.3806991577148,16.2040004730225",48.3806991577148,16.2040004730225,1,"ÖAMTC","1207833","OMV"
"48.3809013366699,16.5116004943848",48.3809013366699,16.5116004943848,1,"ÖAMTC","1201368","Monetti"
"48.3855018615723,16.1814002990723",48.3855018615723,16.1814002990723,1,"ÖAMTC","1074198","M&S Brennstoffhandels GmbH"
"48.3858985900879,16.1986999511719",48.3858985900879,16.1986999511719,1,"ÖAMTC","1135181","BP"
"48.3860015869141,16.7381000518799",48.3860015869141,16.7381000518799,1,"ÖAMTC","1008982","Polak Bedienungstankstelle"
"48.386100769043,16.2187004089355",48.386100769043,16.2187004089355,1,"ÖAMTC","1208017","OMV"
"48.3861999511719,16.233699798584",48.3861999511719,16.233699798584,1,"ÖAMTC","1210383","OIL!"
"48.3872985839844,16.2268009185791",48.3872985839844,16.2268009185791,1,"ÖAMTC","1091643","SOCAR"
"48.3875007629395,16.2390003204346",48.3875007629395,16.2390003204346,1,"ÖAMTC","1210556","Genol"
"48.3879013061523,16.2325992584229",48.3879013061523,16.2325992584229,1,"ÖAMTC","1201307","Tankstelle Groiss"
"48.388500213623,16.1819000244141",48.388500213623,16.1819000244141,1,"ÖAMTC","1099206","JET"
"48.391300201416,13.4252004623413",48.391300201416,13.4252004623413,1,"ÖAMTC","1208604","Shell"
"48.3940010070801,14.828800201416",48.3940010070801,14.828800201416,1,"ÖAMTC","1062467","G+ Tankstelle"
"48.3942985534668,13.4279003143311",48.3942985534668,13.4279003143311,1,"ÖAMTC","1208611","Eni"
"48.3945007324219,13.7495002746582",48.3945007324219,13.7495002746582,1,"ÖAMTC","1208183","Shell"
"48.3954010009766,13.4259996414185",48.3954010009766,13.4259996414185,1,"ÖAMTC","1209340","Genol"
"48.3956985473633,14.7315998077393",48.3956985473633,14.7315998077393,1,"ÖAMTC","1207983","Genol"
"48.3973007202148,15.5687999725342",48.3973007202148,15.5687999725342,1,"ÖAMTC","1201488","Avanti"
"48.3973007202148,16.7912006378174",48.3973007202148,16.7912006378174,1,"ÖAMTC","1209297","Genol"
"48.3975982666016,16.6949996948242",48.3975982666016,16.6949996948242,1,"ÖAMTC","1039936","Turm<U+00F6>l Quick"
"48.4002990722656,13.4258003234863",48.4002990722656,13.4258003234863,1,"ÖAMTC","1151690","Shell"
"48.4016990661621,15.9833002090454",48.4016990661621,15.9833002090454,1,"ÖAMTC","1207958","Genol"
"48.402099609375,16.6452007293701",48.402099609375,16.6452007293701,1,"ÖAMTC","1207809","Tankstelle Rickl"
"48.4023017883301,13.6937999725342",48.4023017883301,13.6937999725342,1,"ÖAMTC","1207913","Tankstelle Schmied im Wald"
"48.4030990600586,13.7874002456665",48.4030990600586,13.7874002456665,1,"ÖAMTC","1209335","Genol"
"48.4034004211426,15.5874996185303",48.4034004211426,15.5874996185303,1,"ÖAMTC","1213418","Shell"
"48.4037017822266,15.6559000015259",48.4037017822266,15.6559000015259,1,"ÖAMTC","1201440","JET"
"48.4044990539551,15.6561002731323",48.4044990539551,15.6561002731323,1,"ÖAMTC","1201440","JET"
"48.4053993225098,15.6550998687744",48.4053993225098,15.6550998687744,1,"ÖAMTC","1201166","Avia XPress"
"48.4062004089355,15.6035995483398",48.4062004089355,15.6035995483398,1,"ÖAMTC","1201511","Avanti"
"48.4071006774902,15.6409997940063",48.4071006774902,15.6409997940063,1,"ÖAMTC","1201159","Genol"
"48.4080009460449,13.9181003570557",48.4080009460449,13.9181003570557,1,"ÖAMTC","1210523","Avia"
"48.4099998474121,14.4203996658325",48.4099998474121,14.4203996658325,1,"ÖAMTC","1201549","Genol"
"48.4104995727539,13.5411996841431",48.4104995727539,13.5411996841431,1,"ÖAMTC","1095267","Avia XPress"
"48.4113006591797,13.6343002319336",48.4113006591797,13.6343002319336,1,"ÖAMTC","1209338","IQ Stiglechner"
"48.4118995666504,15.7761001586914",48.4118995666504,15.7761001586914,1,"ÖAMTC","1208725","Eni"
"48.4121017456055,15.6094999313354",48.4121017456055,15.6094999313354,1,"ÖAMTC","1208168","Eni"
"48.4122009277344,15.6090002059937",48.4122009277344,15.6090002059937,1,"ÖAMTC","1210148","Turm<U+00F6>l Quick"
"48.412899017334,16.1714000701904",48.412899017334,16.1714000701904,1,"ÖAMTC","1209795","Genol"
"48.413200378418,15.3001003265381",48.413200378418,15.3001003265381,1,"ÖAMTC","1208170","Turm<U+00F6>l"
"48.4138984680176,15.7737998962402",48.4138984680176,15.7737998962402,1,"ÖAMTC","1212273","DISKONT Tankstelle (HOFER Parkplatz)"
"48.4146995544434,15.6146001815796",48.4146995544434,15.6146001815796,1,"ÖAMTC","1213588","Eni"
"48.4154014587402,15.6174001693726",48.4154014587402,15.6174001693726,1,"ÖAMTC","1156714","BP"
"48.4157981872559,14.6098003387451",48.4157981872559,14.6098003387451,1,"ÖAMTC","1201517","Shell"
"48.4164009094238,13.9167003631592",48.4164009094238,13.9167003631592,1,"ÖAMTC","1209063","Genol"
"48.4197998046875,16.4934005737305",48.4197998046875,16.4934005737305,1,"ÖAMTC","1208444","Tankstelle MTHL"
"48.4234008789062,15.6564998626709",48.4234008789062,15.6564998626709,1,"ÖAMTC","1140247","Top Tankstelle"
"48.4240989685059,15.2180004119873",48.4240989685059,15.2180004119873,1,"ÖAMTC","1208171","Avia"
"48.4249992370605,16.5478992462158",48.4249992370605,16.5478992462158,1,"ÖAMTC","1208504","OMV"
"48.4253997802734,15.8970003128052",48.4253997802734,15.8970003128052,1,"ÖAMTC","1207868","Avia"
"48.4258995056152,16.4890003204346",48.4258995056152,16.4890003204346,1,"ÖAMTC","1209598","Genol"
"48.4272994995117,14.4837999343872",48.4272994995117,14.4837999343872,1,"ÖAMTC","1059200","Diskont Reisinger"
"48.4275016784668,15.8965997695923",48.4275016784668,15.8965997695923,1,"ÖAMTC","1208880","Genol"
"48.4285011291504,15.7397003173828",48.4285011291504,15.7397003173828,1,"ÖAMTC","1208973","Tankstelle Solterer"
"48.42919921875,14.2948999404907",48.42919921875,14.2948999404907,1,"ÖAMTC","1151373","BP Stiglechner"
"48.4309997558594,15.9024000167847",48.4309997558594,15.9024000167847,1,"ÖAMTC","1085168","BP Stiglechner"
"48.4324989318848,15.620400428772",48.4324989318848,15.620400428772,1,"ÖAMTC","1208732","Eni Stiglechner"
"48.4338989257812,14.0436000823975",48.4338989257812,14.0436000823975,1,"ÖAMTC","1201674","BP"
"48.4375,14.7814998626709",48.4375,14.7814998626709,1,"ÖAMTC","1153126","OMV"
"48.4379005432129,15.7416000366211",48.4379005432129,15.7416000366211,1,"ÖAMTC","1209707","Hoftankstelle St<U+00F6>berm<U+00FC>hle"
"48.4384002685547,13.443699836731",48.4384002685547,13.443699836731,1,"ÖAMTC","1207874","Avanti"
"48.4384002685547,14.036600112915",48.4384002685547,14.036600112915,1,"ÖAMTC","1207988","BP Stiglechner"
"48.4396018981934,14.5375003814697",48.4396018981934,14.5375003814697,1,"ÖAMTC","1209548","Genol"
"48.440299987793,14.5361995697021",48.440299987793,14.5361995697021,1,"ÖAMTC","1208153","Avia XPress"
"48.4407005310059,14.995400428772",48.4407005310059,14.995400428772,1,"ÖAMTC","1208334","Tankstelle Fichtinger"
"48.4410018920898,14.117600440979",48.4410018920898,14.117600440979,1,"ÖAMTC","1208649","Genol"
"48.4412994384766,14.0518999099731",48.4412994384766,14.0518999099731,1,"ÖAMTC","1208848","Genol"
"48.4413986206055,14.0520000457764",48.4413986206055,14.0520000457764,1,"ÖAMTC","1208848","Genol"
"48.4441986083984,15.3725996017456",48.4441986083984,15.3725996017456,1,"ÖAMTC","1201566","Tankstelle Rameder"
"48.4444007873535,13.93869972229",48.4444007873535,13.93869972229,1,"ÖAMTC","1209129","Tankstelle Pernsteiner"
"48.4448013305664,14.6765003204346",48.4448013305664,14.6765003204346,1,"ÖAMTC","1208856","Genol"
"48.4462013244629,13.4395999908447",48.4462013244629,13.4395999908447,1,"ÖAMTC","1208610","DISKONT Tankstelle (HOFER Parkplatz)"
"48.4469985961914,13.4398002624512",48.4469985961914,13.4398002624512,1,"ÖAMTC","1208728","SB Tanken Zauner"
"48.4502983093262,13.4364995956421",48.4502983093262,13.4364995956421,1,"ÖAMTC","1099232","JET"
"48.4511985778809,13.4362001419067",48.4511985778809,13.4362001419067,1,"ÖAMTC","1047178","BP"
"48.456298828125,16.5263996124268",48.456298828125,16.5263996124268,1,"ÖAMTC","1208901","Genol"
"48.4589996337891,13.4449996948242",48.4589996337891,13.4449996948242,1,"ÖAMTC","1208803","Genol"
"48.459300994873,15.7253999710083",48.459300994873,15.7253999710083,1,"ÖAMTC","1207978","Eni"
"48.461799621582,14.3479995727539",48.461799621582,14.3479995727539,1,"ÖAMTC","1208850","Genol"
"48.4631004333496,14.9670000076294",48.4631004333496,14.9670000076294,1,"ÖAMTC","1208234","IQ Stiglechner"
"48.4631996154785,13.4330997467041",48.4631996154785,13.4330997467041,1,"ÖAMTC","1207761","Shell Stiglechner"
"48.4632987976074,15.7229995727539",48.4632987976074,15.7229995727539,1,"ÖAMTC","1209738","Top Tankstelle"
"48.4644012451172,14.2715997695923",48.4644012451172,14.2715997695923,1,"ÖAMTC","1140310","Avanti"
"48.4667015075684,16.8488006591797",48.4667015075684,16.8488006591797,1,"ÖAMTC","1091895","Turm<U+00F6>l Quick"
"48.4673004150391,14.1570997238159",48.4673004150391,14.1570997238159,1,"ÖAMTC","1208847","Genol"
"48.4695014953613,16.6474990844727",48.4695014953613,16.6474990844727,1,"ÖAMTC","1208924","Genol"
"48.4706001281738,15.6857995986938",48.4706001281738,15.6857995986938,1,"ÖAMTC","1209120","Loistank"
"48.4710006713867,15.597900390625",48.4710006713867,15.597900390625,1,"ÖAMTC","1209321","Genol"
"48.4723014831543,16.5890007019043",48.4723014831543,16.5890007019043,1,"ÖAMTC","1000164","BP"
"48.4734992980957,14.5475997924805",48.4734992980957,14.5475997924805,1,"ÖAMTC","1136078","Genol"
"48.4748992919922,16.5911998748779",48.4748992919922,16.5911998748779,1,"ÖAMTC","1208921","Genol"
"48.4762001037598,15.6982002258301",48.4762001037598,15.6982002258301,1,"ÖAMTC","1140302","Avanti"
"48.4772987365723,14.7250003814697",48.4772987365723,14.7250003814697,1,"ÖAMTC","1151657","IQ Stiglechner"
"48.4772987365723,16.8502998352051",48.4772987365723,16.8502998352051,1,"ÖAMTC","1208928","Genol"
"48.4786987304688,15.9770002365112",48.4786987304688,15.9770002365112,1,"ÖAMTC","1201577","OMV"
"48.4814987182617,15.8730001449585",48.4814987182617,15.8730001449585,1,"ÖAMTC","1209830","Genol"
"48.4818000793457,16.4631996154785",48.4818000793457,16.4631996154785,1,"ÖAMTC","1208902","Genol"
"48.4818992614746,13.7322998046875",48.4818992614746,13.7322998046875,1,"ÖAMTC","1209336","Genol"
"48.4826011657715,13.5622997283936",48.4826011657715,13.5622997283936,1,"ÖAMTC","1207788","Turm<U+00F6>l"
"48.4842987060547,13.8050003051758",48.4842987060547,13.8050003051758,1,"ÖAMTC","1209130","IQ Stiglechner"
"48.4845008850098,13.5719995498657",48.4845008850098,13.5719995498657,1,"ÖAMTC","1086250","Tankstelle Lichtenauer"
"48.4875984191895,16.5508995056152",48.4875984191895,16.5508995056152,1,"ÖAMTC","1209578","Genol"
"48.4889984130859,15.4336004257202",48.4889984130859,15.4336004257202,1,"ÖAMTC","1209567","Tankstelle Lagler"
"48.4893989562988,16.0953998565674",48.4893989562988,16.0953998565674,1,"ÖAMTC","1209622","Genol"
"48.4911003112793,16.6744995117188",48.4911003112793,16.6744995117188,1,"ÖAMTC","1208925","Genol"
"48.4915008544922,15.1803998947144",48.4915008544922,15.1803998947144,1,"ÖAMTC","1208174","Shell"
"48.4925003051758,16.1093006134033",48.4925003051758,16.1093006134033,1,"ÖAMTC","1035516","Shell"
"48.4935989379883,14.9523000717163",48.4935989379883,14.9523000717163,1,"ÖAMTC","1208342","Avia XPress"
"48.4935989379883,16.1252002716064",48.4935989379883,16.1252002716064,1,"ÖAMTC","1209201","Genol"
"48.4956016540527,15.3984003067017",48.4956016540527,15.3984003067017,1,"ÖAMTC","1208483","Genol"
"48.4958000183105,14.486499786377",48.4958000183105,14.486499786377,1,"ÖAMTC","1208729","Genol"
"48.4967994689941,13.9697999954224",48.4967994689941,13.9697999954224,1,"ÖAMTC","1209819","DISKONT Tankstelle (HOFER Parkplatz)"
"48.496898651123,13.9710998535156",48.496898651123,13.9710998535156,1,"ÖAMTC","1209601","Eni Stiglechner"
"48.4986000061035,16.5170001983643",48.4986000061035,16.5170001983643,1,"ÖAMTC","1208044","Avia XPress"
"48.4990005493164,14.5034999847412",48.4990005493164,14.5034999847412,1,"ÖAMTC","1201583","JET"
"48.4999008178711,16.7381000518799",48.4999008178711,16.7381000518799,1,"ÖAMTC","1208926","Genol"
"48.5017013549805,13.7356996536255",48.5017013549805,13.7356996536255,1,"ÖAMTC","1208360","Sprit Diskont"
"48.5017013549805,14.0768003463745",48.5017013549805,14.0768003463745,1,"ÖAMTC","1201679","Turm<U+00F6>l"
"48.502799987793,13.8830995559692",48.502799987793,13.8830995559692,1,"ÖAMTC","1209842","BP"
"48.502799987793,13.8835000991821",48.502799987793,13.8835000991821,1,"ÖAMTC","1213229","Genol"
"48.5119018554688,14.2952003479004",48.5119018554688,14.2952003479004,1,"ÖAMTC","1101433","OMV"
"48.5122985839844,15.5104999542236",48.5122985839844,15.5104999542236,1,"ÖAMTC","1208216","OMV"
"48.513801574707,13.872799873352",48.513801574707,13.872799873352,1,"ÖAMTC","1201522","Shell"
"48.5139007568359,14.5040998458862",48.5139007568359,14.5040998458862,1,"ÖAMTC","1000514","Tankstelle Schaumberger"
"48.5141983032227,16.1637001037598",48.5141983032227,16.1637001037598,1,"ÖAMTC","1209194","Genol"
"48.5144996643066,14.502799987793",48.5144996643066,14.502799987793,1,"ÖAMTC","1153123","Turm<U+00F6>l"
"48.516300201416,14.5047998428345",48.516300201416,14.5047998428345,1,"ÖAMTC","1209652","Genol"
"48.5167999267578,15.7870998382568",48.5167999267578,15.7870998382568,1,"ÖAMTC","1208647","Genol"
"48.5173988342285,15.4869003295898",48.5173988342285,15.4869003295898,1,"ÖAMTC","1213397","Turm<U+00F6>l Quick"
"48.5177993774414,15.4856996536255",48.5177993774414,15.4856996536255,1,"ÖAMTC","1207683","Shell"
"48.5201988220215,16.61669921875",48.5201988220215,16.61669921875,1,"ÖAMTC","1209660","BP Stiglechner"
"48.5205001831055,15.0710000991821",48.5205001831055,15.0710000991821,1,"ÖAMTC","1209090","Genol"
"48.5223999023438,13.4906997680664",48.5223999023438,13.4906997680664,1,"ÖAMTC","1109048","Tankstelle Knunbauer"
"48.5236015319824,16.7658996582031",48.5236015319824,16.7658996582031,1,"ÖAMTC","1209060","Breimann"
"48.5247001647949,13.7573003768921",48.5247001647949,13.7573003768921,1,"ÖAMTC","1209131","IQ Stiglechner"
"48.5251998901367,15.2452001571655",48.5251998901367,15.2452001571655,1,"ÖAMTC","1208177","Shell"
"48.5255012512207,14.3014001846313",48.5255012512207,14.3014001846313,1,"ÖAMTC","1211105","Eni"
"48.5256996154785,16.3791999816895",48.5256996154785,16.3791999816895,1,"ÖAMTC","1209824","DISKONT Tankstelle (HOFER Parkplatz)"
"48.5257987976074,16.3770008087158",48.5257987976074,16.3770008087158,1,"ÖAMTC","1207970","Genol"
"48.5260009765625,14.2945995330811",48.5260009765625,14.2945995330811,1,"ÖAMTC","1207637","Genol"
"48.5289001464844,15.3579998016357",48.5289001464844,15.3579998016357,1,"ÖAMTC","1208144","Rhis"
"48.5293998718262,15.9214000701904",48.5293998718262,15.9214000701904,1,"ÖAMTC","1208228","Genol"
"48.5392990112305,16.8964004516602",48.5392990112305,16.8964004516602,1,"ÖAMTC","1208929","Genol"
"48.5424003601074,16.7642002105713",48.5424003601074,16.7642002105713,1,"ÖAMTC","1208198","OMV"
"48.5424995422363,13.5836000442505",48.5424995422363,13.5836000442505,1,"ÖAMTC","1209264","Turm<U+00F6>l Quick"
"48.5432014465332,13.6548004150391",48.5432014465332,13.6548004150391,1,"ÖAMTC","1207776","Turm<U+00F6>l"
"48.5443992614746,14.3875999450684",48.5443992614746,14.3875999450684,1,"ÖAMTC","1208502","Stumptner"
"48.546501159668,16.771900177002",48.546501159668,16.771900177002,1,"ÖAMTC","1209279","Genol"
"48.5493011474609,16.0785999298096",48.5493011474609,16.0785999298096,1,"ÖAMTC","1083401","Eni"
"48.5507011413574,16.0792007446289",48.5507011413574,16.0792007446289,1,"ÖAMTC","1211245","Turm<U+00F6>l"
"48.5508003234863,13.7729997634888",48.5508003234863,13.7729997634888,1,"ÖAMTC","1201398","Pink Tankstelle"
"48.551700592041,16.4454002380371",48.551700592041,16.4454002380371,1,"ÖAMTC","1208903","Genol"
"48.5540008544922,14.2181997299194",48.5540008544922,14.2181997299194,1,"ÖAMTC","1073403","Genol"
"48.5587997436523,13.9884996414185",48.5587997436523,13.9884996414185,1,"ÖAMTC","1201675","BP"
"48.5595016479492,13.9869003295898",48.5595016479492,13.9869003295898,1,"ÖAMTC","1209528","Genol (LKW TS)"
"48.5605010986328,14.6556997299194",48.5605010986328,14.6556997299194,1,"ÖAMTC","1209328","IQ Stiglechner"
"48.5606994628906,16.0734004974365",48.5606994628906,16.0734004974365,1,"ÖAMTC","1001684","Disk"
"48.5609016418457,16.5615997314453",48.5609016418457,16.5615997314453,1,"ÖAMTC","1099207","JET"
"48.5610008239746,16.5769996643066",48.5610008239746,16.5769996643066,1,"ÖAMTC","1142331","Schnell & G<U+00FC>nstig Tankstelle"
"48.5614013671875,16.5608005523682",48.5614013671875,16.5608005523682,1,"ÖAMTC","1211385","DISKONT Tankstelle (HOFER Parkplatz)"
"48.5615997314453,16.5767993927002",48.5615997314453,16.5767993927002,1,"ÖAMTC","1000152","Shell"
"48.5640983581543,16.5758991241455",48.5640983581543,16.5758991241455,1,"ÖAMTC","1208264","Eni"
"48.5643997192383,16.0739994049072",48.5643997192383,16.0739994049072,1,"ÖAMTC","1211445","DISKONT Tankstelle (HOFER Parkplatz)"
"48.5651016235352,13.9851999282837",48.5651016235352,13.9851999282837,1,"ÖAMTC","1201212","BP Stiglechner"
"48.5696983337402,16.0827007293701",48.5696983337402,16.0827007293701,1,"ÖAMTC","1208146","Shell"
"48.5721015930176,14.958399772644",48.5721015930176,14.958399772644,1,"ÖAMTC","1201668","Tankstelle Wagner"
"48.5721015930176,15.8301000595093",48.5721015930176,15.8301000595093,1,"ÖAMTC","1144111","Shell"
"48.5721015930176,16.7001991271973",48.5721015930176,16.7001991271973,1,"ÖAMTC","1208927","Genol"
"48.5740013122559,14.8868999481201",48.5740013122559,14.8868999481201,1,"ÖAMTC","1208341","Avia XPress"
"48.5764999389648,14.8844995498657",48.5764999389648,14.8844995498657,1,"ÖAMTC","1209263","Genol"
"48.5774002075195,13.9904003143311",48.5774002075195,13.9904003143311,1,"ÖAMTC","1086236","Turm<U+00F6>l Quick"
"48.5798988342285,16.0739994049072",48.5798988342285,16.0739994049072,1,"ÖAMTC","1209732","JET"
"48.5807991027832,13.5036001205444",48.5807991027832,13.5036001205444,1,"ÖAMTC","1211289","Turm<U+00F6>l"
"48.5838012695312,15.3323001861572",48.5838012695312,15.3323001861572,1,"ÖAMTC","1208324","Avia XPress"
"48.5856018066406,16.2451000213623",48.5856018066406,16.2451000213623,1,"ÖAMTC","1209034","Tankstelle Oberhofer"
"48.5857009887695,16.8239994049072",48.5857009887695,16.8239994049072,1,"ÖAMTC","1208918","Genol"
"48.5885009765625,14.5620002746582",48.5885009765625,14.5620002746582,1,"ÖAMTC","1209138","Tankstelle Anzinger"
"48.5943984985352,15.5516996383667",48.5943984985352,15.5516996383667,1,"ÖAMTC","1208169","Shell"
"48.5956993103027,15.6621999740601",48.5956993103027,15.6621999740601,1,"ÖAMTC","1000395","Shell"
"48.5961990356445,16.824499130249",48.5961990356445,16.824499130249,1,"ÖAMTC","1201670","Tankstelle Leska"
"48.5999984741211,15.1895999908447",48.5999984741211,15.1895999908447,1,"ÖAMTC","1208361","DISKONT Tankstelle (HOFER Parkplatz)"
"48.6007995605469,15.1901998519897",48.6007995605469,15.1901998519897,1,"ÖAMTC","1208361","DISKONT Tankstelle (HOFER Parkplatz)"
"48.6020011901855,15.739800453186",48.6020011901855,15.739800453186,1,"ÖAMTC","1209100","Genol"
"48.6021003723145,15.168999671936",48.6021003723145,15.168999671936,1,"ÖAMTC","1207974","Shell"
"48.6021003723145,16.8997001647949",48.6021003723145,16.8997001647949,1,"ÖAMTC","1000178","OMV"
"48.6021995544434,13.8387002944946",48.6021995544434,13.8387002944946,1,"ÖAMTC","1201677","BP"
"48.6024017333984,15.18630027771",48.6024017333984,15.18630027771,1,"ÖAMTC","1208797","Avia"
"48.6024017333984,15.9475002288818",48.6024017333984,15.9475002288818,1,"ÖAMTC","1209233","Genol"
"48.6029014587402,16.6914005279541",48.6029014587402,16.6914005279541,1,"ÖAMTC","1208919","Genol"
"48.6044998168945,15.1817998886108",48.6044998168945,15.1817998886108,1,"ÖAMTC","1208433","JET"
"48.6048011779785,16.8246002197266",48.6048011779785,16.8246002197266,1,"ÖAMTC","1208916","Genol"
"48.605598449707,15.1779003143311",48.605598449707,15.1779003143311,1,"ÖAMTC","1207951","Turm<U+00F6>l Quick"
"48.6058006286621,15.1788997650146",48.6058006286621,15.1788997650146,1,"ÖAMTC","1208433","JET"
"48.6106986999512,15.1617002487183",48.6106986999512,15.1617002487183,1,"ÖAMTC","1208104","Avia XPress"
"48.6152000427246,16.4032001495361",48.6152000427246,16.4032001495361,1,"ÖAMTC","1208909","Genol"
"48.6206016540527,13.8857002258301",48.6206016540527,13.8857002258301,1,"ÖAMTC","1201676","BP"
"48.635799407959,13.9645004272461",48.635799407959,13.9645004272461,1,"ÖAMTC","1201678","Shell"
"48.6369018554688,15.8189001083374",48.6369018554688,15.8189001083374,1,"ÖAMTC","1209501","Genol"
"48.6377983093262,16.2808990478516",48.6377983093262,16.2808990478516,1,"ÖAMTC","1207810","Tankstelle Hammerm<U+00FC>ller"
"48.638500213623,15.706600189209",48.638500213623,15.706600189209,1,"ÖAMTC","1209737","Turm<U+00F6>l"
"48.638801574707,15.706600189209",48.638801574707,15.706600189209,1,"ÖAMTC","1209737","Turm<U+00F6>l"
"48.6430015563965,16.7982997894287",48.6430015563965,16.7982997894287,1,"ÖAMTC","1208908","Genol"
"48.6433982849121,15.4471998214722",48.6433982849121,15.4471998214722,1,"ÖAMTC","1208327","Avia"
"48.6436996459961,15.8224000930786",48.6436996459961,15.8224000930786,1,"ÖAMTC","1144103","OMV Fast Lane"
"48.6502990722656,16.301700592041",48.6502990722656,16.301700592041,1,"ÖAMTC","1209833","Genol"
"48.6509017944336,16.2964000701904",48.6509017944336,16.2964000701904,1,"ÖAMTC","1124966","Tankstelle Kober"
"48.6605987548828,16.6287002563477",48.6605987548828,16.6287002563477,1,"ÖAMTC","1208914","Shell"
"48.6621017456055,15.6715002059937",48.6621017456055,15.6715002059937,1,"ÖAMTC","1000396","Eni"
"48.663200378418,15.6454000473022",48.663200378418,15.6454000473022,1,"ÖAMTC","1209544","Genol"
"48.663501739502,16.375",48.663501739502,16.375,1,"ÖAMTC","1208910","Genol"
"48.6641006469727,15.6409997940063",48.6641006469727,15.6409997940063,1,"ÖAMTC","1208442","DISKONT Tankstelle (HOFER Parkplatz)"
"48.6649017333984,15.6393003463745",48.6649017333984,15.6393003463745,1,"ÖAMTC","1208305","Genol"
"48.665699005127,15.6325998306274",48.665699005127,15.6325998306274,1,"ÖAMTC","1062455","OMV"
"48.665901184082,15.6684999465942",48.665901184082,15.6684999465942,1,"ÖAMTC","1208938","Genol"
"48.6660995483398,15.635199546814",48.6660995483398,15.635199546814,1,"ÖAMTC","1099220","JET"
"48.6671981811523,15.0684003829956",48.6671981811523,15.0684003829956,1,"ÖAMTC","1208179","Shell"
"48.6707992553711,15.4736003875732",48.6707992553711,15.4736003875732,1,"ÖAMTC","1208477","Genol"
"48.6754989624023,15.1731004714966",48.6754989624023,15.1731004714966,1,"ÖAMTC","1209743","Genol"
"48.6884002685547,16.8740997314453",48.6884002685547,16.8740997314453,1,"ÖAMTC","1208930","Genol"
"48.6901016235352,15.7320995330811",48.6901016235352,15.7320995330811,1,"ÖAMTC","1209238","Genol"
"48.6971015930176,15.9649000167847",48.6971015930176,15.9649000167847,1,"ÖAMTC","1209035","IQ Stiglechner"
"48.6973991394043,15.3305997848511",48.6973991394043,15.3305997848511,1,"ÖAMTC","1207641","Avia XPress"
"48.6980018615723,15.9659996032715",48.6980018615723,15.9659996032715,1,"ÖAMTC","1209293","Genol"
"48.6986999511719,16.6968002319336",48.6986999511719,16.6968002319336,1,"ÖAMTC","1208915","Genol"
"48.6991004943848,14.9013004302979",48.6991004943848,14.9013004302979,1,"ÖAMTC","1208357","Genol"
"48.6991004943848,16.6968002319336",48.6991004943848,16.6968002319336,1,"ÖAMTC","1208915","Genol"
"48.7004013061523,15.8635997772217",48.7004013061523,15.8635997772217,1,"ÖAMTC","1140304","Avanti"
"48.7027015686035,15.2224998474121",48.7027015686035,15.2224998474121,1,"ÖAMTC","1208942","Genol"
"48.7030982971191,14.8978996276855",48.7030982971191,14.8978996276855,1,"ÖAMTC","1208181","Turm<U+00F6>l Quick"
"48.7056007385254,16.2369003295898",48.7056007385254,16.2369003295898,1,"ÖAMTC","1208898","Genol"
"48.7064018249512,16.1399002075195",48.7064018249512,16.1399002075195,1,"ÖAMTC","1209037","U2 Hadres"
"48.709400177002,16.0725002288818",48.709400177002,16.0725002288818,1,"ÖAMTC","1209287","Genol"
"48.7136001586914,16.3766002655029",48.7136001586914,16.3766002655029,1,"ÖAMTC","1207747","Genol"
"48.7165985107422,16.3806991577148",48.7165985107422,16.3806991577148,1,"ÖAMTC","1212781","Turm<U+00F6>l Quick"
"48.717601776123,16.2971000671387",48.717601776123,16.2971000671387,1,"ÖAMTC","1208899","Genol"
"48.7184982299805,16.3950004577637",48.7184982299805,16.3950004577637,1,"ÖAMTC","1130726","Eni"
"48.7215003967285,14.9057998657227",48.7215003967285,14.9057998657227,1,"ÖAMTC","1208344","Avia XPress"
"48.7234001159668,16.5865001678467",48.7234001159668,16.5865001678467,1,"ÖAMTC","1208911","Genol"
"48.7244987487793,16.4825992584229",48.7244987487793,16.4825992584229,1,"ÖAMTC","1208906","Genol"
"48.7248992919922,15.3998003005981",48.7248992919922,15.3998003005981,1,"ÖAMTC","1208941","Genol"
"48.736499786377,13.819299697876",48.736499786377,13.819299697876,1,"ÖAMTC","1209132","BP"
"48.7365989685059,13.8193998336792",48.7365989685059,13.8193998336792,1,"ÖAMTC","1209133","Lagerhaus (LKW TS)"
"48.7400016784668,15.557900428772",48.7400016784668,15.557900428772,1,"ÖAMTC","1207723","Avia XPress"
"48.7410011291504,15.8973999023438",48.7410011291504,15.8973999023438,1,"ÖAMTC","1209049","Genol"
"48.7424011230469,15.956000328064",48.7424011230469,15.956000328064,1,"ÖAMTC","1209039","Genol"
"48.7425003051758,15.956000328064",48.7425003051758,15.956000328064,1,"ÖAMTC","1209039","Genol"
"48.7434005737305,15.6691999435425",48.7434005737305,15.6691999435425,1,"ÖAMTC","1209255","Genol"
"48.7476997375488,15.5361995697021",48.7476997375488,15.5361995697021,1,"ÖAMTC","1211033","Genol"
"48.7509994506836,16.6487998962402",48.7509994506836,16.6487998962402,1,"ÖAMTC","1208302","Tankstelle Braunstingl"
"48.7535018920898,15.9518995285034",48.7535018920898,15.9518995285034,1,"ÖAMTC","1015910","Shell"
"48.7546997070312,16.5060005187988",48.7546997070312,16.5060005187988,1,"ÖAMTC","1208913","Genol"
"48.7561988830566,16.6434001922607",48.7561988830566,16.6434001922607,1,"ÖAMTC","1209556","Genol"
"48.7565002441406,16.5016994476318",48.7565002441406,16.5016994476318,1,"ÖAMTC","1209105","Toms Kfz Teile"
"48.7566986083984,15.1922998428345",48.7566986083984,15.1922998428345,1,"ÖAMTC","1211361","Turm<U+00F6>l"
"48.7569999694824,15.1757001876831",48.7569999694824,15.1757001876831,1,"ÖAMTC","1066706","Genol"
"48.7579002380371,15.959400177002",48.7579002380371,15.959400177002,1,"ÖAMTC","1210340","Avia XPress"
"48.7579002380371,15.9595003128052",48.7579002380371,15.9595003128052,1,"ÖAMTC","1210340","Avia XPress"
"48.757999420166,16.5781993865967",48.757999420166,16.5781993865967,1,"ÖAMTC","1209057","Kaufhaus Bartl"
"48.7587013244629,15.1948003768921",48.7587013244629,15.1948003768921,1,"ÖAMTC","1208617","Avia XPress"
"48.7588005065918,15.1948003768921",48.7588005065918,15.1948003768921,1,"ÖAMTC","1208617","Avia XPress"
"48.7608985900879,14.9905004501343",48.7608985900879,14.9905004501343,1,"ÖAMTC","1208186","Avia"
"48.7624015808105,14.9704999923706",48.7624015808105,14.9704999923706,1,"ÖAMTC","1140305","Disk"
"48.7641983032227,14.980899810791",48.7641983032227,14.980899810791,1,"ÖAMTC","1208356","Genol"
"48.7654991149902,14.9799003601074",48.7654991149902,14.9799003601074,1,"ÖAMTC","1209624","DISKONT Tankstelle (HOFER Parkplatz)"
"48.7657012939453,16.5513000488281",48.7657012939453,16.5513000488281,1,"ÖAMTC","1208912","Genol"
"48.7695007324219,14.9983997344971",48.7695007324219,14.9983997344971,1,"ÖAMTC","1080835","Avia XPress"
"48.7775001525879,16.6406993865967",48.7775001525879,16.6406993865967,1,"ÖAMTC","1201650","BP"
"48.7872009277344,15.8016004562378",48.7872009277344,15.8016004562378,1,"ÖAMTC","1208226","Genol"
"48.7890014648438,15.4085998535156",48.7890014648438,15.4085998535156,1,"ÖAMTC","1209280","Genol"
"48.7899017333984,15.4034996032715",48.7899017333984,15.4034996032715,1,"ÖAMTC","1208219","Avia"
"48.7928009033203,15.0628004074097",48.7928009033203,15.0628004074097,1,"ÖAMTC","1209630","Turm<U+00F6>l Quick"
"48.7928009033203,15.0690002441406",48.7928009033203,15.0690002441406,1,"ÖAMTC","1201444","Avanti"
"48.8129005432129,15.2768001556396",48.8129005432129,15.2768001556396,1,"ÖAMTC","1207973","Genol"
"48.8185997009277,15.2768001556396",48.8185997009277,15.2768001556396,1,"ÖAMTC","1061463","Avia"
"48.8292999267578,15.7163000106812",48.8292999267578,15.7163000106812,1,"ÖAMTC","1209761","Turm<U+00F6>l Quick"
"48.8442993164062,15.4958000183105",48.8442993164062,15.4958000183105,1,"ÖAMTC","1209281","Genol"
"48.8502006530762,15.0965995788574",48.8502006530762,15.0965995788574,1,"ÖAMTC","1062466","BP"
"48.8616981506348,15.1203002929688",48.8616981506348,15.1203002929688,1,"ÖAMTC","1062468","Avanti"
"48.8652000427246,15.1170997619629",48.8652000427246,15.1170997619629,1,"ÖAMTC","1208940","Genol"
"48.8814010620117,15.4072999954224",48.8814010620117,15.4072999954224,1,"ÖAMTC","1207724","Avia XPress"
"48.9133987426758,15.3208999633789",48.9133987426758,15.3208999633789,1,"ÖAMTC","1209127","Avia XPress"
"48.9165992736816,15.1055002212524",48.9165992736816,15.1055002212524,1,"ÖAMTC","1208172","Genol"
"48.9360008239746,15.2391996383667",48.9360008239746,15.2391996383667,1,"ÖAMTC","1209232","Genol"
"48.9364013671875,15.3566999435425",48.9364013671875,15.3566999435425,1,"ÖAMTC","1209282","Genol"
"48.9422988891602,15.0459995269775",48.9422988891602,15.0459995269775,1,"ÖAMTC","1209558","Genol"
"48.9432983398438,15.0436000823975",48.9432983398438,15.0436000823975,1,"ÖAMTC","1208338","Avia XPress"
"46.9495010375977,15.9095001220703",46.9495010375977,15.9095001220703,1,"JET","d2ecf339ef","JET Tankstelle"
"47.0654983520508,16.080099105835",47.0654983520508,16.080099105835,1,"JET","40216b45ba","JET Tankstelle"
"47.2827987670898,15.9751996994019",47.2827987670898,15.9751996994019,1,"JET","fde73bf07d","JET Tankstelle"
"47.467601776123,15.3402004241943",47.467601776123,15.3402004241943,1,"JET","0c9315d513","JET Tankstelle"
"47.801399230957,13.0149002075195",47.801399230957,13.0149002075195,1,"JET","02076c658a","JET Tankstelle"
"48.0674018859863,14.4218997955322",48.0674018859863,14.4218997955322,1,"JET","580c972871","JET Tankstelle"
"48.1255989074707,14.8626003265381",48.1255989074707,14.8626003265381,1,"JET","018b334684","JET Tankstelle"
"48.1902008056641,16.2894992828369",48.1902008056641,16.2894992828369,1,"JET","65b743abcd","JET Tankstelle"
"48.1921997070312,14.522500038147",48.1921997070312,14.522500038147,1,"JET","753f534a73","JET Tankstelle"
"48.2196006774902,14.5048999786377",48.2196006774902,14.5048999786377,1,"JET","544d30386a","JET Tankstelle"
"48.2589988708496,16.4113998413086",48.2589988708496,16.4113998413086,1,"JET","744a81839d","JET Tankstelle"
"48.404598236084,15.6557998657227",48.404598236084,15.6557998657227,1,"JET","51f4aa4c98","JET Tankstelle"
"46.5465,14.0623",46.5465,14.0623,1,"OMV","AT.2504.8","Sankt Jakob im Rosental"
"46.5595,13.6974",46.5595,13.6974,1,"OMV","AT.2600.8","Arnoldstein"
"46.5761,14.7754",46.5761,14.7754,1,"OMV","AT.2570.8","Bleiburg"
"46.5919,14.2716",46.5919,14.2716,1,"OMV","AT.2587.8","Viktring"
"46.6043,13.8709",46.6043,13.8709,1,"OMV","AT.2595.8","Villach"
"46.6081,14.3301",46.6081,14.3301,1,"OMV","AT.2006.8","Klagenfurt"
"46.6178,13.9563",46.6178,13.9563,1,"OMV","AT.2711.8","Wernberg"
"46.6205,14.2687",46.6205,14.2687,1,"OMV","AT.2656.8","Klagenfurt"
"46.6296,13.3788",46.6296,13.3788,1,"OMV","AT.2559.8","Hermagor"
"46.6296,14.3568",46.6296,14.3568,1,"OMV","AT.2528.8","Klagenfurt"
"46.6316,13.8264",46.6316,13.8264,1,"OMV","AT.2008.8","Villach"
"46.6367,14.1371",46.6367,14.1371,1,"OMV","AT.2593.8","P<c3><b6>rtschach"
"46.6379,14.3708",46.6379,14.3708,1,"OMV","AT.2005.8","Klagenfurt"
"46.6396,14.4509",46.6396,14.4509,1,"OMV","AT.2562.8","Grafenstein"
"46.6493,14.2844",46.6493,14.2844,1,"OMV","AT.2590.8","Klagenfurt"
"46.6514,13.8744",46.6514,13.8744,1,"OMV","AT.2007.8","Treffen"
"46.6534,14.3139",46.6534,14.3139,1,"OMV","AT.2539.8","Klagenfurt"
"46.6538,14.2805",46.6538,14.2805,1,"OMV","AT.2653.8","Klagenfurt"
"46.6813,14.6785",46.6813,14.6785,1,"OMV","AT.2013.8","St. Jakob"
"46.6921,15.9773",46.6921,15.9773,1,"OMV","AT.1867.8","Bad Radkersburg"
"46.7026,14.7285",46.7026,14.7285,1,"OMV","AT.2733.8","Griffen"
"46.7067,15.6339",46.7067,15.6339,1,"OMV","AT.1115.8","Stra<c3><9f> in der Steiermark"
"46.723,14.0969",46.723,14.0969,1,"OMV","AT.2568.8","Feldkirchen"
"46.7402,12.3752",46.7402,12.3752,1,"OMV","AT.2505.8","Sillian"
"46.7449,14.8229",46.7449,14.8229,1,"OMV","AT.2548.8","Sankt Andr<c3><a4>"
"46.7483,12.453",46.7483,12.453,1,"OMV","AT.5009.8","Heinfels"
"46.761,14.3663",46.761,14.3663,1,"OMV","AT.2580.8","Sankt Veit an der Glan"
"46.7638,15.5803",46.7638,15.5803,1,"OMV","AT.1537.8","Landscha an der Mur"
"46.7659,14.3659",46.7659,14.3659,1,"OMV","AT.2599.8","Sankt Veit an der Glan"
"46.7872,13.5178",46.7872,13.5178,1,"OMV","AT.3036.8","Spittal an der Drau"
"46.7916,13.5096",46.7916,13.5096,1,"OMV","AT.2522.8","Spittal an der Drau"
"46.7977,15.5567",46.7977,15.5567,1,"OMV","AT.1111.8","Leibnitz"
"46.8159,15.2346",46.8159,15.2346,1,"OMV","AT.1591.8","Deutschlandsberg"
"46.8171,13.5111",46.8171,13.5111,1,"OMV","AT.2578.8","Seeboden"
"46.8274,12.8158",46.8274,12.8158,1,"OMV","AT.5007.8","Nussdorf"
"46.8278,14.8391",46.8278,14.8391,1,"OMV","AT.2589.8","Wolfsberg"
"46.831,12.7755",46.831,12.7755,1,"OMV","AT.2574.8","Lienz"
"46.8317,12.7536",46.8317,12.7536,1,"OMV","AT.2573.8","Lienz"
"46.8474,14.8442",46.8474,14.8442,1,"OMV","AT.2731.8","Wolfsberg"
"46.8716,14.4673",46.8716,14.4673,1,"OMV","AT.2586.8","Althofen"
"46.9199,13.5796",46.9199,13.5796,1,"OMV","AT.2734.8","Eisentratten"
"46.9523,15.8702",46.9523,15.8702,1,"OMV","AT.1112.8","Feldbach"
"46.9594,15.3816",46.9594,15.3816,1,"OMV","AT.1617.8","Dobl (Kaiserwald)"
"46.9619,15.3529",46.9619,15.3529,1,"OMV","AT.1171.8","Lieboch"
"46.9621,14.795",46.9621,14.795,1,"OMV","AT.2514.8","Bad St. Leonhard im Lavanttal"
"46.9722,15.4701",46.9722,15.4701,1,"OMV","AT.1787.8","Kalsdorf bei Graz"
"46.9723,15.3616",46.9723,15.3616,1,"OMV","AT.1767.8","Lieboch"
"46.9736,14.3935",46.9736,14.3935,1,"OMV","AT.2651.8","Friesach"
"47.0076,11.5091",47.0076,11.5091,1,"OMV","AT.5005.8","Gries am Brenner"
"47.0138,15.4099",47.0138,15.4099,1,"OMV","AT.1104.8","Seiersberg"
"47.0142,11.5056",47.0142,11.5056,1,"OMV","AT.5504.8","Gries am Brenner"
"47.0177,11.5073",47.0177,11.5073,1,"OMV","AT.5549.8","Gries am Brenner"
"47.0288,15.4006",47.0288,15.4006,1,"OMV","AT.1102.8","Graz"
"47.0303,15.4375",47.0303,15.4375,1,"OMV","AT.1105.8","Graz"
"47.0333,15.399",47.0333,15.399,1,"OMV","AT.1654.8","Graz"
"47.0368,15.4625",47.0368,15.4625,1,"OMV","AT.1604.8","Graz"
"47.042,15.4642",47.042,15.4642,1,"OMV","AT.1005.8","Graz"
"47.0438,15.487",47.0438,15.487,1,"OMV","AT.1783.8","Graz"
"47.047,15.7461",47.047,15.7461,1,"OMV","AT.1103.8","Sankt Margarethen an der Raab"
"47.0491,16.0895",47.0491,16.0895,1,"OMV","AT.1509.8","F<c3><bc>rstenfeld"
"47.0565,15.428",47.0565,15.428,1,"OMV","AT.1113.8","Graz Karlau"
"47.0574,10.6538",47.0574,10.6538,1,"OMV","AT.5589.8","Ried im Oberinntal"
"47.0595,15.4139",47.0595,15.4139,1,"OMV","AT.1650.8","Graz"
"47.0656,16.0368",47.0656,16.0368,1,"OMV","AT.1647.8","F<c3><bc>rstenfeld"
"47.0675,14.4302",47.0675,14.4302,1,"OMV","AT.1560.8","Neumarkt"
"47.0772,15.459",47.0772,15.459,1,"OMV","AT.1607.8","Graz"
"47.0786,10.9676",47.0786,10.9676,1,"OMV","AT.5584.8","L<c3><a4>ngenfeld"
"47.0818,15.454",47.0818,15.454,1,"OMV","AT.1723.8","Graz"
"47.0941,13.6755",47.0941,13.6755,1,"OMV","AT.4547.8","Sankt Michael im Lungau"
"47.0986,9.8694",47.0986,9.8694,1,"OMV","AT.6553.8","Sankt Anton"
"47.1025,15.4249",47.1025,15.4249,1,"OMV","AT.1722.8","Graz"
"47.1057,15.701",47.1057,15.701,1,"OMV","AT.1661.8","Gleisdorf"
"47.1123,14.1823",47.1123,14.1823,1,"OMV","AT.1562.8","Murau"
"47.1286,11.4526",47.1286,11.4526,1,"OMV","AT.5538.8","Matrei"
"47.1294,10.0608",47.1294,10.0608,1,"OMV","AT.6722.8","Kl<c3><b6>sterle"
"47.1294,11.3371",47.1294,11.3371,1,"OMV","AT.5700.8","Neustift"
"47.1408,9.9251",47.1408,9.9251,1,"OMV","AT.6526.8","Innerbraz"
"47.1416,10.5635",47.1416,10.5635,1,"OMV","AT.5655.8","Landeck"
"47.1489,10.3743",47.1489,10.3743,1,"OMV","AT.5596.8","Pettneu am Arlberg"
"47.153,9.8142",47.153,9.8142,1,"OMV","AT.6010.8","B<c3><bc>rs"
"47.1541,14.415",47.1541,14.415,1,"OMV","AT.1109.8","Scheifling"
"47.1611,16.1649",47.1611,16.1649,1,"OMV","AT.1521.8","Stegersbach"
"47.163,16.0147",47.163,16.0147,1,"OMV","AT.1620.8","Bad Waltersdorf"
"47.1892,9.7015",47.1892,9.7015,1,"OMV","AT.6723.8","Nenzing"
"47.1951,14.7412",47.1951,14.7412,1,"OMV","AT.1110.8","Zeltweg"
"47.1993,9.7558",47.1993,9.7558,1,"OMV","AT.6523.8","Th<c3><bc>ringen"
"47.2049,10.1405",47.2049,10.1405,1,"OMV","AT.6306.8","Lech am Arlberg"
"47.2055,15.316",47.2055,15.316,1,"OMV","AT.1781.8","Deutschfeistritz"
"47.21,14.8088",47.21,14.8088,1,"OMV","AT.1500.8","Knittelfeld"
"47.2109,10.7594",47.2109,10.7594,1,"OMV","AT.5546.8","Arzl im Pitztal"
"47.2191,15.9014",47.2191,15.9014,1,"OMV","AT.1579.8","Kaindorf"
"47.2245,9.6174",47.2245,9.6174,1,"OMV","AT.6510.8","Frastanz"
"47.2293,11.8921",47.2293,11.8921,1,"OMV","AT.5737.8","Zell am Ziller"
"47.2295,10.8566",47.2295,10.8566,1,"OMV","AT.5597.8","<c3><96>tztal-Bahnhof"
"47.2308,11.2859",47.2308,11.2859,1,"OMV","AT.5745.8","Axams"
"47.2562,11.3162",47.2562,11.3162,1,"OMV","AT.5711.8","V<c3><b6>ls"
"47.2563,11.3887",47.2563,11.3887,1,"OMV","AT.5717.8","Innsbruck"
"47.2573,11.3781",47.2573,11.3781,1,"OMV","AT.5505.8","Innsbruck"
"47.2653,11.4254",47.2653,11.4254,1,"OMV","AT.5653.8","Innsbruck"
"47.2653,11.4263",47.2653,11.4263,1,"OMV","AT.5652.8","Innsbruck"
"47.2678,9.6151",47.2678,9.6151,1,"OMV","AT.6716.8","Feldkirch"
"47.2678,12.3376",47.2678,12.3376,1,"OMV","AT.4522.8","Bramberg"
"47.2714,11.252",47.2714,11.252,1,"OMV","AT.5511.8","Zirl"
"47.2724,9.608",47.2724,9.608,1,"OMV","AT.6008.8","Rankweil"
"47.2735,11.4735",47.2735,11.4735,1,"OMV","AT.5594.8","Hall in Tirol"
"47.2757,16.1561",47.2757,16.1561,1,"OMV","AT.1641.8","Kemeten"
"47.2775,11.4576",47.2775,11.4576,1,"OMV","AT.5006.8","Rum"
"47.2789,11.4207",47.2789,11.4207,1,"OMV","AT.5008.8","Innsbruck"
"47.283,16.1852",47.283,16.1852,1,"OMV","AT.1640.8","Oberwart"
"47.2854,15.9916",47.2854,15.9916,1,"OMV","AT.1106.8","Hartberg"
"47.2873,11.4631",47.2873,11.4631,1,"OMV","AT.5741.8","Rum"
"47.2979,12.7945",47.2979,12.7945,1,"OMV","AT.4502.8","Zell am See"
"47.3045,10.97",47.3045,10.97,1,"OMV","AT.5742.8","Barwies"
"47.3202,13.1438",47.3202,13.1438,1,"OMV","AT.4504.8","Schwarzach"
"47.324,11.1991",47.324,11.1991,1,"OMV","AT.5536.8","Reith bei Seefeld"
"47.3257,9.6296",47.3257,9.6296,1,"OMV","AT.6520.8","Koblach"
"47.3272,10.8198",47.3272,10.8198,1,"OMV","AT.5574.8","Nassereith"
"47.347,11.6903",47.347,11.6903,1,"OMV","AT.5750.8","Vomp"
"47.3486,13.2065",47.3486,13.2065,1,"OMV","AT.4544.8","Sankt Johann im Pongau"
"47.3504,11.706",47.3504,11.706,1,"OMV","AT.5548.8","Schwaz"
"47.3514,11.8515",47.3514,11.8515,1,"OMV","AT.5602.8","F<c3><bc>gen im Zillertal"
"47.3572,13.1977",47.3572,13.1977,1,"OMV","AT.4012.8","St. Johann"
"47.3666,9.6706",47.3666,9.6706,1,"OMV","AT.6009.8","Hohenems"
"47.3698,11.1665",47.3698,11.1665,1,"OMV","AT.5738.8","Leutasch"
"47.3744,16.1255",47.3744,16.1255,1,"OMV","AT.1861.8","Pinkafeld"
"47.3828,15.1063",47.3828,15.1063,1,"OMV","AT.1108.8","Leoben"
"47.3905,13.6574",47.3905,13.6574,1,"OMV","AT.1124.8","Schladming"
"47.3962,9.7313",47.3962,9.7313,1,"OMV","AT.6512.8","Dornbirn"
"47.3979,11.8163",47.3979,11.8163,1,"OMV","AT.5519.8","Strass im Zillertal"
"47.4049,15.8896",47.4049,15.8896,1,"OMV","AT.1776.8","Vorau"
"47.4062,15.2657",47.4062,15.2657,1,"OMV","AT.1606.8","Bruck an der Mur"
"47.407,9.7348",47.407,9.7348,1,"OMV","AT.6513.8","Dornbirn"
"47.4201,9.6587",47.4201,9.6587,1,"OMV","AT.6717.8","Lustenau"
"47.4231,12.8501",47.4231,12.8501,1,"OMV","AT.4535.8","Saalfelden"
"47.428,9.74",47.428,9.74,1,"OMV","AT.6511.8","Dornbirn"
"47.429,12.8428",47.429,12.8428,1,"OMV","AT.4503.8","Saalfelden"
"47.4332,11.8804",47.4332,11.8804,1,"OMV","AT.5517.8","Brixlegg"
"47.4389,9.6566",47.4389,9.6566,1,"OMV","AT.6551.8","Lustenau"
"47.4395,12.7582",47.4395,12.7582,1,"OMV","AT.4508.8","Leogang"
"47.4414,10.6423",47.4414,10.6423,1,"OMV","AT.5751.8","Weissenbach am Lech"
"47.4464,13.9125",47.4464,13.9125,1,"OMV","AT.1636.8","Gr<c3><b6>bming"
"47.4469,15.3021",47.4469,15.3021,1,"OMV","AT.1561.8","Kapfenberg"
"47.4502,15.3399",47.4502,15.3399,1,"OMV","AT.1502.8","Kapfenberg"
"47.4508,9.8278",47.4508,9.8278,1,"OMV","AT.6528.8","Alberschwende"
"47.4531,12.1515",47.4531,12.1515,1,"OMV","AT.5545.8","Hopfgarten"
"47.4541,9.7549",47.4541,9.7549,1,"OMV","AT.6509.8","Wolfurt"
"47.4561,12.3864",47.4561,12.3864,1,"OMV","AT.5588.8","Kitzb<c3><bc>hel"
"47.4581,9.9549",47.4581,9.9549,1,"OMV","AT.6504.8","Hittisau"
"47.4659,11.9873",47.4659,11.9873,1,"OMV","AT.5534.8","Kundl"
"47.4875,9.6996",47.4875,9.6996,1,"OMV","AT.6529.8","Hard"
"47.4878,9.7332",47.4878,9.7332,1,"OMV","AT.6521.8","Bregenz"
"47.4901,12.0728",47.4901,12.0728,1,"OMV","AT.5658.8","W<c3><b6>rgl"
"47.4903,12.0735",47.4903,12.0735,1,"OMV","AT.5571.8","W<c3><b6>rgl"
"47.4905,9.703",47.4905,9.703,1,"OMV","AT.6721.8","Hard"
"47.4948,10.5576",47.4948,10.5576,1,"OMV","AT.5518.8","Haldensee"
"47.4988,16.2899",47.4988,16.2899,1,"OMV","AT.9041.8","Kirchschlag/Bucklige Welt"
"47.4992,10.5168",47.4992,10.5168,1,"OMV","AT.5583.8","Tannheim"
"47.5096,16.5002",47.5096,16.5002,1,"OMV","AT.8737.8","Oberpullendorf"
"47.5145,16.4875",47.5145,16.4875,1,"OMV","AT.9021.8","Stoob"
"47.5195,12.066",47.5195,12.066,1,"OMV","AT.5550.8","Angath"
"47.5213,12.2689",47.5213,12.2689,1,"OMV","AT.5575.8","Ellmau"
"47.529,11.708",47.529,11.708,1,"OMV","AT.5509.8","Achenkirch"
"47.5347,9.752",47.5347,9.752,1,"OMV","AT.6718.8","Lochau"
"47.5442,12.449",47.5442,12.449,1,"OMV","AT.5595.8","Kirchdorf in Tirol"
"47.5514,11.6886",47.5514,11.6886,1,"OMV","AT.5659.8","Achenkirch"
"47.5588,15.5909",47.5588,15.5909,1,"OMV","AT.1577.8","Langenwang"
"47.5605,13.9211",47.5605,13.9211,1,"OMV","AT.1505.8","Bad Mitterndorf"
"47.5616,14.2485",47.5616,14.2485,1,"OMV","AT.1107.8","Liezen"
"47.5657,12.1501",47.5657,12.1501,1,"OMV","AT.5606.8","KUFSTEIN"
"47.5796,13.5316",47.5796,13.5316,1,"OMV","AT.3573.8","Gosau"
"47.5821,14.4561",47.5821,14.4561,1,"OMV","AT.1784.8","Admont"
"47.584,13.1575",47.584,13.1575,1,"OMV","AT.4565.8","Golling an der Salzach"
"47.5864,12.1622",47.5864,12.1622,1,"OMV","AT.5048.8","Kufstein"
"47.5871,15.6598",47.5871,15.6598,1,"OMV","AT.1210.8","M<c3><bc>rzzuschlag"
"47.5891,12.1743",47.5891,12.1743,1,"OMV","AT.5528.8","Kufstein"
"47.6379,13.1379",47.6379,13.1379,1,"OMV","AT.4013.8","Kuchl"
"47.6592,15.5894",47.6592,15.5894,1,"OMV","AT.1361.8","Neuberg"
"47.73,16.4127",47.73,16.4127,1,"OMV","AT.9020.8","Mattersburg"
"47.7388,13.0506",47.7388,13.0506,1,"OMV","AT.4011.8","Anif"
"47.7407,16.4087",47.7407,16.4087,1,"OMV","AT.9539.8","Mattersburg"
"47.7762,13.0683",47.7762,13.0683,1,"OMV","AT.4510.8","Salzburg"
"47.7813,16.1914",47.7813,16.1914,1,"OMV","AT.8012.8","Wiener Neustadt"
"47.787,13.0518",47.787,13.0518,1,"OMV","AT.4605.8","Salzburg"
"47.7934,12.9844",47.7934,12.9844,1,"OMV","AT.4009.8","Wals"
"47.798,13.0061",47.798,13.0061,1,"OMV","AT.4534.8","Salzburg"
"47.8047,16.268",47.8047,16.268,1,"OMV","AT.9503.8","Wiener Neustadt"
"47.8065,16.206",47.8065,16.206,1,"OMV","AT.8772.8","Wiener Neustadt"
"47.8126,13.7733",47.8126,13.7733,1,"OMV","AT.3950.8","Ebensee"
"47.8131,13.0695",47.8131,13.0695,1,"OMV","AT.4570.8","Salzburg"
"47.817,13.0536",47.817,13.0536,1,"OMV","AT.4546.8","Salzburg"
"47.8173,12.9802",47.8173,12.9802,1,"OMV","AT.4571.8","Wals Siezenheim"
"47.8223,13.0398",47.8223,13.0398,1,"OMV","AT.4536.8","Salzburg"
"47.825,16.5319",47.825,16.5319,1,"OMV","AT.9018.8","Eisenstadt"
"47.8277,13.0087",47.8277,13.0087,1,"OMV","AT.4724.8","Salzburg"
"47.83,13.0822",47.83,13.0822,1,"OMV","AT.4014.8","Hallwang"
"47.8307,13.0657",47.8307,13.0657,1,"OMV","AT.4007.8","Bergheim"
"47.8332,16.5232",47.8332,16.5232,1,"OMV","AT.9531.8","Eisenstadt"
"47.834,16.1818",47.834,16.1818,1,"OMV","AT.9542.8","Bad Fischau"
"47.8369,13.3946",47.8369,13.3946,1,"OMV","AT.3749.8","Innerschwand am Mondsee"
"47.8413,13.2487",47.8413,13.2487,1,"OMV","AT.4518.8","Thalgau"
"47.8432,16.2463",47.8432,16.2463,1,"OMV","AT.8672.8","Wiener Neustadt"
"47.8465,16.2443",47.8465,16.2443,1,"OMV","AT.8003.8","Theresienfeld"
"47.8535,13.3442",47.8535,13.3442,1,"OMV","AT.3571.8","Mondsee"
"47.869,13.3247",47.869,13.3247,1,"OMV","AT.3031.8","Mondsee"
"47.878,16.415",47.878,16.415,1,"OMV","AT.9006.8","Hornstein"
"47.8895,14.1281",47.8895,14.1281,1,"OMV","AT.3008.8","Micheldorf"
"47.9128,16.3863",47.9128,16.3863,1,"OMV","AT.9506.8","Pottendorf"
"47.9233,13.2166",47.9233,13.2166,1,"OMV","AT.4552.8","Neumarkt am Wallersee"
"47.9243,13.7878",47.9243,13.7878,1,"OMV","AT.3525.8","Gmunden"
"47.9293,14.4135",47.9293,14.4135,1,"OMV","AT.3537.8","Losenstein"
"47.9315,16.1957",47.9315,16.1957,1,"OMV","AT.9519.8","Hirtenberg"
"47.9355,13.0807",47.9355,13.0807,1,"OMV","AT.4531.8","Obertrum"
"47.9375,16.8553",47.9375,16.8553,1,"OMV","AT.8537.8","Weiden am See"
"47.9394,16.7281",47.9394,16.7281,1,"OMV","AT.9705.8","Breitenbrunn"
"47.9493,16.2222",47.9493,16.2222,1,"OMV","AT.9532.8","Kottingbrunn"
"47.955,13.7362",47.955,13.7362,1,"OMV","AT.3956.8","Rutzenmoos"
"47.9551,16.0952",47.9551,16.0952,1,"OMV","AT.8765.8","Pottenstein"
"47.9604,16.3977",47.9604,16.3977,1,"OMV","AT.9724.8","Ebreichsdorf"
"47.9667,14.7693",47.9667,14.7693,1,"OMV","AT.9557.8","Waidhofen an der Ybbs"
"47.969,16.213",47.969,16.213,1,"OMV","AT.8753.8","Bad V<c3><b6>slau"
"47.9697,13.2461",47.9697,13.2461,1,"OMV","AT.4006.8","Strasswalchen"
"47.9713,16.5983",47.9713,16.5983,1,"OMV","AT.8063.8","Mannersdorf/Leithagebirge"
"47.9736,16.8489",47.9736,16.8489,1,"OMV","AT.9007.8","Neusiedl am See"
"47.9747,16.2807",47.9747,16.2807,1,"OMV","AT.8007.8","Baden"
"47.9759,14.755",47.9759,14.755,1,"OMV","AT.8052.8","Waidhofen"
"47.9806,16.8541",47.9806,16.8541,1,"OMV","AT.9019.8","Parndorf"
"47.9824,13.6989",47.9824,13.6989,1,"OMV","AT.3029.8","Regau"
"47.9861,16.2908",47.9861,16.2908,1,"OMV","AT.8024.8","Oeynhausen"
"47.9864,12.9545",47.9864,12.9545,1,"OMV","AT.4517.8","Lamprechtshausen"
"47.9977,16.251",47.9977,16.251,1,"OMV","AT.9538.8","Baden"
"47.9978,13.6211",47.9978,13.6211,1,"OMV","AT.3033.8","Timelkam"
"48.0047,13.8541",48.0047,13.8541,1,"OMV","AT.3584.8","Laakirchen"
"48.0054,13.7094",48.0054,13.7094,1,"OMV","AT.3714.8","Attnang-Puchheim"
"48.0083,13.9195",48.0083,13.9195,1,"OMV","AT.3011.8","Vorchdorf"
"48.0128,16.2566",48.0128,16.2566,1,"OMV","AT.8061.8","Baden"
"48.0214,16.7665",48.0214,16.7665,1,"OMV","AT.8754.8","Bruck / Leitha"
"48.0215,14.7568",48.0215,14.7568,1,"OMV","AT.8584.8","Hilm"
"48.0337,15.7788",48.0337,15.7788,1,"OMV","AT.9505.8","Hainfeld"
"48.0344,16.3795",48.0344,16.3795,1,"OMV","AT.8632.8","M<c3><bc>nchendorf"
"48.0374,14.778",48.0374,14.778,1,"OMV","AT.8097.8","Kematen an der Ybbs"
"48.0391,16.3036",48.0391,16.3036,1,"OMV","AT.9734.8","M<c3><b6>llersdorf"
"48.0435,14.3875",48.0435,14.3875,1,"OMV","AT.3110.8","Steyr"
"48.0469,13.7595",48.0469,13.7595,1,"OMV","AT.3038.8","Redlham"
"48.0486,15.6098",48.0486,15.6098,1,"OMV","AT.8593.8","Traisen"
"48.0499,15.6115",48.0499,15.6115,1,"OMV","AT.8050.8","Traisen"
"48.0552,14.4493",48.0552,14.4493,1,"OMV","AT.3577.8","Steyr"
"48.0568,16.7108",48.0568,16.7108,1,"OMV","AT.8548.8","G<c3><b6>ttlesbrunn"
"48.0574,14.4206",48.0574,14.4206,1,"OMV","AT.3959.8","Steyr"
"48.0575,16.087",48.0575,16.087,1,"OMV","AT.9545.8","Alland"
"48.0576,13.7804",48.0576,13.7804,1,"OMV","AT.3563.8","Schwanenstadt"
"48.0622,15.1391",48.0622,15.1391,1,"OMV","AT.9732.8","Purgstall"
"48.0631,14.1946",48.0631,14.1946,1,"OMV","AT.3506.8","Rohr im Kremstal"
"48.0675,16.0634",48.0675,16.0634,1,"OMV","AT.8577.8","Alland"
"48.0717,16.4575",48.0717,16.4575,1,"OMV","AT.8095.8","Himberg"
"48.0732,12.9906",48.0732,12.9906,1,"OMV","AT.3040.8","Eggelsberg"
"48.0776,16.3233",48.0776,16.3233,1,"OMV","AT.8704.8","Wiener Neudorf"
"48.0795,16.4413",48.0795,16.4413,1,"OMV","AT.8565.8","Himberg"
"48.0808,13.5638",48.0808,13.5638,1,"OMV","AT.3738.8","Ampflwang"
"48.0843,16.4571",48.0843,16.4571,1,"OMV","AT.8694.8","HIMBERG"
"48.0876,16.2956",48.0876,16.2956,1,"OMV","AT.8732.8","M<c3><b6>dling"
"48.0967,13.6673",48.0967,13.6673,1,"OMV","AT.3516.8","Ottnang a. H."
"48.1051,16.3101",48.1051,16.3101,1,"OMV","AT.8002.8","Brunn am Gebirge"
"48.1078,16.8092",48.1078,16.8092,1,"OMV","AT.8543.8","Wildungsmauer"
"48.1141,13.1514",48.1141,13.1514,1,"OMV","AT.3006.8","Mattighofen"
"48.1145,14.8692",48.1145,14.8692,1,"OMV","AT.8070.8","Amstetten"
"48.1152,14.5707",48.1152,14.5707,1,"OMV","AT.8556.8","Haag"
"48.1155,16.2717",48.1155,16.2717,1,"OMV","AT.8536.8","Perchtoldsdorf"
"48.1162,16.4664",48.1162,16.4664,1,"OMV","AT.8775.8","Zw<c3><b6>lfaxing"
"48.1166,14.9071",48.1166,14.9071,1,"OMV","AT.9546.8","Amstetten"
"48.1216,16.5985",48.1216,16.5985,1,"OMV","AT.8607.8","Fischamend"
"48.1225,16.4387",48.1225,16.4387,1,"OMV","AT.8703.8","Schwechat"
"48.1226,14.8893",48.1226,14.8893,1,"OMV","AT.9003.8","Amstetten"
"48.1253,16.323",48.1253,16.323,1,"OMV","AT.8020.8","V<c3><b6>sendorf"
"48.1269,15.0083",48.1269,15.0083,1,"OMV","AT.8040.8","Blindenmarkt"
"48.1306,17.0211",48.1306,17.0211,1,"OMV","AT.8656.8","Wolfsthal"
"48.1308,16.3263",48.1308,16.3263,1,"OMV","AT.8771.8","V<c3><b6>sendorf"
"48.1334,16.2985",48.1334,16.2985,1,"OMV","AT.7554.8","Wien"
"48.1397,15.2819",48.1397,15.2819,1,"OMV","AT.9514.8","Ruprechtshofen"
"48.1397,16.4855",48.1397,16.4855,1,"OMV","AT.8555.8","Schwechat"
"48.1437,13.9715",48.1437,13.9715,1,"OMV","AT.3004.8","Wels"
"48.1453,14.4651",48.1453,14.4651,1,"OMV","AT.3952.8","Kronstorf"
"48.1465,16.3611",48.1465,16.3611,1,"OMV","AT.7513.8","Wien"
"48.1482,16.3966",48.1482,16.3966,1,"OMV","AT.7560.8","Wien"
"48.1484,16.4623",48.1484,16.4623,1,"OMV","AT.7573.8","Wien"
"48.1489,16.3384",48.1489,16.3384,1,"OMV","AT.7666.8","Wien"
"48.1499,16.6874",48.1499,16.6874,1,"OMV","AT.8518.8","Orth an der Donau"
"48.1511,16.3007",48.1511,16.3007,1,"OMV","AT.7006.8","Wien"
"48.1513,16.4632",48.1513,16.4632,1,"OMV","AT.7557.8","Wien"
"48.1549,16.2711",48.1549,16.2711,1,"OMV","AT.7505.8","Wien"
"48.1576,15.9426",48.1576,15.9426,1,"OMV","AT.8011.8","Altlengbach"
"48.1658,14.0391",48.1658,14.0391,1,"OMV","AT.3752.8","Wels"
"48.1685,15.0865",48.1685,15.0865,1,"OMV","AT.8062.8","Ybbs"
"48.17,16.4095",48.17,16.4095,1,"OMV","AT.7567.8","Wien"
"48.1704,15.0859",48.1704,15.0859,1,"OMV","AT.8776.8","Ybbs"
"48.1705,16.458",48.1705,16.458,1,"OMV","AT.7010.8","Wien"
"48.1712,15.0846",48.1712,15.0846,1,"OMV","AT.9571.8","Ybbs an der Donau"
"48.1724,16.3195",48.1724,16.3195,1,"OMV","AT.7579.8","Wien"
"48.1737,15.6174",48.1737,15.6174,1,"OMV","AT.8004.8","St. P<c3><b6>lten"
"48.1774,16.3565",48.1774,16.3565,1,"OMV","AT.7583.8","Wien"
"48.1782,16.346",48.1782,16.346,1,"OMV","AT.7652.8","Wien"
"48.1819,16.4445",48.1819,16.4445,1,"OMV","AT.7555.8","Wien"
"48.1836,14.025",48.1836,14.025,1,"OMV","AT.3102.8","Wels"
"48.1839,16.4059",48.1839,16.4059,1,"OMV","AT.7665.8","Wien"
"48.1877,15.6175",48.1877,15.6175,1,"OMV","AT.9535.8","Sankt P<c3><b6>lten"
"48.1895,14.0983",48.1895,14.0983,1,"OMV","AT.3954.8","Marchtrenk"
"48.19,15.409",48.19,15.409,1,"OMV","AT.8676.8","Loosdorf"
"48.1926,15.8947",48.1926,15.8947,1,"OMV","AT.8010.8","Neulengbach"
"48.1953,16.2814",48.1953,16.2814,1,"OMV","AT.7656.8","Wien"
"48.1958,14.5272",48.1958,14.5272,1,"OMV","AT.8696.8","Sankt Valentin"
"48.1965,15.8998",48.1965,15.8998,1,"OMV","AT.8560.8","Tausendblum / Neulengbach"
"48.1968,14.5269",48.1968,14.5269,1,"OMV","AT.8578.8","Sankt Valentin"
"48.1976,15.4835",48.1976,15.4835,1,"OMV","AT.9143.8","Mitterau"
"48.1979,16.2799",48.1979,16.2799,1,"OMV","AT.7542.8","Wien"
"48.1997,15.221",48.1997,15.221,1,"OMV","AT.8071.8","P<c3><b6>chlarn"
"48.2019,16.2362",48.2019,16.2362,1,"OMV","AT.7526.8","Wien"
"48.2037,14.247",48.2037,14.247,1,"OMV","AT.3557.8","Haid"
"48.2067,15.6413",48.2067,15.6413,1,"OMV","AT.8769.8","Sankt P<c3><b6>lten"
"48.2069,16.3137",48.2069,16.3137,1,"OMV","AT.7556.8","Wien"
"48.2072,13.4651",48.2072,13.4651,1,"OMV","AT.3030.8","Ried im Innkreis"
"48.2131,13.4854",48.2131,13.4854,1,"OMV","AT.3548.8","Ried im Innkreis"
"48.2145,16.5146",48.2145,16.5146,1,"OMV","AT.7654.8","Wien"
"48.2146,14.2773",48.2146,14.2773,1,"OMV","AT.3007.8","Ansfelden"
"48.2161,14.2794",48.2161,14.2794,1,"OMV","AT.3595.8","Ansfelden"
"48.2162,14.458",48.2162,14.458,1,"OMV","AT.3028.8","Enns"
"48.2169,16.4935",48.2169,16.4935,1,"OMV","AT.7575.8","Wien"
"48.217,13.4957",48.217,13.4957,1,"OMV","AT.3005.8","Tumeltsham"
"48.2189,16.1655",48.2189,16.1655,1,"OMV","AT.8666.8","Gablitz"
"48.2192,15.3483",48.2192,15.3483,1,"OMV","AT.8675.8","Melk"
"48.2238,15.6345",48.2238,15.6345,1,"OMV","AT.8549.8","Sankt P<c3><b6>lten"
"48.2259,16.3708",48.2259,16.3708,1,"OMV","AT.7511.8","Wien"
"48.2274,14.3937",48.2274,14.3937,1,"OMV","AT.3035.8","St. Florian"
"48.2327,13.8224",48.2327,13.8224,1,"OMV","AT.3523.8","Grieskirchen"
"48.2352,14.2359",48.2352,14.2359,1,"OMV","AT.3001.8","Traun"
"48.2383,13.9571",48.2383,13.9571,1,"OMV","AT.3010.8","Wallern"
"48.2392,14.2622",48.2392,14.2622,1,"OMV","AT.3744.8","Traun/St.Martin"
"48.2401,14.5312",48.2401,14.5312,1,"OMV","AT.3034.8","Mauthausen"
"48.2429,16.4565",48.2429,16.4565,1,"OMV","AT.7548.8","Wien"
"48.2431,16.3754",48.2431,16.3754,1,"OMV","AT.7501.8","Wien"
"48.2435,14.5343",48.2435,14.5343,1,"OMV","AT.3606.8","Mauthausen"
"48.2447,13.0487",48.2447,13.0487,1,"OMV","AT.3027.8","Braunau"
"48.2453,16.3658",48.2453,16.3658,1,"OMV","AT.7529.8","Wien"
"48.2467,13.0403",48.2467,13.0403,1,"OMV","AT.3583.8","Braunau"
"48.2489,14.2947",48.2489,14.2947,1,"OMV","AT.3012.8","Linz"
"48.2511,16.4704",48.2511,16.4704,1,"OMV","AT.7546.8","Wien"
"48.2514,16.4721",48.2514,16.4721,1,"OMV","AT.7547.8","Wien"
"48.2526,16.427",48.2526,16.427,1,"OMV","AT.7011.8","Wien"
"48.2541,13.2364",48.2541,13.2364,1,"OMV","AT.3582.8","Altheim"
"48.2545,16.0189",48.2545,16.0189,1,"OMV","AT.8733.8","Sieghartskirchen"
"48.2581,14.3299",48.2581,14.3299,1,"OMV","AT.3754.8","Linz"
"48.2596,16.4503",48.2596,16.4503,1,"OMV","AT.7717.8","Wien"
"48.2603,13.0515",48.2603,13.0515,1,"OMV","AT.3574.8","Braunau"
"48.2633,14.3232",48.2633,14.3232,1,"OMV","AT.3753.8","Linz"
"48.2651,16.3939",48.2651,16.3939,1,"OMV","AT.7514.8","Wien"
"48.2667,16.4486",48.2667,16.4486,1,"OMV","AT.7713.8","Wien"
"48.27,15.9713",48.27,15.9713,1,"OMV","AT.8719.8","Einsiedl"
"48.2705,16.4121",48.2705,16.4121,1,"OMV","AT.7005.8","Wien"
"48.2712,16.409",48.2712,16.409,1,"OMV","AT.7001.8","Wien"
"48.2717,14.2681",48.2717,14.2681,1,"OMV","AT.3026.8","Leonding"
"48.273,14.2529",48.273,14.2529,1,"OMV","AT.3505.8","Leonding"
"48.2787,14.2457",48.2787,14.2457,1,"OMV","AT.3746.8","Leonding"
"48.2788,15.6956",48.2788,15.6956,1,"OMV","AT.8583.8","Herzogenburg"
"48.2811,16.4118",48.2811,16.4118,1,"OMV","AT.7550.8","Wien"
"48.2831,14.2883",48.2831,14.2883,1,"OMV","AT.3540.8","Linz"
"48.2851,16.3455",48.2851,16.3455,1,"OMV","AT.7657.8","Wien"
"48.2859,14.3026",48.2859,14.3026,1,"OMV","AT.3717.8","Linz"
"48.2866,16.384",48.2866,16.384,1,"OMV","AT.7577.8","Wien"
"48.2867,16.3439",48.2867,16.3439,1,"OMV","AT.8575.8","Klosterneuburg"
"48.2879,14.0761",48.2879,14.0761,1,"OMV","AT.3587.8","Alkoven"
"48.2997,16.3741",48.2997,16.3741,1,"OMV","AT.8023.8","Langenzersdorf"
"48.3004,16.5696",48.3004,16.5696,1,"OMV","AT.8602.8","Deutsch-Wagram"
"48.3046,16.3299",48.3046,16.3299,1,"OMV","AT.8559.8","Klosterneuburg"
"48.3108,16.5151",48.3108,16.5151,1,"OMV","AT.8022.8","Deutsch-Wagram"
"48.3114,16.4301",48.3114,16.4301,1,"OMV","AT.7651.8","Wien"
"48.3146,16.6256",48.3146,16.6256,1,"OMV","AT.8558.8","Strasshof"
"48.3155,14.3017",48.3155,14.3017,1,"OMV","AT.3566.8","Linz"
"48.3172,13.4252",48.3172,13.4252,1,"OMV","AT.3333.8","Ort im Innkreis"
"48.3194,16.0823",48.3194,16.0823,1,"OMV","AT.8049.8","Tulln"
"48.3211,14.2882",48.3211,14.2882,1,"OMV","AT.3742.8","Linz-Urfahr"
"48.3224,16.0264",48.3224,16.0264,1,"OMV","AT.8567.8","Langenrohr/Asparn"
"48.3225,16.2033",48.3225,16.2033,1,"OMV","AT.8734.8","Sankt Andr<c3><a4>-W<c3><b6>rdern"
"48.3361,16.461",48.3361,16.461,1,"OMV","AT.8615.8","Hagenbrunn"
"48.3381,16.7314",48.3381,16.7314,1,"OMV","AT.8712.8","G<c3><a4>nserndorf"
"48.3383,16.3387",48.3383,16.3387,1,"OMV","AT.8620.8","Korneuburg"
"48.3418,14.4133",48.3418,14.4133,1,"OMV","AT.3599.8","Engerwitzdorf"
"48.3479,14.1539",48.3479,14.1539,1,"OMV","AT.3569.8","Walding"
"48.3585,14.4779",48.3585,14.4779,1,"OMV","AT.3002.8","Unterweitersdorf"
"48.3596,13.9954",48.3596,13.9954,1,"OMV","AT.3951.8","Hartkirchen"
"48.3603,16.311",48.3603,16.311,1,"OMV","AT.8001.8","Leobendorf"
"48.3861,16.2186",48.3861,16.2186,1,"OMV","AT.8591.8","Stockerau"
"48.3974,15.5688",48.3974,15.5688,1,"OMV","AT.8621.8","Krems an der Donau"
"48.4062,15.6037",48.4062,15.6037,1,"OMV","AT.8700.8","Krems an der Donau"
"48.4145,15.7707",48.4145,15.7707,1,"OMV","AT.8072.8","Grafenw<c3><b6>rth"
"48.4249,16.548",48.4249,16.548,1,"OMV","AT.8693.8","Wolfpassing"
"48.4373,14.7815",48.4373,14.7815,1,"OMV","AT.3542.8","Unterweissenbach"
"48.4387,13.4439",48.4387,13.4439,1,"OMV","AT.3513.8","Sankt Florian/Inn"
"48.4645,14.2716",48.4645,14.2716,1,"OMV","AT.3504.8","Zwettl"
"48.4761,15.6982",48.4761,15.6982,1,"OMV","AT.8624.8","Langenlois"
"48.4788,15.9771",48.4788,15.9771,1,"OMV","AT.8562.8","Gro<c3><9f>weikersdorf"
"48.4822,16.5931",48.4822,16.5931,1,"OMV","AT.8756.8","Gaweinstal"
"48.4971,13.9692",48.4971,13.9692,1,"OMV","AT.3037.8","Altenfelden i. Mkr."
"48.5119,14.2953",48.5119,14.2953,1,"OMV","AT.3581.8","Bad Leonfelden"
"48.5121,15.5104",48.5121,15.5104,1,"OMV","AT.8566.8","Gf<c3><b6>hl"
"48.5264,16.3791",48.5264,16.3791,1,"OMV","AT.8013.8","Ernstbrunn"
"48.5296,13.7486",48.5296,13.7486,1,"OMV","AT.3909.8","Neustift im M<c3><bc>hlkreis"
"48.5424,16.7642",48.5424,16.7642,1,"OMV","AT.8318.8","Zistersdorf"
"48.5612,16.5611",48.5612,16.5611,1,"OMV","AT.8059.8","Mistelbach"
"48.5645,16.0738",48.5645,16.0738,1,"OMV","AT.8053.8","Hollabrunn"
"48.5728,16.6394",48.5728,16.6394,1,"OMV","AT.8569.8","Hobersdorf"
"48.5755,14.0516",48.5755,14.0516,1,"OMV","AT.3535.8","Haslach an der M<c3><bc>hl"
"48.6001,15.1899",48.6001,15.1899,1,"OMV","AT.8006.8","Zwettl"
"48.6022,16.9",48.6022,16.9,1,"OMV","AT.8585.8","Hohenau an der March"
"48.6437,15.8223",48.6437,15.8223,1,"OMV","AT.8711.8","Eggenburg"
"48.6595,16.6294",48.6595,16.6294,1,"OMV","AT.8587.8","Poysdorf"
"48.6619,15.6548",48.6619,15.6548,1,"OMV","AT.8586.8","Horn"
"48.6657,15.6327",48.6657,15.6327,1,"OMV","AT.8570.8","Frauenhofen"
"48.7003,15.8636",48.7003,15.8636,1,"OMV","AT.8641.8","Pulkau"
"48.7655,14.9801",48.7655,14.9801,1,"OMV","AT.8051.8","Gm<c3><bc>nd"
"48.7928,15.0691",48.7928,15.0691,1,"OMV","AT.8589.8","Schrems"
"48.8617,15.1204",48.8617,15.1204,1,"OMV","AT.8561.8","Heidenreichstein"
